dataset,subject,modality,font_label,condition,seq_name,block_id,snr_disc_all,global_SNR_3.75,global_SNR_7.5,global_SNR_11.25,global_SNR_15,global_SNR_18.75,global_logP_3.75,global_logP_7.5,global_logP_11.25,global_logP_15,global_logP_18.75,global_SNR_ratio
Angelique,S02,Dig,1F,Control,sequence_0,S02|Dig|1F|Control,1.0497740507125854,1.0497740507125854,7.079998016357422,1.3534725904464722,2.2446701526641846,2.1079537868499756,6.5639801025390625,7.286592960357666,7.360813140869141,6.085758209228516,6.179152488708496,0.4317153990268707
Angelique,S02,Dig,1F,Control,sequence_1,S02|Dig|1F|Control,1.4002809524536133,1.4002809524536133,7.068116188049316,0.6433085203170776,1.8652020692825317,1.2697501182556152,6.802297592163086,7.155129909515381,6.372795581817627,6.098148822784424,5.853437423706055,1.2267917394638062
Angelique,S02,Dig,1F,Par,sequence_0,S02|Dig|1F|Par,1.0317792892456055,1.0317792892456055,3.160440444946289,0.946382999420166,3.0443615913391113,1.0873024463653564,6.667137622833252,6.902414798736572,6.597006320953369,6.34382963180542,5.78200626373291,1.2790998220443726
Angelique,S02,Dig,1F,Par,sequence_1,S02|Dig|1F|Par,1.4721033573150635,1.4721033573150635,5.133208751678467,1.1557245254516602,3.496593952178955,1.7761565446853638,6.7290940284729,7.101419448852539,6.758938789367676,6.519565105438232,6.016589641571045,1.251448631286621
Angelique,S02,Dig,20F/A,Control,sequence_0,S02|Dig|20F/A|Control,1.2048879861831665,1.2048879861831665,5.515944957733154,0.6496801376342773,1.5569353103637695,0.6528058052062988,6.6472978591918945,7.430016994476318,6.678407669067383,6.2581658363342285,5.796090126037598,0.359025239944458
Angelique,S02,Dig,20F/A,Control,sequence_1,S02|Dig|20F/A|Control,1.0366920232772827,1.0366920232772827,3.3870182037353516,1.0170812606811523,1.2660431861877441,0.8068404793739319,6.588998794555664,7.198988437652588,6.899553298950195,6.117219924926758,6.038371562957764,0.9634376764297485
Angelique,S02,Dig,20F/A,Par,sequence_0,S02|Dig|20F/A|Par,1.1667766571044922,1.1667766571044922,8.389774322509766,0.3969634175300598,0.9009820818901062,0.8354886174201965,6.620715141296387,7.556018829345703,6.2881999015808105,5.907719135284424,5.8165669441223145,0.35866954922676086
Angelique,S02,Dig,20F/A,Par,sequence_1,S02|Dig|20F/A|Par,1.8189291954040527,1.8189291954040527,5.756800651550293,1.6643037796020508,2.0682783126831055,0.677495539188385,6.861331939697266,7.3268022537231445,7.212996006011963,6.275015354156494,5.652963161468506,0.9029463529586792
Angelique,S02,Dig,20F/S,Control,sequence_0,S02|Dig|20F/S|Control,0.8295435905456543,0.8295435905456543,9.386521339416504,1.6619471311569214,2.469066858291626,0.951164722442627,6.509739398956299,7.437631607055664,6.525773525238037,6.211467742919922,5.7201313972473145,0.20132648944854736
Angelique,S02,Dig,20F/S,Control,sequence_1,S02|Dig|20F/S|Control,1.871466875076294,1.871466875076294,10.788658142089844,0.6180709600448608,2.1725034713745117,1.2809635400772095,6.7427449226379395,7.5099358558654785,6.69070291519165,6.259762763977051,5.840327262878418,0.28723767399787903
Angelique,S02,Dig,20F/S,Par,sequence_0,S02|Dig|20F/S|Par,0.9963400363922119,0.9963400363922119,11.388263702392578,1.2722885608673096,2.7665374279022217,0.9638778567314148,6.647632598876953,7.545607566833496,6.600005149841309,6.406586170196533,5.779752731323242,0.13805681467056274
Angelique,S02,Dig,20F/S,Par,sequence_1,S02|Dig|20F/S|Par,1.3562026023864746,1.3562026023864746,8.334765434265137,1.136631965637207,3.6334736347198486,0.6908234357833862,6.688671112060547,7.372392654418945,6.47882080078125,6.497255802154541,5.609790802001953,0.5437667965888977
Angelique,S02,NumWoGE,1F,Control,sequence_0,S02|NumWoGE|1F|Control,2.0853018760681152,2.0853018760681152,9.143845558166504,1.4585003852844238,4.688026428222656,0.9759937524795532,6.653311252593994,7.417290210723877,6.6842169761657715,6.444566249847412,5.64586067199707,0.7708711624145508
Angelique,S02,NumWoGE,1F,Control,sequence_1,S02|NumWoGE|1F|Control,0.7108535170555115,0.7108535170555115,6.9755144119262695,1.0609408617019653,4.734213352203369,1.0048645734786987,6.346629619598389,7.370220184326172,6.680855751037598,6.600447177886963,5.719290733337402,0.46883538365364075
Angelique,S02,NumWoGE,1F,Par,sequence_0,S02|NumWoGE|1F|Par,1.7149755954742432,1.7149755954742432,4.019888877868652,1.674098014831543,2.74007248878479,1.9412213563919067,6.815975189208984,7.143845081329346,7.119293212890625,6.335463047027588,6.293771743774414,1.0727908611297607
Angelique,S02,NumWoGE,1F,Par,sequence_1,S02|NumWoGE|1F|Par,0.9444146156311035,0.9444146156311035,5.153356552124023,1.5074299573898315,2.8925106525421143,0.66562420129776,6.564213752746582,7.213226318359375,7.074615478515625,6.487215042114258,5.779774188995361,0.704018771648407
Angelique,S02,NumWoGE,20F/A,Control,sequence_0,S02|NumWoGE|20F/A|Control,0.7098166942596436,0.7098166942596436,4.899425983428955,0.8057330846786499,1.5002180337905884,0.8048729300498962,6.38989782333374,7.119685649871826,6.633547306060791,6.070718288421631,5.81356143951416,0.7420175671577454
Angelique,S02,NumWoGE,20F/A,Control,sequence_1,S02|NumWoGE|20F/A|Control,1.1014583110809326,1.1014583110809326,5.077323913574219,1.1166112422943115,3.5665831565856934,1.442516803741455,6.576316833496094,7.221691608428955,6.83550500869751,6.5721588134765625,6.241743087768555,1.4173299074172974
Angelique,S02,NumWoGE,20F/A,Par,sequence_0,S02|NumWoGE|20F/A|Par,1.8596177101135254,1.8596177101135254,9.036726951599121,1.0799297094345093,4.653645038604736,1.2715080976486206,6.922571182250977,7.472350597381592,6.812883377075195,6.536055088043213,5.765712738037109,0.5008488297462463
Angelique,S02,NumWoGE,20F/A,Par,sequence_1,S02|NumWoGE|20F/A|Par,1.0349233150482178,1.0349233150482178,8.249639511108398,0.3285442292690277,6.841479778289795,0.8130393028259277,6.637784004211426,7.237636566162109,6.186795234680176,6.58225154876709,5.600096225738525,0.4144013822078705
Angelique,S02,NumWoGE,20F/S,Control,sequence_0,S02|NumWoGE|20F/S|Control,0.7314000725746155,0.7314000725746155,2.799940586090088,1.5859743356704712,1.5312066078186035,0.7145346999168396,6.613297462463379,7.160857677459717,7.1947245597839355,6.246010780334473,5.959158420562744,0.5385667085647583
Angelique,S02,NumWoGE,20F/S,Control,sequence_1,S02|NumWoGE|20F/S|Control,0.6701095104217529,0.6701095104217529,6.019695281982422,1.211931824684143,2.4171860218048096,1.018552303314209,6.37967586517334,7.388589382171631,6.995086669921875,6.2817182540893555,5.913370132446289,0.5214748978614807
Angelique,S02,NumWoGE,20F/S,Par,sequence_0,S02|NumWoGE|20F/S|Par,1.5558570623397827,1.5558570623397827,7.163974761962891,1.3709298372268677,2.7043285369873047,1.244401216506958,6.9656982421875,7.442784786224365,7.061228275299072,6.387828826904297,6.0257487297058105,0.7445717453956604
Angelique,S02,NumWoGE,20F/S,Par,sequence_1,S02|NumWoGE|20F/S|Par,0.8439529538154602,0.8439529538154602,6.642344951629639,0.23024806380271912,2.7383134365081787,1.2528765201568604,6.6276631355285645,7.553325176239014,6.168539047241211,6.378777503967285,6.03032112121582,0.34663310647010803
Angelique,S03,Dig,1F,Control,sequence_0,S03|Dig|1F|Control,0.9369975924491882,0.9369975924491882,5.231932163238525,1.671708106994629,1.5389394760131836,1.4236795902252197,6.147073745727539,6.693958282470703,5.9620747566223145,5.664731025695801,5.647008419036865,1.1790430545806885
Angelique,S03,Dig,1F,Control,sequence_1,S03|Dig|1F|Control,1.3725558519363403,1.3725558519363403,4.648367404937744,2.107889413833618,1.7556462287902832,1.0752816200256348,6.4319329261779785,6.630323886871338,6.1302409172058105,5.805691719055176,5.409244537353516,0.9119846224784851
Angelique,S03,Dig,1F,Par,sequence_0,S03|Dig|1F|Par,0.6041490435600281,0.6041490435600281,9.163500785827637,1.0437425374984741,1.3391245603561401,1.309076189994812,5.997156620025635,7.0396342277526855,5.818492412567139,5.7085089683532715,5.545725345611572,0.1939334124326706
Angelique,S03,Dig,1F,Par,sequence_1,S03|Dig|1F|Par,1.2590728998184204,1.2590728998184204,2.659545421600342,1.1308667659759521,2.125516653060913,0.9189589023590088,6.392515659332275,6.337267875671387,5.799282073974609,5.999616622924805,5.575960636138916,2.1775174140930176
Angelique,S03,Dig,20F/A,Control,sequence_0,S03|Dig|20F/A|Control,0.9084605574607849,0.9084605574607849,6.921584129333496,0.862903356552124,1.5349756479263306,0.9308889508247375,6.540811538696289,6.918925762176514,5.694289207458496,5.761665344238281,5.560498237609863,0.9867450594902039
Angelique,S03,Dig,20F/A,Control,sequence_1,S03|Dig|20F/A|Control,0.9991796016693115,0.9991796016693115,4.201198101043701,0.5809981226921082,0.820726215839386,0.842024564743042,6.1774420738220215,6.631532192230225,5.606757640838623,5.416200637817383,5.410133361816406,1.9775588512420654
Angelique,S03,Dig,20F/A,Par,sequence_0,S03|Dig|20F/A|Par,1.2952821254730225,1.2952821254730225,6.178485870361328,0.8190402388572693,1.2017316818237305,1.1278148889541626,6.398471832275391,6.885802745819092,5.712015151977539,5.663211345672607,5.614437580108643,0.5021491646766663
Angelique,S03,Dig,20F/A,Par,sequence_1,S03|Dig|20F/A|Par,1.0361175537109375,1.0361175537109375,5.705685138702393,0.6447153091430664,1.336661696434021,1.1604152917861938,6.515084743499756,6.695688247680664,5.64285135269165,5.753808498382568,5.627040386199951,6.156755447387695
Angelique,S03,Dig,20F/S,Control,sequence_0,S03|Dig|20F/S|Control,0.7573689818382263,0.7573689818382263,7.989712715148926,1.2532703876495361,1.300887942314148,0.8928403854370117,6.036718368530273,6.84425687789917,5.837740421295166,5.701666355133057,5.543223857879639,0.6360855102539062
Angelique,S03,Dig,20F/S,Control,sequence_1,S03|Dig|20F/S|Control,0.7135991454124451,0.7135991454124451,5.799858093261719,1.556621789932251,2.397915840148926,0.9859462976455688,6.185673713684082,6.7414140701293945,6.0071940422058105,5.991642951965332,5.486940383911133,0.5310619473457336
Angelique,S03,Dig,20F/S,Par,sequence_0,S03|Dig|20F/S|Par,1.1475797891616821,1.1475797891616821,7.955493927001953,1.2084797620773315,2.1869959831237793,1.179781198501587,6.224761486053467,6.819965362548828,5.771667957305908,5.883475303649902,5.548023223876953,1.1047135591506958
Angelique,S03,Dig,20F/S,Par,sequence_1,S03|Dig|20F/S|Par,1.1027724742889404,1.1027724742889404,7.106388092041016,1.5401142835617065,1.7424616813659668,0.8229546546936035,6.353893756866455,6.919773578643799,5.949126720428467,5.797444820404053,5.420276165008545,0.40547552704811096
Angelique,S03,NumWoGE,1F,Control,sequence_0,S03|NumWoGE|1F|Control,1.080802083015442,1.080802083015442,4.582841396331787,1.2028989791870117,4.747381687164307,1.1999496221542358,6.1675591468811035,6.559281349182129,5.920879364013672,6.322208404541016,5.542475700378418,2.3759758472442627
Angelique,S03,NumWoGE,1F,Control,sequence_1,S03|NumWoGE|1F|Control,1.1099286079406738,1.1099286079406738,5.975315093994141,1.0927019119262695,2.268676280975342,1.0180565118789673,6.2928338050842285,6.699792861938477,6.0174946784973145,5.941669940948486,5.44650936126709,0.7627909183502197
Angelique,S03,NumWoGE,1F,Par,sequence_0,S03|NumWoGE|1F|Par,1.0215272903442383,1.0215272903442383,4.652592658996582,0.8143389225006104,5.444000244140625,0.9574195742607117,6.168664455413818,6.559171199798584,5.6725077629089355,6.262693881988525,5.363715648651123,1.976976752281189
Angelique,S03,NumWoGE,1F,Par,sequence_1,S03|NumWoGE|1F|Par,1.1128782033920288,1.1128782033920288,4.098791599273682,0.5358768105506897,1.49018394947052,1.0445191860198975,6.617238998413086,6.625019073486328,5.44334077835083,5.744930267333984,5.431552410125732,0.9025586843490601
Angelique,S03,NumWoGE,20F/A,Control,sequence_0,S03|NumWoGE|20F/A|Control,1.4265871047973633,1.4265871047973633,6.398373126983643,1.7557191848754883,1.0844248533248901,0.6219096183776855,6.468952178955078,6.810401439666748,6.053856372833252,5.6085357666015625,5.116583347320557,0.5500110983848572
Angelique,S03,NumWoGE,20F/A,Control,sequence_1,S03|NumWoGE|20F/A|Control,0.7990033626556396,0.7990033626556396,3.42785382270813,0.9086661338806152,2.168921947479248,0.7284035682678223,6.1455078125,6.400475978851318,5.7256999015808105,5.926401615142822,5.326794147491455,3.6896607875823975
Angelique,S03,NumWoGE,20F/A,Par,sequence_0,S03|NumWoGE|20F/A|Par,0.9399227499961853,0.9399227499961853,4.381914138793945,1.4827940464019775,1.8734849691390991,1.8087035417556763,6.201984405517578,6.665587902069092,5.963937282562256,5.809650897979736,5.738112449645996,0.7318814992904663
Angelique,S03,NumWoGE,20F/A,Par,sequence_1,S03|NumWoGE|20F/A|Par,0.8748935461044312,0.8748935461044312,5.06108283996582,0.8702696561813354,1.7463409900665283,1.0938233137130737,6.224340915679932,6.803549766540527,5.678567409515381,5.7048234939575195,5.48013162612915,0.3924061059951782
Angelique,S03,NumWoGE,20F/S,Control,sequence_0,S03|NumWoGE|20F/S|Control,1.043742299079895,1.043742299079895,1.9834924936294556,0.9012687802314758,1.7971014976501465,0.9251759052276611,6.412954330444336,6.281070709228516,5.635060787200928,5.805818557739258,5.3637166023254395,2.4362614154815674
Angelique,S03,NumWoGE,20F/S,Control,sequence_1,S03|NumWoGE|20F/S|Control,0.626388430595398,0.626388430595398,3.8217601776123047,0.9527508020401001,3.3056790828704834,0.9196293354034424,5.995184421539307,6.504950523376465,5.7975921630859375,6.0685319900512695,5.320445537567139,0.4784872531890869
Angelique,S03,NumWoGE,20F/S,Par,sequence_0,S03|NumWoGE|20F/S|Par,1.054274559020996,1.054274559020996,2.2266621589660645,0.9634114503860474,2.1286284923553467,1.0867170095443726,6.253654479980469,6.2939982414245605,5.649619102478027,5.789693832397461,5.666108131408691,8.119972229003906
Angelique,S03,NumWoGE,20F/S,Par,sequence_1,S03|NumWoGE|20F/S|Par,0.9769883751869202,0.9769883751869202,1.9557369947433472,0.5643911361694336,1.1062262058258057,0.7035501599311829,6.60684871673584,6.323664665222168,5.603137969970703,5.732131004333496,5.555387020111084,1.5857558250427246
Angelique,S04,Dig,1F,Control,sequence_0,S04|Dig|1F|Control,1.0035500526428223,1.0035500526428223,6.119449615478516,2.2565948963165283,7.001654148101807,1.1072441339492798,6.793830871582031,7.244809150695801,7.019081115722656,6.955375671386719,6.102367401123047,0.3157553970813751
Angelique,S04,Dig,1F,Control,sequence_1,S04|Dig|1F|Control,2.143378973007202,2.143378973007202,9.91403579711914,0.6580833792686462,7.764192581176758,0.8974245190620422,7.015876770019531,7.363572120666504,6.56492805480957,6.81532096862793,5.899827480316162,1.2926619052886963
Angelique,S04,Dig,1F,Par,sequence_0,S04|Dig|1F|Par,0.7770895957946777,0.7770895957946777,9.889334678649902,0.8519003987312317,6.518298149108887,0.6826596260070801,6.660739421844482,7.3602776527404785,6.568569183349609,6.837481498718262,5.830516815185547,0.12546756863594055
Angelique,S04,Dig,1F,Par,sequence_1,S04|Dig|1F|Par,0.43726322054862976,0.43726322054862976,6.041718482971191,1.640660285949707,7.248743057250977,1.0115166902542114,6.450342178344727,7.306414604187012,6.975972652435303,6.7982707023620605,6.053008079528809,0.3344300389289856
Angelique,S04,Dig,20F/A,Control,sequence_0,S04|Dig|20F/A|Control,0.920415461063385,0.920415461063385,14.548802375793457,0.411939799785614,6.31455135345459,0.8469512462615967,6.448390960693359,7.584110736846924,6.3954010009765625,6.829098701477051,5.968502998352051,0.4643213450908661
Angelique,S04,Dig,20F/A,Control,sequence_1,S04|Dig|20F/A|Control,2.46127986907959,2.46127986907959,13.509073257446289,0.8563803434371948,9.372047424316406,0.6986740231513977,7.175212383270264,7.609332084655762,6.636714458465576,6.995344161987305,5.950430393218994,0.3510358929634094
Angelique,S04,Dig,20F/A,Par,sequence_0,S04|Dig|20F/A|Par,1.3209487199783325,1.3209487199783325,12.175528526306152,1.1876035928726196,7.293665409088135,0.9008750915527344,7.026052951812744,7.658480644226074,6.798094749450684,6.828335285186768,5.9466753005981445,0.1813250631093979
Angelique,S04,Dig,20F/A,Par,sequence_1,S04|Dig|20F/A|Par,1.0901979207992554,1.0901979207992554,13.888049125671387,0.3302835524082184,5.419085502624512,1.0250295400619507,6.462162971496582,7.478099822998047,6.26293420791626,6.698154926300049,5.902998447418213,0.1493762582540512
Angelique,S04,Dig,20F/S,Control,sequence_0,S04|Dig|20F/S|Control,2.1479005813598633,2.1479005813598633,13.430737495422363,0.49045830965042114,7.920685768127441,0.6691071391105652,7.292435169219971,7.5937581062316895,6.293093204498291,6.818503379821777,5.800458908081055,0.3297169804573059
Angelique,S04,Dig,20F/S,Control,sequence_1,S04|Dig|20F/S|Control,0.6219820380210876,0.6219820380210876,12.637979507446289,1.1514496803283691,7.315948486328125,1.3533459901809692,6.407948970794678,7.595391750335693,6.7912917137146,6.640922546386719,6.066283702850342,0.09509493410587311
Angelique,S04,Dig,20F/S,Par,sequence_0,S04|Dig|20F/S|Par,0.5036998391151428,0.5036998391151428,15.798075675964355,1.529005765914917,5.333633899688721,1.14747154712677,6.522985458374023,7.700573921203613,7.029575347900391,6.669190406799316,6.133880615234375,0.12993893027305603
Angelique,S04,Dig,20F/S,Par,sequence_1,S04|Dig|20F/S|Par,0.465584933757782,0.465584933757782,15.949540138244629,0.9720659852027893,7.207046031951904,1.8809953927993774,6.389045238494873,7.655264377593994,6.662914276123047,6.734668731689453,6.20048189163208,0.04476212337613106
Angelique,S04,NumWoGE,1F,Control,sequence_0,S04|NumWoGE|1F|Control,2.589367628097534,2.589367628097534,4.072272300720215,0.4395415484905243,15.570533752441406,0.8753470778465271,7.168401718139648,6.770778656005859,6.279561519622803,7.191059112548828,5.975045680999756,4.128398895263672
Angelique,S04,NumWoGE,1F,Control,sequence_1,S04|NumWoGE|1F|Control,1.5157103538513184,1.5157103538513184,2.6780266761779785,0.5794980525970459,16.46339988708496,1.767551302909851,6.848795413970947,6.453358173370361,6.290652275085449,7.298598766326904,6.196170330047607,7.467382431030273
Angelique,S04,NumWoGE,1F,Par,sequence_0,S04|NumWoGE|1F|Par,0.4211518168449402,0.4211518168449402,4.898319244384766,0.36513668298721313,11.759366989135742,0.8471487164497375,6.320377349853516,6.880794525146484,6.312098979949951,7.1596503257751465,6.0162787437438965,0.3109149932861328
Angelique,S04,NumWoGE,1F,Par,sequence_1,S04|NumWoGE|1F|Par,1.2728017568588257,1.2728017568588257,4.664144992828369,2.457338333129883,15.19808578491211,1.0363322496414185,6.76861572265625,6.882004261016846,7.260643482208252,7.216845989227295,6.128900527954102,1.7049806118011475
Angelique,S04,NumWoGE,20F/A,Control,sequence_0,S04|NumWoGE|20F/A|Control,1.7436964511871338,1.7436964511871338,18.815250396728516,0.5419606566429138,9.01302433013916,1.3612520694732666,6.986359119415283,7.7270050048828125,6.530447006225586,6.804925441741943,6.045921325683594,0.19200719892978668
Angelique,S04,NumWoGE,20F/A,Control,sequence_1,S04|NumWoGE|20F/A|Control,0.5950441956520081,0.5950441956520081,17.999298095703125,0.6198182702064514,7.244654655456543,0.7924795746803284,6.582411289215088,7.74548864364624,6.459388256072998,6.80884313583374,5.838832855224609,0.07003128528594971
Angelique,S04,NumWoGE,20F/A,Par,sequence_0,S04|NumWoGE|20F/A|Par,0.19359634816646576,0.19359634816646576,19.771963119506836,1.069296956062317,12.305824279785156,0.7879759073257446,5.970633029937744,7.811135768890381,6.809521198272705,7.039839267730713,5.680847644805908,0.022497855126857758
Angelique,S04,NumWoGE,20F/A,Par,sequence_1,S04|NumWoGE|20F/A|Par,0.9915119409561157,0.9915119409561157,21.51422119140625,0.6717232465744019,5.598850250244141,0.8434277176856995,6.461337566375732,7.868900775909424,6.463794708251953,6.719992160797119,5.889454364776611,0.09358185529708862
Angelique,S04,NumWoGE,20F/S,Control,sequence_0,S04|NumWoGE|20F/S|Control,0.8188351392745972,0.8188351392745972,12.020761489868164,1.2129842042922974,8.356391906738281,0.7544538974761963,6.553645610809326,7.438320636749268,6.703452110290527,6.8874192237854,5.871265411376953,0.6459798216819763
Angelique,S04,NumWoGE,20F/S,Control,sequence_1,S04|NumWoGE|20F/S|Control,3.0478262901306152,3.0478262901306152,13.951459884643555,0.5261767506599426,8.505269050598145,1.4631423950195312,7.25209903717041,7.552985668182373,6.270024299621582,6.932651996612549,6.162457466125488,1.5849419832229614
Angelique,S04,NumWoGE,20F/S,Par,sequence_0,S04|NumWoGE|20F/S|Par,2.035445213317871,2.035445213317871,12.059530258178711,0.49280014634132385,10.45055866241455,0.7586005330085754,7.084245681762695,7.515624046325684,6.548293590545654,6.88272762298584,5.884945392608643,0.46293410658836365
Angelique,S04,NumWoGE,20F/S,Par,sequence_1,S04|NumWoGE|20F/S|Par,1.3128976821899414,1.3128976821899414,13.960115432739258,1.2814449071884155,9.752540588378906,0.8998757004737854,6.694505214691162,7.523000717163086,6.813650608062744,6.981407165527344,5.933411598205566,0.5575950741767883
Angelique,S05,Dig,1F,Control,sequence_0,S05|Dig|1F|Control,2.2516191005706787,2.2516191005706787,1.3670654296875,1.7476767301559448,1.3215726613998413,0.920967161655426,6.766207218170166,6.5432448387146,6.875227928161621,6.047351360321045,5.861080169677734,7.8431396484375
Angelique,S05,Dig,1F,Control,sequence_1,S05|Dig|1F|Control,0.9383926391601562,0.9383926391601562,2.6777069568634033,0.791935384273529,1.5858005285263062,1.4897794723510742,6.306781768798828,7.148820400238037,6.483394622802734,6.363691329956055,6.173375606536865,0.736772358417511
Angelique,S05,Dig,1F,Par,sequence_0,S05|Dig|1F|Par,1.229868769645691,1.229868769645691,1.2797863483428955,0.851261556148529,1.1881219148635864,1.4514137506484985,6.768630027770996,6.736722946166992,6.420023441314697,6.2582292556762695,6.088466644287109,2.1196682453155518
Angelique,S05,Dig,1F,Par,sequence_1,S05|Dig|1F|Par,0.953463077545166,0.953463077545166,5.414706707000732,0.42178043723106384,1.4647841453552246,1.5497848987579346,6.543900966644287,6.999203205108643,6.019886016845703,6.052822113037109,5.933055877685547,0.5745940804481506
Angelique,S05,Dig,20F/A,Control,sequence_0,S05|Dig|20F/A|Control,1.194684624671936,1.194684624671936,2.981719493865967,0.7705985307693481,1.6048033237457275,0.8767801523208618,6.433563709259033,7.073931694030762,6.233689308166504,6.253533840179443,5.884952068328857,1.3716470003128052
Angelique,S05,Dig,20F/A,Control,sequence_1,S05|Dig|20F/A|Control,0.6882762312889099,0.6882762312889099,3.299919843673706,2.5940277576446533,1.1774804592132568,0.9152063727378845,6.303285121917725,6.951943397521973,6.801177024841309,6.004665374755859,5.734396934509277,0.7817580699920654
Angelique,S05,Dig,20F/A,Par,sequence_0,S05|Dig|20F/A|Par,0.7276582717895508,0.7276582717895508,4.369181156158447,1.0847055912017822,1.9027900695800781,0.576896071434021,6.26806116104126,7.087566375732422,6.417200565338135,6.241613388061523,5.550760746002197,0.30181968212127686
Angelique,S05,Dig,20F/A,Par,sequence_1,S05|Dig|20F/A|Par,1.6899118423461914,1.6899118423461914,2.510037660598755,0.5864396691322327,1.8069626092910767,1.267410159111023,6.703114986419678,6.879706382751465,6.209228992462158,6.279052257537842,6.021116733551025,2.5733816623687744
Angelique,S05,Dig,20F/S,Control,sequence_0,S05|Dig|20F/S|Control,1.2451339960098267,1.2451339960098267,0.9761223793029785,0.9640176296234131,2.674328327178955,0.897042989730835,6.733957767486572,6.732316970825195,6.485172271728516,6.599538326263428,5.951160430908203,7.582487106323242
Angelique,S05,Dig,20F/S,Control,sequence_1,S05|Dig|20F/S|Control,1.9456140995025635,1.9456140995025635,1.7404943704605103,0.6799079775810242,1.657525897026062,0.8690833449363708,6.743430137634277,7.0774407386779785,6.232662677764893,6.399522304534912,5.929701328277588,8.437810897827148
Angelique,S05,Dig,20F/S,Par,sequence_0,S05|Dig|20F/S|Par,0.9307615160942078,0.9307615160942078,4.646411895751953,0.9850139617919922,0.9364113807678223,1.5510190725326538,6.2923808097839355,7.267875671386719,6.4556403160095215,5.910473346710205,6.182462692260742,0.4440356492996216
Angelique,S05,Dig,20F/S,Par,sequence_1,S05|Dig|20F/S|Par,1.6373265981674194,1.6373265981674194,7.674802780151367,1.1246286630630493,3.1105551719665527,0.9223411679267883,6.525669097900391,7.343747138977051,6.191309928894043,6.45245885848999,5.840856075286865,15.716959953308105
Angelique,S05,NumWoGE,1F,Control,sequence_0,S05|NumWoGE|1F|Control,2.4991819858551025,2.4991819858551025,3.8128581047058105,0.8553863167762756,3.3667490482330322,1.0597296953201294,6.946902275085449,7.043560981750488,6.4112420082092285,6.692925930023193,5.992135524749756,1.984894037246704
Angelique,S05,NumWoGE,1F,Control,sequence_1,S05|NumWoGE|1F|Control,2.424867630004883,2.424867630004883,1.190744400024414,0.7421607971191406,1.1428359746932983,1.0141335725784302,7.485363006591797,7.03053617477417,6.306283950805664,6.235843658447266,6.084477424621582,25.076885223388672
Angelique,S05,NumWoGE,1F,Par,sequence_0,S05|NumWoGE|1F|Par,3.1147680282592773,3.1147680282592773,1.2319362163543701,1.3894792795181274,3.4263670444488525,0.48488926887512207,7.168358325958252,6.641071319580078,6.636512756347656,6.504519939422607,5.635355472564697,7.1550068855285645
Angelique,S05,NumWoGE,1F,Par,sequence_1,S05|NumWoGE|1F|Par,0.6271681785583496,0.6271681785583496,2.5175294876098633,2.172671318054199,0.951662540435791,0.5708358287811279,6.6610107421875,7.258112907409668,6.8167266845703125,6.1435370445251465,5.779819011688232,0.4981178939342499
Angelique,S05,NumWoGE,20F/A,Control,sequence_0,S05|NumWoGE|20F/A|Control,1.3129632472991943,1.3129632472991943,4.281757831573486,2.0099546909332275,1.986316204071045,0.8665216565132141,6.4540181159973145,6.973177909851074,7.027492523193359,6.340453624725342,5.805016040802002,2.893124580383301
Angelique,S05,NumWoGE,20F/A,Control,sequence_1,S05|NumWoGE|20F/A|Control,0.9247511625289917,0.9247511625289917,4.027302265167236,1.2576466798782349,1.3238989114761353,0.7277145981788635,6.418093204498291,6.987420558929443,6.315404891967773,5.892189025878906,5.64597749710083,1.048658013343811
Angelique,S05,NumWoGE,20F/A,Par,sequence_0,S05|NumWoGE|20F/A|Par,1.3130958080291748,1.3130958080291748,3.5930893421173096,0.5521847009658813,1.1979292631149292,0.9118645191192627,6.6082305908203125,6.879238128662109,6.076311111450195,5.66497802734375,5.7776665687561035,2.863067150115967
Angelique,S05,NumWoGE,20F/A,Par,sequence_1,S05|NumWoGE|20F/A|Par,1.6031582355499268,1.6031582355499268,5.749983787536621,0.7150167226791382,1.8671625852584839,0.6107856035232544,6.709342002868652,7.1228179931640625,6.128048896789551,6.208739280700684,5.610013484954834,3.8000049591064453
Angelique,S05,NumWoGE,20F/S,Control,sequence_0,S05|NumWoGE|20F/S|Control,0.5009268522262573,0.5009268522262573,3.2950191497802734,0.7008436918258667,1.6578365564346313,1.061983346939087,6.247866153717041,6.951950550079346,6.114894390106201,6.127493381500244,5.747519016265869,0.4851689636707306
Angelique,S05,NumWoGE,20F/S,Control,sequence_1,S05|NumWoGE|20F/S|Control,0.7009899020195007,0.7009899020195007,6.593241214752197,0.9895904660224915,1.4073644876480103,0.6995521187782288,6.3648457527160645,7.462137222290039,6.269798278808594,6.263878345489502,5.742537021636963,0.22330103814601898
Angelique,S05,NumWoGE,20F/S,Par,sequence_0,S05|NumWoGE|20F/S|Par,1.6305793523788452,1.6305793523788452,6.8814921379089355,0.807588517665863,1.5907608270645142,2.2232112884521484,6.650720596313477,7.335169792175293,6.364374160766602,6.142613887786865,6.221836090087891,1.4466428756713867
Angelique,S05,NumWoGE,20F/S,Par,sequence_1,S05|NumWoGE|20F/S|Par,0.4702650308609009,0.4702650308609009,1.5142176151275635,1.1434757709503174,2.2243828773498535,0.418595552444458,6.315815448760986,6.822887420654297,6.581479072570801,6.6388115882873535,5.628888130187988,2.6382153034210205
Angelique,S07,Dig,1F,Control,sequence_0,S07|Dig|1F|Control,1.4409245252609253,1.4409245252609253,6.758884429931641,1.2250876426696777,10.549556732177734,0.6948679685592651,6.637983798980713,7.009697914123535,6.002470016479492,6.828762054443359,5.390074729919434,0.8363735675811768
Angelique,S07,Dig,1F,Control,sequence_1,S07|Dig|1F|Control,1.9160174131393433,1.9160174131393433,4.733966827392578,0.78265780210495,4.59641695022583,1.110439658164978,6.772272109985352,6.874316692352295,5.957804203033447,6.481809139251709,5.73691463470459,3.120969772338867
Angelique,S07,Dig,1F,Par,sequence_0,S07|Dig|1F|Par,1.1815041303634644,1.1815041303634644,8.93830680847168,1.299365758895874,9.202951431274414,1.2001174688339233,6.535737991333008,7.169315338134766,6.232076168060303,6.797652721405029,5.772091865539551,3.5693912506103516
Angelique,S07,Dig,1F,Par,sequence_1,S07|Dig|1F|Par,1.3695088624954224,1.3695088624954224,7.780269622802734,0.8129521608352661,6.388244152069092,1.1099328994750977,6.739171028137207,7.174533843994141,5.905970573425293,6.556580543518066,5.692761421203613,1.0996904373168945
Angelique,S07,Dig,20F/A,Control,sequence_0,S07|Dig|20F/A|Control,0.7111437916755676,0.7111437916755676,11.829780578613281,0.723138689994812,3.210453510284424,1.3973603248596191,6.299370765686035,7.427683353424072,5.911843776702881,6.3214545249938965,5.63925313949585,0.19752448797225952
Angelique,S07,Dig,20F/A,Control,sequence_1,S07|Dig|20F/A|Control,0.7276042103767395,0.7276042103767395,8.59540843963623,2.4191842079162598,2.577331066131592,0.6636168956756592,6.252952575683594,7.17781925201416,6.388901710510254,6.051350116729736,5.434719085693359,0.42279112339019775
Angelique,S07,Dig,20F/A,Par,sequence_0,S07|Dig|20F/A|Par,0.7197942137718201,0.7197942137718201,9.653366088867188,0.6538951992988586,3.5145387649536133,1.6488925218582153,6.304294586181641,7.289775371551514,5.794931411743164,6.326935291290283,5.7873640060424805,0.26978540420532227
Angelique,S07,Dig,20F/A,Par,sequence_1,S07|Dig|20F/A|Par,1.292344570159912,1.292344570159912,11.863882064819336,1.1146352291107178,5.606094837188721,1.3535434007644653,6.589441299438477,7.435915946960449,6.08890438079834,6.669416904449463,5.769357681274414,0.20257668197155
Angelique,S07,Dig,20F/S,Control,sequence_0,S07|Dig|20F/S|Control,1.4293417930603027,1.4293417930603027,14.77488899230957,1.3114687204360962,4.167396545410156,1.5452477931976318,6.553349018096924,7.457463264465332,6.217618465423584,6.486929893493652,5.798526287078857,1.059160590171814
Angelique,S07,Dig,20F/S,Control,sequence_1,S07|Dig|20F/S|Control,0.8236961364746094,0.8236961364746094,14.547355651855469,1.592943787574768,7.923862934112549,1.2775564193725586,6.292367935180664,7.501405715942383,6.110875606536865,6.768429756164551,5.579671382904053,0.3897014260292053
Angelique,S07,Dig,20F/S,Par,sequence_0,S07|Dig|20F/S|Par,0.6368980407714844,0.6368980407714844,16.92939567565918,0.7638600468635559,9.236920356750488,0.6336584091186523,6.192175388336182,7.624600410461426,5.958320617675781,6.802389621734619,5.5609517097473145,0.0821719542145729
Angelique,S07,Dig,20F/S,Par,sequence_1,S07|Dig|20F/S|Par,0.8786463141441345,0.8786463141441345,8.48222541809082,1.8581016063690186,6.045682430267334,0.9496498107910156,6.416809558868408,7.25368070602417,6.250875473022461,6.62730073928833,5.499865531921387,0.744543194770813
Angelique,S07,NumWoGE,1F,Control,sequence_0,S07|NumWoGE|1F|Control,1.1144719123840332,1.1144719123840332,4.788472652435303,0.9974446296691895,5.375378608703613,0.7899816036224365,6.582017421722412,6.667314052581787,6.107662200927734,6.506680011749268,5.438516139984131,2.0293965339660645
Angelique,S07,NumWoGE,1F,Control,sequence_1,S07|NumWoGE|1F|Control,1.2740780115127563,1.2740780115127563,5.761344909667969,1.3646034002304077,10.226393699645996,0.7426425218582153,6.659938335418701,6.733462333679199,6.18734073638916,6.939342975616455,5.442076683044434,1.3077802658081055
Angelique,S07,NumWoGE,1F,Par,sequence_0,S07|NumWoGE|1F|Par,3.079224109649658,3.079224109649658,5.480886459350586,1.5934902429580688,12.135032653808594,0.6966421008110046,6.992473602294922,6.6617584228515625,6.047783374786377,6.943421840667725,5.502743244171143,9.725048065185547
Angelique,S07,NumWoGE,1F,Par,sequence_1,S07|NumWoGE|1F|Par,2.949007034301758,2.949007034301758,4.92275857925415,0.8059296607971191,13.990540504455566,1.3576281070709229,7.048369884490967,6.785171985626221,5.838520526885986,7.043774604797363,5.847378730773926,2.8937535285949707
Angelique,S07,NumWoGE,20F/A,Control,sequence_0,S07|NumWoGE|20F/A|Control,1.6359143257141113,1.6359143257141113,9.374388694763184,0.7802045941352844,7.6822052001953125,1.3939775228500366,6.641123294830322,7.265259265899658,5.779535293579102,6.570691108703613,5.65293550491333,0.3905419409275055
Angelique,S07,NumWoGE,20F/A,Control,sequence_1,S07|NumWoGE|20F/A|Control,0.7069337964057922,0.7069337964057922,7.828467845916748,0.8816598057746887,4.343034267425537,0.8528809547424316,6.30767297744751,7.103634834289551,5.853116989135742,6.305758476257324,5.446171283721924,0.43806886672973633
Angelique,S07,NumWoGE,20F/A,Par,sequence_0,S07|NumWoGE|20F/A|Par,1.0874394178390503,1.0874394178390503,5.424381732940674,0.9774386286735535,4.180662631988525,0.9547618627548218,6.482692241668701,6.962822914123535,6.00973653793335,6.3667402267456055,5.486178874969482,2.2028496265411377
Angelique,S07,NumWoGE,20F/A,Par,sequence_1,S07|NumWoGE|20F/A|Par,1.7778195142745972,1.7778195142745972,9.260427474975586,0.6734092235565186,6.291973114013672,1.292972207069397,6.811462879180908,7.203563213348389,5.722264766693115,6.5725836753845215,5.714115142822266,0.5414236187934875
Angelique,S07,NumWoGE,20F/S,Control,sequence_0,S07|NumWoGE|20F/S|Control,0.7141223549842834,0.7141223549842834,5.996346473693848,1.1916567087173462,6.328326225280762,0.7920270562171936,6.296987056732178,7.001921653747559,5.955158233642578,6.575068473815918,5.415394306182861,0.6433191299438477
Angelique,S07,NumWoGE,20F/S,Control,sequence_1,S07|NumWoGE|20F/S|Control,0.9829068779945374,0.9829068779945374,5.520055294036865,1.7106437683105469,8.4113187789917,1.4216997623443604,6.431408405303955,6.926201343536377,6.2987589836120605,6.780550956726074,5.771057605743408,26.379228591918945
Angelique,S07,NumWoGE,20F/S,Par,sequence_0,S07|NumWoGE|20F/S|Par,2.3568925857543945,2.3568925857543945,4.981477737426758,0.7010254859924316,8.647465705871582,0.8245671987533569,6.710141658782959,6.895060062408447,5.818968772888184,6.735114097595215,5.460441589355469,11.237215042114258
Angelique,S07,NumWoGE,20F/S,Par,sequence_1,S07|NumWoGE|20F/S|Par,3.1737682819366455,3.1737682819366455,3.8799896240234375,1.4307570457458496,9.021973609924316,0.8212282657623291,6.956996440887451,6.643695831298828,6.172622203826904,6.791810512542725,5.413288593292236,4.320311546325684
Angelique,S08,Dig,1F,Control,sequence_0,S08|Dig|1F|Control,1.8638255596160889,1.8638255596160889,1.998132348060608,0.9631392359733582,2.202810049057007,0.9088263511657715,6.804826736450195,6.463094711303711,6.478366851806641,6.320624828338623,5.883373260498047,5.179246425628662
Angelique,S08,Dig,1F,Control,sequence_1,S08|Dig|1F|Control,1.3246296644210815,1.3246296644210815,2.9719836711883545,0.602598249912262,3.524240493774414,0.6655135750770569,6.695382118225098,6.601695537567139,6.1104416847229,6.438759803771973,5.49324369430542,1.7947936058044434
Angelique,S08,Dig,1F,Par,sequence_0,S08|Dig|1F|Par,1.0957934856414795,1.0957934856414795,4.709589958190918,0.7408695220947266,3.28607177734375,1.5838046073913574,6.5889410972595215,7.017513751983643,6.1731133460998535,6.477458953857422,6.004230499267578,0.7548221945762634
Angelique,S08,Dig,1F,Par,sequence_1,S08|Dig|1F|Par,1.0199463367462158,1.0199463367462158,3.6508498191833496,1.5658371448516846,4.3402485847473145,0.9854592680931091,6.426591396331787,6.811004161834717,6.61740255355835,6.572876930236816,5.7681660652160645,1.3614211082458496
Angelique,S08,Dig,20F/A,Control,sequence_0,S08|Dig|20F/A|Control,1.29999840259552,1.29999840259552,1.6310619115829468,0.9975510835647583,1.6724984645843506,0.7960928678512573,6.562994003295898,6.391944408416748,6.535284519195557,6.093654632568359,5.56407356262207,2.0320708751678467
Angelique,S08,Dig,20F/A,Control,sequence_1,S08|Dig|20F/A|Control,0.6547017693519592,0.6547017693519592,4.888347148895264,0.6107733249664307,1.177875280380249,0.6961377263069153,6.389270782470703,6.972289085388184,5.952991485595703,5.979963779449463,5.583779335021973,0.21966776251792908
Angelique,S08,Dig,20F/A,Par,sequence_0,S08|Dig|20F/A|Par,0.4949400722980499,0.4949400722980499,4.300780296325684,1.197892189025879,3.114842414855957,1.1770546436309814,6.084796905517578,6.6679463386535645,6.379889488220215,6.403834342956543,5.8542256355285645,0.6754555702209473
Angelique,S08,Dig,20F/A,Par,sequence_1,S08|Dig|20F/A|Par,0.7909594178199768,0.7909594178199768,3.6488399505615234,0.5095222592353821,1.4197231531143188,1.4719245433807373,6.422336578369141,6.747456073760986,6.006392478942871,5.958581924438477,5.878081321716309,7.32813024520874
Angelique,S08,Dig,20F/S,Control,sequence_0,S08|Dig|20F/S|Control,0.9864798188209534,0.9864798188209534,15.116121292114258,0.8511502742767334,4.303554534912109,1.1360447406768799,6.401270389556885,7.459834098815918,6.169956684112549,6.535930633544922,5.589682579040527,0.14648573100566864
Angelique,S08,Dig,20F/S,Control,sequence_1,S08|Dig|20F/S|Control,0.8554332852363586,0.8554332852363586,3.1339428424835205,1.745177149772644,2.189352035522461,0.7472912073135376,6.340105056762695,6.583403587341309,6.617000579833984,6.188907623291016,5.463721752166748,0.9820646643638611
Angelique,S08,Dig,20F/S,Par,sequence_0,S08|Dig|20F/S|Par,1.2348517179489136,1.2348517179489136,9.950302124023438,0.714848518371582,2.643320083618164,1.1809918880462646,6.565094947814941,7.219563961029053,6.290788173675537,6.2322540283203125,5.845680236816406,0.23198695480823517
Angelique,S08,Dig,20F/S,Par,sequence_1,S08|Dig|20F/S|Par,0.8773134350776672,0.8773134350776672,10.265373229980469,2.3302226066589355,1.766893744468689,0.9250526428222656,6.474489688873291,7.27493143081665,6.712522983551025,6.053771495819092,5.478344917297363,0.32317671179771423
Angelique,S08,NumWoGE,1F,Control,sequence_0,S08|NumWoGE|1F|Control,1.1260071992874146,1.1260071992874146,7.921017646789551,0.6349269151687622,3.254594564437866,1.4758460521697998,6.468416690826416,7.252026557922363,6.116373538970947,6.374648094177246,5.815481662750244,0.6019114851951599
Angelique,S08,NumWoGE,1F,Control,sequence_1,S08|NumWoGE|1F|Control,0.4300730228424072,0.4300730228424072,6.591060638427734,1.257473349571228,3.6669623851776123,1.6624687910079956,6.009533405303955,7.072046756744385,6.571590423583984,6.58573579788208,5.9312520027160645,0.19734814763069153
Angelique,S08,NumWoGE,1F,Par,sequence_0,S08|NumWoGE|1F|Par,1.5179439783096313,1.5179439783096313,2.043229579925537,2.1110832691192627,1.7495135068893433,0.8406773805618286,6.785914897918701,6.520586967468262,6.737760066986084,6.18956184387207,5.62748384475708,3.409682035446167
Angelique,S08,NumWoGE,1F,Par,sequence_1,S08|NumWoGE|1F|Par,1.3068963289260864,1.3068963289260864,8.921843528747559,1.1635786294937134,2.075291156768799,1.4060790538787842,6.596534252166748,7.08568811416626,6.448521137237549,6.280567646026611,5.811890602111816,645.455078125
Angelique,S08,NumWoGE,20F/A,Control,sequence_0,S08|NumWoGE|20F/A|Control,0.8675171732902527,0.8675171732902527,2.7665796279907227,0.8915556073188782,2.935445547103882,0.45489180088043213,6.425734043121338,6.573200702667236,6.347196102142334,6.240487575531006,5.388680934906006,35.22261047363281
Angelique,S08,NumWoGE,20F/A,Control,sequence_1,S08|NumWoGE|20F/A|Control,1.5378389358520508,1.5378389358520508,2.26409912109375,0.5586403012275696,1.2448359727859497,0.9007384181022644,6.582342624664307,6.516738414764404,6.023075103759766,6.051155090332031,5.616897106170654,1.3886306285858154
Angelique,S08,NumWoGE,20F/A,Par,sequence_0,S08|NumWoGE|20F/A|Par,2.204129457473755,2.204129457473755,2.360125780105591,0.5109354257583618,1.7441459894180298,0.4806273281574249,6.963734149932861,6.500758647918701,6.0282816886901855,6.109210968017578,5.423696041107178,2.585675001144409
Angelique,S08,NumWoGE,20F/A,Par,sequence_1,S08|NumWoGE|20F/A|Par,1.1726762056350708,1.1726762056350708,3.0816192626953125,0.7818289399147034,0.9880107641220093,0.8395777940750122,6.584375381469727,6.696750640869141,6.261636257171631,5.794457912445068,5.675887107849121,1.9357447624206543
Angelique,S08,NumWoGE,20F/S,Control,sequence_0,S08|NumWoGE|20F/S|Control,0.62177973985672,0.62177973985672,3.9090068340301514,0.963977038860321,2.033255100250244,1.2050774097442627,6.212937355041504,6.9841389656066895,6.2503767013549805,6.166383743286133,5.88684606552124,0.5022023916244507
Angelique,S08,NumWoGE,20F/S,Control,sequence_1,S08|NumWoGE|20F/S|Control,1.142124056816101,1.142124056816101,3.4969077110290527,1.3484030961990356,1.305193305015564,0.7215145230293274,6.541701793670654,6.880136489868164,6.515378475189209,6.114678859710693,5.689097881317139,0.7646063566207886
Angelique,S08,NumWoGE,20F/S,Par,sequence_0,S08|NumWoGE|20F/S|Par,1.3162236213684082,1.3162236213684082,3.9276885986328125,1.284842610359192,1.106832504272461,0.5967680811882019,6.460241317749023,6.818539142608643,6.637722015380859,5.909183025360107,5.5450358390808105,1.9043152332305908
Angelique,S08,NumWoGE,20F/S,Par,sequence_1,S08|NumWoGE|20F/S|Par,1.6792415380477905,1.6792415380477905,6.866462707519531,0.9219975471496582,1.1757193803787231,1.23410165309906,6.647145748138428,7.114249229431152,6.445174694061279,5.938671588897705,5.910671234130859,2.843212604522705
Angelique,S09,Dig,1F,Control,sequence_0,S09|Dig|1F|Control,1.153861165046692,1.153861165046692,2.472494125366211,0.8475073575973511,0.6362460851669312,1.5749439001083374,6.657878398895264,6.5024027824401855,5.758249759674072,5.668615818023682,5.936084747314453,2.9131920337677
Angelique,S09,Dig,1F,Control,sequence_1,S09|Dig|1F|Control,0.7108759880065918,0.7108759880065918,5.662152290344238,1.2417997121810913,3.8824777603149414,1.1141444444656372,6.147059440612793,6.672537803649902,5.899266242980957,6.271595001220703,5.766051292419434,4.7737650871276855
Angelique,S09,Dig,1F,Par,sequence_0,S09|Dig|1F|Par,1.4878901243209839,1.4878901243209839,4.347146511077881,1.2726051807403564,2.7356340885162354,0.7832015156745911,6.605510711669922,6.6840081214904785,5.97243595123291,6.166830539703369,5.703781604766846,1.0952889919281006
Angelique,S09,Dig,1F,Par,sequence_1,S09|Dig|1F|Par,1.7191044092178345,1.7191044092178345,4.647676467895508,1.145659327507019,4.878519058227539,0.8863201141357422,6.481667518615723,6.668451309204102,5.705338478088379,6.4273576736450195,5.645808219909668,9.78872299194336
Angelique,S09,Dig,20F/A,Control,sequence_0,S09|Dig|20F/A|Control,1.216840147972107,1.216840147972107,4.211043357849121,0.6034603714942932,1.088969111442566,0.9837527275085449,6.442503929138184,6.504669189453125,5.347452163696289,5.462611675262451,5.478254795074463,3.9205501079559326
Angelique,S09,Dig,20F/A,Control,sequence_1,S09|Dig|20F/A|Control,0.9659604430198669,0.9659604430198669,4.47312593460083,0.964529275894165,1.4118448495864868,0.9831452369689941,6.326943874359131,6.603352069854736,5.762045860290527,5.8295745849609375,5.699305057525635,0.9656853675842285
Angelique,S09,Dig,20F/A,Par,sequence_0,S09|Dig|20F/A|Par,1.3729162216186523,1.3729162216186523,1.9053449630737305,1.3260576725006104,1.301945686340332,0.5642126798629761,6.46811056137085,6.249557971954346,5.876633167266846,5.752997875213623,5.440365791320801,2.3672733306884766
Angelique,S09,Dig,20F/A,Par,sequence_1,S09|Dig|20F/A|Par,1.2918450832366943,1.2918450832366943,4.600576400756836,1.3140273094177246,1.0720055103302002,0.6420360207557678,6.479900360107422,6.688285827636719,5.828186511993408,5.611973762512207,5.480241775512695,1.1517090797424316
Angelique,S09,Dig,20F/S,Control,sequence_0,S09|Dig|20F/S|Control,1.0754873752593994,1.0754873752593994,7.672369480133057,1.0687165260314941,2.489564895629883,0.6363999247550964,6.412292003631592,6.7931342124938965,5.715763092041016,6.037163734436035,5.253878116607666,1.5020318031311035
Angelique,S09,Dig,20F/S,Control,sequence_1,S09|Dig|20F/S|Control,1.2489558458328247,1.2489558458328247,9.893875122070312,1.724701166152954,2.440807819366455,1.0815420150756836,6.450244903564453,6.997599124908447,5.924584865570068,5.986596584320068,5.509117126464844,0.6559441685676575
Angelique,S09,Dig,20F/S,Par,sequence_0,S09|Dig|20F/S|Par,0.8971755504608154,0.8971755504608154,10.931777954101562,0.9376000165939331,2.5891542434692383,1.3227306604385376,6.320331573486328,7.1310200691223145,5.634118556976318,5.958889007568359,5.715563774108887,0.1778947114944458
Angelique,S09,Dig,20F/S,Par,sequence_1,S09|Dig|20F/S|Par,1.2015820741653442,1.2015820741653442,5.791821479797363,0.7643338441848755,2.39693546295166,0.7406632304191589,6.458674907684326,6.825209140777588,5.556453704833984,5.958508491516113,5.4574875831604,0.550837516784668
Angelique,S09,NumWoGE,1F,Control,sequence_0,S09|NumWoGE|1F|Control,1.387255311012268,1.387255311012268,4.578271389007568,1.5574512481689453,2.737457752227783,1.3965758085250854,6.4024434089660645,6.801849365234375,5.942099094390869,6.294832706451416,5.922134876251221,0.7316545248031616
Angelique,S09,NumWoGE,1F,Control,sequence_1,S09|NumWoGE|1F|Control,0.9910620450973511,0.9910620450973511,7.736926078796387,1.1660181283950806,5.019503593444824,1.8262029886245728,6.31786584854126,6.864911079406738,5.690783977508545,6.374557018280029,5.925411701202393,0.45722976326942444
Angelique,S09,NumWoGE,1F,Par,sequence_0,S09|NumWoGE|1F|Par,1.6310720443725586,1.6310720443725586,6.640289306640625,0.8375644683837891,5.139148712158203,0.8602405190467834,6.548503398895264,6.8644633293151855,5.688438415527344,6.3957390785217285,5.583839416503906,0.6185111999511719
Angelique,S09,NumWoGE,1F,Par,sequence_1,S09|NumWoGE|1F|Par,1.8148080110549927,1.8148080110549927,7.662245750427246,1.1600145101547241,4.4622015953063965,1.381636381149292,6.565151214599609,6.871767044067383,5.769397258758545,6.347331523895264,5.70946741104126,0.5963793396949768
Angelique,S09,NumWoGE,20F/A,Control,sequence_0,S09|NumWoGE|20F/A|Control,0.6405586004257202,0.6405586004257202,4.776176929473877,1.0353025197982788,1.5833990573883057,0.7855138182640076,6.225521087646484,6.671743869781494,5.754045486450195,5.841037750244141,5.496755599975586,0.3811577260494232
Angelique,S09,NumWoGE,20F/A,Control,sequence_1,S09|NumWoGE|20F/A|Control,1.265105128288269,1.265105128288269,3.2239298820495605,1.5249346494674683,2.660175323486328,1.5692073106765747,6.424129486083984,6.5114641189575195,6.004194736480713,6.060332298278809,5.797347068786621,1.5061439275741577
Angelique,S09,NumWoGE,20F/A,Par,sequence_0,S09|NumWoGE|20F/A|Par,2.000274419784546,2.000274419784546,3.8996775150299072,0.5394159555435181,1.0809597969055176,0.9881768226623535,6.670658111572266,6.50504732131958,5.468893051147461,5.551301002502441,5.533109664916992,4.5982208251953125
Angelique,S09,NumWoGE,20F/A,Par,sequence_1,S09|NumWoGE|20F/A|Par,2.1575894355773926,2.1575894355773926,3.1882076263427734,1.1020994186401367,0.8902974128723145,0.9197624921798706,6.811899662017822,6.643034934997559,5.87188196182251,5.550475120544434,5.447665691375732,2.1065893173217773
Angelique,S09,NumWoGE,20F/S,Control,sequence_0,S09|NumWoGE|20F/S|Control,0.6831879615783691,0.6831879615783691,4.972182750701904,1.5162508487701416,0.9551727175712585,1.3463085889816284,6.240192413330078,6.650408744812012,5.950921058654785,5.6443352699279785,5.704803466796875,0.8410813212394714
Angelique,S09,NumWoGE,20F/S,Control,sequence_1,S09|NumWoGE|20F/S|Control,1.4726219177246094,1.4726219177246094,3.4305379390716553,1.1507638692855835,0.8415736556053162,0.9264718890190125,6.593845844268799,6.437102794647217,5.906543731689453,5.651012897491455,5.567628383636475,73.04325103759766
Angelique,S09,NumWoGE,20F/S,Par,sequence_0,S09|NumWoGE|20F/S|Par,1.1690711975097656,1.1690711975097656,7.352572441101074,0.7876900434494019,2.085146903991699,1.0382301807403564,6.425726413726807,6.8204498291015625,5.537717342376709,6.009416103363037,5.562133312225342,9.29088020324707
Angelique,S09,NumWoGE,20F/S,Par,sequence_1,S09|NumWoGE|20F/S|Par,0.5439271330833435,0.5439271330833435,3.457542657852173,0.7019121050834656,1.043095588684082,0.4687731862068176,6.186955451965332,6.417267799377441,5.6101908683776855,5.660667419433594,5.436761856079102,1.4923372268676758
Angelique,S10,Dig,1F,Control,sequence_0,S10|Dig|1F|Control,0.41174206137657166,0.41174206137657166,2.213024139404297,0.5389087796211243,2.5227813720703125,1.8568161725997925,6.404420375823975,7.445659637451172,6.140913963317871,6.318295955657959,5.939208984375,0.4740467071533203
Angelique,S10,Dig,1F,Control,sequence_1,S10|Dig|1F|Control,2.071532726287842,2.071532726287842,2.757549524307251,1.0095263719558716,5.7894721031188965,1.391890525817871,6.869048118591309,7.2300639152526855,6.446021556854248,6.524783134460449,5.736876487731934,3.3878917694091797
Angelique,S10,Dig,1F,Par,sequence_0,S10|Dig|1F|Par,1.189371109008789,1.189371109008789,1.4015321731567383,1.6288529634475708,4.396194934844971,0.9033820629119873,6.781887531280518,6.948448181152344,6.729220390319824,6.518335342407227,5.857428550720215,2.8827686309814453
Angelique,S10,Dig,1F,Par,sequence_1,S10|Dig|1F|Par,1.5311427116394043,1.5311427116394043,3.003687858581543,1.6353814601898193,6.554266452789307,0.9042571783065796,6.739139556884766,7.270617485046387,6.605356693267822,6.673716068267822,5.627429485321045,1.406030297279358
Angelique,S10,Dig,20F/A,Control,sequence_0,S10|Dig|20F/A|Control,1.0770654678344727,1.0770654678344727,11.615455627441406,0.6650220155715942,2.177088737487793,1.3357198238372803,6.733273029327393,7.736573219299316,5.992759704589844,6.226271629333496,5.847621917724609,0.1403840035200119
Angelique,S10,Dig,20F/A,Control,sequence_1,S10|Dig|20F/A|Control,0.8159888386726379,0.8159888386726379,6.633233070373535,0.5640740394592285,1.3450857400894165,0.6379550099372864,6.626819133758545,7.494415283203125,6.011913299560547,5.904552459716797,5.4427642822265625,0.22913111746311188
Angelique,S10,Dig,20F/A,Par,sequence_0,S10|Dig|20F/A|Par,0.8594398498535156,0.8594398498535156,12.664774894714355,1.132021188735962,1.2882333993911743,1.977960467338562,6.508195400238037,7.750530242919922,6.347598552703857,5.872569561004639,5.851934432983398,0.3591652512550354
Angelique,S10,Dig,20F/A,Par,sequence_1,S10|Dig|20F/A|Par,0.9442733526229858,0.9442733526229858,5.629670143127441,0.400831937789917,1.736986517906189,1.1537253856658936,6.740586280822754,7.631757736206055,5.947698593139648,6.087283134460449,6.034017562866211,0.6910226345062256
Angelique,S10,Dig,20F/S,Control,sequence_0,S10|Dig|20F/S|Control,1.2385667562484741,1.2385667562484741,6.605074882507324,0.4212896227836609,1.8299760818481445,1.03556227684021,6.721179485321045,7.746195316314697,5.819285869598389,6.098742485046387,5.739666938781738,0.345113605260849
Angelique,S10,Dig,20F/S,Control,sequence_1,S10|Dig|20F/S|Control,0.8929448127746582,0.8929448127746582,4.45660400390625,0.9797074794769287,1.6517815589904785,0.8928043246269226,6.655002593994141,7.704686641693115,6.4584059715271,6.042829990386963,5.736974716186523,2.1100597381591797
Angelique,S10,Dig,20F/S,Par,sequence_0,S10|Dig|20F/S|Par,0.9115837812423706,0.9115837812423706,5.026174068450928,1.0459983348846436,3.8626413345336914,1.3587714433670044,6.599109172821045,7.505600929260254,6.243997097015381,6.486269474029541,5.887977123260498,0.9417648315429688
Angelique,S10,Dig,20F/S,Par,sequence_1,S10|Dig|20F/S|Par,1.3571219444274902,1.3571219444274902,7.624712944030762,1.2061049938201904,3.2845818996429443,0.6171482801437378,6.8944549560546875,7.7107625007629395,6.524317264556885,6.36023473739624,5.499721527099609,1.247545838356018
Angelique,S10,NumWoGE,1F,Control,sequence_0,S10|NumWoGE|1F|Control,2.2012500762939453,2.2012500762939453,2.7427425384521484,0.9639072418212891,3.0616586208343506,1.2175027132034302,6.9998884201049805,7.362057209014893,6.16279935836792,6.17620325088501,5.759634971618652,4.6549482345581055
Angelique,S10,NumWoGE,1F,Control,sequence_1,S10|NumWoGE|1F|Control,1.2200961112976074,1.2200961112976074,3.3302969932556152,1.4638781547546387,5.664376735687256,1.115768551826477,6.725409507751465,7.444128513336182,6.379205703735352,6.6444854736328125,5.7533369064331055,2.9895753860473633
Angelique,S10,NumWoGE,1F,Par,sequence_0,S10|NumWoGE|1F|Par,2.717486619949341,2.717486619949341,5.542366027832031,1.5934240818023682,10.328192710876465,1.0931957960128784,6.960718631744385,7.362441539764404,6.247835636138916,6.93294620513916,5.6208672523498535,0.9609147310256958
Angelique,S10,NumWoGE,1F,Par,sequence_1,S10|NumWoGE|1F|Par,1.0726146697998047,1.0726146697998047,1.6106243133544922,2.969531774520874,4.881735801696777,0.8569128513336182,6.648019313812256,7.14900016784668,6.7520856857299805,6.499344825744629,5.554691314697266,1.1935572624206543
Angelique,S10,NumWoGE,20F/A,Control,sequence_0,S10|NumWoGE|20F/A|Control,0.6480201482772827,0.6480201482772827,3.075143814086914,0.9490411281585693,1.581736445426941,1.638066291809082,6.272779941558838,7.239236831665039,6.351332187652588,6.098454475402832,6.0813493728637695,0.7031246423721313
Angelique,S10,NumWoGE,20F/A,Control,sequence_1,S10|NumWoGE|20F/A|Control,0.8095725178718567,0.8095725178718567,5.5345330238342285,1.673032283782959,2.0663206577301025,0.5870872735977173,6.589851379394531,7.5721659660339355,6.6452765464782715,6.064045429229736,5.454727649688721,0.7588315606117249
Angelique,S10,NumWoGE,20F/A,Par,sequence_0,S10|NumWoGE|20F/A|Par,1.435556173324585,1.435556173324585,4.042767524719238,1.222977638244629,2.3261756896972656,1.135184407234192,6.776727676391602,7.316400527954102,6.100220203399658,6.116820812225342,5.878486156463623,2.166771411895752
Angelique,S10,NumWoGE,20F/A,Par,sequence_1,S10|NumWoGE|20F/A|Par,0.7765002250671387,0.7765002250671387,3.3408102989196777,1.1647517681121826,1.4775723218917847,0.5004133582115173,6.5061235427856445,6.98980712890625,6.392598628997803,5.972839832305908,5.376183032989502,25.6964111328125
Angelique,S10,NumWoGE,20F/S,Control,sequence_0,S10|NumWoGE|20F/S|Control,1.1195688247680664,1.1195688247680664,2.924879550933838,0.876204252243042,4.0806121826171875,1.4339929819107056,6.839076995849609,6.896236896514893,6.23426628112793,6.444848537445068,5.748492240905762,2.3702588081359863
Angelique,S10,NumWoGE,20F/S,Control,sequence_1,S10|NumWoGE|20F/S|Control,1.249409794807434,1.249409794807434,3.3722996711730957,0.954373300075531,4.500915050506592,1.4494227170944214,6.782571792602539,6.957194805145264,6.3612871170043945,6.485803127288818,5.884432315826416,3.3350167274475098
Angelique,S10,NumWoGE,20F/S,Par,sequence_0,S10|NumWoGE|20F/S|Par,2.238860845565796,2.238860845565796,3.341510057449341,1.1573269367218018,3.9939472675323486,0.8176542520523071,7.0345635414123535,7.17108154296875,6.379871368408203,6.423809051513672,5.620685577392578,83.0362548828125
Angelique,S10,NumWoGE,20F/S,Par,sequence_1,S10|NumWoGE|20F/S|Par,1.1068971157073975,1.1068971157073975,3.879058837890625,1.2139021158218384,3.103513717651367,1.049981713294983,6.765296459197998,7.283494472503662,6.4069037437438965,6.330273628234863,5.589539527893066,1.2319908142089844
Angelique,S11,Dig,1F,Control,sequence_0,S11|Dig|1F|Control,1.1131367683410645,1.1131367683410645,6.707415580749512,1.7276661396026611,6.656811237335205,1.0208101272583008,6.9480085372924805,7.209901809692383,6.335775375366211,6.716742992401123,5.772977828979492,0.5057470202445984
Angelique,S11,Dig,1F,Control,sequence_1,S11|Dig|1F|Control,1.039543628692627,1.039543628692627,9.14529800415039,0.9311659336090088,8.330318450927734,1.6098941564559937,6.704237937927246,7.349455833435059,5.957951068878174,6.747241497039795,5.928516864776611,0.3378581702709198
Angelique,S11,Dig,1F,Par,sequence_0,S11|Dig|1F|Par,2.9915060997009277,2.9915060997009277,7.8938140869140625,1.0284138917922974,8.224363327026367,1.2849196195602417,7.308284759521484,7.132849216461182,6.106906414031982,6.813044548034668,5.898615837097168,2.1642584800720215
Angelique,S11,Dig,1F,Par,sequence_1,S11|Dig|1F|Par,0.9924631714820862,0.9924631714820862,8.963759422302246,0.5430192351341248,7.43341064453125,0.6488561034202576,6.6611008644104,7.312511920928955,5.925954341888428,6.84557580947876,5.6904683113098145,0.5205050110816956
Angelique,S11,Dig,20F/A,Control,sequence_0,S11|Dig|20F/A|Control,1.0876712799072266,1.0876712799072266,14.44155216217041,0.5391052961349487,3.3894944190979004,1.4214059114456177,6.756285190582275,7.624809741973877,5.888626575469971,6.363917350769043,6.0328898429870605,0.2760930061340332
Angelique,S11,Dig,20F/A,Control,sequence_1,S11|Dig|20F/A|Control,1.6307082176208496,1.6307082176208496,15.178764343261719,0.545387864112854,2.754866361618042,0.8158169388771057,6.907337188720703,7.68303918838501,5.877264499664307,6.337072849273682,5.647603511810303,0.27909380197525024
Angelique,S11,Dig,20F/A,Par,sequence_0,S11|Dig|20F/A|Par,0.8836426734924316,0.8836426734924316,13.899685859680176,0.8329915404319763,2.3271236419677734,0.8602204322814941,6.6788177490234375,7.661203861236572,6.053950786590576,6.253767490386963,5.72856330871582,0.4430164694786072
Angelique,S11,Dig,20F/A,Par,sequence_1,S11|Dig|20F/A|Par,0.9285486936569214,0.9285486936569214,13.019122123718262,0.8186333179473877,3.928274154663086,0.9089646339416504,6.739078521728516,7.638840675354004,6.02484130859375,6.550856113433838,5.923351287841797,0.19571949541568756
Angelique,S11,Dig,20F/S,Control,sequence_0,S11|Dig|20F/S|Control,1.3547338247299194,1.3547338247299194,14.77209186553955,1.0316373109817505,5.795444488525391,1.1696250438690186,6.747395038604736,7.554998874664307,6.320170879364014,6.506669044494629,5.761844635009766,5.505810260772705
Angelique,S11,Dig,20F/S,Control,sequence_1,S11|Dig|20F/S|Control,1.3244950771331787,1.3244950771331787,14.142721176147461,0.5667726397514343,5.511124134063721,0.5820409655570984,6.963988780975342,7.613015651702881,5.925989627838135,6.54170560836792,5.339858055114746,1.5222241878509521
Angelique,S11,Dig,20F/S,Par,sequence_0,S11|Dig|20F/S|Par,1.0886708498001099,1.0886708498001099,18.267236709594727,2.4931867122650146,8.36921215057373,1.5077388286590576,6.714420318603516,7.861534595489502,6.57667875289917,6.679783821105957,5.927164077758789,0.08963798731565475
Angelique,S11,Dig,20F/S,Par,sequence_1,S11|Dig|20F/S|Par,1.1075057983398438,1.1075057983398438,14.236478805541992,0.5155768394470215,6.15880012512207,0.7454234957695007,6.7382612228393555,7.646737575531006,5.936786651611328,6.619158744812012,5.580384254455566,0.2585620880126953
Angelique,S11,NumWoGE,1F,Control,sequence_0,S11|NumWoGE|1F|Control,1.7855266332626343,1.7855266332626343,9.863728523254395,0.7244557738304138,2.7880475521087646,0.6871087551116943,6.977367401123047,7.3949384689331055,6.200038433074951,6.328193664550781,5.662790775299072,0.6233713626861572
Angelique,S11,NumWoGE,1F,Control,sequence_1,S11|NumWoGE|1F|Control,2.6045351028442383,2.6045351028442383,9.182792663574219,0.99562668800354,4.3940629959106445,0.592322587966919,7.152629852294922,7.49483060836792,6.354734897613525,6.564126014709473,5.565825462341309,0.39200732111930847
Angelique,S11,NumWoGE,1F,Par,sequence_0,S11|NumWoGE|1F|Par,1.2855814695358276,1.2855814695358276,12.349679946899414,0.5928359627723694,7.426511287689209,1.1429070234298706,6.895054340362549,7.526861190795898,6.051896095275879,6.792190074920654,5.905458450317383,0.27133098244667053
Angelique,S11,NumWoGE,1F,Par,sequence_1,S11|NumWoGE|1F|Par,0.884442925453186,0.884442925453186,7.748992919921875,2.1092398166656494,7.404182434082031,0.9091029763221741,6.661925315856934,7.351383686065674,6.637321949005127,6.658675670623779,5.610043048858643,1.052782416343689
Angelique,S11,NumWoGE,20F/A,Control,sequence_0,S11|NumWoGE|20F/A|Control,1.1646661758422852,1.1646661758422852,8.868547439575195,1.356388807296753,4.890651702880859,0.925889790058136,6.8481597900390625,7.256575584411621,6.381133556365967,6.589086055755615,5.629586219787598,0.39690759778022766
Angelique,S11,NumWoGE,20F/A,Control,sequence_1,S11|NumWoGE|20F/A|Control,0.9293357729911804,0.9293357729911804,8.656021118164062,2.000243902206421,5.0756611824035645,1.2499998807907104,6.6434783935546875,7.230339527130127,6.695886611938477,6.650908470153809,5.75268030166626,0.6204166412353516
Angelique,S11,NumWoGE,20F/A,Par,sequence_0,S11|NumWoGE|20F/A|Par,0.8110305666923523,0.8110305666923523,10.473273277282715,0.8785200119018555,4.3213725090026855,1.2436851263046265,6.575068473815918,7.2395195960998535,6.110817909240723,6.367483615875244,5.696833610534668,0.465029776096344
Angelique,S11,NumWoGE,20F/A,Par,sequence_1,S11|NumWoGE|20F/A|Par,1.2127165794372559,1.2127165794372559,9.009660720825195,1.417574405670166,5.817420482635498,1.0352330207824707,6.759059906005859,7.185909271240234,6.396825313568115,6.648510932922363,5.911561489105225,0.6881005764007568
Angelique,S11,NumWoGE,20F/S,Control,sequence_0,S11|NumWoGE|20F/S|Control,1.17217218875885,1.17217218875885,10.6297607421875,1.5663758516311646,8.188199996948242,0.8693866729736328,6.7817864418029785,7.276342868804932,6.387028217315674,6.795778751373291,5.61336088180542,0.5605644583702087
Angelique,S11,NumWoGE,20F/S,Control,sequence_1,S11|NumWoGE|20F/S|Control,0.8478291630744934,0.8478291630744934,9.31338119506836,0.9667441248893738,7.478221416473389,1.213311791419983,6.767052173614502,7.220006465911865,6.210996150970459,6.71751594543457,5.8073344230651855,0.511245608329773
Angelique,S11,NumWoGE,20F/S,Par,sequence_0,S11|NumWoGE|20F/S|Par,0.8780286312103271,0.8780286312103271,9.74718189239502,1.1495342254638672,8.244850158691406,1.3816123008728027,6.579773902893066,7.380025863647461,6.25398063659668,6.748066425323486,5.9597272872924805,0.29073581099510193
Angelique,S11,NumWoGE,20F/S,Par,sequence_1,S11|NumWoGE|20F/S|Par,0.9601358771324158,0.9601358771324158,12.468979835510254,2.0770606994628906,9.284950256347656,1.260323405265808,6.662308692932129,7.361266613006592,6.473684787750244,6.817981719970703,5.82694149017334,0.5029746890068054
Angelique,S13,Dig,1F,Control,sequence_0,S13|Dig|1F|Control,2.214385747909546,2.214385747909546,7.238505840301514,0.8343688249588013,7.530087471008301,1.4861119985580444,6.867507457733154,7.2400078773498535,5.979273319244385,6.836597442626953,5.895574569702148,0.5438196659088135
Angelique,S13,Dig,1F,Control,sequence_1,S13|Dig|1F|Control,1.821908712387085,1.821908712387085,4.699523448944092,0.8646788597106934,5.266796112060547,2.307462453842163,6.801031589508057,6.9527974128723145,5.922604560852051,6.580582141876221,6.182832717895508,1.2678074836730957
Angelique,S13,Dig,1F,Par,sequence_0,S13|Dig|1F|Par,2.544394016265869,2.544394016265869,5.792415142059326,0.9748194217681885,10.29214859008789,0.5665631294250488,6.909002780914307,7.111921310424805,6.157943248748779,7.026180744171143,5.526042938232422,0.9060809016227722
Angelique,S13,Dig,1F,Par,sequence_1,S13|Dig|1F|Par,2.168722152709961,2.168722152709961,7.309023857116699,1.3673375844955444,7.314914226531982,1.2075251340866089,6.875617504119873,7.200514793395996,6.449161529541016,6.717954158782959,5.772334098815918,0.84685879945755
Angelique,S13,Dig,20F/A,Control,sequence_0,S13|Dig|20F/A|Control,0.5507103204727173,0.5507103204727173,10.604146003723145,0.8156313300132751,2.567502975463867,0.6903513669967651,6.194088935852051,7.275839328765869,5.88361120223999,6.159563064575195,5.374141693115234,1.0187002420425415
Angelique,S13,Dig,20F/A,Control,sequence_1,S13|Dig|20F/A|Control,1.0470190048217773,1.0470190048217773,8.924528121948242,1.1247881650924683,5.3304877281188965,1.5417089462280273,6.594614505767822,7.367861747741699,6.196001052856445,6.395702362060547,5.832747459411621,0.4113602042198181
Angelique,S13,Dig,20F/A,Par,sequence_0,S13|Dig|20F/A|Par,2.0771307945251465,2.0771307945251465,11.676569938659668,1.2438231706619263,4.241516590118408,1.0247256755828857,6.871240139007568,7.367862701416016,6.209271430969238,6.43945837020874,5.672728061676025,0.2561904788017273
Angelique,S13,Dig,20F/A,Par,sequence_1,S13|Dig|20F/A|Par,1.3232392072677612,1.3232392072677612,9.636338233947754,1.536990761756897,1.4043294191360474,1.1968002319335938,6.813554763793945,7.242154598236084,6.367917537689209,5.939000129699707,5.707538604736328,0.9897173643112183
Angelique,S13,Dig,20F/S,Control,sequence_0,S13|Dig|20F/S|Control,1.4987448453903198,1.4987448453903198,10.260491371154785,2.7393417358398438,1.3070164918899536,1.210148572921753,6.615352153778076,7.227740287780762,6.744960308074951,5.901748180389404,5.701313495635986,0.4028002917766571
Angelique,S13,Dig,20F/S,Control,sequence_1,S13|Dig|20F/S|Control,0.6579842567443848,0.6579842567443848,14.361214637756348,1.2157448530197144,3.908825159072876,0.9176480174064636,6.214243412017822,7.44113826751709,6.014547348022461,6.477081298828125,5.499401092529297,0.14628641307353973
Angelique,S13,Dig,20F/S,Par,sequence_0,S13|Dig|20F/S|Par,1.0442708730697632,1.0442708730697632,10.471145629882812,0.8296241760253906,2.313310146331787,1.045099139213562,6.410054683685303,7.289282321929932,6.036864757537842,6.175127983093262,5.594268798828125,0.5060182213783264
Angelique,S13,Dig,20F/S,Par,sequence_1,S13|Dig|20F/S|Par,1.691836953163147,1.691836953163147,8.086865425109863,0.6433078050613403,3.0146350860595703,0.7074803709983826,6.56165075302124,7.189689636230469,5.893208026885986,6.2418365478515625,5.407187461853027,0.376880943775177
Angelique,S13,NumWoGE,1F,Control,sequence_0,S13|NumWoGE|1F|Control,0.6093511581420898,0.6093511581420898,6.742656230926514,1.3906723260879517,11.560783386230469,1.9996048212051392,6.241497039794922,7.099959373474121,6.325499534606934,7.084771156311035,5.909189701080322,0.36363714933395386
Angelique,S13,NumWoGE,1F,Control,sequence_1,S13|NumWoGE|1F|Control,1.2997958660125732,1.2997958660125732,5.438867092132568,2.2547249794006348,10.709208488464355,2.3334288597106934,6.597764015197754,6.934997081756592,6.41597318649292,7.010006904602051,5.950596332550049,0.6119973659515381
Angelique,S13,NumWoGE,1F,Par,sequence_0,S13|NumWoGE|1F|Par,1.532852053642273,1.532852053642273,5.6980881690979,1.3013582229614258,11.270003318786621,1.1084166765213013,6.678583145141602,6.9603776931762695,6.163768291473389,6.945440292358398,5.718725681304932,0.9409744739532471
Angelique,S13,NumWoGE,1F,Par,sequence_1,S13|NumWoGE|1F|Par,1.6693984270095825,1.6693984270095825,4.421797752380371,0.8705251216888428,13.936992645263672,0.6723021864891052,6.789923667907715,6.987610816955566,5.990943431854248,7.241769790649414,5.518067836761475,0.6932880282402039
Angelique,S13,NumWoGE,20F/A,Control,sequence_0,S13|NumWoGE|20F/A|Control,0.6185803413391113,0.6185803413391113,11.562747955322266,0.8519145250320435,4.473662853240967,0.9596903324127197,6.30204963684082,7.344170093536377,5.92439603805542,6.261427402496338,5.608455657958984,0.08365893363952637
Angelique,S13,NumWoGE,20F/A,Control,sequence_1,S13|NumWoGE|20F/A|Control,1.8622922897338867,1.8622922897338867,2.6810266971588135,1.1867427825927734,1.1605985164642334,0.4759921431541443,6.828720569610596,6.71083927154541,6.20551061630249,5.868017673492432,5.169727325439453,9.465339660644531
Angelique,S13,NumWoGE,20F/A,Par,sequence_0,S13|NumWoGE|20F/A|Par,1.145741581916809,1.145741581916809,7.845066070556641,1.3255707025527954,3.28804612159729,1.1756727695465088,6.619640350341797,7.2454938888549805,6.119944095611572,6.343311309814453,5.68320369720459,0.5322794318199158
Angelique,S13,NumWoGE,20F/A,Par,sequence_1,S13|NumWoGE|20F/A|Par,0.6565552949905396,0.6565552949905396,6.9808030128479,0.9115351438522339,2.030763864517212,1.1503735780715942,6.4745097160339355,7.142012596130371,6.0874342918396,6.1771016120910645,5.759512901306152,0.20164258778095245
Angelique,S13,NumWoGE,20F/S,Control,sequence_0,S13|NumWoGE|20F/S|Control,1.489592432975769,1.489592432975769,9.92854118347168,1.6664341688156128,4.7505035400390625,0.7890965938568115,6.764743804931641,7.307762145996094,6.330382347106934,6.507471561431885,5.569798946380615,0.2941552996635437
Angelique,S13,NumWoGE,20F/S,Control,sequence_1,S13|NumWoGE|20F/S|Control,1.2101777791976929,1.2101777791976929,9.315665245056152,0.7797821760177612,3.5931832790374756,0.657917857170105,6.559319019317627,7.211119651794434,5.9643988609313965,6.397650241851807,5.395642280578613,0.4750153720378876
Angelique,S13,NumWoGE,20F/S,Par,sequence_0,S13|NumWoGE|20F/S|Par,1.2705028057098389,1.2705028057098389,10.864319801330566,1.1224474906921387,2.9113569259643555,1.018937110900879,6.705971717834473,7.32457971572876,6.0715718269348145,5.98342227935791,5.559406757354736,0.8194320797920227
Angelique,S13,NumWoGE,20F/S,Par,sequence_1,S13|NumWoGE|20F/S|Par,1.276812195777893,1.276812195777893,4.964702129364014,0.6535868048667908,2.7222650051116943,0.682390034198761,6.476051330566406,7.0025248527526855,5.981426239013672,6.294264793395996,5.588590621948242,0.614778995513916
Angelique,S15,Dig,1F,Control,sequence_0,S15|Dig|1F|Control,1.4151945114135742,1.4151945114135742,8.239080429077148,1.7184205055236816,2.3278117179870605,0.990435004234314,6.604246616363525,6.973345756530762,5.973804950714111,6.076232433319092,5.770500659942627,0.47460854053497314
Angelique,S15,Dig,1F,Control,sequence_1,S15|Dig|1F|Control,0.8131583333015442,0.8131583333015442,11.322184562683105,2.1081390380859375,5.074413776397705,1.197668194770813,6.246608257293701,7.179901599884033,6.028290271759033,6.288941383361816,5.871536731719971,0.15594923496246338
Angelique,S15,Dig,1F,Par,sequence_0,S15|Dig|1F|Par,1.208682656288147,1.208682656288147,9.314298629760742,1.0056084394454956,2.700770378112793,1.139090657234192,6.615963459014893,7.075357913970947,5.833343505859375,6.110089302062988,5.913715362548828,0.7297555804252625
Angelique,S15,Dig,1F,Par,sequence_1,S15|Dig|1F|Par,1.4096964597702026,1.4096964597702026,9.401562690734863,1.124618649482727,4.234780788421631,1.1730146408081055,6.736537456512451,7.024354457855225,5.797321796417236,6.304809093475342,5.8201584815979,0.9695545434951782
Angelique,S15,Dig,20F/A,Control,sequence_0,S15|Dig|20F/A|Control,0.6239609718322754,0.6239609718322754,6.076948165893555,1.9335201978683472,1.6751623153686523,1.0416704416275024,6.214964866638184,6.773837089538574,6.087160587310791,5.68676233291626,5.737039089202881,0.5555880665779114
Angelique,S15,Dig,20F/A,Control,sequence_1,S15|Dig|20F/A|Control,0.9610528349876404,0.9610528349876404,6.319130897521973,1.3635410070419312,1.3465250730514526,0.7098624110221863,6.390198230743408,6.563992500305176,5.9387335777282715,5.625630855560303,5.391516208648682,1.7602895498275757
Angelique,S15,Dig,20F/A,Par,sequence_0,S15|Dig|20F/A|Par,1.120093822479248,1.120093822479248,6.478192329406738,0.6049360632896423,1.3832826614379883,1.2048269510269165,6.582050323486328,6.804752349853516,5.451364994049072,5.696856498718262,5.6490478515625,1.1800535917282104
Angelique,S15,Dig,20F/A,Par,sequence_1,S15|Dig|20F/A|Par,1.0733195543289185,1.0733195543289185,5.838678359985352,2.3079614639282227,1.0845190286636353,1.4797643423080444,6.544088363647461,6.592375755310059,6.081439018249512,5.701796531677246,5.8560471534729,1.6096675395965576
Angelique,S15,Dig,20F/S,Control,sequence_0,S15|Dig|20F/S|Control,1.250618815422058,1.250618815422058,8.967278480529785,0.9765890836715698,3.081594467163086,0.8416525721549988,6.533426284790039,6.714471817016602,5.670668125152588,6.0834550857543945,5.675834655761719,2.036817789077759
Angelique,S15,Dig,20F/S,Control,sequence_1,S15|Dig|20F/S|Control,0.8362699747085571,0.8362699747085571,10.854011535644531,0.7289677858352661,1.9364036321640015,1.3570222854614258,6.2018656730651855,6.926216125488281,5.6261796951293945,5.754787921905518,5.869909286499023,0.3464963138103485
Angelique,S15,Dig,20F/S,Par,sequence_0,S15|Dig|20F/S|Par,0.9449774622917175,0.9449774622917175,8.018912315368652,0.7127606868743896,1.75772225856781,1.0862295627593994,6.314582347869873,6.640834808349609,5.698947906494141,5.996388912200928,5.87733793258667,2.9840810298919678
Angelique,S15,Dig,20F/S,Par,sequence_1,S15|Dig|20F/S|Par,0.7976446151733398,0.7976446151733398,9.852737426757812,1.4059264659881592,1.6670653820037842,1.286386251449585,6.256294250488281,7.050483226776123,5.80328893661499,5.703031539916992,5.81951379776001,0.21038423478603363
Angelique,S15,NumWoGE,1F,Control,sequence_0,S15|NumWoGE|1F|Control,0.8908541202545166,0.8908541202545166,10.629886627197266,0.8997249603271484,9.179498672485352,2.1211941242218018,6.2561187744140625,7.093216419219971,5.662246227264404,6.591938018798828,6.103892803192139,0.27626532316207886
Angelique,S15,NumWoGE,1F,Control,sequence_1,S15|NumWoGE|1F|Control,0.909604012966156,0.909604012966156,12.056009292602539,1.575751781463623,9.780367851257324,1.5445384979248047,6.275306701660156,7.090438365936279,5.855487823486328,6.694411754608154,5.91794490814209,0.425672709941864
Angelique,S15,NumWoGE,1F,Par,sequence_0,S15|NumWoGE|1F|Par,1.0021556615829468,1.0021556615829468,10.474311828613281,2.2029168605804443,9.131560325622559,1.0455025434494019,6.386926174163818,7.177865982055664,6.085142612457275,6.654506206512451,5.744146823883057,0.27095457911491394
Angelique,S15,NumWoGE,1F,Par,sequence_1,S15|NumWoGE|1F|Par,1.4036767482757568,1.4036767482757568,14.157278060913086,1.3953297138214111,12.759024620056152,1.1004066467285156,6.480347633361816,7.197947978973389,5.820880889892578,6.815715312957764,5.618880271911621,0.4503363072872162
Angelique,S15,NumWoGE,20F/A,Control,sequence_0,S15|NumWoGE|20F/A|Control,1.0899587869644165,1.0899587869644165,13.934436798095703,0.9825834631919861,4.166924476623535,0.8985844254493713,6.580112457275391,7.144845485687256,5.7223801612854,6.175125598907471,5.537750720977783,0.6542198061943054
Angelique,S15,NumWoGE,20F/A,Control,sequence_1,S15|NumWoGE|20F/A|Control,1.7229738235473633,1.7229738235473633,12.552298545837402,0.8885800838470459,6.3131632804870605,1.0511976480484009,6.5697479248046875,7.141032695770264,5.693227291107178,6.334110260009766,5.753978252410889,1.436861515045166
Angelique,S15,NumWoGE,20F/A,Par,sequence_0,S15|NumWoGE|20F/A|Par,1.968400001525879,1.968400001525879,11.087468147277832,1.010087013244629,5.885611057281494,0.9693472385406494,6.7104363441467285,7.048733711242676,5.629772663116455,6.4085307121276855,5.731270790100098,1.377446174621582
Angelique,S15,NumWoGE,20F/A,Par,sequence_1,S15|NumWoGE|20F/A|Par,1.9510607719421387,1.9510607719421387,14.884854316711426,1.3954168558120728,7.289099216461182,1.9135544300079346,6.7327094078063965,7.312770843505859,5.855926990509033,6.397392272949219,5.957159042358398,0.5396139621734619
Angelique,S15,NumWoGE,20F/S,Control,sequence_0,S15|NumWoGE|20F/S|Control,0.6666566729545593,0.6666566729545593,10.467081069946289,1.1220850944519043,4.815480709075928,0.8901809453964233,6.148115158081055,7.003525257110596,5.690929889678955,6.261942386627197,5.617600917816162,0.36140990257263184
Angelique,S15,NumWoGE,20F/S,Control,sequence_1,S15|NumWoGE|20F/S|Control,1.109513282775879,1.109513282775879,12.5415620803833,1.6063798666000366,5.389316082000732,0.9908782839775085,6.4218363761901855,7.2334675788879395,5.944675445556641,6.302721977233887,5.55352783203125,0.7404292821884155
Angelique,S15,NumWoGE,20F/S,Par,sequence_0,S15|NumWoGE|20F/S|Par,0.9379799962043762,0.9379799962043762,12.889074325561523,1.2674020528793335,6.328395843505859,1.112462043762207,6.431059837341309,7.266788482666016,5.862691402435303,6.401609420776367,5.742984294891357,1.0932374000549316
Angelique,S15,NumWoGE,20F/S,Par,sequence_1,S15|NumWoGE|20F/S|Par,2.5847861766815186,2.5847861766815186,14.526904106140137,2.2897090911865234,6.510087013244629,0.6694459915161133,6.864544868469238,7.293290138244629,6.116109371185303,6.441939353942871,5.488216876983643,0.4367527663707733
Angelique,S16,Dig,1F,Control,sequence_0,S16|Dig|1F|Control,1.7005583047866821,1.7005583047866821,18.650001525878906,0.8713284134864807,14.70255184173584,0.6411757469177246,6.568835258483887,7.6100544929504395,6.5474653244018555,7.024760723114014,5.439115047454834,0.19576716423034668
Angelique,S16,Dig,1F,Control,sequence_1,S16|Dig|1F|Control,1.2962323427200317,1.2962323427200317,15.975449562072754,0.8631332516670227,10.331132888793945,0.9980860352516174,6.612442970275879,7.465985298156738,6.827805042266846,6.800871849060059,5.700518608093262,0.15650194883346558
Angelique,S16,Dig,1F,Par,sequence_0,S16|Dig|1F|Par,1.3000537157058716,1.3000537157058716,13.380167961120605,0.9013624787330627,10.315369606018066,0.8293887376785278,6.6240644454956055,7.317907810211182,6.579019546508789,6.859718322753906,5.51414680480957,0.4931224286556244
Angelique,S16,Dig,1F,Par,sequence_1,S16|Dig|1F|Par,1.0171160697937012,1.0171160697937012,13.620458602905273,0.20802918076515198,11.50540542602539,1.8628672361373901,6.417294025421143,7.334615707397461,6.154680252075195,6.886034965515137,5.988193511962891,0.6113095283508301
Angelique,S16,Dig,20F/A,Control,sequence_0,S16|Dig|20F/A|Control,1.1699527502059937,1.1699527502059937,7.957662105560303,1.1288479566574097,7.591799736022949,0.9561067223548889,6.583024501800537,7.1530938148498535,6.829021453857422,6.694782257080078,5.691797256469727,0.384852796792984
Angelique,S16,Dig,20F/A,Control,sequence_1,S16|Dig|20F/A|Control,0.8795908689498901,0.8795908689498901,9.50322151184082,1.0116978883743286,5.32708740234375,0.8145145773887634,6.472332954406738,7.156903266906738,6.242271900177002,6.536235332489014,5.599980354309082,1.0162228345870972
Angelique,S16,Dig,20F/A,Par,sequence_0,S16|Dig|20F/A|Par,1.3591620922088623,1.3591620922088623,11.334585189819336,0.7392455339431763,10.383064270019531,1.5055551528930664,6.5762200355529785,7.283060550689697,6.6934356689453125,6.879219055175781,5.947814464569092,0.17221896350383759
Angelique,S16,Dig,20F/A,Par,sequence_1,S16|Dig|20F/A|Par,0.7168441414833069,0.7168441414833069,8.22517204284668,0.49965527653694153,10.587294578552246,0.8888956904411316,6.3445587158203125,7.040506839752197,6.221079349517822,6.881259918212891,5.665058135986328,2.2691962718963623
Angelique,S16,Dig,20F/S,Par,sequence_0,S16|Dig|20F/S|Par,1.2798924446105957,1.2798924446105957,16.232234954833984,0.8230295777320862,10.468818664550781,1.3131924867630005,6.629590034484863,7.637542724609375,7.004312515258789,6.847653388977051,5.9482502937316895,0.13218629360198975
Angelique,S16,Dig,20F/S,Par,sequence_1,S16|Dig|20F/S|Par,0.9915135502815247,0.9915135502815247,16.684120178222656,0.8991444110870361,14.041243553161621,0.7273961305618286,6.489665985107422,7.491116523742676,7.056970596313477,6.909084796905518,5.594540119171143,0.14916571974754333
Angelique,S16,NumWoGE,1F,Control,sequence_0,S16|NumWoGE|1F|Control,0.9424067139625549,0.9424067139625549,11.969285011291504,1.0042331218719482,9.561238288879395,1.2717682123184204,6.505212306976318,7.199626445770264,6.596014499664307,6.8612236976623535,5.770597457885742,0.34147921204566956
Angelique,S16,NumWoGE,1F,Control,sequence_1,S16|NumWoGE|1F|Control,1.410020112991333,1.410020112991333,13.372035026550293,0.9009630084037781,10.683021545410156,1.2852375507354736,6.5844950675964355,7.296308994293213,7.0731353759765625,6.903337001800537,5.882843494415283,3.942943811416626
Angelique,S16,NumWoGE,1F,Par,sequence_0,S16|NumWoGE|1F|Par,1.013509750366211,1.013509750366211,7.609014987945557,5.243405342102051,1.9363948106765747,0.8188091516494751,6.4515910148620605,6.955671310424805,6.963756561279297,6.065952301025391,5.649705410003662,0.5322175025939941
Angelique,S16,NumWoGE,1F,Par,sequence_1,S16|NumWoGE|1F|Par,1.0861403942108154,1.0861403942108154,9.513504028320312,0.9984147548675537,6.572808742523193,1.1161046028137207,6.406038284301758,7.131069660186768,6.393742561340332,6.629176616668701,5.674447536468506,7.851376533508301
Angelique,S16,NumWoGE,20F/A,Control,sequence_0,S16|NumWoGE|20F/A|Control,0.7712317109107971,0.7712317109107971,7.424997329711914,0.9504334926605225,9.627561569213867,1.4720224142074585,6.431961536407471,7.052834510803223,6.736552715301514,6.820677280426025,5.832953929901123,1.4317768812179565
Angelique,S16,NumWoGE,20F/A,Control,sequence_1,S16|NumWoGE|20F/A|Control,1.2259747982025146,1.2259747982025146,6.325839996337891,1.3809937238693237,7.045472145080566,0.817490816116333,6.642911434173584,6.844905853271484,6.9042744636535645,6.738800525665283,5.737345218658447,1.4323859214782715
Angelique,S16,NumWoGE,20F/A,Par,sequence_0,S16|NumWoGE|20F/A|Par,1.6355177164077759,1.6355177164077759,8.211886405944824,0.40348508954048157,6.963750839233398,0.5732744932174683,6.934173583984375,7.1597723960876465,6.108803749084473,6.6336469650268555,5.485610485076904,1.5478012561798096
Angelique,S16,NumWoGE,20F/A,Par,sequence_1,S16|NumWoGE|20F/A|Par,1.2334520816802979,1.2334520816802979,8.841605186462402,0.2604990005493164,7.879950046539307,0.9668736457824707,6.723067283630371,7.2791619300842285,6.160547733306885,6.793724536895752,5.724740982055664,0.3379325568675995
Angelique,S16,NumWoGE,20F/S,Control,sequence_0,S16|NumWoGE|20F/S|Control,1.7331753969192505,1.7331753969192505,12.018756866455078,0.5909467935562134,9.6813325881958,0.5659326910972595,6.813144207000732,7.229979515075684,6.273397445678711,6.81696081161499,5.500513076782227,1.5006288290023804
Angelique,S16,NumWoGE,20F/S,Control,sequence_1,S16|NumWoGE|20F/S|Control,1.3371806144714355,1.3371806144714355,13.363465309143066,0.9063268899917603,12.26327133178711,1.802322268486023,6.580310821533203,7.311689376831055,6.863414287567139,6.916835784912109,6.13403844833374,0.5545873641967773
Angelique,S16,NumWoGE,20F/S,Par,sequence_0,S16|NumWoGE|20F/S|Par,1.6246337890625,1.6246337890625,10.054677963256836,5.141875267028809,7.539107322692871,0.7595081329345703,6.712788105010986,7.197951793670654,7.852901458740234,6.631102561950684,5.701530933380127,7.1622843742370605
Angelique,S16,NumWoGE,20F/S,Par,sequence_1,S16|NumWoGE|20F/S|Par,0.6726263165473938,0.6726263165473938,8.314384460449219,0.41482919454574585,8.52471923828125,1.262299656867981,6.341150283813477,7.194750785827637,6.6132307052612305,6.712048053741455,6.060501575469971,0.27805671095848083
Angelique,S18,Dig,1F,Control,sequence_0,S18|Dig|1F|Control,0.7698086500167847,0.7698086500167847,6.552120685577393,1.2366626262664795,2.943431854248047,1.2211836576461792,6.317000389099121,6.841651916503906,6.195669651031494,6.036808013916016,5.445110321044922,0.6300081014633179
Angelique,S18,Dig,1F,Control,sequence_1,S18|Dig|1F|Control,0.5904624462127686,0.5904624462127686,1.1364401578903198,0.9203556776046753,1.4736226797103882,0.5661011934280396,6.279016017913818,6.126087188720703,6.065476417541504,5.713814735412598,5.217001438140869,4.261516094207764
Angelique,S18,Dig,1F,Par,sequence_0,S18|Dig|1F|Par,0.7840662002563477,0.7840662002563477,5.399980545043945,1.0054833889007568,2.0360589027404785,1.0084518194198608,6.5047783851623535,6.7448344230651855,5.982557773590088,5.892694473266602,5.371415138244629,0.39976489543914795
Angelique,S18,Dig,1F,Par,sequence_1,S18|Dig|1F|Par,1.1721737384796143,1.1721737384796143,4.771891117095947,1.102434754371643,4.215717315673828,1.5076706409454346,6.569781303405762,6.53145694732666,6.4573163986206055,6.303285598754883,5.795764923095703,16.040605545043945
Angelique,S18,Dig,20F/A,Control,sequence_0,S18|Dig|20F/A|Control,1.0274485349655151,1.0274485349655151,4.8612823486328125,1.6610826253890991,2.337237596511841,1.1323617696762085,6.6311211585998535,6.834519386291504,6.313813209533691,5.9992218017578125,5.4873576164245605,1.0139027833938599
Angelique,S18,Dig,20F/A,Control,sequence_1,S18|Dig|20F/A|Control,1.6472160816192627,1.6472160816192627,8.472326278686523,0.55738365650177,3.326760768890381,0.6215656399726868,6.813869476318359,7.1128692626953125,5.847360610961914,6.197860240936279,5.334683895111084,0.5415317416191101
Angelique,S18,Dig,20F/A,Par,sequence_0,S18|Dig|20F/A|Par,0.5892544984817505,0.5892544984817505,6.564702033996582,0.553508996963501,2.418623685836792,0.8284613490104675,6.216032981872559,7.025466442108154,5.691662788391113,6.085399627685547,5.379369258880615,0.15943142771720886
Angelique,S18,Dig,20F/A,Par,sequence_1,S18|Dig|20F/A|Par,1.1932284832000732,1.1932284832000732,9.353904724121094,0.9804363250732422,2.547152280807495,0.8100067973136902,6.643233776092529,7.107576847076416,5.980327606201172,6.120351314544678,5.408819675445557,0.2328171581029892
Angelique,S18,Dig,20F/S,Control,sequence_0,S18|Dig|20F/S|Control,1.07738196849823,1.07738196849823,5.24436616897583,1.1723757982254028,2.0832035541534424,0.40846455097198486,6.617772579193115,6.860358238220215,6.284336090087891,5.926589488983154,5.194243907928467,0.5423423647880554
Angelique,S18,Dig,20F/S,Control,sequence_1,S18|Dig|20F/S|Control,0.8492285013198853,0.8492285013198853,7.724141597747803,0.701112687587738,4.722344398498535,1.0800291299819946,6.410346508026123,7.074060440063477,5.934479713439941,6.234576225280762,5.400018215179443,0.1775730848312378
Angelique,S18,Dig,20F/S,Par,sequence_0,S18|Dig|20F/S|Par,2.042483329772949,2.042483329772949,5.8689117431640625,0.9335032105445862,2.982449769973755,1.4570238590240479,6.942503929138184,6.940981864929199,6.125238418579102,6.118638038635254,5.687135219573975,0.5940882563591003
Angelique,S18,Dig,20F/S,Par,sequence_1,S18|Dig|20F/S|Par,0.7287296056747437,0.7287296056747437,5.436614990234375,1.5444564819335938,1.0349332094192505,1.2823432683944702,6.276998996734619,6.7206645011901855,6.276435852050781,5.5362868309021,5.551774978637695,0.4881691634654999
Angelique,S18,NumWoGE,1F,Control,sequence_0,S18|NumWoGE|1F|Control,0.6788405179977417,0.6788405179977417,2.0065016746520996,0.4171687066555023,1.1231106519699097,0.7234617471694946,6.213756084442139,6.275335311889648,5.780305862426758,5.521938800811768,5.530368804931641,2.9552571773529053
Angelique,S18,NumWoGE,1F,Control,sequence_1,S18|NumWoGE|1F|Control,1.8042668104171753,1.8042668104171753,1.8683264255523682,1.1235345602035522,2.391644239425659,0.6728856563568115,6.659033298492432,6.139307498931885,6.070807933807373,5.909451007843018,5.3771257400512695,4.312571048736572
Angelique,S18,NumWoGE,1F,Par,sequence_0,S18|NumWoGE|1F|Par,0.8358334302902222,0.8358334302902222,1.9916772842407227,1.6957542896270752,1.230993390083313,1.3386759757995605,6.474467754364014,6.357062816619873,6.392712593078613,5.613643646240234,5.735662937164307,1.203187108039856
Angelique,S18,NumWoGE,1F,Par,sequence_1,S18|NumWoGE|1F|Par,0.807792067527771,0.807792067527771,2.151259422302246,1.2422035932540894,0.9077234864234924,1.174096703529358,6.429506301879883,6.167742729187012,6.325595378875732,5.516322612762451,5.652675151824951,3.293471336364746
Angelique,S18,NumWoGE,20F/A,Control,sequence_0,S18|NumWoGE|20F/A|Control,0.9657337069511414,0.9657337069511414,5.902595520019531,1.0064465999603271,3.120792865753174,2.001220941543579,6.659668445587158,6.824462890625,5.9710211753845215,6.1157636642456055,5.805548191070557,0.7674622535705566
Angelique,S18,NumWoGE,20F/A,Control,sequence_1,S18|NumWoGE|20F/A|Control,0.612966001033783,0.612966001033783,2.79400897026062,0.7701996564865112,1.966718077659607,1.0129027366638184,6.177285671234131,6.451258659362793,6.008551120758057,5.923872470855713,5.421733856201172,1.3348629474639893
Angelique,S18,NumWoGE,20F/A,Par,sequence_0,S18|NumWoGE|20F/A|Par,0.7561277747154236,0.7561277747154236,3.6017508506774902,1.3922746181488037,2.106194019317627,1.2937853336334229,6.382514953613281,6.4944586753845215,6.023679256439209,5.982322692871094,5.5577778816223145,1.5520333051681519
Angelique,S18,NumWoGE,20F/A,Par,sequence_1,S18|NumWoGE|20F/A|Par,1.1228835582733154,1.1228835582733154,2.6581974029541016,1.1479110717773438,1.953856348991394,1.8032718896865845,6.579676628112793,6.557805061340332,6.264967918395996,5.928811073303223,5.784677982330322,1.6127166748046875
Angelique,S18,NumWoGE,20F/S,Control,sequence_0,S18|NumWoGE|20F/S|Control,1.017630696296692,1.017630696296692,1.895606517791748,2.0355114936828613,1.0837525129318237,1.1377617120742798,6.4476823806762695,6.2538676261901855,6.484220027923584,5.7994585037231445,5.778502941131592,3.9646992683410645
Angelique,S18,NumWoGE,20F/S,Control,sequence_1,S18|NumWoGE|20F/S|Control,1.4847373962402344,1.4847373962402344,4.257763862609863,1.0765557289123535,3.3667876720428467,1.2399369478225708,6.772869110107422,6.630423069000244,5.93225622177124,6.13287878036499,5.619475364685059,1.2628425359725952
Angelique,S18,NumWoGE,20F/S,Par,sequence_0,S18|NumWoGE|20F/S|Par,0.8589931726455688,0.8589931726455688,3.4021942615509033,0.4507914185523987,4.759237289428711,0.628248929977417,6.522728443145752,6.689123630523682,5.744151592254639,6.450198650360107,5.360271453857422,1.555662989616394
Angelique,S18,NumWoGE,20F/S,Par,sequence_1,S18|NumWoGE|20F/S|Par,1.1691291332244873,1.1691291332244873,2.0943894386291504,0.9573893547058105,2.338991641998291,1.1816434860229492,6.704189300537109,6.223766803741455,6.052098751068115,6.04194974899292,5.6571269035339355,3.2361159324645996
Angelique,S19,Dig,1F,Control,sequence_0,S19|Dig|1F|Control,0.699273407459259,0.699273407459259,4.524102687835693,0.5501347184181213,7.849201202392578,0.5524033308029175,6.170637130737305,7.585773944854736,6.196625709533691,7.056744575500488,5.685761451721191,0.37636345624923706
Angelique,S19,Dig,1F,Control,sequence_1,S19|Dig|1F|Control,0.959871768951416,0.959871768951416,4.022420883178711,1.2048860788345337,9.802945137023926,1.0182292461395264,6.405013084411621,7.273766040802002,6.407013416290283,7.152734756469727,5.89351749420166,14.841277122497559
Angelique,S19,Dig,1F,Par,sequence_0,S19|Dig|1F|Par,1.2225004434585571,1.2225004434585571,7.0358662605285645,0.9000201225280762,13.84688949584961,1.727446436882019,6.479069232940674,7.337324619293213,6.474361896514893,7.2433977127075195,5.982480525970459,0.6250556111335754
Angelique,S19,Dig,1F,Par,sequence_1,S19|Dig|1F|Par,0.49817872047424316,0.49817872047424316,4.680741786956787,1.1905784606933594,9.623429298400879,0.72361820936203,6.067628860473633,7.251442909240723,6.509000778198242,7.059304237365723,5.6976518630981445,0.5734559297561646
Angelique,S19,Dig,20F/A,Control,sequence_0,S19|Dig|20F/A|Control,1.006988525390625,1.006988525390625,3.8606441020965576,0.8172821998596191,1.1318238973617554,0.43608924746513367,6.603907585144043,7.158068656921387,6.286531448364258,5.886129379272461,5.490725517272949,1.2098417282104492
Angelique,S19,Dig,20F/A,Control,sequence_1,S19|Dig|20F/A|Control,1.562207579612732,1.562207579612732,4.454531669616699,1.3056246042251587,2.469773054122925,1.8716888427734375,6.715374946594238,7.233776092529297,6.535556793212891,6.383143424987793,6.096842288970947,1.1797785758972168
Angelique,S19,Dig,20F/A,Par,sequence_0,S19|Dig|20F/A|Par,1.777637243270874,1.777637243270874,4.923285484313965,0.7432984113693237,1.5111631155014038,1.1930855512619019,6.73828649520874,7.08696174621582,6.193647861480713,6.046814918518066,6.009023666381836,2.082141876220703
Angelique,S19,Dig,20F/A,Par,sequence_1,S19|Dig|20F/A|Par,0.9804584383964539,0.9804584383964539,3.1665830612182617,0.46136364340782166,2.940361499786377,0.9130279421806335,6.468539714813232,7.2417168617248535,5.908452033996582,6.547185897827148,5.823419094085693,0.9516798853874207
Angelique,S19,Dig,20F/S,Control,sequence_0,S19|Dig|20F/S|Control,1.1686538457870483,1.1686538457870483,3.077413320541382,0.8994847536087036,2.019105911254883,1.15479576587677,6.547061443328857,6.960792064666748,6.3788909912109375,6.229525089263916,5.9365129470825195,1.1724309921264648
Angelique,S19,Dig,20F/S,Control,sequence_1,S19|Dig|20F/S|Control,0.9682839512825012,0.9682839512825012,5.378650665283203,0.9158821105957031,1.5129611492156982,0.811275839805603,6.380965709686279,7.1898603439331055,6.325488090515137,6.019938945770264,5.86487340927124,0.5506888628005981
Angelique,S19,Dig,20F/S,Par,sequence_0,S19|Dig|20F/S|Par,1.1522555351257324,1.1522555351257324,2.8785691261291504,2.0813746452331543,1.8210015296936035,0.7638274431228638,6.616634368896484,6.891992092132568,6.62142276763916,6.157598972320557,5.687353134155273,5.170693874359131
Angelique,S19,Dig,20F/S,Par,sequence_1,S19|Dig|20F/S|Par,1.0332685708999634,1.0332685708999634,6.103894233703613,1.0046348571777344,2.7934818267822266,0.6198813319206238,6.405916690826416,7.427966117858887,6.436228275299072,6.345313549041748,5.662044525146484,0.32434895634651184
Angelique,S19,NumWoGE,1F,Control,sequence_0,S19|NumWoGE|1F|Control,1.486629605293274,1.486629605293274,4.965122222900391,1.620697259902954,2.1491336822509766,1.1488008499145508,6.464183330535889,7.572997093200684,6.556830883026123,6.2347211837768555,5.872142791748047,0.5002397894859314
Angelique,S19,NumWoGE,1F,Control,sequence_1,S19|NumWoGE|1F|Control,1.8567628860473633,1.8567628860473633,2.8880510330200195,1.3011847734451294,1.7794948816299438,1.2738401889801025,6.700777053833008,7.54644775390625,6.54664945602417,6.239894390106201,6.011127471923828,1.3422027826309204
Angelique,S19,NumWoGE,1F,Par,sequence_0,S19|NumWoGE|1F|Par,1.620204210281372,1.620204210281372,6.096523284912109,1.8802978992462158,1.2423982620239258,1.7706801891326904,6.721261978149414,7.463281631469727,6.677407264709473,6.085750102996826,6.193475246429443,0.5922518372535706
Angelique,S19,NumWoGE,1F,Par,sequence_1,S19|NumWoGE|1F|Par,0.7756741046905518,0.7756741046905518,5.146196365356445,1.6679027080535889,2.0259463787078857,0.604500412940979,6.2333760261535645,7.358554363250732,6.7476019859313965,6.345633506774902,5.59632682800293,0.517676055431366
Angelique,S19,NumWoGE,20F/A,Control,sequence_0,S19|NumWoGE|20F/A|Control,2.1501317024230957,2.1501317024230957,3.037605047225952,1.1142388582229614,2.0354700088500977,0.8744633197784424,6.783993244171143,7.044615745544434,6.517375946044922,6.237639904022217,5.791539669036865,4.434097766876221
Angelique,S19,NumWoGE,20F/A,Control,sequence_1,S19|NumWoGE|20F/A|Control,1.158226728439331,1.158226728439331,1.4967396259307861,2.419126272201538,2.3714935779571533,0.4396283030509949,6.641313076019287,6.531050682067871,6.943666934967041,6.2864532470703125,5.502052307128906,80.48149871826172
Angelique,S19,NumWoGE,20F/A,Par,sequence_0,S19|NumWoGE|20F/A|Par,1.0653594732284546,1.0653594732284546,1.6012508869171143,0.9286211729049683,1.3227275609970093,0.8943349719047546,6.5485429763793945,7.094318389892578,6.420426845550537,6.18165397644043,5.901008605957031,0.9749579429626465
Angelique,S19,NumWoGE,20F/A,Par,sequence_1,S19|NumWoGE|20F/A|Par,0.877021312713623,0.877021312713623,2.936749219894409,0.6876936554908752,1.8292958736419678,1.0560986995697021,6.335106372833252,7.157463550567627,6.178070545196533,6.215601921081543,6.069908142089844,1.5450853109359741
Angelique,S19,NumWoGE,20F/S,Control,sequence_0,S19|NumWoGE|20F/S|Control,1.2194817066192627,1.2194817066192627,4.569814682006836,1.1335406303405762,2.729173183441162,0.9035090208053589,6.516949653625488,7.20848274230957,6.398488521575928,6.297378063201904,5.8718767166137695,1.301228404045105
Angelique,S19,NumWoGE,20F/S,Control,sequence_1,S19|NumWoGE|20F/S|Control,0.7693228721618652,0.7693228721618652,3.585791826248169,0.5184292793273926,2.283276319503784,1.1210222244262695,6.3551506996154785,7.00215482711792,6.1275410652160645,6.228425025939941,5.997903347015381,2.8677244186401367
Angelique,S19,NumWoGE,20F/S,Par,sequence_0,S19|NumWoGE|20F/S|Par,1.3152570724487305,1.3152570724487305,2.7786290645599365,2.1137423515319824,3.340062141418457,1.8050848245620728,6.620571136474609,6.845412254333496,6.732599258422852,6.4534406661987305,6.170323848724365,2.4992802143096924
Angelique,S19,NumWoGE,20F/S,Par,sequence_1,S19|NumWoGE|20F/S|Par,1.0133942365646362,1.0133942365646362,2.416661024093628,0.863603413105011,3.2429921627044678,1.381024718284607,6.3815436363220215,6.924729347229004,6.293463706970215,6.469089031219482,6.183639049530029,100.64446258544922
Angelique,S20,Dig,1F,Control,sequence_0,S20|Dig|1F|Control,0.7602778077125549,0.7602778077125549,2.161417245864868,1.2724415063858032,3.291159152984619,1.2176579236984253,6.4459381103515625,7.28737211227417,6.631192207336426,6.75770902633667,5.833213806152344,2.1575307846069336
Angelique,S20,Dig,1F,Control,sequence_1,S20|Dig|1F|Control,0.7529650330543518,0.7529650330543518,2.061910629272461,1.3568326234817505,2.136211633682251,1.439186930656433,6.512993335723877,7.6237640380859375,6.791467189788818,6.481021404266357,6.028192520141602,1.653846025466919
Angelique,S20,Dig,1F,Par,sequence_0,S20|Dig|1F|Par,1.0318124294281006,1.0318124294281006,3.0156335830688477,1.2159961462020874,4.474124908447266,1.3939542770385742,6.467738628387451,7.11470890045166,6.587109565734863,6.679628849029541,5.96151065826416,2.4782421588897705
Angelique,S20,Dig,1F,Par,sequence_1,S20|Dig|1F|Par,1.864155650138855,1.864155650138855,3.082710027694702,2.4818553924560547,2.3494009971618652,0.5743131637573242,6.82804012298584,6.948461055755615,6.888808250427246,6.25593376159668,5.52608585357666,3.301323652267456
Angelique,S20,Dig,20F/A,Control,sequence_0,S20|Dig|20F/A|Control,1.1491403579711914,1.1491403579711914,8.684686660766602,0.6318888068199158,2.3385746479034424,0.7237836122512817,6.582897186279297,7.353921413421631,6.051806926727295,6.274317741394043,5.834738731384277,1.030543565750122
Angelique,S20,Dig,20F/A,Control,sequence_1,S20|Dig|20F/A|Control,0.9618897438049316,0.9618897438049316,5.799954891204834,1.9526420831680298,1.13320791721344,0.9326949119567871,6.57750129699707,7.545635223388672,7.051105976104736,5.9611053466796875,5.829019069671631,0.2391742318868637
Angelique,S20,Dig,20F/A,Par,sequence_0,S20|Dig|20F/A|Par,1.6417949199676514,1.6417949199676514,6.957479953765869,0.8255767822265625,2.445556163787842,1.654634714126587,6.642738342285156,7.363082408905029,6.434061527252197,6.298884391784668,6.049096584320068,0.6993581056594849
Angelique,S20,Dig,20F/A,Par,sequence_1,S20|Dig|20F/A|Par,1.3186763525009155,1.3186763525009155,1.9233533143997192,0.8939825892448425,1.06610107421875,0.6201615333557129,6.670053482055664,7.516968250274658,6.358458518981934,6.054976940155029,5.719548225402832,1.2537997961044312
Angelique,S20,Dig,20F/S,Control,sequence_0,S20|Dig|20F/S|Control,0.6490899324417114,0.6490899324417114,5.439159393310547,0.5156701803207397,3.0309596061706543,1.9741793870925903,6.242229461669922,7.252279281616211,5.973844051361084,6.430065631866455,6.087200164794922,0.19698096811771393
Angelique,S20,Dig,20F/S,Control,sequence_1,S20|Dig|20F/S|Control,1.4098386764526367,1.4098386764526367,5.139418125152588,0.6915318965911865,2.0623111724853516,1.5657826662063599,6.599816799163818,7.244234561920166,6.093067169189453,6.236320972442627,5.9369072914123535,0.8078001737594604
Angelique,S20,Dig,20F/S,Par,sequence_0,S20|Dig|20F/S|Par,1.0800014734268188,1.0800014734268188,6.169940948486328,2.1420390605926514,1.836045265197754,1.914777398109436,6.5180277824401855,7.285593032836914,6.668122291564941,6.165486812591553,6.12010383605957,1.1576670408248901
Angelique,S20,Dig,20F/S,Par,sequence_1,S20|Dig|20F/S|Par,0.6335523724555969,0.6335523724555969,5.113900184631348,0.5159753561019897,2.0030710697174072,1.0103598833084106,6.273852825164795,7.25389289855957,6.219051361083984,6.252124786376953,5.8765869140625,0.24479790031909943
Angelique,S20,NumWoGE,1F,Control,sequence_0,S20|NumWoGE|1F|Control,0.9961003661155701,0.9961003661155701,1.1766724586486816,2.3886032104492188,3.7903432846069336,0.8064294457435608,6.3341064453125,7.108730316162109,7.072350025177002,6.668880462646484,5.755880355834961,4.199403285980225
Angelique,S20,NumWoGE,1F,Control,sequence_1,S20|NumWoGE|1F|Control,0.7970876097679138,0.7970876097679138,3.8000426292419434,4.168398857116699,3.166785478591919,1.5868674516677856,6.283517837524414,7.177254676818848,7.151832103729248,6.447189807891846,6.105865001678467,0.6449769139289856
Angelique,S20,NumWoGE,1F,Par,sequence_0,S20|NumWoGE|1F|Par,0.9288135170936584,0.9288135170936584,3.6209120750427246,1.0157268047332764,2.731675148010254,1.103318452835083,6.53336238861084,7.092663288116455,6.359620571136475,6.285516738891602,5.869029998779297,1.624017596244812
Angelique,S20,NumWoGE,1F,Par,sequence_1,S20|NumWoGE|1F|Par,0.9012598395347595,0.9012598395347595,4.040607929229736,2.540311574935913,3.0751898288726807,1.2097930908203125,6.462100505828857,6.98044490814209,6.842751502990723,6.3863630294799805,5.922628402709961,2.1242856979370117
Angelique,S20,NumWoGE,20F/A,Control,sequence_0,S20|NumWoGE|20F/A|Control,0.7986931800842285,0.7986931800842285,2.8616256713867188,1.676352620124817,3.0072011947631836,1.394923210144043,6.417118072509766,7.031851291656494,6.892353057861328,6.447714805603027,6.089046478271484,0.6078685522079468
Angelique,S20,NumWoGE,20F/A,Control,sequence_1,S20|NumWoGE|20F/A|Control,1.6009188890457153,1.6009188890457153,4.676932334899902,0.41633257269859314,1.9070576429367065,1.0186872482299805,6.786113262176514,7.267052173614502,6.469234466552734,6.095427513122559,5.814550399780273,0.842275083065033
Angelique,S20,NumWoGE,20F/A,Par,sequence_0,S20|NumWoGE|20F/A|Par,0.7827029228210449,0.7827029228210449,3.670966625213623,1.3729982376098633,2.4395487308502197,0.5601856112480164,6.473513603210449,6.942592144012451,6.488202095031738,6.087169647216797,5.595582008361816,0.9419506192207336
Angelique,S20,NumWoGE,20F/A,Par,sequence_1,S20|NumWoGE|20F/A|Par,0.673195481300354,0.673195481300354,1.451624870300293,0.2204030305147171,2.703012228012085,1.4273829460144043,6.487773895263672,7.209895133972168,6.135674476623535,6.47667121887207,6.00594425201416,1.1335623264312744
Angelique,S20,NumWoGE,20F/S,Control,sequence_0,S20|NumWoGE|20F/S|Control,1.926712989807129,1.926712989807129,4.745047569274902,1.311342477798462,1.7822010517120361,0.8159191608428955,6.69627046585083,7.51054573059082,6.4092020988464355,6.267475605010986,5.809065341949463,1.031048059463501
Angelique,S20,NumWoGE,20F/S,Control,sequence_1,S20|NumWoGE|20F/S|Control,1.2129262685775757,1.2129262685775757,2.6645822525024414,2.3606040477752686,1.5132339000701904,0.9158867597579956,6.417224884033203,6.997330188751221,6.858748435974121,6.150269985198975,5.831692695617676,2.4413387775421143
Angelique,S20,NumWoGE,20F/S,Par,sequence_0,S20|NumWoGE|20F/S|Par,0.5217342972755432,0.5217342972755432,5.189059734344482,2.718872308731079,2.4147415161132812,1.3803452253341675,6.089456558227539,7.112446308135986,6.750675678253174,6.186639785766602,6.079879283905029,5.949588775634766
Angelique,S20,NumWoGE,20F/S,Par,sequence_1,S20|NumWoGE|20F/S|Par,0.8618989586830139,0.8618989586830139,4.1510329246521,0.8995513319969177,4.216696739196777,1.5066534280776978,6.40175199508667,7.187796592712402,6.1873393058776855,6.5222601890563965,6.121114253997803,0.7096872329711914
Angelique,S21,Dig,1F,Control,sequence_0,S21|Dig|1F|Control,2.0547213554382324,2.0547213554382324,1.3411718606948853,0.6648246049880981,5.12705135345459,1.0517446994781494,7.07646369934082,6.753421306610107,6.436573028564453,7.032825469970703,5.899098873138428,8.275693893432617
Angelique,S21,Dig,1F,Control,sequence_1,S21|Dig|1F|Control,2.265414237976074,2.265414237976074,9.187370300292969,2.130545139312744,13.998141288757324,1.1419992446899414,7.004555702209473,7.45823335647583,6.909739971160889,7.403419494628906,6.020351409912109,0.42316222190856934
Angelique,S21,Dig,1F,Par,sequence_0,S21|Dig|1F|Par,1.142897129058838,1.142897129058838,7.169205665588379,2.2323901653289795,9.32132625579834,1.0994198322296143,6.534139633178711,7.387383460998535,6.846209526062012,7.30615234375,5.984873294830322,1.9739316701889038
Angelique,S21,Dig,1F,Par,sequence_1,S21|Dig|1F|Par,1.304612159729004,1.304612159729004,8.382875442504883,0.7059178352355957,9.76105785369873,0.7898985743522644,6.87675142288208,7.561710834503174,6.345912933349609,7.458930492401123,5.978404998779297,49.39422607421875
Angelique,S21,Dig,20F/A,Control,sequence_0,S21|Dig|20F/A|Control,1.0258311033248901,1.0258311033248901,10.91265869140625,0.629790723323822,3.667116641998291,1.0449751615524292,6.764627456665039,7.594777584075928,6.196768760681152,6.695727348327637,5.857205390930176,0.18947461247444153
Angelique,S21,Dig,20F/A,Control,sequence_1,S21|Dig|20F/A|Control,0.6303458213806152,0.6303458213806152,10.999542236328125,1.725996494293213,4.7367329597473145,1.2879668474197388,6.508294582366943,7.562331199645996,6.666524410247803,6.827697277069092,6.09657096862793,0.16918443143367767
Angelique,S21,Dig,20F/A,Par,sequence_0,S21|Dig|20F/A|Par,0.4707944095134735,0.4707944095134735,10.289276123046875,1.0052456855773926,5.276284694671631,0.8457033038139343,6.264804840087891,7.496241569519043,6.358870983123779,6.839078903198242,5.794562816619873,2.2737090587615967
Angelique,S21,Dig,20F/A,Par,sequence_1,S21|Dig|20F/A|Par,0.42180150747299194,0.42180150747299194,12.647917747497559,1.3472949266433716,3.2650420665740967,0.9305925965309143,6.190430641174316,7.82301139831543,6.405099868774414,6.521732330322266,5.7353315353393555,0.8682822585105896
Angelique,S21,Dig,20F/S,Control,sequence_0,S21|Dig|20F/S|Control,1.4618109464645386,1.4618109464645386,12.98247241973877,0.7532705664634705,10.138354301452637,0.7697064876556396,6.696887016296387,7.754230976104736,6.289485931396484,7.1930975914001465,5.75231409072876,0.5420436859130859
Angelique,S21,Dig,20F/S,Control,sequence_1,S21|Dig|20F/S|Control,1.061594843864441,1.061594843864441,5.3579206466674805,0.863273024559021,5.603796005249023,0.8171122670173645,6.741455078125,7.382434368133545,6.376274108886719,6.991902828216553,5.968020915985107,0.7376468181610107
Angelique,S21,Dig,20F/S,Par,sequence_0,S21|Dig|20F/S|Par,1.178521752357483,1.178521752357483,13.380716323852539,1.1169791221618652,6.777091979980469,0.85396808385849,6.735902309417725,7.824064254760742,6.417971611022949,7.044407367706299,5.872189998626709,0.2038916051387787
Angelique,S21,Dig,20F/S,Par,sequence_1,S21|Dig|20F/S|Par,0.8874949812889099,0.8874949812889099,10.141712188720703,0.780864417552948,10.864848136901855,0.8072769045829773,6.5766401290893555,7.7121052742004395,6.340271472930908,7.230688571929932,5.7865309715271,0.3954557776451111
Angelique,S21,NumWoGE,1F,Control,sequence_0,S21|NumWoGE|1F|Control,0.8591094613075256,0.8591094613075256,6.970989227294922,3.0215587615966797,4.713093280792236,0.9472384452819824,6.660930633544922,7.3515305519104,7.1587629318237305,6.741023540496826,5.812296390533447,0.35685595870018005
Angelique,S21,NumWoGE,1F,Control,sequence_1,S21|NumWoGE|1F|Control,2.2677135467529297,2.2677135467529297,4.53737735748291,1.9891453981399536,7.544612407684326,0.7885991334915161,7.0048651695251465,6.941085338592529,6.71004056930542,6.986778259277344,5.728130340576172,1.495508074760437
Angelique,S21,NumWoGE,1F,Par,sequence_0,S21|NumWoGE|1F|Par,1.9779276847839355,1.9779276847839355,4.609147548675537,1.4746466875076294,6.653599262237549,0.7805612683296204,6.8423051834106445,7.07011079788208,6.7249755859375,7.033161163330078,5.821643829345703,7.967803001403809
Angelique,S21,NumWoGE,1F,Par,sequence_1,S21|NumWoGE|1F|Par,2.858243465423584,2.858243465423584,5.838520050048828,1.5245115756988525,9.412875175476074,1.611960530281067,6.981731414794922,7.292730331420898,6.710674285888672,7.142385005950928,6.075450897216797,0.5954829454421997
Angelique,S21,NumWoGE,20F/A,Control,sequence_0,S21|NumWoGE|20F/A|Control,1.2568979263305664,1.2568979263305664,3.538790702819824,0.8829097151756287,3.4713551998138428,0.98223876953125,6.7176032066345215,7.193726539611816,6.278360843658447,6.546712398529053,5.808845520019531,1.9329885244369507
Angelique,S21,NumWoGE,20F/A,Control,sequence_1,S21|NumWoGE|20F/A|Control,0.6289357542991638,0.6289357542991638,2.655430316925049,0.660588800907135,3.206228733062744,1.038604497909546,6.457464218139648,6.986330032348633,6.267426490783691,6.7052903175354,5.936279773712158,1.3249669075012207
Angelique,S21,NumWoGE,20F/A,Par,sequence_0,S21|NumWoGE|20F/A|Par,1.130868911743164,1.130868911743164,3.7970285415649414,2.8712260723114014,3.1850967407226562,0.8163466453552246,6.744748115539551,7.131741046905518,6.863701820373535,6.628496170043945,5.810019016265869,4.766275405883789
Angelique,S21,NumWoGE,20F/A,Par,sequence_1,S21|NumWoGE|20F/A|Par,2.3256866931915283,2.3256866931915283,6.97908353805542,0.7458496689796448,5.411190509796143,1.2316691875457764,7.236110210418701,7.481369495391846,6.403229236602783,6.949558258056641,5.931385040283203,2.8445992469787598
Angelique,S21,NumWoGE,20F/S,Control,sequence_0,S21|NumWoGE|20F/S|Control,1.3923888206481934,1.3923888206481934,5.274117469787598,0.5813559293746948,2.435232162475586,0.3728640079498291,6.727725505828857,7.277980804443359,6.141300201416016,6.3980607986450195,5.375265598297119,0.5613134503364563
Angelique,S21,NumWoGE,20F/S,Control,sequence_1,S21|NumWoGE|20F/S|Control,1.1301374435424805,1.1301374435424805,4.589189529418945,0.7526130080223083,2.035698175430298,1.0101598501205444,6.687859535217285,7.360162734985352,6.208130836486816,6.366774559020996,5.907451629638672,0.5121832489967346
Angelique,S21,NumWoGE,20F/S,Par,sequence_0,S21|NumWoGE|20F/S|Par,1.5987759828567505,1.5987759828567505,5.3479390144348145,0.6630083918571472,3.144745349884033,0.9394239783287048,6.874610424041748,7.336714267730713,6.300293445587158,6.7143168449401855,5.715762138366699,0.6818384528160095
Angelique,S21,NumWoGE,20F/S,Par,sequence_1,S21|NumWoGE|20F/S|Par,1.8636294603347778,1.8636294603347778,5.796024799346924,1.0727397203445435,3.091427803039551,1.204886794090271,6.890782356262207,7.295167446136475,6.3969645500183105,6.50553560256958,5.976025104522705,0.7158995866775513
Angelique,S22,Dig,1F,Control,sequence_0,S22|Dig|1F|Control,0.9458656311035156,0.9458656311035156,2.7526814937591553,0.5648284554481506,6.29144811630249,0.5946568250656128,6.330093860626221,6.692450046539307,5.798914432525635,6.782635688781738,5.728754997253418,1.943882703781128
Angelique,S22,Dig,1F,Control,sequence_1,S22|Dig|1F|Control,0.8551592826843262,0.8551592826843262,3.256171941757202,1.3961257934570312,1.6687140464782715,0.7989362478256226,6.357448101043701,7.022958278656006,6.475067615509033,6.121474266052246,5.975931167602539,0.9332872629165649
Angelique,S22,Dig,1F,Par,sequence_0,S22|Dig|1F|Par,0.595309317111969,0.595309317111969,2.394885301589966,0.5968590378761292,5.9890546798706055,1.3430812358856201,6.276917457580566,6.5891900062561035,5.7993035316467285,6.793766021728516,5.927674770355225,0.9572568535804749
Angelique,S22,Dig,1F,Par,sequence_1,S22|Dig|1F|Par,0.5105785727500916,0.5105785727500916,2.304711103439331,0.8655321002006531,5.326603889465332,0.559756338596344,6.116816997528076,6.482321262359619,6.077480316162109,6.783329010009766,5.576039791107178,2.1791183948516846
Angelique,S22,Dig,20F/A,Control,sequence_0,S22|Dig|20F/A|Control,1.5796360969543457,1.5796360969543457,4.797755718231201,0.5028848648071289,1.3069003820419312,0.9298309087753296,6.672659397125244,7.173760414123535,5.713703155517578,6.065154075622559,5.846232891082764,0.6521841883659363
Angelique,S22,Dig,20F/A,Control,sequence_1,S22|Dig|20F/A|Control,0.9630821347236633,0.9630821347236633,6.034046173095703,1.2098318338394165,0.6073556542396545,1.240506887435913,6.426420211791992,7.168003559112549,6.2002739906311035,5.717913627624512,5.9687113761901855,1.1621931791305542
Angelique,S22,Dig,20F/A,Par,sequence_0,S22|Dig|20F/A|Par,1.2373907566070557,1.2373907566070557,5.182230472564697,0.7609294652938843,1.2804421186447144,0.690627932548523,6.676837921142578,7.017965316772461,6.002696990966797,6.0862627029418945,5.871816158294678,1.8954248428344727
Angelique,S22,Dig,20F/A,Par,sequence_1,S22|Dig|20F/A|Par,1.2089660167694092,1.2089660167694092,5.995945930480957,2.076345443725586,2.366751194000244,1.9168232679367065,6.500240325927734,7.126490592956543,6.556291580200195,6.327367782592773,6.207536697387695,0.8358941078186035
Angelique,S22,Dig,20F/S,Control,sequence_0,S22|Dig|20F/S|Control,0.9137262105941772,0.9137262105941772,5.756587028503418,0.8659307360649109,2.341489553451538,0.6993172764778137,6.476118564605713,6.989802360534668,6.047572612762451,6.340829372406006,5.479149341583252,0.688286304473877
Angelique,S22,Dig,20F/S,Control,sequence_1,S22|Dig|20F/S|Control,0.8747855424880981,0.8747855424880981,10.116470336914062,0.4502110779285431,2.019918918609619,1.114976406097412,6.462771892547607,7.419670104980469,5.634202480316162,6.25453519821167,5.779586315155029,0.14606527984142303
Angelique,S22,Dig,20F/S,Par,sequence_0,S22|Dig|20F/S|Par,1.4013574123382568,1.4013574123382568,12.203479766845703,1.0657929182052612,2.415766477584839,1.2967866659164429,6.572033882141113,7.582035064697266,6.06760835647583,6.295209884643555,5.941617488861084,0.2500038743019104
Angelique,S22,Dig,20F/S,Par,sequence_1,S22|Dig|20F/S|Par,2.2564618587493896,2.2564618587493896,5.778787136077881,1.1082520484924316,1.14858078956604,1.1258056163787842,7.0058817863464355,7.238230228424072,6.203464508056641,6.0776262283325195,6.030925750732422,1.2481123208999634
Angelique,S22,NumWoGE,1F,Control,sequence_0,S22|NumWoGE|1F|Control,0.4900742769241333,0.4900742769241333,0.8764756917953491,0.8702197670936584,1.326751947402954,0.892890214920044,6.089183330535889,6.209672451019287,5.990048885345459,5.86184549331665,5.760707378387451,1.9615503549575806
Angelique,S22,NumWoGE,1F,Control,sequence_1,S22|NumWoGE|1F|Control,1.474934458732605,1.474934458732605,3.060783863067627,1.3584965467453003,2.0522987842559814,0.5833070874214172,6.610617160797119,6.754489421844482,6.190495491027832,6.23992919921875,5.6747026443481445,1.0234565734863281
Angelique,S22,NumWoGE,1F,Par,sequence_0,S22|NumWoGE|1F|Par,0.465665340423584,0.465665340423584,3.016796350479126,0.483176052570343,3.2057011127471924,1.6393077373504639,6.0004377365112305,6.779868125915527,5.573599815368652,6.38275671005249,6.07394552230835,0.292349249124527
Angelique,S22,NumWoGE,1F,Par,sequence_1,S22|NumWoGE|1F|Par,0.938567042350769,0.938567042350769,2.508695363998413,1.3307361602783203,1.9581832885742188,0.7140265703201294,6.482904434204102,6.624116897583008,5.990543842315674,6.206418037414551,5.650785446166992,2.262218713760376
Angelique,S22,NumWoGE,20F/A,Control,sequence_0,S22|NumWoGE|20F/A|Control,1.5897715091705322,1.5897715091705322,1.607839584350586,0.6722273826599121,1.9882525205612183,0.8671793937683105,6.6061859130859375,6.499542713165283,5.9106221199035645,6.299387454986572,5.871362686157227,2.25543212890625
Angelique,S22,NumWoGE,20F/A,Control,sequence_1,S22|NumWoGE|20F/A|Control,1.0145186185836792,1.0145186185836792,0.8460405468940735,0.9676324129104614,2.5120623111724854,0.8650069236755371,6.491602897644043,6.328220367431641,6.164905548095703,6.420682430267334,5.834035396575928,11.084810256958008
Angelique,S22,NumWoGE,20F/A,Par,sequence_0,S22|NumWoGE|20F/A|Par,0.5241446495056152,0.5241446495056152,1.9181547164916992,2.2116775512695312,0.9970147609710693,0.9476567506790161,6.172831058502197,6.672987937927246,6.485291004180908,5.886312484741211,5.881453990936279,0.7957364916801453
Angelique,S22,NumWoGE,20F/A,Par,sequence_1,S22|NumWoGE|20F/A|Par,0.6437629461288452,0.6437629461288452,1.7858229875564575,0.6705483794212341,1.6419720649719238,1.1480438709259033,6.267314910888672,6.544538497924805,5.833375453948975,6.145363807678223,6.033441066741943,1.3465250730514526
Angelique,S22,NumWoGE,20F/S,Control,sequence_0,S22|NumWoGE|20F/S|Control,0.826815128326416,0.826815128326416,2.3257880210876465,0.6989135146141052,2.2983992099761963,0.6913403868675232,6.327450275421143,6.52700138092041,5.793723106384277,6.252171993255615,5.6846795082092285,2.636039972305298
Angelique,S22,NumWoGE,20F/S,Control,sequence_1,S22|NumWoGE|20F/S|Control,1.528389811515808,1.528389811515808,2.1317527294158936,1.824992299079895,1.1476514339447021,1.0387635231018066,6.754357814788818,6.404132843017578,6.405694961547852,5.86154842376709,5.700435638427734,3.3774471282958984
Angelique,S22,NumWoGE,20F/S,Par,sequence_0,S22|NumWoGE|20F/S|Par,1.5741454362869263,1.5741454362869263,1.8763492107391357,0.7096788883209229,1.5089508295059204,1.3061102628707886,6.538635730743408,6.466508865356445,5.848012447357178,6.038863182067871,5.910846710205078,4.050843238830566
Angelique,S22,NumWoGE,20F/S,Par,sequence_1,S22|NumWoGE|20F/S|Par,1.0947545766830444,1.0947545766830444,2.6782281398773193,2.3020994663238525,3.0342962741851807,0.7713191509246826,6.479442596435547,6.595424175262451,6.522289276123047,6.244641304016113,5.793609142303467,1.18096125125885
Angelique,S23,Dig,1F,Control,sequence_0,S23|Dig|1F|Control,0.7937289476394653,0.7937289476394653,3.5732171535491943,1.362359642982483,4.221572399139404,1.5321271419525146,6.1117658615112305,6.349447727203369,5.790778160095215,6.141587257385254,5.706923484802246,1.786888599395752
Angelique,S23,Dig,1F,Control,sequence_1,S23|Dig|1F|Control,0.9908030033111572,0.9908030033111572,5.710586071014404,2.0667943954467773,3.9166696071624756,0.6902008652687073,6.004817485809326,6.527596473693848,5.929553508758545,6.022045135498047,5.457348823547363,1.1120350360870361
Angelique,S23,Dig,1F,Par,sequence_0,S23|Dig|1F|Par,2.2551229000091553,2.2551229000091553,3.1344945430755615,0.8963300585746765,2.183696985244751,1.0199812650680542,6.411211013793945,6.34061336517334,5.674474716186523,6.00291109085083,5.719093322753906,4.901796340942383
Angelique,S23,Dig,1F,Par,sequence_1,S23|Dig|1F|Par,1.8681317567825317,1.8681317567825317,3.925731897354126,1.6054614782333374,5.51329231262207,1.6962462663650513,6.393033027648926,6.410443305969238,5.8634185791015625,6.301515102386475,5.748867988586426,1.370058298110962
Angelique,S23,Dig,20F/A,Control,sequence_0,S23|Dig|20F/A|Control,1.34495210647583,1.34495210647583,9.496984481811523,0.9165726900100708,1.3764541149139404,0.8013628721237183,6.35427713394165,6.921823024749756,5.5837578773498535,5.781284332275391,5.52813720703125,1.0284879207611084
Angelique,S23,Dig,20F/A,Control,sequence_1,S23|Dig|20F/A|Control,0.8040139079093933,0.8040139079093933,9.365334510803223,0.8630169630050659,2.1215367317199707,0.8100787401199341,6.149096488952637,6.946561336517334,5.487794876098633,5.889596462249756,5.5010528564453125,0.29832807183265686
Angelique,S23,Dig,20F/A,Par,sequence_0,S23|Dig|20F/A|Par,1.0655900239944458,1.0655900239944458,9.57132625579834,0.806160032749176,1.023099660873413,0.9737411737442017,6.2610321044921875,6.981681823730469,5.765509128570557,5.7256669998168945,5.58349609375,0.22578707337379456
Angelique,S23,Dig,20F/A,Par,sequence_1,S23|Dig|20F/A|Par,1.1231553554534912,1.1231553554534912,9.839241027832031,1.0300155878067017,1.7867575883865356,1.061434030532837,6.100086212158203,6.977823257446289,5.599420547485352,5.737729072570801,5.549943447113037,0.27386757731437683
Angelique,S23,Dig,20F/S,Control,sequence_0,S23|Dig|20F/S|Control,1.101470947265625,1.101470947265625,7.764180660247803,1.0380041599273682,2.442002058029175,0.9867167472839355,6.045201301574707,6.853414535522461,5.624297142028809,5.896693706512451,5.738615989685059,0.3324262201786041
Angelique,S23,Dig,20F/S,Control,sequence_1,S23|Dig|20F/S|Control,0.8645357489585876,0.8645357489585876,7.771942138671875,1.2385854721069336,3.1007285118103027,1.4808226823806763,6.00271463394165,6.872936248779297,5.833233833312988,6.0782952308654785,5.841858386993408,0.21895258128643036
Angelique,S23,Dig,20F/S,Par,sequence_0,S23|Dig|20F/S|Par,1.439829707145691,1.439829707145691,8.890636444091797,1.3821327686309814,1.94207763671875,0.9893935918807983,6.1271538734436035,6.886549949645996,5.66667366027832,5.783633232116699,5.500652313232422,3.260417938232422
Angelique,S23,Dig,20F/S,Par,sequence_1,S23|Dig|20F/S|Par,0.7965337634086609,0.7965337634086609,7.651068210601807,2.7024779319763184,2.2049593925476074,0.7912114858627319,5.934183120727539,6.867276191711426,6.043443202972412,5.840799808502197,5.467859268188477,0.36164599657058716
Angelique,S23,NumWoGE,1F,Control,sequence_0,S23|NumWoGE|1F|Control,0.5464595556259155,0.5464595556259155,4.897365570068359,1.071065068244934,9.188036918640137,0.5796457529067993,5.797381401062012,6.392024040222168,5.675045013427734,6.56176233291626,5.424301624298096,0.8378397822380066
Angelique,S23,NumWoGE,1F,Control,sequence_1,S23|NumWoGE|1F|Control,2.0253827571868896,2.0253827571868896,7.597487449645996,1.3781355619430542,4.815773963928223,1.0979487895965576,6.414637565612793,6.6286396980285645,5.858672142028809,6.200031280517578,5.767604827880859,3.1482279300689697
Angelique,S23,NumWoGE,1F,Par,sequence_0,S23|NumWoGE|1F|Par,1.7379436492919922,1.7379436492919922,7.697871685028076,1.9432159662246704,7.633555889129639,1.2437262535095215,6.2938737869262695,6.43173885345459,6.037856101989746,6.4707722663879395,5.805107593536377,11.98795223236084
Angelique,S23,NumWoGE,1F,Par,sequence_1,S23|NumWoGE|1F|Par,0.4502972960472107,0.4502972960472107,5.363667964935303,0.7559096813201904,8.044136047363281,0.8299641013145447,5.635552883148193,6.40600061416626,5.582991123199463,6.4569244384765625,5.471187114715576,0.7161600589752197
Angelique,S23,NumWoGE,20F/A,Control,sequence_0,S23|NumWoGE|20F/A|Control,1.130519151687622,1.130519151687622,7.726553440093994,0.6167978644371033,2.6393179893493652,0.9770090579986572,6.1570844650268555,6.833374500274658,5.340165615081787,5.950721740722656,5.536017894744873,0.5424656867980957
Angelique,S23,NumWoGE,20F/A,Control,sequence_1,S23|NumWoGE|20F/A|Control,1.1728219985961914,1.1728219985961914,11.42982006072998,1.110273003578186,4.4374799728393555,0.8975892066955566,6.159397602081299,6.945624828338623,5.715482234954834,6.164398670196533,5.624064922332764,0.46724188327789307
Angelique,S23,NumWoGE,20F/A,Par,sequence_0,S23|NumWoGE|20F/A|Par,1.0847675800323486,1.0847675800323486,9.07231616973877,0.758608341217041,3.950587034225464,1.1918394565582275,6.049740791320801,6.881522178649902,5.474636077880859,6.130939960479736,5.648362636566162,0.45987629890441895
Angelique,S23,NumWoGE,20F/A,Par,sequence_1,S23|NumWoGE|20F/A|Par,2.508985757827759,2.508985757827759,9.645416259765625,1.2786659002304077,3.722249746322632,0.8010701537132263,6.483424663543701,6.929080963134766,5.786088943481445,6.098585605621338,5.4806718826293945,0.986334502696991
Angelique,S23,NumWoGE,20F/S,Control,sequence_0,S23|NumWoGE|20F/S|Control,2.0205838680267334,2.0205838680267334,8.899077415466309,0.7506536245346069,3.1782853603363037,0.616905927658081,6.435492515563965,6.832155704498291,5.606921195983887,6.022391319274902,5.417652130126953,0.4780290126800537
Angelique,S23,NumWoGE,20F/S,Control,sequence_1,S23|NumWoGE|20F/S|Control,1.7816420793533325,1.7816420793533325,7.868737697601318,1.6135058403015137,2.3736252784729004,1.25762140750885,6.2290730476379395,6.765124797821045,5.782505035400391,5.834195137023926,5.8484883308410645,0.678139328956604
Angelique,S23,NumWoGE,20F/S,Par,sequence_0,S23|NumWoGE|20F/S|Par,1.2182656526565552,1.2182656526565552,5.7025604248046875,1.1185272932052612,3.9931116104125977,0.794308602809906,6.08359432220459,6.454852104187012,5.7009453773498535,6.136176109313965,5.574902534484863,4.488862037658691
Angelique,S23,NumWoGE,20F/S,Par,sequence_1,S23|NumWoGE|20F/S|Par,1.2388032674789429,1.2388032674789429,7.336173057556152,1.2523229122161865,3.1280651092529297,0.9209161400794983,6.01069974899292,6.81503963470459,5.744166374206543,5.93343448638916,5.7034220695495605,0.34227073192596436
Angelique,S24,Dig,1F,Control,sequence_0,S24|Dig|1F|Control,0.9131924510002136,0.9131924510002136,2.610367774963379,1.5543155670166016,4.290466785430908,1.307494878768921,6.953214168548584,6.7345356941223145,6.276180267333984,6.5696210861206055,6.0469536781311035,1.0059897899627686
Angelique,S24,Dig,1F,Control,sequence_1,S24|Dig|1F|Control,0.9881851077079773,0.9881851077079773,3.645258903503418,1.1903114318847656,2.4640026092529297,1.0458993911743164,6.756269931793213,6.726468563079834,6.19680118560791,6.347229957580566,6.105999946594238,2.2770559787750244
Angelique,S24,Dig,1F,Par,sequence_0,S24|Dig|1F|Par,1.3408781290054321,1.3408781290054321,7.535661697387695,0.6331696510314941,7.17433500289917,1.0615848302841187,6.702349662780762,7.282786846160889,6.331058502197266,6.826775550842285,5.965724468231201,0.49447447061538696
Angelique,S24,Dig,1F,Par,sequence_1,S24|Dig|1F|Par,1.3044500350952148,1.3044500350952148,5.155655384063721,0.44197380542755127,5.098526477813721,0.9884375333786011,7.155819892883301,7.15869140625,5.868152141571045,6.721270561218262,5.91135311126709,0.6810441017150879
Angelique,S24,Dig,20F/A,Control,sequence_0,S24|Dig|20F/A|Control,0.9355971813201904,0.9355971813201904,6.0801615715026855,1.319461703300476,1.9295849800109863,0.7350496053695679,6.914890289306641,7.07666540145874,6.586033344268799,6.13801383972168,5.90306282043457,2.237361192703247
Angelique,S24,Dig,20F/A,Control,sequence_1,S24|Dig|20F/A|Control,0.21356546878814697,0.21356546878814697,7.434924602508545,0.5550124049186707,2.7009341716766357,0.9662206172943115,6.055968761444092,7.140799522399902,6.067610740661621,6.299441337585449,5.800929069519043,0.23373959958553314
Angelique,S24,Dig,20F/A,Par,sequence_0,S24|Dig|20F/A|Par,0.700670599937439,0.700670599937439,7.2649922370910645,1.2857180833816528,3.3116087913513184,0.6811942458152771,6.908205509185791,7.322838306427002,6.492499828338623,6.370699405670166,5.787473201751709,0.3112107813358307
Angelique,S24,Dig,20F/A,Par,sequence_1,S24|Dig|20F/A|Par,1.5389537811279297,1.5389537811279297,9.459799766540527,1.1357192993164062,1.5064960718154907,1.6955623626708984,7.246745586395264,7.383255958557129,6.383988857269287,5.982964992523193,6.30219841003418,0.72022545337677
Angelique,S24,Dig,20F/S,Control,sequence_0,S24|Dig|20F/S|Control,1.7512362003326416,1.7512362003326416,9.351761817932129,1.7517030239105225,2.561889410018921,1.0206760168075562,7.3361029624938965,7.418071746826172,6.3665947914123535,6.182084083557129,6.086414337158203,0.7396584749221802
Angelique,S24,Dig,20F/S,Control,sequence_1,S24|Dig|20F/S|Control,0.9172598719596863,0.9172598719596863,7.86158561706543,0.5447021722793579,3.6333706378936768,0.8986684679985046,6.688364028930664,7.294550895690918,6.251694202423096,6.483461856842041,5.8386359214782715,0.4575803279876709
Angelique,S24,Dig,20F/S,Par,sequence_0,S24|Dig|20F/S|Par,0.5224791765213013,0.5224791765213013,8.010994911193848,1.3834763765335083,2.370346784591675,0.8256749510765076,6.910186290740967,7.414857387542725,6.3992180824279785,6.191174030303955,5.869512557983398,0.2957746386528015
Angelique,S24,Dig,20F/S,Par,sequence_1,S24|Dig|20F/S|Par,0.7398533821105957,0.7398533821105957,11.776284217834473,1.244171142578125,2.3176331520080566,1.3077003955841064,7.023993015289307,7.517681121826172,6.224941730499268,6.204891204833984,5.952651500701904,0.24504506587982178
Angelique,S24,NumWoGE,1F,Control,sequence_0,S24|NumWoGE|1F|Control,1.3169208765029907,1.3169208765029907,6.1300811767578125,0.6843581199645996,6.64621114730835,0.9271680116653442,6.613056182861328,7.089676380157471,6.1346330642700195,6.808619976043701,6.002265453338623,0.6648483276367188
Angelique,S24,NumWoGE,1F,Control,sequence_1,S24|NumWoGE|1F|Control,2.400346279144287,2.400346279144287,7.442351818084717,1.7439384460449219,7.467292785644531,0.6278972029685974,6.887392997741699,7.191307067871094,6.487096309661865,6.794072151184082,5.720872402191162,0.5695483684539795
Angelique,S24,NumWoGE,1F,Par,sequence_0,S24|NumWoGE|1F|Par,0.9403338432312012,0.9403338432312012,7.36125373840332,3.273627281188965,8.15207576751709,1.3304611444473267,6.399752616882324,7.1063618659973145,6.602782726287842,6.951559066772461,5.8824920654296875,0.5130402445793152
Angelique,S24,NumWoGE,1F,Par,sequence_1,S24|NumWoGE|1F|Par,2.200486660003662,2.200486660003662,9.042756080627441,1.567306399345398,5.110082626342773,1.9322611093521118,6.864832401275635,7.1149187088012695,6.734560012817383,6.696734428405762,6.190608978271484,0.541541576385498
Angelique,S24,NumWoGE,20F/A,Control,sequence_0,S24|NumWoGE|20F/A|Control,0.9156498908996582,0.9156498908996582,7.61431884765625,0.7708500027656555,2.178286552429199,0.9405660629272461,6.395293712615967,7.268895149230957,6.122023105621338,6.111624717712402,5.944359302520752,0.5297080278396606
Angelique,S24,NumWoGE,20F/A,Control,sequence_1,S24|NumWoGE|20F/A|Control,0.9549328088760376,0.9549328088760376,8.31139087677002,0.5377726554870605,6.398349761962891,1.6334364414215088,6.680996417999268,7.269423484802246,5.858913898468018,6.647790431976318,6.021136283874512,0.2143162488937378
Angelique,S24,NumWoGE,20F/A,Par,sequence_0,S24|NumWoGE|20F/A|Par,0.8619487881660461,0.8619487881660461,8.681890487670898,0.7646815776824951,3.6521904468536377,0.6422674059867859,6.609319686889648,7.138576507568359,6.5937347412109375,6.430819034576416,5.722412109375,0.3100104033946991
Angelique,S24,NumWoGE,20F/A,Par,sequence_1,S24|NumWoGE|20F/A|Par,1.0078680515289307,1.0078680515289307,5.453319072723389,0.5709652304649353,4.915205955505371,1.619284987449646,6.711376667022705,7.026551246643066,6.268709659576416,6.5365190505981445,6.033816814422607,0.5300852656364441
Angelique,S24,NumWoGE,20F/S,Control,sequence_0,S24|NumWoGE|20F/S|Control,2.014979600906372,2.014979600906372,6.821913242340088,2.1717419624328613,6.226744651794434,1.0932151079177856,6.854650020599365,7.137406826019287,6.760929584503174,6.6665358543396,6.09145450592041,0.6491991281509399
Angelique,S24,NumWoGE,20F/S,Control,sequence_1,S24|NumWoGE|20F/S|Control,0.8572794795036316,0.8572794795036316,8.520203590393066,1.045222520828247,3.380675792694092,0.6627718210220337,6.439434051513672,7.076379299163818,6.132127285003662,6.375460147857666,5.7033233642578125,0.3720778822898865
Angelique,S24,NumWoGE,20F/S,Par,sequence_0,S24|NumWoGE|20F/S|Par,1.726115107536316,1.726115107536316,9.386876106262207,1.2774792909622192,7.330022811889648,1.4009199142456055,6.913043022155762,7.244628429412842,6.207188129425049,6.843471527099609,6.097042560577393,0.4229048490524292
Angelique,S24,NumWoGE,20F/S,Par,sequence_1,S24|NumWoGE|20F/S|Par,0.9033383131027222,0.9033383131027222,8.13129997253418,1.1210867166519165,7.325808525085449,1.2834620475769043,6.540884494781494,7.225363254547119,6.468567848205566,6.596922397613525,6.122579097747803,0.9808821678161621
Angelique,S25,Dig,1F,Control,sequence_0,S25|Dig|1F|Control,1.039489507675171,1.039489507675171,7.308531284332275,0.9445413947105408,1.1989492177963257,1.5295766592025757,6.545565605163574,6.964099407196045,6.081605434417725,6.005758762359619,6.194415092468262,1.1436818838119507
Angelique,S25,Dig,1F,Control,sequence_1,S25|Dig|1F|Control,1.0437079668045044,1.0437079668045044,5.107053756713867,1.213395357131958,1.3814671039581299,1.265987753868103,6.487967014312744,6.957107067108154,6.229135513305664,6.099621295928955,6.016334533691406,1.777103304862976
Angelique,S25,Dig,1F,Par,sequence_0,S25|Dig|1F|Par,1.0694292783737183,1.0694292783737183,4.300907611846924,1.410642385482788,1.308694839477539,0.7639107704162598,6.528552055358887,6.823641300201416,6.082614898681641,5.968172073364258,5.845482349395752,1.7595499753952026
Angelique,S25,Dig,1F,Par,sequence_1,S25|Dig|1F|Par,0.8314865827560425,0.8314865827560425,6.891737937927246,1.0806341171264648,0.9931824803352356,0.8291804790496826,6.223364353179932,7.080357074737549,6.064417362213135,6.0059895515441895,5.8898701667785645,5.4666876792907715
Angelique,S25,Dig,20F/A,Control,sequence_0,S25|Dig|20F/A|Control,0.8518676161766052,0.8518676161766052,6.498966217041016,1.1099783182144165,0.8526667356491089,0.9984925389289856,6.546139240264893,6.90071439743042,5.920297622680664,5.795688629150391,5.819194793701172,0.6509585976600647
Angelique,S25,Dig,20F/A,Control,sequence_1,S25|Dig|20F/A|Control,1.0289485454559326,1.0289485454559326,7.3444504737854,0.5704850554466248,1.108644723892212,1.4763267040252686,6.622797012329102,7.096354961395264,5.793917655944824,5.967861652374268,6.171856880187988,0.4049384295940399
Angelique,S25,Dig,20F/A,Par,sequence_0,S25|Dig|20F/A|Par,1.013377070426941,1.013377070426941,7.928893089294434,0.7365763783454895,1.5624170303344727,1.1562716960906982,6.593803882598877,6.930980682373047,5.76314640045166,5.954577445983887,5.733234405517578,0.5553790330886841
Angelique,S25,Dig,20F/A,Par,sequence_1,S25|Dig|20F/A|Par,0.7760902047157288,0.7760902047157288,7.3232741355896,1.0337183475494385,1.332465410232544,1.4784058332443237,6.425349235534668,7.0389323234558105,5.948367118835449,5.984342098236084,5.996563911437988,0.3932453393936157
Angelique,S25,Dig,20F/S,Control,sequence_0,S25|Dig|20F/S|Control,1.1204274892807007,1.1204274892807007,3.881119728088379,0.8418225646018982,1.5807088613510132,1.0672147274017334,6.744132995605469,6.6396050453186035,5.971851348876953,6.085918426513672,5.922791481018066,3.9030590057373047
Angelique,S25,Dig,20F/S,Control,sequence_1,S25|Dig|20F/S|Control,1.2722059488296509,1.2722059488296509,6.97566556930542,0.984743595123291,0.9005873799324036,0.9029532074928284,6.600253582000732,6.857540130615234,5.982420921325684,5.745727062225342,5.744717597961426,1.5493812561035156
Angelique,S25,Dig,20F/S,Par,sequence_0,S25|Dig|20F/S|Par,0.5194687843322754,0.5194687843322754,8.127880096435547,1.3919988870620728,1.2520685195922852,1.024850845336914,6.251040935516357,6.98455286026001,6.051168441772461,5.981837749481201,5.933638572692871,0.7739777565002441
Angelique,S25,Dig,20F/S,Par,sequence_1,S25|Dig|20F/S|Par,1.426132321357727,1.426132321357727,8.850658416748047,0.9111783504486084,1.8067435026168823,1.045667290687561,6.554426193237305,7.177458763122559,5.88815450668335,6.078588962554932,5.865260124206543,0.5531995296478271
Angelique,S25,NumWoGE,1F,Control,sequence_0,S25|NumWoGE|1F|Control,0.8011519908905029,0.8011519908905029,3.3097476959228516,1.459128975868225,2.8517234325408936,0.9998552799224854,6.520462512969971,6.7287821769714355,6.040728569030762,6.261904716491699,5.806035995483398,0.8292558193206787
Angelique,S25,NumWoGE,1F,Control,sequence_1,S25|NumWoGE|1F|Control,0.5329490303993225,0.5329490303993225,2.7059874534606934,0.9811341762542725,2.6257081031799316,0.5786924362182617,6.117444038391113,6.612041473388672,6.049346446990967,6.182248115539551,5.495145797729492,2.678607940673828
Angelique,S25,NumWoGE,1F,Par,sequence_0,S25|NumWoGE|1F|Par,0.6506820321083069,0.6506820321083069,4.24281120300293,1.1991232633590698,1.4252357482910156,0.8657026290893555,6.417547702789307,6.65839147567749,5.987606048583984,5.82659912109375,5.583583831787109,1.6791062355041504
Angelique,S25,NumWoGE,1F,Par,sequence_1,S25|NumWoGE|1F|Par,0.7551502585411072,0.7551502585411072,3.287829637527466,2.300689697265625,2.5263707637786865,1.0317676067352295,6.3807759284973145,6.799337863922119,6.409229755401611,6.255066871643066,5.820900917053223,0.5614361763000488
Angelique,S25,NumWoGE,20F/A,Control,sequence_0,S25|NumWoGE|20F/A|Control,1.047461986541748,1.047461986541748,5.605802059173584,1.0037747621536255,1.1665611267089844,0.9343398809432983,6.489342212677002,6.86204195022583,6.08667516708374,5.728645324707031,5.684519290924072,0.770194411277771
Angelique,S25,NumWoGE,20F/A,Control,sequence_1,S25|NumWoGE|20F/A|Control,0.6563437581062317,0.6563437581062317,3.5233070850372314,0.8257269263267517,1.3687480688095093,1.3978990316390991,6.306512832641602,6.617841720581055,5.828805923461914,5.84899377822876,5.857434272766113,1.2314982414245605
Angelique,S25,NumWoGE,20F/A,Par,sequence_0,S25|NumWoGE|20F/A|Par,1.0258090496063232,1.0258090496063232,4.7507548332214355,1.2233898639678955,1.8449785709381104,0.7995650768280029,6.4161295890808105,6.7645368576049805,5.992533206939697,6.0086188316345215,5.47512674331665,0.6500369906425476
Angelique,S25,NumWoGE,20F/A,Par,sequence_1,S25|NumWoGE|20F/A|Par,0.783047616481781,0.783047616481781,4.0884552001953125,1.3649280071258545,0.6864382028579712,1.2727094888687134,6.516735076904297,6.693357944488525,6.092044830322266,5.601534366607666,5.8267035484313965,3.455911636352539
Angelique,S25,NumWoGE,20F/S,Control,sequence_0,S25|NumWoGE|20F/S|Control,0.9573378562927246,0.9573378562927246,3.9149606227874756,1.0908207893371582,2.595994472503662,0.8957259654998779,6.5608367919921875,6.763393402099609,5.886678218841553,6.042856216430664,5.620753765106201,1.7156476974487305
Angelique,S25,NumWoGE,20F/S,Control,sequence_1,S25|NumWoGE|20F/S|Control,0.838641345500946,0.838641345500946,3.6935484409332275,0.9123249053955078,2.6851394176483154,0.8146858811378479,6.432320594787598,6.535720348358154,5.893977165222168,6.194643974304199,5.581214904785156,5.120105743408203
Angelique,S25,NumWoGE,20F/S,Par,sequence_0,S25|NumWoGE|20F/S|Par,1.2125906944274902,1.2125906944274902,3.732959747314453,1.4459517002105713,1.8034597635269165,0.7084919810295105,6.596791744232178,6.63644552230835,6.004034042358398,5.957242488861084,5.540833473205566,2.141510009765625
Angelique,S25,NumWoGE,20F/S,Par,sequence_1,S25|NumWoGE|20F/S|Par,1.3877720832824707,1.3877720832824707,5.1986565589904785,1.0878942012786865,2.9338443279266357,0.9899940490722656,6.743535041809082,6.862941741943359,5.99675178527832,6.208011627197266,5.769863128662109,3.120512008666992
Angelique,S26,Dig,1F,Control,sequence_0,S26|Dig|1F|Control,0.8019364476203918,0.8019364476203918,2.6345391273498535,1.3896633386611938,1.688665747642517,0.8564070463180542,6.137884140014648,6.856783390045166,6.242518424987793,5.922976493835449,5.475212574005127,1.4101601839065552
Angelique,S26,Dig,1F,Control,sequence_1,S26|Dig|1F|Control,1.2147592306137085,1.2147592306137085,4.932836055755615,0.6210283637046814,2.049715042114258,1.2101285457611084,6.811698913574219,7.099008083343506,5.940921306610107,5.745600700378418,5.525867462158203,0.648056149482727
Angelique,S26,Dig,1F,Par,sequence_0,S26|Dig|1F|Par,1.1527481079101562,1.1527481079101562,3.3124051094055176,2.9722378253936768,4.373318195343018,0.8442883491516113,6.707310676574707,7.036313056945801,6.669898509979248,6.257248878479004,5.465705871582031,0.9394419193267822
Angelique,S26,Dig,1F,Par,sequence_1,S26|Dig|1F|Par,1.7849065065383911,1.7849065065383911,4.279065132141113,0.6638677716255188,1.0459357500076294,0.92352294921875,6.881979465484619,7.156767845153809,5.910200119018555,5.619589805603027,5.448141098022461,9.162820816040039
Angelique,S26,Dig,20F/A,Control,sequence_0,S26|Dig|20F/A|Control,1.5915327072143555,1.5915327072143555,11.364372253417969,0.7469388246536255,1.581500768661499,1.0298566818237305,6.856420040130615,7.518216133117676,5.833614826202393,6.028939247131348,5.708548545837402,0.2719707489013672
Angelique,S26,Dig,20F/A,Control,sequence_1,S26|Dig|20F/A|Control,0.5060270428657532,0.5060270428657532,10.802165985107422,0.6341189742088318,2.796541929244995,1.2910356521606445,6.213159084320068,7.555765628814697,5.944982528686523,5.9898200035095215,5.677744388580322,0.18613067269325256
Angelique,S26,Dig,20F/A,Par,sequence_0,S26|Dig|20F/A|Par,1.1748019456863403,1.1748019456863403,13.5972900390625,1.0314394235610962,3.9615981578826904,0.6511138081550598,6.703456878662109,7.510562896728516,6.12619161605835,6.200117588043213,5.409874439239502,0.36432281136512756
Angelique,S26,Dig,20F/A,Par,sequence_1,S26|Dig|20F/A|Par,0.9619406461715698,0.9619406461715698,13.244278907775879,0.29300275444984436,1.3740402460098267,0.8935284614562988,6.6471405029296875,7.520627975463867,5.617721080780029,5.814741134643555,5.565945148468018,0.3339095711708069
Angelique,S26,Dig,20F/S,Control,sequence_0,S26|Dig|20F/S|Control,0.6187984347343445,0.6187984347343445,11.589836120605469,0.9099007248878479,1.4689533710479736,1.2306538820266724,6.268992900848389,7.535989284515381,5.98747444152832,5.991403102874756,5.887432098388672,1.0836811065673828
Angelique,S26,Dig,20F/S,Control,sequence_1,S26|Dig|20F/S|Control,2.993438959121704,2.993438959121704,7.640366554260254,0.6755715012550354,0.871314525604248,0.9623392820358276,7.121782302856445,7.300147533416748,5.922932147979736,5.615736961364746,5.619382858276367,1.292748212814331
Angelique,S26,Dig,20F/S,Par,sequence_0,S26|Dig|20F/S|Par,0.5812203288078308,0.5812203288078308,17.027799606323242,0.5973269939422607,1.7605457305908203,1.2971891164779663,6.443688869476318,7.810905933380127,5.847811222076416,5.809988021850586,5.715731143951416,0.05712415650486946
Angelique,S26,Dig,20F/S,Par,sequence_1,S26|Dig|20F/S|Par,1.976002812385559,1.976002812385559,11.04805850982666,0.6490980386734009,1.615174412727356,0.9200499653816223,6.794895172119141,7.550124168395996,5.7774457931518555,5.7948079109191895,5.606769561767578,0.25461986660957336
Angelique,S26,NumWoGE,1F,Control,sequence_0,S26|NumWoGE|1F|Control,0.7113906145095825,0.7113906145095825,6.498683452606201,1.2221442461013794,3.583150625228882,1.084513545036316,6.283626079559326,7.026187896728516,6.028511047363281,6.224781036376953,5.552188873291016,0.4552091658115387
Angelique,S26,NumWoGE,1F,Control,sequence_1,S26|NumWoGE|1F|Control,1.6630527973175049,1.6630527973175049,7.108133316040039,2.6986942291259766,2.194455862045288,1.1550370454788208,6.700572967529297,7.109205722808838,6.498149871826172,5.886946678161621,5.6288743019104,0.748424768447876
Angelique,S26,NumWoGE,1F,Par,sequence_0,S26|NumWoGE|1F|Par,2.112308979034424,2.112308979034424,5.361069679260254,2.3911232948303223,1.5197114944458008,1.0065586566925049,6.767845153808594,6.99207067489624,6.481374740600586,5.655279159545898,5.553139686584473,1.78598153591156
Angelique,S26,NumWoGE,1F,Par,sequence_1,S26|NumWoGE|1F|Par,1.037886142730713,1.037886142730713,7.405101776123047,1.9325429201126099,3.592951774597168,0.9338293075561523,6.10603141784668,7.220951557159424,6.221892833709717,6.080795764923096,5.601419925689697,0.6022492051124573
Angelique,S26,NumWoGE,20F/A,Control,sequence_0,S26|NumWoGE|20F/A|Control,1.6204794645309448,1.6204794645309448,7.327118873596191,1.2087293863296509,1.2190622091293335,1.374556064605713,6.519329071044922,7.197352886199951,6.108492374420166,5.596747398376465,5.827062129974365,1.7788726091384888
Angelique,S26,NumWoGE,20F/A,Control,sequence_1,S26|NumWoGE|20F/A|Control,1.0868163108825684,1.0868163108825684,5.066112041473389,1.9999831914901733,1.5925254821777344,1.6069753170013428,6.426572322845459,6.956745147705078,6.423661708831787,5.813629150390625,5.7616424560546875,0.35054779052734375
Angelique,S26,NumWoGE,20F/A,Par,sequence_0,S26|NumWoGE|20F/A|Par,0.7255552411079407,0.7255552411079407,6.182770729064941,0.9429148435592651,2.6652162075042725,0.7257872819900513,6.346958160400391,7.030231475830078,5.995571613311768,6.061287879943848,5.434479713439941,1.1009079217910767
Angelique,S26,NumWoGE,20F/A,Par,sequence_1,S26|NumWoGE|20F/A|Par,0.6495858430862427,0.6495858430862427,5.7616376876831055,0.9493071436882019,3.3036835193634033,0.6865580677986145,6.191929340362549,7.1121625900268555,6.038039684295654,6.207827091217041,5.443891525268555,0.6838609576225281
Angelique,S26,NumWoGE,20F/S,Control,sequence_0,S26|NumWoGE|20F/S|Control,1.0310026407241821,1.0310026407241821,4.295741558074951,0.8901837468147278,2.725423574447632,0.8852055072784424,6.527706146240234,6.708801746368408,6.087225437164307,6.020246982574463,5.534029483795166,11.54465103149414
Angelique,S26,NumWoGE,20F/S,Control,sequence_1,S26|NumWoGE|20F/S|Control,1.3045789003372192,1.3045789003372192,2.188765048980713,1.3055391311645508,1.5218805074691772,0.9625943303108215,6.430642604827881,6.663597583770752,6.148999214172363,5.80348014831543,5.627670764923096,8.778581619262695
Angelique,S26,NumWoGE,20F/S,Par,sequence_0,S26|NumWoGE|20F/S|Par,0.6687945127487183,0.6687945127487183,6.557277679443359,0.5326622128486633,2.891367197036743,0.7631981372833252,6.146739959716797,7.019716739654541,5.79788064956665,6.029346466064453,5.4510979652404785,0.37874463200569153
Angelique,S26,NumWoGE,20F/S,Par,sequence_1,S26|NumWoGE|20F/S|Par,1.060093879699707,1.060093879699707,4.250570297241211,0.8653051853179932,2.9677388668060303,1.6429048776626587,6.434329986572266,6.85579776763916,6.028045654296875,6.187144756317139,5.779202938079834,1.9254951477050781
Angelique,S27,Dig,1F,Control,sequence_0,S27|Dig|1F|Control,1.0269415378570557,1.0269415378570557,3.6545891761779785,1.1398910284042358,3.9391348361968994,1.1190730333328247,6.5242838859558105,6.815117359161377,6.692088603973389,6.396890640258789,5.673422336578369,1.4512099027633667
Angelique,S27,Dig,1F,Control,sequence_1,S27|Dig|1F|Control,1.172424554824829,1.172424554824829,1.3167628049850464,0.5635952949523926,3.9686858654022217,0.6973552703857422,6.668169975280762,6.52368688583374,6.260062217712402,6.371093273162842,5.4162139892578125,7.815898895263672
Angelique,S27,Dig,1F,Par,sequence_0,S27|Dig|1F|Par,0.9492841362953186,0.9492841362953186,3.035562515258789,0.5100967884063721,3.6431310176849365,1.1964244842529297,6.56496000289917,6.889188766479492,6.396416664123535,6.519267559051514,5.880584716796875,3.00907564163208
Angelique,S27,Dig,1F,Par,sequence_1,S27|Dig|1F|Par,1.1100306510925293,1.1100306510925293,3.6527881622314453,2.048884391784668,3.5564675331115723,1.0790574550628662,6.493533134460449,7.045927047729492,6.687058448791504,6.396177291870117,5.744182109832764,2.457930564880371
Angelique,S27,Dig,20F/A,Control,sequence_0,S27|Dig|20F/A|Control,0.7403344511985779,0.7403344511985779,2.9299657344818115,2.055455446243286,2.535562038421631,0.6467939019203186,6.237794876098633,6.78195333480835,6.789342403411865,6.125826358795166,5.445363998413086,1.6588988304138184
Angelique,S27,Dig,20F/A,Control,sequence_1,S27|Dig|20F/A|Control,1.61643648147583,1.61643648147583,2.7734110355377197,0.7395281195640564,2.763296604156494,0.7353115677833557,6.907713413238525,6.685659885406494,6.720468044281006,6.196803092956543,5.533849716186523,3.067559242248535
Angelique,S27,Dig,20F/A,Par,sequence_0,S27|Dig|20F/A|Par,0.7800781726837158,0.7800781726837158,3.385895013809204,0.47775161266326904,3.5634562969207764,1.1920337677001953,6.304487228393555,6.862845420837402,6.262032508850098,6.390911102294922,5.9927473068237305,1.0603219270706177
Angelique,S27,Dig,20F/A,Par,sequence_1,S27|Dig|20F/A|Par,0.8710960745811462,0.8710960745811462,4.804410457611084,2.4113354682922363,3.3757026195526123,0.7688312530517578,6.353200912475586,7.020421504974365,7.085922718048096,6.2827019691467285,5.6213178634643555,0.7471251487731934
Angelique,S27,Dig,20F/S,Control,sequence_0,S27|Dig|20F/S|Control,1.035082221031189,1.035082221031189,4.500687122344971,0.36294230818748474,2.7498152256011963,1.3981361389160156,6.623775005340576,6.989572525024414,5.994542121887207,6.011693000793457,5.745045185089111,1.254483938217163
Angelique,S27,Dig,20F/S,Control,sequence_1,S27|Dig|20F/S|Control,0.6572550535202026,0.6572550535202026,2.1260013580322266,2.277841329574585,1.7834268808364868,1.060709834098816,6.400902271270752,6.655481338500977,7.117642879486084,5.985508918762207,5.752865791320801,3.3221559524536133
Angelique,S27,Dig,20F/S,Par,sequence_0,S27|Dig|20F/S|Par,1.1762166023254395,1.1762166023254395,3.7894225120544434,1.0917829275131226,2.5971426963806152,0.6272773742675781,6.614887714385986,6.971146106719971,6.695964813232422,6.140342712402344,5.457615852355957,3.4223644733428955
Angelique,S27,Dig,20F/S,Par,sequence_1,S27|Dig|20F/S|Par,0.8003780245780945,0.8003780245780945,3.7232108116149902,0.523189127445221,4.640411853790283,1.0729354619979858,6.429888725280762,7.0038580894470215,6.2941460609436035,6.422103404998779,5.628612518310547,3.517319917678833
Angelique,S27,NumWoGE,1F,Control,sequence_0,S27|NumWoGE|1F|Control,1.4105730056762695,1.4105730056762695,11.301682472229004,1.9283018112182617,5.09136438369751,1.2342643737792969,6.720886707305908,7.644464015960693,6.9217047691345215,6.515162467956543,5.793798923492432,0.17788997292518616
Angelique,S27,NumWoGE,1F,Control,sequence_1,S27|NumWoGE|1F|Control,1.9978080987930298,1.9978080987930298,4.989948272705078,1.2217836380004883,3.8696258068084717,0.8366913199424744,6.893947124481201,7.18142557144165,6.788011074066162,6.298786640167236,5.5425519943237305,1.7824372053146362
Angelique,S27,NumWoGE,1F,Par,sequence_0,S27|NumWoGE|1F|Par,0.9196096062660217,0.9196096062660217,6.4765944480896,2.9870738983154297,5.953358173370361,1.964519739151001,6.5585713386535645,7.354875087738037,6.8662800788879395,6.571178436279297,5.928020477294922,0.3600364029407501
Angelique,S27,NumWoGE,1F,Par,sequence_1,S27|NumWoGE|1F|Par,3.3851702213287354,3.3851702213287354,9.065666198730469,2.1505494117736816,3.0003418922424316,1.3819406032562256,6.974563121795654,7.615863800048828,7.178832530975342,6.326056480407715,5.868637561798096,0.47429388761520386
Angelique,S27,NumWoGE,20F/A,Control,sequence_0,S27|NumWoGE|20F/A|Control,1.179180383682251,1.179180383682251,8.91875171661377,1.4525104761123657,4.199972152709961,1.1364563703536987,6.619316577911377,7.369956970214844,6.900688171386719,6.316570281982422,5.954661846160889,1.3688610792160034
Angelique,S27,NumWoGE,20F/A,Control,sequence_1,S27|NumWoGE|20F/A|Control,0.6117227673530579,0.6117227673530579,6.792993545532227,1.2205983400344849,5.653869152069092,0.4999150037765503,6.175737380981445,7.347035884857178,6.737499237060547,6.722168922424316,5.452615737915039,1.0734869241714478
Angelique,S27,NumWoGE,20F/A,Par,sequence_0,S27|NumWoGE|20F/A|Par,0.6682257652282715,0.6682257652282715,5.242989540100098,0.5766289830207825,3.638909339904785,1.3025885820388794,6.437559604644775,7.22025203704834,6.6435723304748535,6.3086113929748535,6.035884857177734,0.748327374458313
Angelique,S27,NumWoGE,20F/A,Par,sequence_1,S27|NumWoGE|20F/A|Par,1.0334619283676147,1.0334619283676147,4.412829399108887,1.3204084634780884,4.436258316040039,0.9218143820762634,6.558831214904785,7.337310791015625,6.7793288230896,6.496883869171143,5.638984680175781,0.7564321756362915
Angelique,S27,NumWoGE,20F/S,Control,sequence_0,S27|NumWoGE|20F/S|Control,0.9387453198432922,0.9387453198432922,3.6340503692626953,0.6226772665977478,2.8407013416290283,0.8178048729896545,6.554757118225098,7.117938995361328,6.435557842254639,6.38983154296875,5.752023220062256,0.8095313310623169
Angelique,S27,NumWoGE,20F/S,Control,sequence_1,S27|NumWoGE|20F/S|Control,1.3758867979049683,1.3758867979049683,3.177593231201172,0.9272696375846863,2.12789249420166,0.6225384473800659,6.91357421875,7.045507907867432,6.420032501220703,6.362411022186279,5.714686870574951,4.011690139770508
Angelique,S27,NumWoGE,20F/S,Par,sequence_0,S27|NumWoGE|20F/S|Par,0.7958201766014099,0.7958201766014099,6.1241841316223145,0.9237160682678223,3.110966205596924,1.03108811378479,6.482140064239502,7.176888942718506,6.491431713104248,6.331358909606934,5.879584789276123,0.5456665754318237
Angelique,S27,NumWoGE,20F/S,Par,sequence_1,S27|NumWoGE|20F/S|Par,1.2846075296401978,1.2846075296401978,8.592270851135254,1.2389075756072998,4.269747734069824,0.9659687280654907,6.75767707824707,7.372403144836426,6.649266719818115,6.376368522644043,5.8096208572387695,0.5768855810165405
Angelique,S28,Dig,1F,Control,sequence_0,S28|Dig|1F|Control,1.205401062965393,1.205401062965393,11.868950843811035,0.36310914158821106,2.281393051147461,0.7049018144607544,6.416501998901367,6.967472076416016,5.561755657196045,6.097658634185791,5.35798978805542,0.2497071921825409
Angelique,S28,Dig,1F,Control,sequence_1,S28|Dig|1F|Control,1.5759843587875366,1.5759843587875366,10.815000534057617,1.1731841564178467,6.412578105926514,1.0171722173690796,6.318565368652344,7.002798080444336,5.8382744789123535,6.483150482177734,5.627636432647705,0.3313738703727722
Angelique,S28,Dig,1F,Par,sequence_0,S28|Dig|1F|Par,1.5003864765167236,1.5003864765167236,9.8668212890625,1.3286045789718628,3.871037244796753,0.740938663482666,6.411080837249756,6.8516645431518555,6.024252891540527,6.297091960906982,5.509603500366211,1.0814450979232788
Angelique,S28,Dig,1F,Par,sequence_1,S28|Dig|1F|Par,0.923358678817749,0.923358678817749,7.9105682373046875,1.111315131187439,4.873122215270996,0.5510886907577515,6.0809245109558105,6.788239479064941,5.641330718994141,6.377572536468506,5.3107380867004395,0.6562458276748657
Angelique,S28,Dig,20F/A,Control,sequence_0,S28|Dig|20F/A|Control,1.195168375968933,1.195168375968933,11.159904479980469,1.2032777070999146,5.980437755584717,0.8802500367164612,6.370006084442139,6.969221115112305,5.715987205505371,6.511251449584961,5.475996494293213,2.246091365814209
Angelique,S28,Dig,20F/A,Control,sequence_1,S28|Dig|20F/A|Control,0.8348092436790466,0.8348092436790466,11.412711143493652,0.9123286604881287,3.923860788345337,1.6250535249710083,6.261897087097168,6.973468780517578,5.782371997833252,6.309144020080566,6.037182807922363,0.6546669602394104
Angelique,S28,Dig,20F/A,Par,sequence_0,S28|Dig|20F/A|Par,1.7576464414596558,1.7576464414596558,9.916742324829102,1.6200624704360962,2.675386905670166,0.7664709687232971,6.555849075317383,6.9860758781433105,6.088874816894531,6.087195873260498,5.520421028137207,0.6073261499404907
Angelique,S28,Dig,20F/A,Par,sequence_1,S28|Dig|20F/A|Par,0.7593907117843628,0.7593907117843628,12.251523971557617,0.6085819005966187,4.153506755828857,0.9858431220054626,6.228020191192627,7.156387805938721,5.671768665313721,6.3370361328125,5.621894836425781,0.17276370525360107
Angelique,S28,Dig,20F/S,Control,sequence_0,S28|Dig|20F/S|Control,1.5574744939804077,1.5574744939804077,4.496123313903809,0.6826158165931702,3.6861636638641357,0.7881932258605957,6.430566787719727,6.647090435028076,5.746879577636719,6.352739334106445,5.425185203552246,0.9210445880889893
Angelique,S28,Dig,20F/S,Control,sequence_1,S28|Dig|20F/S|Control,0.9688414335250854,0.9688414335250854,13.844514846801758,1.409801959991455,4.2628254890441895,1.3606816530227661,6.266913890838623,7.134183883666992,6.156478404998779,6.42888069152832,5.721375942230225,0.13338184356689453
Angelique,S28,Dig,20F/S,Par,sequence_0,S28|Dig|20F/S|Par,0.8530310988426208,0.8530310988426208,14.884561538696289,0.9370467662811279,5.098684310913086,2.1836910247802734,6.135483264923096,7.147429943084717,5.586082458496094,6.410739898681641,5.8254852294921875,0.11203128099441528
Angelique,S28,Dig,20F/S,Par,sequence_1,S28|Dig|20F/S|Par,1.0154480934143066,1.0154480934143066,14.380169868469238,1.4211714267730713,5.4512128829956055,1.586624264717102,6.137269020080566,7.2044572830200195,5.932900905609131,6.489109039306641,5.654595375061035,0.13626430928707123
Angelique,S28,NumWoGE,1F,Control,sequence_0,S28|NumWoGE|1F|Control,2.638394355773926,2.638394355773926,12.516931533813477,0.801963210105896,9.027678489685059,0.9320664405822754,6.709077835083008,7.0270185470581055,5.672715663909912,6.621084690093994,5.5538411140441895,1.1780264377593994
Angelique,S28,NumWoGE,1F,Control,sequence_1,S28|NumWoGE|1F|Control,2.361732006072998,2.361732006072998,10.174683570861816,1.9293965101242065,5.884461879730225,1.0522527694702148,6.579830169677734,6.856449127197266,6.022934436798096,6.419643402099609,5.666581630706787,87.94122314453125
Angelique,S28,NumWoGE,1F,Par,sequence_0,S28|NumWoGE|1F|Par,1.7180346250534058,1.7180346250534058,11.357902526855469,1.3350225687026978,7.988535404205322,1.1596579551696777,6.5273284912109375,6.982889175415039,6.139525413513184,6.612987518310547,5.712177753448486,0.6141237616539001
Angelique,S28,NumWoGE,1F,Par,sequence_1,S28|NumWoGE|1F|Par,1.2564289569854736,1.2564289569854736,11.5958890914917,1.0431838035583496,6.69752311706543,1.0622376203536987,6.347756385803223,7.062599182128906,5.732089519500732,6.556258678436279,5.572453022003174,0.28871363401412964
Angelique,S28,NumWoGE,20F/A,Control,sequence_0,S28|NumWoGE|20F/A|Control,0.6642153859138489,0.6642153859138489,8.134991645812988,0.8174792528152466,6.0509538650512695,0.9085760116577148,6.046814918518066,6.859010219573975,5.685152530670166,6.512232303619385,5.445510387420654,0.35849857330322266
Angelique,S28,NumWoGE,20F/A,Control,sequence_1,S28|NumWoGE|20F/A|Control,2.2290382385253906,2.2290382385253906,9.611160278320312,1.141167163848877,5.412067890167236,1.0367329120635986,6.728277683258057,6.936365604400635,5.949929714202881,6.486001014709473,5.693166732788086,0.6920461654663086
Angelique,S28,NumWoGE,20F/A,Par,sequence_0,S28|NumWoGE|20F/A|Par,1.6523523330688477,1.6523523330688477,7.7713398933410645,0.7690898180007935,5.712393760681152,1.004988193511963,6.7254180908203125,6.875793933868408,5.8772873878479,6.489168167114258,5.700597763061523,0.7166856527328491
Angelique,S28,NumWoGE,20F/A,Par,sequence_1,S28|NumWoGE|20F/A|Par,0.952710747718811,0.952710747718811,9.296663284301758,0.5989177227020264,4.890923976898193,1.1337779760360718,6.201406002044678,6.875874996185303,5.609637260437012,6.337387561798096,5.765570640563965,0.3782811462879181
Angelique,S28,NumWoGE,20F/S,Control,sequence_0,S28|NumWoGE|20F/S|Control,1.1769497394561768,1.1769497394561768,12.587860107421875,0.6838549971580505,6.771697998046875,1.1571975946426392,6.403458118438721,6.851242542266846,5.751384735107422,6.594409942626953,5.666567325592041,0.7858510613441467
Angelique,S28,NumWoGE,20F/S,Control,sequence_1,S28|NumWoGE|20F/S|Control,1.3514833450317383,1.3514833450317383,10.157154083251953,0.9430302977561951,6.532874584197998,0.8085164427757263,6.424054145812988,6.851968765258789,5.735515594482422,6.397713661193848,5.459342002868652,1.0627514123916626
Angelique,S28,NumWoGE,20F/S,Par,sequence_0,S28|NumWoGE|20F/S|Par,1.1735713481903076,1.1735713481903076,10.725934028625488,0.5389388799667358,5.540649890899658,0.910128116607666,6.364808559417725,6.976322174072266,5.592900276184082,6.557999610900879,5.421793460845947,0.3488290011882782
Angelique,S28,NumWoGE,20F/S,Par,sequence_1,S28|NumWoGE|20F/S|Par,1.147150993347168,1.147150993347168,10.941157341003418,1.3404122591018677,7.266000747680664,1.0642476081848145,6.42465877532959,6.890318393707275,6.070247650146484,6.595834255218506,5.572942733764648,0.5451340675354004
Angelique,S29,Dig,1F,Control,sequence_0,S29|Dig|1F|Control,1.6457754373550415,1.6457754373550415,9.938248634338379,1.7787939310073853,8.282645225524902,1.1582123041152954,7.032886505126953,7.928545951843262,7.345507621765137,7.286126136779785,6.175058841705322,0.23920463025569916
Angelique,S29,Dig,1F,Control,sequence_1,S29|Dig|1F|Control,0.5688148736953735,0.5688148736953735,6.01087760925293,0.6564996838569641,6.051520347595215,1.3626627922058105,6.360296726226807,7.790457248687744,6.758273601531982,7.321145057678223,6.180075645446777,0.467538058757782
Angelique,S29,Dig,1F,Par,sequence_0,S29|Dig|1F|Par,1.8309202194213867,1.8309202194213867,9.134063720703125,1.2291090488433838,4.023928165435791,0.7643942832946777,6.84216833114624,7.881223678588867,6.994736671447754,7.051198482513428,5.846873760223389,0.4455921947956085
Angelique,S29,Dig,1F,Par,sequence_1,S29|Dig|1F|Par,0.5628398656845093,0.5628398656845093,6.791181564331055,1.183100700378418,3.40816068649292,1.0363917350769043,6.540309906005859,7.626760005950928,7.153714179992676,6.851014137268066,6.034841060638428,0.16338886320590973
Angelique,S29,Dig,20F/A,Control,sequence_0,S29|Dig|20F/A|Control,0.743779182434082,0.743779182434082,7.389646530151367,0.7320489883422852,7.021303653717041,1.4450830221176147,6.510056018829346,7.4763360023498535,6.680156707763672,7.099882125854492,6.072925567626953,0.25262659788131714
Angelique,S29,Dig,20F/A,Control,sequence_1,S29|Dig|20F/A|Control,0.5786506533622742,0.5786506533622742,5.920491695404053,1.8676981925964355,5.300992488861084,0.8979508280754089,6.448822021484375,7.49705171585083,7.124218940734863,7.007908344268799,6.004472732543945,0.20049996674060822
Angelique,S29,Dig,20F/A,Par,sequence_0,S29|Dig|20F/A|Par,0.6321301460266113,0.6321301460266113,10.649761199951172,2.1685712337493896,5.490683078765869,1.1268434524536133,6.398983001708984,7.809390068054199,7.202742576599121,7.088797092437744,6.006247043609619,0.2209019660949707
Angelique,S29,Dig,20F/A,Par,sequence_1,S29|Dig|20F/A|Par,0.9059740304946899,0.9059740304946899,5.066205024719238,0.8477425575256348,5.455907344818115,0.8975374102592468,6.58347225189209,7.5665130615234375,6.626950740814209,7.119765758514404,5.995201110839844,0.26688605546951294
Angelique,S29,Dig,20F/S,Control,sequence_0,S29|Dig|20F/S|Control,1.0878478288650513,1.0878478288650513,10.505800247192383,2.9015467166900635,5.816712379455566,1.1029692888259888,6.633882999420166,7.850470066070557,7.077690601348877,7.017724990844727,6.0891642570495605,0.4166502058506012
Angelique,S29,Dig,20F/S,Control,sequence_1,S29|Dig|20F/S|Control,0.6891126036643982,0.6891126036643982,6.672947406768799,0.7602568864822388,7.175665855407715,1.1968860626220703,6.462709903717041,7.432749271392822,6.571626663208008,7.030457496643066,6.108936309814453,0.39492398500442505
Angelique,S29,Dig,20F/S,Par,sequence_0,S29|Dig|20F/S|Par,0.912447988986969,0.912447988986969,8.993010520935059,0.8262389302253723,5.1919846534729,0.9389451146125793,6.6490983963012695,7.637502193450928,6.705039978027344,7.0616984367370605,5.892534255981445,1.2951931953430176
Angelique,S29,Dig,20F/S,Par,sequence_1,S29|Dig|20F/S|Par,1.5744590759277344,1.5744590759277344,9.408224105834961,1.2334574460983276,6.33696174621582,1.172884464263916,6.846559524536133,7.7577972412109375,6.672043800354004,7.078149795532227,6.183952808380127,0.6129522919654846
Angelique,S29,NumWoGE,1F,Control,sequence_0,S29|NumWoGE|1F|Control,2.479680061340332,2.479680061340332,7.600324630737305,1.7690597772598267,1.9427400827407837,0.8398627638816833,7.161850452423096,7.654691696166992,6.921099662780762,6.521083354949951,5.862329483032227,0.5520186424255371
Angelique,S29,NumWoGE,1F,Control,sequence_1,S29|NumWoGE|1F|Control,3.335937261581421,3.335937261581421,4.155393600463867,0.6596360206604004,3.0929617881774902,1.0884065628051758,7.376031875610352,7.353920936584473,6.62078857421875,6.483334064483643,6.058481693267822,3.0077013969421387
Angelique,S29,NumWoGE,1F,Par,sequence_0,S29|NumWoGE|1F|Par,0.9738679528236389,0.9738679528236389,7.59583854675293,1.2651715278625488,4.292716026306152,0.6565594673156738,6.731387138366699,7.894419193267822,7.050592422485352,7.036583423614502,5.683891296386719,0.37502482533454895
Angelique,S29,NumWoGE,1F,Par,sequence_1,S29|NumWoGE|1F|Par,1.6436855792999268,1.6436855792999268,7.1079630851745605,1.1423736810684204,6.670383930206299,0.4664571285247803,7.098880767822266,7.807628631591797,7.046429634094238,7.141915321350098,5.608504772186279,0.3401064872741699
Angelique,S29,NumWoGE,20F/A,Control,sequence_0,S29|NumWoGE|20F/A|Control,2.4531896114349365,2.4531896114349365,3.353818893432617,1.625634789466858,6.111673831939697,0.9234247207641602,7.234761714935303,7.234163284301758,6.858605861663818,7.161489963531494,6.13082218170166,11.682430267333984
Angelique,S29,NumWoGE,20F/A,Control,sequence_1,S29|NumWoGE|20F/A|Control,0.5053309798240662,0.5053309798240662,4.295165061950684,1.7348692417144775,2.3982150554656982,0.9508763551712036,6.531637668609619,7.483591079711914,7.06402587890625,6.607395172119141,6.100021839141846,0.2453673928976059
Angelique,S29,NumWoGE,20F/A,Par,sequence_0,S29|NumWoGE|20F/A|Par,0.9905071258544922,0.9905071258544922,6.493656158447266,1.7318034172058105,6.512659072875977,1.0751687288284302,6.723659515380859,7.483439922332764,7.1855387687683105,7.148930549621582,6.062249183654785,0.36770373582839966
Angelique,S29,NumWoGE,20F/A,Par,sequence_1,S29|NumWoGE|20F/A|Par,0.9325053691864014,0.9325053691864014,4.750954627990723,2.160825252532959,4.958250522613525,1.087697148323059,6.6464080810546875,7.267714977264404,6.930225372314453,6.984348297119141,6.123607635498047,43.89553451538086
Angelique,S29,NumWoGE,20F/S,Control,sequence_0,S29|NumWoGE|20F/S|Control,1.6433038711547852,1.6433038711547852,8.873797416687012,0.961771547794342,3.729092836380005,0.6107995510101318,6.964529037475586,7.64459753036499,6.917682647705078,6.770478248596191,5.814545154571533,0.7210821509361267
Angelique,S29,NumWoGE,20F/S,Control,sequence_1,S29|NumWoGE|20F/S|Control,0.6896129250526428,0.6896129250526428,6.350071430206299,1.803999423980713,5.524537086486816,0.7994620203971863,6.440676689147949,7.6530303955078125,7.017008304595947,6.977441787719727,5.948528289794922,0.2484172135591507
Angelique,S29,NumWoGE,20F/S,Par,sequence_0,S29|NumWoGE|20F/S|Par,0.9994261264801025,0.9994261264801025,7.1655073165893555,0.8336441516876221,2.9145593643188477,0.590244710445404,6.810355186462402,7.779590606689453,6.872541427612305,6.801892280578613,5.802731037139893,0.32787081599235535
Angelique,S29,NumWoGE,20F/S,Par,sequence_1,S29|NumWoGE|20F/S|Par,0.7363527417182922,0.7363527417182922,6.934076309204102,0.4903872013092041,7.3650221824646,0.9014930725097656,6.632006645202637,7.574041843414307,6.562999725341797,7.172484397888184,5.941315650939941,0.3467414379119873
Angelique,S30,Dig,1F,Control,sequence_0,S30|Dig|1F|Control,1.229598045349121,1.229598045349121,5.530181884765625,1.0653716325759888,2.318887710571289,1.0729643106460571,6.725126266479492,6.8820390701293945,6.010886192321777,5.970325469970703,5.854727745056152,3.870992660522461
Angelique,S30,Dig,1F,Control,sequence_1,S30|Dig|1F|Control,0.842930257320404,0.842930257320404,3.35776424407959,0.991732120513916,3.0598700046539307,1.2755801677703857,6.664593696594238,6.7579345703125,5.8605122566223145,6.153005599975586,5.706552982330322,1.5009881258010864
Angelique,S30,Dig,1F,Par,sequence_0,S30|Dig|1F|Par,1.5101209878921509,1.5101209878921509,4.619879722595215,1.8350398540496826,5.999605655670166,1.4029009342193604,6.951890468597412,7.0081305503845215,6.172484874725342,6.685116767883301,5.821136474609375,1.2336595058441162
Angelique,S30,Dig,1F,Par,sequence_1,S30|Dig|1F|Par,1.71268630027771,1.71268630027771,8.405487060546875,5.585826873779297,4.220979690551758,0.9647963047027588,6.629369258880615,7.052454948425293,6.7223124504089355,6.3545918464660645,5.474860668182373,0.6925522089004517
Angelique,S30,Dig,20F/A,Control,sequence_0,S30|Dig|20F/A|Control,0.7285652160644531,0.7285652160644531,16.060827255249023,1.1660687923431396,4.455272674560547,0.9546462893486023,6.536301612854004,7.4417219161987305,5.934575080871582,6.262535095214844,5.800846099853516,0.10787442326545715
Angelique,S30,Dig,20F/A,Control,sequence_1,S30|Dig|20F/A|Control,0.9128012657165527,0.9128012657165527,15.13448715209961,0.7123441100120544,4.203880786895752,0.7663481831550598,6.309148788452148,7.641246318817139,5.78062629699707,6.4086594581604,5.734151840209961,0.11739517748355865
Angelique,S30,Dig,20F/A,Par,sequence_0,S30|Dig|20F/A|Par,0.7120760679244995,0.7120760679244995,11.381269454956055,0.6415895223617554,3.515723705291748,1.4443823099136353,6.554144859313965,7.48089599609375,5.865853309631348,6.2840375900268555,6.0129876136779785,0.09481905400753021
Angelique,S30,Dig,20F/A,Par,sequence_1,S30|Dig|20F/A|Par,0.4249790906906128,0.4249790906906128,18.213809967041016,0.7358092665672302,3.5599234104156494,0.618000864982605,6.213493347167969,7.57001256942749,5.787351131439209,6.269914150238037,5.63938045501709,0.06720416992902756
Angelique,S30,Dig,20F/S,Control,sequence_0,S30|Dig|20F/S|Control,0.8089245557785034,0.8089245557785034,13.04807186126709,1.97196626663208,4.144168376922607,1.573409080505371,6.605116367340088,7.491532802581787,6.265096187591553,6.3779497146606445,5.9159088134765625,0.1201552078127861
Angelique,S30,Dig,20F/S,Control,sequence_1,S30|Dig|20F/S|Control,0.38795411586761475,0.38795411586761475,10.366022109985352,2.307302236557007,4.659093379974365,1.1833575963974,6.021982192993164,7.295838832855225,6.354198455810547,6.2605695724487305,5.747059345245361,0.09021162241697311
Angelique,S30,Dig,20F/S,Par,sequence_0,S30|Dig|20F/S|Par,1.2578256130218506,1.2578256130218506,12.692447662353516,1.2075594663619995,2.402512550354004,1.2950321435928345,6.562680721282959,7.398370265960693,6.102174282073975,6.10355281829834,5.879181861877441,0.2913844585418701
Angelique,S30,Dig,20F/S,Par,sequence_1,S30|Dig|20F/S|Par,0.9279070496559143,0.9279070496559143,5.817784309387207,1.3123340606689453,3.921013355255127,0.7463222146034241,6.828223705291748,7.046192169189453,6.007946014404297,6.256107330322266,5.559186935424805,0.48264846205711365
Angelique,S30,NumWoGE,1F,Control,sequence_0,S30|NumWoGE|1F|Control,1.5300683975219727,1.5300683975219727,10.6961669921875,3.6465210914611816,6.656993865966797,1.4696588516235352,6.616994380950928,7.4273223876953125,6.49784517288208,6.575761795043945,5.9953389167785645,0.20730750262737274
Angelique,S30,NumWoGE,1F,Control,sequence_1,S30|NumWoGE|1F|Control,1.0388765335083008,1.0388765335083008,12.5026273727417,1.5827447175979614,7.014059543609619,1.7257080078125,6.753421783447266,7.421693801879883,6.1960225105285645,6.660215377807617,5.966090679168701,0.23283445835113525
Angelique,S30,NumWoGE,1F,Par,sequence_0,S30|NumWoGE|1F|Par,0.9710097312927246,0.9710097312927246,14.44560432434082,0.7368581295013428,9.64959716796875,1.6575078964233398,6.595983982086182,7.642630100250244,5.716109275817871,6.820254325866699,6.007538795471191,0.18460234999656677
Angelique,S30,NumWoGE,1F,Par,sequence_1,S30|NumWoGE|1F|Par,1.01459801197052,1.01459801197052,16.30559539794922,0.8017674088478088,7.242694854736328,1.7014583349227905,6.691125869750977,7.534779071807861,5.9113450050354,6.566323757171631,6.012982368469238,0.12731094658374786
Angelique,S30,NumWoGE,20F/A,Control,sequence_0,S30|NumWoGE|20F/A|Control,1.6992336511611938,1.6992336511611938,16.669715881347656,1.2668284177780151,6.254593849182129,1.941992998123169,6.827346324920654,7.628754615783691,6.130733966827393,6.428269386291504,5.86055326461792,0.5246230363845825
Angelique,S30,NumWoGE,20F/A,Control,sequence_1,S30|NumWoGE|20F/A|Control,2.028745651245117,2.028745651245117,17.266786575317383,2.4672353267669678,3.539987087249756,1.1591726541519165,6.921553611755371,7.613222122192383,6.4190192222595215,6.197608947753906,5.686219692230225,0.41736239194869995
Angelique,S30,NumWoGE,20F/A,Par,sequence_0,S30|NumWoGE|20F/A|Par,1.1488478183746338,1.1488478183746338,21.187387466430664,0.6729103326797485,5.38465690612793,0.9537777900695801,6.735930919647217,7.663013935089111,5.820079326629639,6.483058452606201,5.659790515899658,0.16477181017398834
Angelique,S30,NumWoGE,20F/A,Par,sequence_1,S30|NumWoGE|20F/A|Par,1.5922642946243286,1.5922642946243286,18.26556968688965,1.036354660987854,5.542082786560059,1.3023688793182373,6.847926139831543,7.688142776489258,5.812443256378174,6.356706142425537,5.814459800720215,0.8425978422164917
Angelique,S30,NumWoGE,20F/S,Control,sequence_0,S30|NumWoGE|20F/S|Control,0.9437760710716248,0.9437760710716248,18.76673126220703,1.3707677125930786,6.828645706176758,0.796140730381012,6.567615032196045,7.754467010498047,6.089755058288574,6.617321014404297,5.757745742797852,0.14668992161750793
Angelique,S30,NumWoGE,20F/S,Control,sequence_1,S30|NumWoGE|20F/S|Control,1.2843563556671143,1.2843563556671143,18.604320526123047,1.1561481952667236,6.993529319763184,0.8107796907424927,6.765109539031982,7.6308135986328125,5.975411891937256,6.630855560302734,5.660198211669922,0.1147211492061615
Angelique,S30,NumWoGE,20F/S,Par,sequence_0,S30|NumWoGE|20F/S|Par,1.0954407453536987,1.0954407453536987,16.766389846801758,1.1756473779678345,6.029386043548584,1.3707200288772583,6.736828327178955,7.686939239501953,6.062628269195557,6.569282531738281,5.948492050170898,0.18035480380058289
Angelique,S30,NumWoGE,20F/S,Par,sequence_1,S30|NumWoGE|20F/S|Par,1.5853610038757324,1.5853610038757324,19.267078399658203,0.9581841826438904,6.338588714599609,0.9932323694229126,6.704071044921875,7.63886022567749,6.005260944366455,6.506551265716553,5.884132385253906,0.37247100472450256
Angelique,S31,Dig,1F,Control,sequence_0,S31|Dig|1F|Control,0.9391732811927795,0.9391732811927795,2.9060113430023193,0.794025182723999,5.081212520599365,0.8817843794822693,6.195615291595459,6.256766319274902,5.861726760864258,6.186654567718506,5.258996486663818,4.214982509613037
Angelique,S31,Dig,1F,Control,sequence_1,S31|Dig|1F|Control,1.1563000679016113,1.1563000679016113,3.9650075435638428,0.9333528280258179,4.675171852111816,1.0746080875396729,6.269277095794678,6.587833881378174,5.803165435791016,6.019285678863525,5.293848514556885,0.6329500675201416
Angelique,S31,Dig,1F,Par,sequence_0,S31|Dig|1F|Par,1.242147445678711,1.242147445678711,5.327922821044922,1.337539553642273,5.773236274719238,2.0721633434295654,6.427306652069092,6.766976356506348,6.236364841461182,6.085384368896484,5.669445037841797,0.6427340507507324
Angelique,S31,Dig,1F,Par,sequence_1,S31|Dig|1F|Par,2.3270816802978516,2.3270816802978516,8.822701454162598,2.0125973224639893,5.793807506561279,1.1882355213165283,6.483301162719727,7.006738185882568,6.407220840454102,6.216474533081055,5.365787029266357,0.36778607964515686
Angelique,S31,Dig,20F/A,Control,sequence_0,S31|Dig|20F/A|Control,1.0766102075576782,1.0766102075576782,10.926651954650879,0.6373730897903442,3.5866260528564453,0.7720156311988831,6.281672954559326,7.069758415222168,5.79565954208374,6.0137553215026855,5.145579814910889,0.15639518201351166
Angelique,S31,Dig,20F/A,Control,sequence_1,S31|Dig|20F/A|Control,0.5174975395202637,0.5174975395202637,5.977795600891113,0.6332273483276367,2.059556245803833,1.0768319368362427,5.984776973724365,6.744387626647949,5.7541632652282715,5.646801471710205,5.352568626403809,1.037865400314331
Angelique,S31,Dig,20F/A,Par,sequence_0,S31|Dig|20F/A|Par,1.247497797012329,1.247497797012329,7.39846658706665,0.5825527310371399,2.402648448944092,1.3825714588165283,6.465854167938232,6.905292510986328,5.60292387008667,5.689518928527832,5.359534740447998,0.6048263907432556
Angelique,S31,Dig,20F/A,Par,sequence_1,S31|Dig|20F/A|Par,2.7605862617492676,2.7605862617492676,6.516229629516602,0.4691644608974457,5.245899677276611,1.3809723854064941,6.810624599456787,6.842915058135986,5.568727970123291,6.212016582489014,5.632060527801514,8.998226165771484
Angelique,S31,Dig,20F/S,Control,sequence_0,S31|Dig|20F/S|Control,0.46266722679138184,0.46266722679138184,6.748889923095703,1.041493535041809,2.5476584434509277,0.9063906073570251,6.053098678588867,6.859078407287598,6.011650085449219,5.874382972717285,5.419064998626709,0.13017815351486206
Angelique,S31,Dig,20F/S,Control,sequence_1,S31|Dig|20F/S|Control,0.6143810153007507,0.6143810153007507,8.804221153259277,0.8809220790863037,2.806826591491699,0.8985003232955933,6.144138336181641,7.1018218994140625,5.844221591949463,5.77789306640625,5.301935195922852,0.24586546421051025
Angelique,S31,Dig,20F/S,Par,sequence_0,S31|Dig|20F/S|Par,1.5525802373886108,1.5525802373886108,9.057930946350098,0.7452324628829956,3.8085999488830566,1.3915563821792603,6.492923259735107,7.057369709014893,5.9357757568359375,6.145157337188721,5.4576592445373535,0.3641098141670227
Angelique,S31,Dig,20F/S,Par,sequence_1,S31|Dig|20F/S|Par,0.3913780152797699,0.3913780152797699,9.557893753051758,1.163824439048767,2.3916680812835693,0.6143672466278076,5.874576568603516,7.035071849822998,6.167468547821045,5.733287811279297,5.154718399047852,0.11536026746034622
Angelique,S31,NumWoGE,1F,Control,sequence_0,S31|NumWoGE|1F|Control,1.450469732284546,1.450469732284546,6.817805290222168,0.6524524092674255,5.277868747711182,0.9276221394538879,6.45491886138916,6.767972946166992,5.831392765045166,6.218588352203369,5.173459529876709,0.37743043899536133
Angelique,S31,NumWoGE,1F,Control,sequence_1,S31|NumWoGE|1F|Control,1.4286391735076904,1.4286391735076904,8.447683334350586,1.7606126070022583,6.334160804748535,1.1335878372192383,6.387950897216797,6.774929523468018,6.090630531311035,6.232955455780029,5.4455885887146,1.0271072387695312
Angelique,S31,NumWoGE,1F,Par,sequence_0,S31|NumWoGE|1F|Par,0.878781259059906,0.878781259059906,5.751809120178223,0.7011879086494446,5.973012447357178,1.8496583700180054,6.41538667678833,6.729900360107422,5.644613742828369,6.2517476081848145,5.604489326477051,0.41278982162475586
Angelique,S31,NumWoGE,1F,Par,sequence_1,S31|NumWoGE|1F|Par,0.9979342222213745,0.9979342222213745,11.960585594177246,0.6520012617111206,3.4027185440063477,1.047524094581604,6.2544145584106445,7.0534796714782715,5.658933162689209,6.072170734405518,5.331265926361084,0.6586321592330933
Angelique,S31,NumWoGE,20F/A,Control,sequence_0,S31|NumWoGE|20F/A|Control,1.0990021228790283,1.0990021228790283,6.105134010314941,0.8801876902580261,5.530303478240967,0.879510760307312,6.381478786468506,6.736513614654541,5.844749927520752,6.14034366607666,5.205434322357178,2.2457387447357178
Angelique,S31,NumWoGE,20F/A,Control,sequence_1,S31|NumWoGE|20F/A|Control,1.8763102293014526,1.8763102293014526,5.999467849731445,0.37601256370544434,3.050215005874634,1.9775476455688477,6.637218475341797,6.645962238311768,5.584521770477295,6.009818077087402,5.601006984710693,1.8054091930389404
Angelique,S31,NumWoGE,20F/A,Par,sequence_0,S31|NumWoGE|20F/A|Par,0.8619856238365173,0.8619856238365173,9.374967575073242,1.081763744354248,4.955127716064453,1.0800447463989258,6.297802448272705,6.988351345062256,5.856051445007324,6.106630802154541,5.398507595062256,0.5427570939064026
Angelique,S31,NumWoGE,20F/A,Par,sequence_1,S31|NumWoGE|20F/A|Par,0.8786988258361816,0.8786988258361816,7.956464767456055,0.9738657474517822,3.797456741333008,1.1144089698791504,6.304179668426514,6.86271333694458,5.851952075958252,6.013405799865723,5.3403191566467285,0.38254761695861816
Angelique,S31,NumWoGE,20F/S,Control,sequence_0,S31|NumWoGE|20F/S|Control,0.877383291721344,0.877383291721344,8.720288276672363,0.5836477279663086,6.949863910675049,1.8632856607437134,6.239490509033203,6.771287441253662,5.500248432159424,6.357284069061279,5.678857326507568,0.4051315486431122
Angelique,S31,NumWoGE,20F/S,Control,sequence_1,S31|NumWoGE|20F/S|Control,1.417356252670288,1.417356252670288,7.942724704742432,1.3037190437316895,4.423405647277832,0.7346969246864319,6.702434539794922,6.734880447387695,5.937183380126953,6.105408191680908,5.175909042358398,0.7389970421791077
Angelique,S31,NumWoGE,20F/S,Par,sequence_0,S31|NumWoGE|20F/S|Par,1.2791858911514282,1.2791858911514282,9.287476539611816,0.9328451156616211,6.604319095611572,1.0913338661193848,6.340841770172119,6.906564235687256,5.959158420562744,6.296076774597168,5.505349159240723,0.4215010106563568
Angelique,S31,NumWoGE,20F/S,Par,sequence_1,S31|NumWoGE|20F/S|Par,1.2643136978149414,1.2643136978149414,8.82581901550293,0.5250451564788818,5.897533416748047,1.3729981184005737,6.604158401489258,7.004624366760254,5.606295108795166,6.2630109786987305,5.575336933135986,0.363226979970932
Angelique,S32,Dig,1F,Control,sequence_0,S32|Dig|1F|Control,1.0463906526565552,1.0463906526565552,4.327728748321533,1.5024609565734863,1.2400860786437988,0.9774081110954285,6.74341344833374,7.737712860107422,6.475917816162109,6.123526573181152,5.935111999511719,0.44048428535461426
Angelique,S32,Dig,1F,Control,sequence_1,S32|Dig|1F|Control,0.9827839136123657,0.9827839136123657,2.074331045150757,0.5507649779319763,2.073626756668091,0.7555763125419617,6.560734748840332,7.388637542724609,6.3080549240112305,6.375895023345947,5.7123870849609375,1.497196912765503
Angelique,S32,Dig,1F,Par,sequence_0,S32|Dig|1F|Par,0.6280869245529175,0.6280869245529175,5.070096015930176,1.4862933158874512,2.67641544342041,1.7555859088897705,6.387696266174316,7.571974754333496,6.618574142456055,6.6929216384887695,6.223809242248535,0.47395381331443787
Angelique,S32,Dig,1F,Par,sequence_1,S32|Dig|1F|Par,0.7561590075492859,0.7561590075492859,3.692521810531616,0.7947033047676086,1.801894187927246,1.0433021783828735,6.546100616455078,7.342803001403809,6.335765361785889,6.403812885284424,6.018474578857422,4.557027816772461
Angelique,S32,Dig,20F/A,Control,sequence_0,S32|Dig|20F/A|Control,0.5107067227363586,0.5107067227363586,5.934200763702393,1.2306798696517944,3.6340112686157227,1.3569198846817017,6.2903151512146,7.523458480834961,6.379593372344971,6.624304294586182,5.962549209594727,0.25179076194763184
Angelique,S32,Dig,20F/A,Control,sequence_1,S32|Dig|20F/A|Control,1.119304895401001,1.119304895401001,2.8444886207580566,0.5528591871261597,1.749902367591858,0.7753129601478577,6.501064300537109,7.0063886642456055,6.199337005615234,6.256833553314209,5.772863388061523,3.3062355518341064
Angelique,S32,Dig,20F/A,Par,sequence_0,S32|Dig|20F/A|Par,1.099492073059082,1.099492073059082,3.6459641456604004,1.135942816734314,3.4896700382232666,0.6476747393608093,6.587072372436523,7.351471424102783,6.337523460388184,6.694754123687744,5.821483612060547,0.7832827568054199
Angelique,S32,Dig,20F/A,Par,sequence_1,S32|Dig|20F/A|Par,1.8584071397781372,1.8584071397781372,2.9463534355163574,1.0174264907836914,4.172781944274902,1.7687742710113525,7.194658279418945,7.361838340759277,6.477985858917236,6.67001485824585,6.119663715362549,1.6664328575134277
Angelique,S32,Dig,20F/S,Control,sequence_0,S32|Dig|20F/S|Control,1.0497055053710938,1.0497055053710938,2.4834961891174316,1.052990436553955,1.3508291244506836,0.9510000944137573,6.656075477600098,7.493274688720703,6.387848854064941,6.272027015686035,5.945016860961914,2.68841552734375
Angelique,S32,Dig,20F/S,Control,sequence_1,S32|Dig|20F/S|Control,1.654057264328003,1.654057264328003,2.2407398223876953,0.8491072654724121,0.9671173095703125,0.563330352306366,7.023715496063232,7.546833038330078,6.425910472869873,6.177381992340088,5.608968734741211,1.7853676080703735
Angelique,S32,Dig,20F/S,Par,sequence_0,S32|Dig|20F/S|Par,1.7180099487304688,1.7180099487304688,1.9972381591796875,1.3597660064697266,1.514908790588379,0.49519583582878113,6.780872344970703,7.2664923667907715,6.6825032234191895,6.4781174659729,5.480229377746582,5.188139915466309
Angelique,S32,Dig,20F/S,Par,sequence_1,S32|Dig|20F/S|Par,1.1303825378417969,1.1303825378417969,4.143657207489014,0.8905726075172424,2.546837091445923,0.8823907971382141,6.596024513244629,7.283224582672119,6.338095664978027,6.4603352546691895,5.913352012634277,1.5346049070358276
Angelique,S32,NumWoGE,1F,Control,sequence_0,S32|NumWoGE|1F|Control,2.6381685733795166,2.6381685733795166,6.433724880218506,0.9565195441246033,3.334038257598877,1.1055290699005127,7.114554405212402,7.7004618644714355,6.3821539878845215,6.7026896476745605,5.9488935470581055,1.6566110849380493
Angelique,S32,NumWoGE,1F,Control,sequence_1,S32|NumWoGE|1F|Control,1.233227014541626,1.233227014541626,2.02614426612854,1.4250961542129517,2.0626320838928223,0.8087273240089417,7.125542640686035,7.571493625640869,6.8298234939575195,6.685368537902832,5.747551918029785,29.073545455932617
Angelique,S32,NumWoGE,1F,Par,sequence_0,S32|NumWoGE|1F|Par,0.6475130319595337,0.6475130319595337,2.9453885555267334,0.9506751894950867,2.962040901184082,0.7197231650352478,6.33392858505249,7.219691753387451,6.437967300415039,6.648530960083008,5.86073112487793,4.5424299240112305
Angelique,S32,NumWoGE,1F,Par,sequence_1,S32|NumWoGE|1F|Par,0.6311764717102051,0.6311764717102051,2.7149624824523926,2.4615726470947266,1.3798997402191162,0.5752594470977783,6.755619049072266,7.343865394592285,7.125714302062988,6.318321704864502,5.663590908050537,0.9550647735595703
Angelique,S32,NumWoGE,20F/A,Control,sequence_0,S32|NumWoGE|20F/A|Control,0.5892701148986816,0.5892701148986816,7.023571014404297,1.018822193145752,4.853389739990234,1.3760709762573242,6.243114948272705,7.314399719238281,6.319845199584961,6.753636360168457,5.866946220397949,0.28990277647972107
Angelique,S32,NumWoGE,20F/A,Control,sequence_1,S32|NumWoGE|20F/A|Control,1.171159029006958,1.171159029006958,2.206392526626587,1.5592241287231445,2.4217517375946045,1.3969392776489258,6.681237697601318,6.934789180755615,6.6853251457214355,6.459399223327637,6.183151721954346,2.941669225692749
Angelique,S32,NumWoGE,20F/A,Par,sequence_0,S32|NumWoGE|20F/A|Par,0.9792142510414124,0.9792142510414124,5.54327392578125,1.7372632026672363,2.114131212234497,1.1063594818115234,6.666064739227295,7.43533992767334,6.710841178894043,6.244162082672119,5.953790664672852,0.7234652638435364
Angelique,S32,NumWoGE,20F/A,Par,sequence_1,S32|NumWoGE|20F/A|Par,0.8382726311683655,0.8382726311683655,2.631063461303711,0.9836514592170715,3.4579570293426514,3.184497356414795,6.565337181091309,7.444680213928223,6.3826093673706055,6.634657859802246,6.404486179351807,2.688004970550537
Angelique,S32,NumWoGE,20F/S,Control,sequence_0,S32|NumWoGE|20F/S|Control,1.469131588935852,1.469131588935852,4.474956035614014,0.9284253120422363,5.629327774047852,0.7565881609916687,6.766523361206055,7.447591781616211,6.587848663330078,6.865987300872803,5.7629008293151855,4.491222381591797
Angelique,S32,NumWoGE,20F/S,Control,sequence_1,S32|NumWoGE|20F/S|Control,1.3290808200836182,1.3290808200836182,3.3983521461486816,0.8354746699333191,2.5255486965179443,1.651615023612976,6.88932466506958,7.675407886505127,6.493972301483154,6.490843296051025,6.238277435302734,1.005477786064148
Angelique,S32,NumWoGE,20F/S,Par,sequence_0,S32|NumWoGE|20F/S|Par,2.294884443283081,2.294884443283081,1.8031278848648071,1.0034370422363281,4.143401622772217,0.5491344332695007,6.969139099121094,7.228241443634033,6.4779276847839355,6.8523077964782715,5.6297712326049805,5.635924816131592
Angelique,S32,NumWoGE,20F/S,Par,sequence_1,S32|NumWoGE|20F/S|Par,0.9766573309898376,0.9766573309898376,3.488182783126831,1.7694590091705322,4.261475086212158,0.39770135283470154,6.724822044372559,7.263808727264404,6.810492992401123,6.764468193054199,5.398651599884033,1.955573558807373
Angelique,S33,Dig,1F,Control,sequence_0,S33|Dig|1F|Control,1.0636787414550781,1.0636787414550781,15.806095123291016,0.9634085297584534,4.7428436279296875,0.8757827281951904,6.367690563201904,7.227436065673828,5.716903209686279,6.158542156219482,5.166386127471924,0.2188916653394699
Angelique,S33,Dig,1F,Control,sequence_1,S33|Dig|1F|Control,2.648470640182495,2.648470640182495,11.822266578674316,1.0348596572875977,3.8453261852264404,1.6377801895141602,7.076625823974609,7.20989465713501,6.128954887390137,6.045590400695801,5.803905963897705,0.6754346489906311
Angelique,S33,Dig,1F,Par,sequence_0,S33|Dig|1F|Par,1.5421063899993896,1.5421063899993896,17.546655654907227,2.7941181659698486,6.066345691680908,0.9873509407043457,6.583370208740234,7.453530788421631,6.838877201080322,6.366020679473877,5.620121002197266,0.44875743985176086
Angelique,S33,Dig,1F,Par,sequence_1,S33|Dig|1F|Par,1.4453260898590088,1.4453260898590088,17.272354125976562,0.8369789123535156,7.194360733032227,1.2218526601791382,6.49892520904541,7.443756103515625,5.746726989746094,6.316285610198975,5.430229187011719,0.18211260437965393
Angelique,S33,Dig,20F/A,Control,sequence_0,S33|Dig|20F/A|Control,0.5060893893241882,0.5060893893241882,13.886760711669922,1.635614275932312,4.674593925476074,1.0675370693206787,6.2419562339782715,7.245966911315918,6.275907039642334,6.202650547027588,5.519327163696289,0.08041122555732727
Angelique,S33,Dig,20F/A,Control,sequence_1,S33|Dig|20F/A|Control,0.8927710652351379,0.8927710652351379,10.106788635253906,1.2002637386322021,6.554424285888672,1.5170363187789917,6.453135967254639,7.150096893310547,6.3440046310424805,6.515726566314697,5.798596382141113,0.3571963310241699
Angelique,S33,Dig,20F/A,Par,sequence_0,S33|Dig|20F/A|Par,1.8042129278182983,1.8042129278182983,13.784623146057129,0.738381564617157,6.063185214996338,1.8543577194213867,6.899594306945801,7.322506427764893,5.753384590148926,6.407980442047119,5.902503967285156,0.5221754908561707
Angelique,S33,Dig,20F/A,Par,sequence_1,S33|Dig|20F/A|Par,1.440207600593567,1.440207600593567,17.934228897094727,1.047378420829773,2.740149974822998,0.6970114707946777,6.605663776397705,7.434417724609375,6.260385036468506,6.015303611755371,5.389744758605957,0.5172635316848755
Angelique,S33,Dig,20F/S,Control,sequence_0,S33|Dig|20F/S|Control,0.6231529116630554,0.6231529116630554,16.321374893188477,1.2522609233856201,3.0347821712493896,1.5387334823608398,6.338677406311035,7.325641632080078,6.263651371002197,6.080221652984619,5.628118515014648,0.11068712174892426
Angelique,S33,Dig,20F/S,Control,sequence_1,S33|Dig|20F/S|Control,0.9847056269645691,0.9847056269645691,18.551071166992188,1.9581832885742188,5.2998223304748535,0.7870860695838928,6.332566738128662,7.343804359436035,6.175812721252441,6.187840938568115,5.249648094177246,0.15151560306549072
Angelique,S33,Dig,20F/S,Par,sequence_0,S33|Dig|20F/S|Par,0.8865964412689209,0.8865964412689209,16.333106994628906,1.2572556734085083,2.640700340270996,1.4488794803619385,6.543509483337402,7.416128158569336,5.890381813049316,5.935257434844971,5.683689117431641,0.23098891973495483
Angelique,S33,Dig,20F/S,Par,sequence_1,S33|Dig|20F/S|Par,0.8985977172851562,0.8985977172851562,19.260892868041992,1.3151545524597168,3.9995951652526855,0.6222920417785645,6.543102741241455,7.542818069458008,5.904285907745361,6.1427321434021,5.229272842407227,0.17284858226776123
Angelique,S33,NumWoGE,1F,Control,sequence_0,S33|NumWoGE|1F|Control,0.5440967082977295,0.5440967082977295,6.637714385986328,0.7678875923156738,10.863414764404297,1.3281582593917847,6.338018417358398,6.63785457611084,5.793434143066406,6.620326042175293,5.6261491775512695,0.48650112748146057
Angelique,S33,NumWoGE,1F,Control,sequence_1,S33|NumWoGE|1F|Control,2.8357090950012207,2.8357090950012207,7.52303409576416,1.0082409381866455,11.231550216674805,1.0425536632537842,6.9146952629089355,6.7982072830200195,6.439213752746582,6.848846912384033,5.545673370361328,3.361313819885254
Angelique,S33,NumWoGE,1F,Par,sequence_0,S33|NumWoGE|1F|Par,2.233160972595215,2.233160972595215,6.1450653076171875,0.9718162417411804,6.413997650146484,1.2464213371276855,6.873768329620361,6.597048759460449,5.794362545013428,6.551590442657471,5.5383501052856445,3.343242883682251
Angelique,S33,NumWoGE,1F,Par,sequence_1,S33|NumWoGE|1F|Par,1.6041632890701294,1.6041632890701294,7.635634422302246,0.9166760444641113,13.367599487304688,1.182043194770813,6.625120162963867,6.865963459014893,5.985692501068115,6.8738627433776855,5.585296154022217,1.1053247451782227
Angelique,S33,NumWoGE,20F/A,Control,sequence_0,S33|NumWoGE|20F/A|Control,0.795651376247406,0.795651376247406,4.735058307647705,0.6482976078987122,3.6882338523864746,1.0144509077072144,6.377926826477051,6.566656589508057,6.055832386016846,6.151471138000488,5.524197578430176,2.381232500076294
Angelique,S33,NumWoGE,20F/A,Control,sequence_1,S33|NumWoGE|20F/A|Control,0.37970444560050964,0.37970444560050964,2.5761361122131348,0.5339134335517883,2.812741279602051,0.6469948291778564,5.990527629852295,6.424134254455566,5.905516624450684,6.034100532531738,5.2451677322387695,56.76079177856445
Angelique,S33,NumWoGE,20F/A,Par,sequence_0,S33|NumWoGE|20F/A|Par,1.2215782403945923,1.2215782403945923,5.278782844543457,0.9111007452011108,5.849575042724609,1.0441277027130127,6.521152973175049,6.405248165130615,5.79980993270874,6.296409606933594,5.435268402099609,2.195664167404175
Angelique,S33,NumWoGE,20F/A,Par,sequence_1,S33|NumWoGE|20F/A|Par,0.8207693099975586,0.8207693099975586,3.919123888015747,0.6340836882591248,5.3014068603515625,1.4529441595077515,6.288936138153076,6.560390472412109,6.089817047119141,6.319640159606934,5.796761989593506,1.024780511856079
Angelique,S33,NumWoGE,20F/S,Control,sequence_0,S33|NumWoGE|20F/S|Control,3.2856295108795166,3.2856295108795166,4.711917877197266,0.8755277991294861,5.745012283325195,1.2474254369735718,7.132928371429443,6.548009395599365,5.947349548339844,6.432972431182861,5.60110330581665,8.027878761291504
Angelique,S33,NumWoGE,20F/S,Control,sequence_1,S33|NumWoGE|20F/S|Control,1.9403910636901855,1.9403910636901855,7.186821460723877,1.519308090209961,7.275140762329102,1.1964941024780273,6.764891624450684,6.734981536865234,5.9783616065979,6.373924255371094,5.491384029388428,3.9459452629089355
Angelique,S33,NumWoGE,20F/S,Par,sequence_0,S33|NumWoGE|20F/S|Par,0.8414806127548218,0.8414806127548218,2.905561923980713,1.688165545463562,5.330100059509277,0.822185218334198,6.405764579772949,6.188687324523926,6.079996109008789,6.179840564727783,5.399121284484863,3.3822646141052246
Angelique,S33,NumWoGE,20F/S,Par,sequence_1,S33|NumWoGE|20F/S|Par,1.1224751472473145,1.1224751472473145,4.698169231414795,1.002394676208496,5.269598960876465,1.2676279544830322,6.680837154388428,6.7908782958984375,6.037158966064453,6.172409534454346,5.5857768058776855,0.8278037905693054
Angelique,S34,Dig,1F,Control,sequence_0,S34|Dig|1F|Control,2.207212209701538,2.207212209701538,4.655357837677002,0.8379563689231873,6.876258373260498,1.8259382247924805,6.811405181884766,7.094543933868408,5.975045204162598,7.0347394943237305,5.973217010498047,1.5019075870513916
Angelique,S34,Dig,1F,Control,sequence_1,S34|Dig|1F|Control,1.419049620628357,1.419049620628357,3.5960686206817627,1.7377572059631348,8.616704940795898,0.9035434126853943,6.5968427658081055,6.751846790313721,6.256042957305908,7.130179405212402,5.673437595367432,1.998213768005371
Angelique,S34,Dig,1F,Par,sequence_0,S34|Dig|1F|Par,1.2775652408599854,1.2775652408599854,5.3857245445251465,1.612180471420288,6.093814373016357,1.5423402786254883,6.437552452087402,7.011190414428711,6.275591850280762,6.880716800689697,6.002453804016113,1.3666326999664307
Angelique,S34,Dig,1F,Par,sequence_1,S34|Dig|1F|Par,0.8650715947151184,0.8650715947151184,5.343583583831787,0.7457582354545593,5.462681770324707,3.0459096431732178,6.4324235916137695,7.254497528076172,6.0324907302856445,6.887766361236572,6.396695613861084,0.6071096062660217
Angelique,S34,Dig,20F/A,Control,sequence_0,S34|Dig|20F/A|Control,2.0171661376953125,2.0171661376953125,6.699146270751953,1.317393183708191,4.273138046264648,1.1844189167022705,6.78782844543457,7.155283451080322,6.090995788574219,6.709537506103516,5.659732818603516,1.1364961862564087
Angelique,S34,Dig,20F/A,Control,sequence_1,S34|Dig|20F/A|Control,1.6559998989105225,1.6559998989105225,8.963058471679688,0.9590736627578735,4.565285682678223,1.1198573112487793,6.767866134643555,7.559072017669678,6.272622585296631,6.865818023681641,5.651655673980713,0.47913241386413574
Angelique,S34,Dig,20F/A,Par,sequence_0,S34|Dig|20F/A|Par,1.832403302192688,1.832403302192688,5.552319049835205,0.4848897159099579,3.698350429534912,1.3731744289398193,6.798366069793701,6.917394638061523,5.6550703048706055,6.556290149688721,5.748803615570068,7.523800849914551
Angelique,S34,Dig,20F/A,Par,sequence_1,S34|Dig|20F/A|Par,3.0608832836151123,3.0608832836151123,9.212347984313965,0.6915959715843201,1.4385560750961304,0.8895888924598694,6.989829063415527,7.431551456451416,5.8822808265686035,6.272716522216797,5.664525032043457,1.1585333347320557
Angelique,S34,Dig,20F/S,Control,sequence_0,S34|Dig|20F/S|Control,1.0837570428848267,1.0837570428848267,6.197526454925537,1.1533150672912598,4.782089710235596,1.037964940071106,6.4984636306762695,7.272963523864746,6.068182945251465,6.772947788238525,5.628563404083252,0.8291476368904114
Angelique,S34,Dig,20F/S,Control,sequence_1,S34|Dig|20F/S|Control,1.6159173250198364,1.6159173250198364,7.784566402435303,1.9819358587265015,4.8065361976623535,1.5719013214111328,6.734317779541016,7.333785533905029,6.371033668518066,6.726755142211914,5.734954833984375,0.34956058859825134
Angelique,S34,Dig,20F/S,Par,sequence_0,S34|Dig|20F/S|Par,2.1506803035736084,2.1506803035736084,8.219980239868164,0.9127371311187744,8.173988342285156,1.186900019645691,6.7290520668029785,7.224165916442871,5.997140407562256,7.214419364929199,5.753421306610107,0.9015175104141235
Angelique,S34,Dig,20F/S,Par,sequence_1,S34|Dig|20F/S|Par,2.470593214035034,2.470593214035034,5.753901958465576,1.0031838417053223,4.615349769592285,0.5566266179084778,6.905747413635254,6.963685989379883,6.110217094421387,6.855290412902832,5.45745849609375,5.788327217102051
Angelique,S34,NumWoGE,1F,Control,sequence_0,S34|NumWoGE|1F|Control,0.9507172703742981,0.9507172703742981,10.456130027770996,1.2219173908233643,5.03654146194458,1.5297967195510864,6.7188920974731445,7.772408962249756,6.145925521850586,6.870881080627441,5.97847318649292,0.7162734866142273
Angelique,S34,NumWoGE,1F,Control,sequence_1,S34|NumWoGE|1F|Control,0.8184346556663513,0.8184346556663513,9.061531066894531,0.7760350704193115,7.6655426025390625,0.6005003452301025,6.6080756187438965,7.597410202026367,6.024603366851807,7.017925262451172,5.532309532165527,0.3741169273853302
Angelique,S34,NumWoGE,1F,Par,sequence_0,S34|NumWoGE|1F|Par,1.1061731576919556,1.1061731576919556,11.880806922912598,2.4705607891082764,4.474645137786865,1.373351812362671,6.55303955078125,7.708611965179443,6.400096416473389,6.7016119956970215,5.718695640563965,0.38539159297943115
Angelique,S34,NumWoGE,1F,Par,sequence_1,S34|NumWoGE|1F|Par,1.798527717590332,1.798527717590332,8.50413990020752,0.7908645868301392,6.200405120849609,0.7644836902618408,6.7651848793029785,7.5565185546875,5.971425533294678,6.8418755531311035,5.668915271759033,0.4068777561187744
Angelique,S34,NumWoGE,20F/A,Control,sequence_0,S34|NumWoGE|20F/A|Control,1.7346819639205933,1.7346819639205933,9.194860458374023,0.5253373980522156,1.2966562509536743,0.572979211807251,6.702047348022461,7.454257011413574,5.767255783081055,6.138668060302734,5.663674831390381,0.4451879858970642
Angelique,S34,NumWoGE,20F/A,Control,sequence_1,S34|NumWoGE|20F/A|Control,0.8517743945121765,0.8517743945121765,8.826506614685059,1.0068156719207764,2.8431601524353027,1.3213298320770264,6.39479923248291,7.5702056884765625,6.1138458251953125,6.549771308898926,5.954034805297852,0.1786675602197647
Angelique,S34,NumWoGE,20F/A,Par,sequence_0,S34|NumWoGE|20F/A|Par,0.9137281179428101,0.9137281179428101,7.00222110748291,0.9304240345954895,2.911010503768921,1.0425783395767212,6.613064765930176,7.167503356933594,6.101507186889648,6.663354396820068,5.837602138519287,0.49045372009277344
Angelique,S34,NumWoGE,20F/A,Par,sequence_1,S34|NumWoGE|20F/A|Par,0.5870735049247742,0.5870735049247742,9.305270195007324,1.0948175191879272,2.61246395111084,0.7036765813827515,6.274949073791504,7.439464569091797,6.066978454589844,6.392880439758301,5.437462329864502,0.15984193980693817
Angelique,S34,NumWoGE,20F/S,Control,sequence_0,S34|NumWoGE|20F/S|Control,1.3178168535232544,1.3178168535232544,8.835206985473633,0.6801285147666931,3.582589626312256,1.402923583984375,6.604246139526367,7.330161094665527,5.99015998840332,6.594732284545898,5.765352725982666,0.35666221380233765
Angelique,S34,NumWoGE,20F/S,Control,sequence_1,S34|NumWoGE|20F/S|Control,1.3289536237716675,1.3289536237716675,9.676101684570312,0.7716151475906372,5.212028980255127,0.789965808391571,6.538164138793945,7.48036527633667,5.928929328918457,6.773374080657959,5.528770446777344,0.33146604895591736
Angelique,S34,NumWoGE,20F/S,Par,sequence_0,S34|NumWoGE|20F/S|Par,0.7323379516601562,0.7323379516601562,8.875807762145996,1.3133344650268555,3.212869882583618,0.7509133815765381,6.412476539611816,7.348605632781982,6.083776950836182,6.651071071624756,5.632314682006836,5.067689418792725
Angelique,S34,NumWoGE,20F/S,Par,sequence_1,S34|NumWoGE|20F/S|Par,1.6421056985855103,1.6421056985855103,6.176321029663086,1.3836554288864136,3.1761584281921387,1.694899559020996,6.604953289031982,7.418628692626953,6.1799845695495605,6.535837650299072,5.888034343719482,0.6839286684989929
Angelique,S35,Dig,1F,Control,sequence_0,S35|Dig|1F|Control,0.7858894467353821,0.7858894467353821,2.4210216999053955,1.8020548820495605,3.2727785110473633,1.4635847806930542,6.916385173797607,6.713022708892822,6.190500259399414,6.355508327484131,5.850448131561279,1.311964750289917
Angelique,S35,Dig,1F,Control,sequence_1,S35|Dig|1F|Control,0.4417298138141632,0.4417298138141632,5.856998920440674,0.5789673924446106,2.1205365657806396,1.0094850063323975,6.76132869720459,7.320678234100342,6.029426574707031,6.187209129333496,5.690408229827881,0.13661201298236847
Angelique,S35,Dig,1F,Par,sequence_0,S35|Dig|1F|Par,0.7253026366233826,0.7253026366233826,2.8559322357177734,0.5974125862121582,5.103948593139648,1.3020719289779663,6.862692832946777,6.715099334716797,5.842299461364746,6.527543067932129,5.857388973236084,1.3810068368911743
Angelique,S35,Dig,1F,Par,sequence_1,S35|Dig|1F|Par,1.8108772039413452,1.8108772039413452,4.013217449188232,1.1422995328903198,2.147019147872925,0.7940170764923096,7.272830009460449,6.984429836273193,6.20866060256958,6.201143741607666,5.684349060058594,1.4114528894424438
Angelique,S35,Dig,20F/A,Control,sequence_0,S35|Dig|20F/A|Control,0.8251900672912598,0.8251900672912598,10.089179992675781,0.6710352897644043,2.662755012512207,1.109133243560791,6.784371852874756,7.385275363922119,5.845863342285156,6.149168491363525,5.691309928894043,0.6370595097541809
Angelique,S35,Dig,20F/A,Control,sequence_1,S35|Dig|20F/A|Control,1.176916480064392,1.176916480064392,8.46258544921875,0.5031211972236633,0.8312153816223145,0.8857170939445496,6.8004150390625,7.255496025085449,5.779652118682861,5.652795314788818,5.5955915451049805,0.24951289594173431
Angelique,S35,Dig,20F/A,Par,sequence_0,S35|Dig|20F/A|Par,1.3006795644760132,1.3006795644760132,9.360867500305176,1.0529704093933105,1.1871837377548218,0.7149149775505066,7.148468494415283,7.200704574584961,6.025318145751953,5.959827899932861,5.522006034851074,0.7738826870918274
Angelique,S35,Dig,20F/A,Par,sequence_1,S35|Dig|20F/A|Par,1.6820549964904785,1.6820549964904785,8.523109436035156,0.9212557077407837,2.153308391571045,0.5190234780311584,7.156056880950928,7.235280990600586,5.948568344116211,6.172555923461914,5.399326801300049,0.6549263000488281
Angelique,S35,Dig,20F/S,Control,sequence_0,S35|Dig|20F/S|Control,0.4360239505767822,0.4360239505767822,8.010751724243164,0.4058179259300232,0.8128300309181213,1.307826042175293,6.488232612609863,7.290561676025391,5.666831970214844,5.720588207244873,5.822516441345215,0.2293042540550232
Angelique,S35,Dig,20F/S,Control,sequence_1,S35|Dig|20F/S|Control,0.8667929172515869,0.8667929172515869,8.282951354980469,1.685141682624817,1.2813562154769897,1.3519036769866943,6.773488998413086,7.1764349937438965,6.433276176452637,5.912148475646973,5.934965133666992,0.34966176748275757
Angelique,S35,Dig,20F/S,Par,sequence_0,S35|Dig|20F/S|Par,1.3905123472213745,1.3905123472213745,6.786225318908691,0.5912855267524719,1.3479207754135132,0.9549359679222107,6.5931596755981445,7.012112140655518,5.885505199432373,5.803403854370117,5.536641597747803,0.9145975112915039
Angelique,S35,Dig,20F/S,Par,sequence_1,S35|Dig|20F/S|Par,1.5015666484832764,1.5015666484832764,6.200397491455078,0.8400101661682129,1.3831031322479248,0.7748983502388,7.2111430168151855,7.183958053588867,6.082658290863037,5.922871112823486,5.632116317749023,1.1008694171905518
Angelique,S35,NumWoGE,1F,Control,sequence_0,S35|NumWoGE|1F|Control,1.854410171508789,1.854410171508789,7.328006744384766,1.3666343688964844,2.627073287963867,0.9051505923271179,6.862841606140137,7.1680498123168945,6.147687911987305,6.293920516967773,5.695608139038086,0.8404831886291504
Angelique,S35,NumWoGE,1F,Control,sequence_1,S35|NumWoGE|1F|Control,1.4033524990081787,1.4033524990081787,4.821075439453125,0.7822114825248718,2.7995548248291016,1.0655755996704102,6.950592994689941,6.989430904388428,5.991654872894287,6.222164154052734,5.741014003753662,0.7941126227378845
Angelique,S35,NumWoGE,1F,Par,sequence_0,S35|NumWoGE|1F|Par,0.7537336945533752,0.7537336945533752,3.4551897048950195,0.5720218420028687,1.8120275735855103,1.535512924194336,6.833869457244873,7.015881061553955,5.8051018714904785,6.072300910949707,5.794386386871338,1.069406509399414
Angelique,S35,NumWoGE,1F,Par,sequence_1,S35|NumWoGE|1F|Par,0.42942261695861816,0.42942261695861816,2.867792844772339,0.5779300928115845,1.0745753049850464,1.0562793016433716,6.608270645141602,6.839572429656982,5.770782470703125,5.845214366912842,5.879818439483643,0.34737440943717957
Angelique,S35,NumWoGE,20F/A,Control,sequence_0,S35|NumWoGE|20F/A|Control,0.9799368381500244,0.9799368381500244,4.44317626953125,0.9616564512252808,2.921689748764038,0.5681090354919434,6.893191337585449,7.088581085205078,5.936991214752197,6.301043510437012,5.387331485748291,0.4742032289505005
Angelique,S35,NumWoGE,20F/A,Control,sequence_1,S35|NumWoGE|20F/A|Control,0.6924660801887512,0.6924660801887512,9.534793853759766,1.9253405332565308,1.7388170957565308,1.1990666389465332,6.557394981384277,7.29599666595459,6.507548809051514,5.9588165283203125,5.662776470184326,0.13024070858955383
Angelique,S35,NumWoGE,20F/A,Par,sequence_0,S35|NumWoGE|20F/A|Par,2.049170970916748,2.049170970916748,3.989096164703369,1.1800099611282349,2.1728978157043457,1.0249046087265015,7.382998943328857,7.097330093383789,6.448574066162109,6.098236083984375,5.717051029205322,1.8283271789550781
Angelique,S35,NumWoGE,20F/A,Par,sequence_1,S35|NumWoGE|20F/A|Par,0.5314345359802246,0.5314345359802246,3.281923770904541,1.1244630813598633,1.540108561515808,0.8855581879615784,6.50290584564209,6.920003890991211,6.1559739112854,6.036379337310791,5.587398529052734,0.3433217704296112
Angelique,S35,NumWoGE,20F/S,Control,sequence_0,S35|NumWoGE|20F/S|Control,1.5226842164993286,1.5226842164993286,8.42186164855957,2.2786242961883545,3.2265474796295166,1.0565955638885498,7.062026023864746,7.349386692047119,6.402651786804199,6.377607822418213,5.721858024597168,0.3027697503566742
Angelique,S35,NumWoGE,20F/S,Control,sequence_1,S35|NumWoGE|20F/S|Control,0.7841945290565491,0.7841945290565491,9.972947120666504,0.9635967016220093,0.882994532585144,1.041395902633667,6.710073947906494,7.297842979431152,6.041484355926514,5.729946136474609,5.711931228637695,0.2104657143354416
Angelique,S35,NumWoGE,20F/S,Par,sequence_0,S35|NumWoGE|20F/S|Par,0.9276230335235596,0.9276230335235596,5.361119747161865,0.9877912998199463,0.9427486658096313,1.2107744216918945,6.876227378845215,7.161887168884277,5.822635173797607,5.82419490814209,5.737566947937012,1.4851672649383545
Angelique,S35,NumWoGE,20F/S,Par,sequence_1,S35|NumWoGE|20F/S|Par,3.275442600250244,3.275442600250244,6.623764514923096,0.9088299870491028,1.5937132835388184,1.4127696752548218,7.465507984161377,7.193687438964844,6.091312408447266,6.135035991668701,5.7845258712768555,2.2110493183135986
Angelique,S37,Dig,1F,Control,sequence_0,S37|Dig|1F|Control,1.1645901203155518,1.1645901203155518,2.0870540142059326,0.7752297520637512,2.316255569458008,0.9028071761131287,6.754880905151367,7.723243236541748,7.144330024719238,6.356281757354736,6.143703460693359,1.6327999830245972
Angelique,S37,Dig,1F,Control,sequence_1,S37|Dig|1F|Control,0.4367862641811371,0.4367862641811371,7.603739261627197,0.6081564426422119,5.050380229949951,0.867138683795929,6.253040313720703,8.252445220947266,6.732318878173828,6.9603962898254395,6.162364482879639,0.12734706699848175
Angelique,S37,Dig,1F,Par,sequence_0,S37|Dig|1F|Par,1.0397840738296509,1.0397840738296509,3.4993040561676025,1.5539815425872803,4.74985408782959,0.5696134567260742,6.686866760253906,7.892683982849121,7.419645309448242,6.734532833099365,5.992614269256592,0.5535775423049927
Angelique,S37,Dig,1F,Par,sequence_1,S37|Dig|1F|Par,1.1748868227005005,1.1748868227005005,2.42809796333313,0.3431844413280487,1.3936967849731445,1.9752380847930908,6.824644565582275,7.521230220794678,6.416222095489502,6.210987091064453,6.514854907989502,1.1564298868179321
Angelique,S37,Dig,20F/A,Control,sequence_0,S37|Dig|20F/A|Control,0.7944869995117188,0.7944869995117188,3.7515957355499268,3.3112738132476807,6.6812310218811035,0.9225760102272034,6.571568012237549,7.47780704498291,7.62841796875,6.902834415435791,6.125641345977783,1.5361988544464111
Angelique,S37,Dig,20F/A,Control,sequence_1,S37|Dig|20F/A|Control,1.3596343994140625,1.3596343994140625,5.205349922180176,0.7285280823707581,4.099322319030762,0.7987446784973145,6.815755844116211,7.746706962585449,7.063007354736328,6.703586101531982,6.071396350860596,1.1649106740951538
Angelique,S37,Dig,20F/A,Par,sequence_0,S37|Dig|20F/A|Par,1.022047758102417,1.022047758102417,5.484493255615234,0.735413670539856,4.773529529571533,0.7345938086509705,6.380980968475342,7.918818950653076,7.144809722900391,6.837960720062256,6.034552574157715,0.6317670345306396
Angelique,S37,Dig,20F/A,Par,sequence_1,S37|Dig|20F/A|Par,0.4571625590324402,0.4571625590324402,1.6413182020187378,0.3856591582298279,6.044985771179199,0.4515569806098938,6.428662300109863,7.770030498504639,6.596461772918701,7.065157413482666,5.84689474105835,0.9376116394996643
Angelique,S37,Dig,20F/S,Control,sequence_0,S37|Dig|20F/S|Control,0.8233840465545654,0.8233840465545654,6.068797588348389,1.4630557298660278,4.9734296798706055,1.3186944723129272,6.458436965942383,7.837635040283203,7.132343292236328,6.743067264556885,6.500053405761719,0.6014971733093262
Angelique,S37,Dig,20F/S,Control,sequence_1,S37|Dig|20F/S|Control,0.5715441703796387,0.5715441703796387,3.645639181137085,0.9393478035926819,2.581967830657959,1.6026047468185425,6.821689128875732,7.9235005378723145,7.071448802947998,6.699679374694824,6.470088481903076,0.43186211585998535
Angelique,S37,Dig,20F/S,Par,sequence_0,S37|Dig|20F/S|Par,1.181010127067566,1.181010127067566,5.293674468994141,0.7278059720993042,4.665555953979492,1.037499189376831,6.59234619140625,7.884824752807617,6.973590850830078,6.640304088592529,6.157789707183838,0.354048490524292
Angelique,S37,Dig,20F/S,Par,sequence_1,S37|Dig|20F/S|Par,0.8862212300300598,0.8862212300300598,4.525596618652344,0.5337970852851868,4.003415584564209,0.5803084373474121,6.632484436035156,8.176260948181152,6.657869338989258,6.702627658843994,5.970736503601074,0.46834832429885864
Angelique,S37,NumWoGE,1F,Control,sequence_0,S37|NumWoGE|1F|Control,1.4244359731674194,1.4244359731674194,6.047003269195557,1.4812228679656982,5.401608467102051,1.3321059942245483,6.638115882873535,7.672051906585693,7.186138153076172,6.901451110839844,6.227769374847412,0.5241543054580688
Angelique,S37,NumWoGE,1F,Control,sequence_1,S37|NumWoGE|1F|Control,1.5826573371887207,1.5826573371887207,2.005373001098633,1.3710241317749023,10.53742504119873,0.5526940822601318,7.2043938636779785,7.819446563720703,7.048598289489746,7.141962051391602,5.821815490722656,2.10551381111145
Angelique,S37,NumWoGE,1F,Par,sequence_0,S37|NumWoGE|1F|Par,0.9569802284240723,0.9569802284240723,5.2243218421936035,1.783542275428772,5.078532695770264,1.2658637762069702,6.543164253234863,7.55211877822876,7.582871437072754,6.970766544342041,6.235682010650635,1.4383372068405151
Angelique,S37,NumWoGE,1F,Par,sequence_1,S37|NumWoGE|1F|Par,1.2486976385116577,1.2486976385116577,3.767683506011963,0.7644848823547363,4.70034122467041,1.8543603420257568,6.595458030700684,7.644837379455566,7.0197038650512695,6.919155120849609,6.597152233123779,1.1841459274291992
Angelique,S37,NumWoGE,20F/A,Control,sequence_0,S37|NumWoGE|20F/A|Control,0.9621968269348145,0.9621968269348145,1.5534321069717407,2.6145784854888916,1.2111897468566895,0.8044785261154175,6.593751907348633,7.62983512878418,7.292960166931152,6.211491107940674,6.14243745803833,1.1293240785598755
Angelique,S37,NumWoGE,20F/A,Control,sequence_1,S37|NumWoGE|20F/A|Control,1.136473298072815,1.136473298072815,6.162995338439941,1.5587269067764282,3.3501553535461426,0.4116542339324951,6.635448932647705,7.826329708099365,7.1946940422058105,6.646057605743408,5.825631618499756,0.5450045466423035
Angelique,S37,NumWoGE,20F/A,Par,sequence_0,S37|NumWoGE|20F/A|Par,0.7079789638519287,0.7079789638519287,2.3538506031036377,1.357686996459961,2.7475175857543945,1.5582473278045654,6.75492000579834,7.666384696960449,7.32014274597168,6.622962951660156,6.531704425811768,1.5020813941955566
Angelique,S37,NumWoGE,20F/A,Par,sequence_1,S37|NumWoGE|20F/A|Par,1.1220124959945679,1.1220124959945679,3.249251365661621,0.7634358406066895,1.7282404899597168,0.9121922254562378,6.782763481140137,7.4368767738342285,6.991880893707275,6.461946487426758,6.273158073425293,3.412355422973633
Angelique,S37,NumWoGE,20F/S,Control,sequence_0,S37|NumWoGE|20F/S|Control,0.9343037605285645,0.9343037605285645,4.301229953765869,1.1192349195480347,9.494073867797852,0.9858757257461548,6.51702356338501,7.652069091796875,7.134772300720215,7.281269073486328,6.206860065460205,0.6137495636940002
Angelique,S37,NumWoGE,20F/S,Control,sequence_1,S37|NumWoGE|20F/S|Control,1.762454867362976,1.762454867362976,4.467796802520752,1.2234355211257935,7.131577491760254,1.6543549299240112,6.974806785583496,7.724918365478516,7.252667427062988,6.988598346710205,6.445520877838135,2.7847886085510254
Angelique,S37,NumWoGE,20F/S,Par,sequence_0,S37|NumWoGE|20F/S|Par,1.0694944858551025,1.0694944858551025,6.171925067901611,0.9641843438148499,9.631693840026855,0.6055991053581238,6.623178005218506,7.744425296783447,7.006656646728516,7.199198246002197,5.908341407775879,0.9027829766273499
Angelique,S37,NumWoGE,20F/S,Par,sequence_1,S37|NumWoGE|20F/S|Par,2.023649215698242,2.023649215698242,6.793193340301514,0.2729642391204834,5.886682987213135,0.5680522322654724,6.910266876220703,7.883892059326172,6.591087818145752,6.935633182525635,5.902512073516846,1.4448537826538086
Angelique,S38,Dig,1F,Control,sequence_0,S38|Dig|1F|Control,1.5833899974822998,1.5833899974822998,6.3202714920043945,1.2491227388381958,7.0467071533203125,0.8307385444641113,6.959529399871826,7.259424209594727,6.857837200164795,7.103969573974609,5.950784206390381,0.7924990653991699
Angelique,S38,Dig,1F,Control,sequence_1,S38|Dig|1F|Control,0.7447490692138672,0.7447490692138672,2.9911062717437744,0.9052937030792236,3.769251585006714,0.7360570430755615,6.504476070404053,6.876298904418945,6.676357269287109,6.886791229248047,6.011199474334717,2.01100492477417
Angelique,S38,Dig,1F,Par,sequence_0,S38|Dig|1F|Par,3.1398823261260986,3.1398823261260986,2.0228278636932373,2.3094959259033203,2.217075824737549,0.4905455410480499,7.076029300689697,6.994213104248047,7.05526065826416,6.644773960113525,5.770845413208008,3.7216479778289795
Angelique,S38,Dig,1F,Par,sequence_1,S38|Dig|1F|Par,1.311315894126892,1.311315894126892,5.565253257751465,0.46201369166374207,5.204031467437744,0.7674779891967773,6.9211578369140625,7.274104595184326,6.423301696777344,7.053203105926514,6.028604030609131,0.9475291967391968
Angelique,S38,Dig,20F/A,Control,sequence_0,S38|Dig|20F/A|Control,0.6361246109008789,0.6361246109008789,5.168308734893799,1.0586453676223755,2.2152445316314697,0.752196192741394,6.396834850311279,7.257812976837158,6.676827907562256,6.4261794090271,5.995414733886719,0.249885693192482
Angelique,S38,Dig,20F/A,Control,sequence_1,S38|Dig|20F/A|Control,1.8824167251586914,1.8824167251586914,8.073083877563477,0.7060058116912842,2.870670795440674,1.161394715309143,6.980366230010986,7.488112926483154,6.4298601150512695,6.675967216491699,6.3910908699035645,0.4146510660648346
Angelique,S38,Dig,20F/A,Par,sequence_0,S38|Dig|20F/A|Par,0.7904973030090332,0.7904973030090332,8.420708656311035,0.6693668961524963,1.499813199043274,0.6950113773345947,6.6447978019714355,7.543506622314453,6.690082550048828,6.451532363891602,5.877362251281738,0.2609167695045471
Angelique,S38,Dig,20F/A,Par,sequence_1,S38|Dig|20F/A|Par,0.7182154655456543,0.7182154655456543,8.934086799621582,1.3882101774215698,2.6033709049224854,1.0100059509277344,6.528749465942383,7.457512855529785,6.780167579650879,6.7013349533081055,6.052392482757568,0.4485677182674408
Angelique,S38,Dig,20F/S,Control,sequence_0,S38|Dig|20F/S|Control,1.634932041168213,1.634932041168213,7.170848369598389,1.2996147871017456,0.9089471101760864,0.716310977935791,6.874492645263672,7.3543877601623535,6.909186840057373,6.071978569030762,6.036739826202393,1.020642638206482
Angelique,S38,Dig,20F/S,Control,sequence_1,S38|Dig|20F/S|Control,0.8485444188117981,0.8485444188117981,2.686300277709961,0.43753525614738464,1.2388226985931396,0.8000285625457764,6.7168731689453125,7.063790321350098,6.559105396270752,6.307776927947998,5.998571395874023,1.5384470224380493
Angelique,S38,Dig,20F/S,Par,sequence_0,S38|Dig|20F/S|Par,1.7620182037353516,1.7620182037353516,6.235386371612549,0.8169195055961609,4.39666223526001,1.3611730337142944,6.841411590576172,7.521875858306885,6.5622358322143555,6.805422306060791,6.1793036460876465,0.9416943788528442
Angelique,S38,Dig,20F/S,Par,sequence_1,S38|Dig|20F/S|Par,1.1536980867385864,1.1536980867385864,4.894973278045654,1.2887624502182007,2.115013837814331,0.7691265344619751,6.78937292098999,7.250971794128418,6.987174034118652,6.556809425354004,5.850013256072998,3.162848711013794
Angelique,S38,NumWoGE,1F,Control,sequence_0,S38|NumWoGE|1F|Control,1.220723271369934,1.220723271369934,5.054427623748779,0.819354772567749,5.813478469848633,1.1545841693878174,6.6551594734191895,7.40943717956543,6.587517738342285,6.903092384338379,6.127347469329834,0.6821678876876831
Angelique,S38,NumWoGE,1F,Control,sequence_1,S38|NumWoGE|1F|Control,1.9254345893859863,1.9254345893859863,2.155090808868408,0.6311867237091064,4.4134697914123535,1.0202226638793945,7.0491461753845215,7.103382110595703,6.397443771362305,6.883484840393066,6.11134147644043,5.563844680786133
Angelique,S38,NumWoGE,1F,Par,sequence_0,S38|NumWoGE|1F|Par,2.3393893241882324,2.3393893241882324,6.619431972503662,0.7674535512924194,3.437159299850464,1.2121673822402954,6.995800018310547,7.348293304443359,6.693859100341797,6.771517753601074,6.15061616897583,2.3272290229797363
Angelique,S38,NumWoGE,1F,Par,sequence_1,S38|NumWoGE|1F|Par,0.7914286255836487,0.7914286255836487,5.7944440841674805,0.5470910668373108,5.875944137573242,1.0711379051208496,6.555288791656494,7.430812358856201,6.574286937713623,7.162444114685059,6.098926544189453,0.4638281762599945
Angelique,S38,NumWoGE,20F/A,Control,sequence_0,S38|NumWoGE|20F/A|Control,1.0185174942016602,1.0185174942016602,2.3077762126922607,1.2555229663848877,1.088615894317627,1.4100902080535889,6.550418853759766,6.8320722579956055,6.739151477813721,6.160464763641357,6.290612697601318,1.392565369606018
Angelique,S38,NumWoGE,20F/A,Control,sequence_1,S38|NumWoGE|20F/A|Control,1.5003292560577393,1.5003292560577393,9.758752822875977,0.9800998568534851,2.143444776535034,0.6499399542808533,6.809424877166748,7.556990623474121,6.802417755126953,6.5471038818359375,5.994836330413818,0.5150527954101562
Angelique,S38,NumWoGE,20F/A,Par,sequence_0,S38|NumWoGE|20F/A|Par,2.1195385456085205,2.1195385456085205,6.977318286895752,1.065283179283142,1.5898908376693726,1.583951711654663,7.052009582519531,7.430150985717773,6.675041675567627,6.38560152053833,6.3194260597229,0.4709184765815735
Angelique,S38,NumWoGE,20F/A,Par,sequence_1,S38|NumWoGE|20F/A|Par,0.9421510100364685,0.9421510100364685,7.071878433227539,1.2118654251098633,1.3388749361038208,0.977364718914032,6.629105091094971,7.393826007843018,6.726912021636963,6.262748718261719,6.154400825500488,0.6438418626785278
Angelique,S38,NumWoGE,20F/S,Control,sequence_0,S38|NumWoGE|20F/S|Control,1.347556471824646,1.347556471824646,6.521105766296387,1.1899770498275757,2.0831761360168457,1.0826789140701294,6.9450907707214355,7.405383586883545,6.73402214050293,6.563416004180908,6.272911548614502,0.769122302532196
Angelique,S38,NumWoGE,20F/S,Control,sequence_1,S38|NumWoGE|20F/S|Control,1.2446109056472778,1.2446109056472778,5.220860958099365,0.49510422348976135,1.4451873302459717,0.640553891658783,6.631468296051025,7.363017559051514,6.31016206741333,6.285254001617432,5.843698024749756,0.5377531051635742
Angelique,S38,NumWoGE,20F/S,Par,sequence_0,S38|NumWoGE|20F/S|Par,0.8984631299972534,0.8984631299972534,6.076945781707764,0.9686195254325867,3.342055559158325,1.2168359756469727,6.687817573547363,7.376791000366211,6.553403854370117,6.696690082550049,6.247941493988037,0.40267637372016907
Angelique,S38,NumWoGE,20F/S,Par,sequence_1,S38|NumWoGE|20F/S|Par,1.290927767753601,1.290927767753601,7.1952619552612305,1.2658026218414307,1.361626386642456,0.9667769074440002,6.756294250488281,7.415863037109375,6.8509602546691895,6.3156561851501465,6.164779186248779,1.8169667720794678
Talia,S01,Dig,10F/M,Control,sequence_0,S01|Dig|10F/M|Control,0.8080744743347168,0.8080744743347168,4.481660842895508,3.3993871212005615,0.8963555693626404,2.1884098052978516,6.755486965179443,7.380990028381348,7.301364898681641,5.785614490509033,6.009815216064453,0.9262875318527222
Talia,S01,Dig,10F/M,Control,sequence_1,S01|Dig|10F/M|Control,1.2695519924163818,1.2695519924163818,5.2707366943359375,1.512272596359253,1.2002686262130737,0.9767628908157349,6.565135478973389,7.4461445808410645,7.0257391929626465,5.877927780151367,5.560665130615234,0.3034743368625641
Talia,S01,Dig,10F/M,Control,sequence_2,S01|Dig|10F/M|Control,1.2680060863494873,1.2680060863494873,3.906876564025879,0.5690261721611023,1.6980657577514648,1.3394190073013306,6.647624969482422,7.208119869232178,6.289196014404297,6.120569705963135,5.736357688903809,0.5623447299003601
Talia,S01,Dig,10F/M,Par,sequence_0,S01|Dig|10F/M|Par,0.9386733770370483,0.9386733770370483,4.936425685882568,1.8075509071350098,0.37135735154151917,1.1397309303283691,6.655033111572266,7.400302886962891,7.1285624504089355,5.44606351852417,5.737197399139404,0.44122496247291565
Talia,S01,Dig,10F/M,Par,sequence_1,S01|Dig|10F/M|Par,0.6943885087966919,0.6943885087966919,5.472301483154297,1.5390222072601318,1.0538820028305054,1.0243420600891113,6.582273483276367,7.429744243621826,6.888658046722412,5.769670486450195,5.652291774749756,0.4120579659938812
Talia,S01,Dig,10F/M,Par,sequence_2,S01|Dig|10F/M|Par,0.8912498354911804,0.8912498354911804,2.1011080741882324,0.7994286417961121,1.6647800207138062,1.3932868242263794,6.797131061553955,7.128320693969727,6.510364532470703,6.023157596588135,5.8615498542785645,1.215731143951416
Talia,S01,Dig,10F/S,Control,sequence_0,S01|Dig|10F/S|Control,1.0308313369750977,1.0308313369750977,4.232644557952881,0.6640375852584839,2.6859397888183594,1.9470758438110352,6.849902629852295,7.191488742828369,6.527290344238281,6.211860179901123,5.978365421295166,0.7663036584854126
Talia,S01,Dig,10F/S,Control,sequence_1,S01|Dig|10F/S|Control,0.783412516117096,0.783412516117096,3.173813581466675,0.5651555061340332,1.9568758010864258,0.4938587248325348,6.879247665405273,7.346042156219482,6.414819240570068,5.948777675628662,5.401928424835205,0.43485116958618164
Talia,S01,Dig,10F/S,Control,sequence_2,S01|Dig|10F/S|Control,0.6255158185958862,0.6255158185958862,1.9853515625,1.783449411392212,2.5521979331970215,0.8871188163757324,6.349654674530029,7.10416316986084,7.041046142578125,6.248029708862305,5.63607120513916,0.8785334229469299
Talia,S01,Dig,10F/S,Par,sequence_0,S01|Dig|10F/S|Par,0.6667267680168152,0.6667267680168152,7.047060012817383,1.1032779216766357,1.5658226013183594,0.9211400747299194,6.851811408996582,7.693022727966309,6.476520538330078,5.866281509399414,5.593299388885498,0.1502148061990738
Talia,S01,Dig,10F/S,Par,sequence_1,S01|Dig|10F/S|Par,0.7372722029685974,0.7372722029685974,2.2676753997802734,0.7014596462249756,2.4010720252990723,0.7613236904144287,6.434008598327637,7.078484535217285,6.518431186676025,6.218631744384766,5.418563365936279,1.3458929061889648
Talia,S01,Dig,10F/S,Par,sequence_2,S01|Dig|10F/S|Par,1.4042514562606812,1.4042514562606812,3.4970808029174805,1.4189178943634033,2.929805040359497,0.8237994909286499,6.816341400146484,7.282323837280273,6.807159423828125,6.44402551651001,5.5080342292785645,0.7765178084373474
Talia,S01,Dig,1F,Control,sequence_0,S01|Dig|1F|Control,0.49899470806121826,0.49899470806121826,2.9311413764953613,0.9575013518333435,4.319085597991943,1.6217840909957886,6.622509956359863,7.085865497589111,6.659244060516357,6.555724620819092,5.992908954620361,0.5121627449989319
Talia,S01,Dig,1F,Control,sequence_1,S01|Dig|1F|Control,1.1809815168380737,1.1809815168380737,3.196521043777466,0.3670351505279541,2.8077611923217773,0.512479841709137,6.844854831695557,7.187651634216309,6.243036270141602,6.263563632965088,5.296273708343506,1.0242669582366943
Talia,S01,Dig,1F,Control,sequence_2,S01|Dig|1F|Control,0.5196358561515808,0.5196358561515808,2.7837493419647217,0.7837405800819397,1.731357455253601,0.7178197503089905,6.542823314666748,7.034358024597168,6.432315349578857,6.083140850067139,5.482655048370361,0.37120550870895386
Talia,S01,Dig,1F,Par,sequence_0,S01|Dig|1F|Par,0.7282289266586304,0.7282289266586304,5.4829206466674805,1.370175838470459,4.155301094055176,1.7620267868041992,6.5922651290893555,7.350210666656494,6.888956546783447,6.425230026245117,6.117344379425049,0.4369427263736725
Talia,S01,Dig,1F,Par,sequence_1,S01|Dig|1F|Par,1.692805290222168,1.692805290222168,4.229021072387695,0.4648702144622803,2.4229531288146973,0.627151370048523,7.144664764404297,7.07858419418335,6.246399402618408,6.121152400970459,5.398367404937744,3.8741540908813477
Talia,S01,Dig,1F,Par,sequence_2,S01|Dig|1F|Par,1.7335678339004517,1.7335678339004517,1.3588814735412598,0.8027404546737671,2.029149055480957,1.247596025466919,7.029283046722412,6.75605583190918,6.696105003356934,5.9662604331970215,5.869928359985352,3.2239720821380615
Talia,S01,Dig,20F/HD,Control,sequence_0,S01|Dig|20F/HD|Control,0.5962437391281128,0.5962437391281128,6.029964447021484,0.991579532623291,3.6081464290618896,0.8552325963973999,6.1532087326049805,7.2779107093811035,6.58958101272583,6.294977188110352,5.579341888427734,1.46603524684906
Talia,S01,Dig,20F/HD,Control,sequence_1,S01|Dig|20F/HD|Control,1.18385910987854,1.18385910987854,5.6080451011657715,1.023106575012207,1.7056430578231812,0.9744865298271179,6.726241588592529,7.315945625305176,6.60788631439209,6.104882717132568,5.641269683837891,0.6426721215248108
Talia,S01,Dig,20F/HD,Control,sequence_2,S01|Dig|20F/HD|Control,1.7818464040756226,1.7818464040756226,6.457009792327881,1.616842269897461,4.336130619049072,1.1556843519210815,7.036043643951416,7.5002970695495605,6.83986234664917,6.594768524169922,5.739030361175537,0.8951334357261658
Talia,S01,Dig,20F/HD,Par,sequence_0,S01|Dig|20F/HD|Par,1.0249128341674805,1.0249128341674805,5.334138870239258,1.8491212129592896,2.455838680267334,1.3253663778305054,6.571463108062744,7.288913249969482,6.966516971588135,6.134533405303955,5.600964069366455,0.6032965779304504
Talia,S01,Dig,20F/HD,Par,sequence_1,S01|Dig|20F/HD|Par,0.998279333114624,0.998279333114624,4.270743370056152,1.260683298110962,1.600285530090332,0.7556713223457336,6.588291168212891,7.247769832611084,6.66190767288208,6.091123104095459,5.412684440612793,1.102766513824463
Talia,S01,Dig,20F/HD,Par,sequence_2,S01|Dig|20F/HD|Par,0.719111979007721,0.719111979007721,4.895866870880127,0.9994473457336426,2.1498167514801025,0.8075388669967651,6.392482757568359,7.233534812927246,6.554328441619873,6.043619632720947,5.505449295043945,0.9704433679580688
Talia,S02,Dig,10F/M,Control,sequence_0,S02|Dig|10F/M|Control,1.0439348220825195,1.0439348220825195,11.435161590576172,0.6359845399856567,1.5505372285842896,0.9347759485244751,6.332315444946289,7.259729385375977,5.514774799346924,5.660111427307129,5.388522624969482,0.2566116750240326
Talia,S02,Dig,10F/M,Control,sequence_1,S02|Dig|10F/M|Control,0.8418892621994019,0.8418892621994019,10.299945831298828,1.1630480289459229,2.1314077377319336,0.7594508528709412,6.201438903808594,7.2304887771606445,5.9551591873168945,5.874542236328125,5.068472862243652,0.1315697878599167
Talia,S02,Dig,10F/M,Control,sequence_2,S02|Dig|10F/M|Control,0.6477406024932861,0.6477406024932861,12.402289390563965,0.5274999737739563,1.622778296470642,1.4085317850112915,6.063208103179932,7.331170558929443,5.473514556884766,5.728397846221924,5.641110420227051,0.11373655498027802
Talia,S02,Dig,10F/M,Par,sequence_0,S02|Dig|10F/M|Par,0.4534921646118164,0.4534921646118164,10.57149600982666,0.7143993973731995,2.066926956176758,0.7526972889900208,5.899201393127441,7.170780658721924,5.578744888305664,5.817298412322998,5.208151340484619,0.1208791583776474
Talia,S02,Dig,10F/M,Par,sequence_1,S02|Dig|10F/M|Par,1.0264101028442383,1.0264101028442383,8.481803894042969,0.6556114554405212,1.4894695281982422,0.6565285325050354,6.332019805908203,7.042748928070068,5.667792797088623,5.924046039581299,5.444750785827637,0.4627807140350342
Talia,S02,Dig,10F/M,Par,sequence_2,S02|Dig|10F/M|Par,1.327498435974121,1.327498435974121,14.927541732788086,1.516568899154663,0.9081119298934937,0.5748575925827026,6.332715034484863,7.464570999145508,5.892098426818848,5.476205825805664,5.292320251464844,0.4648403525352478
Talia,S02,Dig,10F/S,Control,sequence_0,S02|Dig|10F/S|Control,1.3981419801712036,1.3981419801712036,13.605473518371582,0.7535431385040283,3.282622814178467,1.7163279056549072,6.499065399169922,7.347784519195557,5.516420364379883,6.124906063079834,5.793558597564697,0.22854073345661163
Talia,S02,Dig,10F/S,Control,sequence_1,S02|Dig|10F/S|Control,0.9361904859542847,0.9361904859542847,14.199711799621582,1.206833004951477,2.465677261352539,0.5855536460876465,6.202577114105225,7.432207107543945,5.755993843078613,5.921173095703125,5.218181610107422,0.15376846492290497
Talia,S02,Dig,10F/S,Control,sequence_2,S02|Dig|10F/S|Control,0.7231884002685547,0.7231884002685547,13.749475479125977,1.635941743850708,3.801065683364868,0.8684027194976807,6.148151874542236,7.383785247802734,5.967548370361328,6.097568511962891,5.472212314605713,0.08412494510412216
Talia,S02,Dig,10F/S,Par,sequence_0,S02|Dig|10F/S|Par,2.097501516342163,2.097501516342163,14.579792976379395,2.1536903381347656,2.4232571125030518,0.8073010444641113,6.668137073516846,7.269986629486084,6.07478666305542,5.87876558303833,5.408458232879639,1.2854640483856201
Talia,S02,Dig,10F/S,Par,sequence_1,S02|Dig|10F/S|Par,1.8693736791610718,1.8693736791610718,12.09211540222168,1.3557307720184326,2.9927446842193604,1.038029670715332,6.659485816955566,7.337549209594727,5.860527515411377,6.024677276611328,5.36945104598999,0.2816811800003052
Talia,S02,Dig,10F/S,Par,sequence_2,S02|Dig|10F/S|Par,1.218632698059082,1.218632698059082,16.32828712463379,0.8493263721466064,2.4953739643096924,1.247136116027832,6.525551795959473,7.559221267700195,5.815080165863037,6.013447284698486,5.6182990074157715,0.18425506353378296
Talia,S02,Dig,1F,Control,sequence_0,S02|Dig|1F|Control,1.2480664253234863,1.2480664253234863,10.395729064941406,1.5707602500915527,6.3076019287109375,1.0182315111160278,6.448331356048584,7.189384460449219,5.922862529754639,6.395359516143799,5.424690246582031,0.1976858228445053
Talia,S02,Dig,1F,Control,sequence_1,S02|Dig|1F|Control,1.5706777572631836,1.5706777572631836,9.330020904541016,1.3333778381347656,4.713054180145264,1.737889289855957,6.55598783493042,7.124431610107422,6.026148319244385,6.260838985443115,5.710168361663818,0.46678391098976135
Talia,S02,Dig,1F,Control,sequence_2,S02|Dig|1F|Control,0.9152626395225525,0.9152626395225525,6.804582595825195,2.8261852264404297,5.709240913391113,1.9140034914016724,6.257436275482178,6.935683250427246,6.397090911865234,6.378107070922852,5.744649887084961,1.4847732782363892
Talia,S02,Dig,1F,Par,sequence_0,S02|Dig|1F|Par,1.1568273305892944,1.1568273305892944,9.978813171386719,0.9058504700660706,7.627878665924072,0.906197190284729,6.383086681365967,7.11905574798584,5.805955410003662,6.56951379776001,5.470697402954102,0.4652353525161743
Talia,S02,Dig,1F,Par,sequence_1,S02|Dig|1F|Par,2.084296464920044,2.084296464920044,10.645113945007324,1.5268886089324951,6.1209187507629395,1.4843628406524658,6.657174587249756,7.163295745849609,5.943591117858887,6.348016738891602,5.572061061859131,0.8192564249038696
Talia,S02,Dig,1F,Par,sequence_2,S02|Dig|1F|Par,1.777408242225647,1.777408242225647,8.37353229522705,1.8021496534347534,4.896511077880859,0.9932238459587097,6.559123992919922,6.948352813720703,6.152840614318848,6.334946155548096,5.502537250518799,0.7819506525993347
Talia,S02,Dig,20F/HD,Control,sequence_0,S02|Dig|20F/HD|Control,0.8800876140594482,0.8800876140594482,7.849391460418701,0.9278730750083923,4.516417980194092,0.8086798191070557,6.166872978210449,7.035861968994141,5.716703414916992,6.177701473236084,5.248970031738281,0.2521592080593109
Talia,S02,Dig,20F/HD,Control,sequence_1,S02|Dig|20F/HD|Control,0.8778967261314392,0.8778967261314392,8.406853675842285,1.4444916248321533,2.889883518218994,1.039395809173584,6.352359771728516,7.056958198547363,5.991684913635254,5.995856761932373,5.353126049041748,0.2502455711364746
Talia,S02,Dig,20F/HD,Control,sequence_2,S02|Dig|20F/HD|Control,0.9199814796447754,0.9199814796447754,8.555880546569824,1.4189141988754272,2.3989148139953613,1.000718593597412,6.292325973510742,7.001820087432861,5.9663519859313965,5.8981475830078125,5.304432392120361,0.2516137361526489
Talia,S02,Dig,20F/HD,Par,sequence_0,S02|Dig|20F/HD|Par,0.8653496503829956,0.8653496503829956,8.524028778076172,1.8611910343170166,0.9369208812713623,1.051609992980957,6.283432483673096,7.056995391845703,6.114927768707275,5.547046184539795,5.62937593460083,0.31777748465538025
Talia,S02,Dig,20F/HD,Par,sequence_1,S02|Dig|20F/HD|Par,1.95022714138031,1.95022714138031,10.602625846862793,0.5122241377830505,2.711047887802124,1.1513776779174805,6.66970682144165,7.1450581550598145,5.548826694488525,5.935000419616699,5.47935676574707,0.8117563724517822
Talia,S02,Dig,20F/HD,Par,sequence_2,S02|Dig|20F/HD|Par,1.239490270614624,1.239490270614624,9.124131202697754,1.2788221836090088,2.233497142791748,0.6812965869903564,6.353525638580322,7.053444862365723,5.877292633056641,5.84930944442749,5.127513885498047,0.3267287313938141
Talia,S03,Dig,10F/M,Control,sequence_0,S03|Dig|10F/M|Control,1.0733277797698975,1.0733277797698975,15.681432723999023,1.6167333126068115,4.3368706703186035,0.5612473487854004,6.093918323516846,7.395086765289307,6.094196319580078,6.0974836349487305,4.925277233123779,0.1081869825720787
Talia,S03,Dig,10F/M,Control,sequence_1,S03|Dig|10F/M|Control,0.8594807386398315,0.8594807386398315,8.820432662963867,1.796095848083496,4.046760559082031,0.7919330596923828,5.959903717041016,6.9389166831970215,6.114872455596924,5.93625545501709,5.240787506103516,0.3828555643558502
Talia,S03,Dig,10F/M,Control,sequence_2,S03|Dig|10F/M|Control,1.2194596529006958,1.2194596529006958,11.549095153808594,1.4243900775909424,4.585721015930176,0.5744582414627075,6.5457844734191895,7.065878391265869,6.023547649383545,5.888281345367432,5.026676654815674,0.5024151802062988
Talia,S03,Dig,10F/M,Par,sequence_0,S03|Dig|10F/M|Par,0.6189125180244446,0.6189125180244446,13.517683982849121,1.6302019357681274,3.5103254318237305,1.237972378730774,5.612809658050537,7.220700740814209,6.072302341461182,5.694821357727051,5.43983268737793,0.09970831871032715
Talia,S03,Dig,10F/M,Par,sequence_1,S03|Dig|10F/M|Par,2.3308193683624268,2.3308193683624268,13.829358100891113,0.7701438069343567,5.589142322540283,0.7118790149688721,6.447964191436768,7.185009956359863,5.593201160430908,6.209077835083008,5.116359710693359,0.5816744565963745
Talia,S03,Dig,10F/M,Par,sequence_2,S03|Dig|10F/M|Par,1.0440688133239746,1.0440688133239746,12.775172233581543,1.8271315097808838,5.5113325119018555,1.096268653869629,6.131844520568848,7.245316982269287,6.155705451965332,6.225093841552734,5.3763251304626465,0.13806474208831787
Talia,S03,Dig,10F/S,Control,sequence_0,S03|Dig|10F/S|Control,1.0722930431365967,1.0722930431365967,12.465718269348145,0.9431619048118591,3.3559505939483643,0.746654212474823,5.974346160888672,7.048487186431885,5.943517208099365,6.128251075744629,5.324367523193359,0.1724865436553955
Talia,S03,Dig,10F/S,Control,sequence_1,S03|Dig|10F/S|Control,0.9433353543281555,0.9433353543281555,10.398298263549805,0.5761297941207886,4.995009899139404,0.8840641975402832,5.9513773918151855,7.088863372802734,5.640627384185791,6.146856784820557,5.204339981079102,0.16121192276477814
Talia,S03,Dig,10F/S,Control,sequence_2,S03|Dig|10F/S|Control,1.394439697265625,1.394439697265625,14.925995826721191,2.208796977996826,4.569459915161133,1.2225311994552612,6.121824264526367,7.15627908706665,6.061178684234619,5.955720901489258,5.374475479125977,0.2969181537628174
Talia,S03,Dig,10F/S,Par,sequence_0,S03|Dig|10F/S|Par,1.477589726448059,1.477589726448059,12.725242614746094,1.9779365062713623,5.012024402618408,2.14528226852417,6.288843154907227,7.18301248550415,6.230411052703857,6.347302436828613,5.833043575286865,0.1844855546951294
Talia,S03,Dig,10F/S,Par,sequence_1,S03|Dig|10F/S|Par,1.8283559083938599,1.8283559083938599,10.026252746582031,1.024051547050476,6.688687801361084,2.2455849647521973,6.141875743865967,7.039204120635986,5.897039413452148,6.326584815979004,5.648369312286377,0.7914062738418579
Talia,S03,Dig,10F/S,Par,sequence_2,S03|Dig|10F/S|Par,1.4830254316329956,1.4830254316329956,13.919217109680176,0.8884325623512268,5.357567310333252,1.0047565698623657,6.202554702758789,7.141119956970215,5.784156322479248,6.256748199462891,5.374059677124023,0.9816197752952576
Talia,S03,Dig,1F,Control,sequence_0,S03|Dig|1F|Control,1.217949628829956,1.217949628829956,5.6575117111206055,1.595196008682251,8.400650978088379,0.6771082878112793,6.086181163787842,6.492884635925293,6.139446258544922,6.4294209480285645,5.088161468505859,1.5825976133346558
Talia,S03,Dig,1F,Control,sequence_1,S03|Dig|1F|Control,1.2863248586654663,1.2863248586654663,5.864181041717529,2.3233137130737305,7.680476665496826,1.1541213989257812,6.415781497955322,6.770567417144775,6.204279899597168,6.437802314758301,5.4415740966796875,0.9590135216712952
Talia,S03,Dig,1F,Control,sequence_2,S03|Dig|1F|Control,1.0555176734924316,1.0555176734924316,6.53647518157959,3.94045352935791,7.877684593200684,0.5501633882522583,6.0125732421875,6.7832255363464355,6.232779502868652,6.398924350738525,5.121683597564697,0.47837111353874207
Talia,S03,Dig,1F,Par,sequence_0,S03|Dig|1F|Par,0.6215415000915527,0.6215415000915527,6.278553009033203,1.3839033842086792,7.764373779296875,0.6632450819015503,6.226898193359375,6.734554290771484,6.035511493682861,6.4670305252075195,5.103011608123779,1.4559334516525269
Talia,S03,Dig,1F,Par,sequence_1,S03|Dig|1F|Par,0.7040714025497437,0.7040714025497437,5.578088760375977,2.8059492111206055,10.316069602966309,0.7805233597755432,5.969884872436523,6.685976505279541,6.331343650817871,6.650755882263184,5.205725193023682,0.2977851927280426
Talia,S03,Dig,1F,Par,sequence_2,S03|Dig|1F|Par,1.2243692874908447,1.2243692874908447,6.606674671173096,1.545363187789917,8.981284141540527,1.598631501197815,6.246260166168213,6.636770248413086,5.978082656860352,6.492069244384766,5.636995792388916,0.5204085111618042
Talia,S03,Dig,20F/HD,Control,sequence_0,S03|Dig|20F/HD|Control,0.9329642057418823,0.9329642057418823,9.730042457580566,1.7974598407745361,4.968969821929932,0.9052508473396301,6.545599937438965,7.126033782958984,6.202383995056152,5.955448150634766,5.212526321411133,0.19533906877040863
Talia,S03,Dig,20F/HD,Control,sequence_1,S03|Dig|20F/HD|Control,1.4540660381317139,1.4540660381317139,11.772710800170898,1.3022533655166626,5.7743821144104,1.040031909942627,6.813955307006836,7.265130043029785,5.895420551300049,5.973883152008057,5.2763352394104,0.7479819655418396
Talia,S03,Dig,20F/HD,Control,sequence_2,S03|Dig|20F/HD|Control,2.084423065185547,2.084423065185547,10.353530883789062,1.7706036567687988,4.976851463317871,0.4696823060512543,6.902498722076416,7.095336437225342,6.12859582901001,6.050010681152344,5.022844314575195,2.3008599281311035
Talia,S03,Dig,20F/HD,Par,sequence_0,S03|Dig|20F/HD|Par,0.6775702834129333,0.6775702834129333,11.491960525512695,1.5914356708526611,6.31723690032959,0.8165522813796997,6.159725189208984,7.180628299713135,5.858843803405762,6.200599193572998,5.200483798980713,0.6067967414855957
Talia,S03,Dig,20F/HD,Par,sequence_1,S03|Dig|20F/HD|Par,1.2268315553665161,1.2268315553665161,13.287169456481934,1.063380241394043,4.48793363571167,0.3748759627342224,6.086732864379883,7.228035926818848,5.8114848136901855,5.864010334014893,4.883028030395508,0.1796524077653885
Talia,S03,Dig,20F/HD,Par,sequence_2,S03|Dig|20F/HD|Par,0.7608984708786011,0.7608984708786011,8.727511405944824,1.9143167734146118,4.417068958282471,1.6769683361053467,6.372633934020996,7.085246562957764,6.1726155281066895,6.145144462585449,5.544297218322754,0.24952754378318787
Talia,S04,Dig,10F/M,Control,sequence_0,S04|Dig|10F/M|Control,1.6778146028518677,1.6778146028518677,3.981118679046631,0.7943224310874939,1.266699194908142,0.9627705812454224,6.7485527992248535,6.451404571533203,5.776048183441162,5.771422386169434,5.5015549659729,13.149333000183105
Talia,S04,Dig,10F/M,Control,sequence_1,S04|Dig|10F/M|Control,1.5183824300765991,1.5183824300765991,2.3041632175445557,1.7196075916290283,0.6778990030288696,0.8201192021369934,6.375746726989746,6.264511585235596,6.02968692779541,5.3388824462890625,5.484174728393555,2.166435718536377
Talia,S04,Dig,10F/M,Control,sequence_2,S04|Dig|10F/M|Control,1.2514441013336182,1.2514441013336182,3.5955007076263428,0.8349151015281677,0.6772480607032776,1.015718698501587,6.244502544403076,6.3297119140625,5.7182393074035645,5.337191581726074,5.671298980712891,3.7509586811065674
Talia,S04,Dig,10F/M,Par,sequence_0,S04|Dig|10F/M|Par,1.5888683795928955,1.5888683795928955,2.797449827194214,2.1613974571228027,1.5549284219741821,1.0856822729110718,6.504185199737549,6.384562015533447,5.978636264801025,5.673308849334717,5.494159698486328,1.9019250869750977
Talia,S04,Dig,10F/M,Par,sequence_1,S04|Dig|10F/M|Par,0.9498088955879211,0.9498088955879211,1.8727750778198242,1.0877918004989624,1.013436198234558,0.507207453250885,6.164830684661865,6.1467485427856445,5.753668785095215,5.439999103546143,5.112087726593018,2.9926695823669434
Talia,S04,Dig,10F/M,Par,sequence_2,S04|Dig|10F/M|Par,1.0910629034042358,1.0910629034042358,3.1508474349975586,1.0455992221832275,1.9760136604309082,1.0197296142578125,6.28652286529541,6.35279655456543,5.932736396789551,6.052902698516846,5.740410804748535,12.389945983886719
Talia,S04,Dig,10F/S,Control,sequence_0,S04|Dig|10F/S|Control,1.1396644115447998,1.1396644115447998,2.8796281814575195,1.688981056213379,2.4082579612731934,0.9030699729919434,6.255806922912598,6.349367141723633,6.001744747161865,6.064822196960449,5.457182884216309,1.198765754699707
Talia,S04,Dig,10F/S,Control,sequence_1,S04|Dig|10F/S|Control,3.3572580814361572,3.3572580814361572,2.181631088256836,0.732196033000946,1.9100209474563599,0.6406121253967285,6.773111343383789,6.282412052154541,5.69620943069458,6.012856483459473,5.428619861602783,17.842039108276367
Talia,S04,Dig,10F/S,Control,sequence_2,S04|Dig|10F/S|Control,1.8552918434143066,1.8552918434143066,5.095803737640381,1.4230483770370483,1.6973471641540527,0.7991995811462402,6.640402793884277,6.768974304199219,5.898987770080566,5.611643314361572,5.391495227813721,2.085916042327881
Talia,S04,Dig,10F/S,Par,sequence_0,S04|Dig|10F/S|Par,1.4435734748840332,1.4435734748840332,2.563736915588379,1.2414873838424683,2.5052661895751953,1.2051243782043457,6.570899963378906,6.443717956542969,5.947061538696289,6.19701623916626,5.932669639587402,5.981296062469482
Talia,S04,Dig,10F/S,Par,sequence_1,S04|Dig|10F/S|Par,1.4042237997055054,1.4042237997055054,3.561636447906494,0.2854977548122406,1.6526155471801758,1.652414321899414,6.3059401512146,6.671435356140137,5.130102157592773,6.0020928382873535,5.91411018371582,1.3327162265777588
Talia,S04,Dig,10F/S,Par,sequence_2,S04|Dig|10F/S|Par,1.7880921363830566,1.7880921363830566,3.1199862957000732,0.7853338122367859,1.4356260299682617,1.5196784734725952,6.642846584320068,6.369386672973633,5.608460903167725,5.831974983215332,5.826232433319092,2.1670753955841064
Talia,S04,Dig,1F,Control,sequence_0,S04|Dig|1F|Control,2.0076406002044678,2.0076406002044678,5.2625250816345215,1.0897759199142456,1.808858036994934,0.9058863520622253,6.474374294281006,6.608072757720947,5.847702503204346,6.049063682556152,5.611138820648193,1.9297597408294678
Talia,S04,Dig,1F,Control,sequence_1,S04|Dig|1F|Control,0.6186501979827881,0.6186501979827881,4.997067451477051,1.7419660091400146,3.3351876735687256,0.6819463968276978,6.107393741607666,6.933732986450195,6.092353820800781,6.210721015930176,5.452218532562256,0.17860688269138336
Talia,S04,Dig,1F,Control,sequence_2,S04|Dig|1F|Control,0.6766233444213867,0.6766233444213867,5.683302402496338,0.8549438118934631,1.814888596534729,2.235530138015747,6.091590404510498,6.833654403686523,5.899651527404785,5.934297561645508,6.1606292724609375,0.4173555076122284
Talia,S04,Dig,1F,Par,sequence_0,S04|Dig|1F|Par,1.3872642517089844,1.3872642517089844,2.3352468013763428,0.7084543108940125,2.3871445655822754,0.38878631591796875,6.338822841644287,6.241470813751221,5.710832118988037,6.17401123046875,5.213886260986328,7.490341663360596
Talia,S04,Dig,1F,Par,sequence_1,S04|Dig|1F|Par,2.0254616737365723,2.0254616737365723,3.377828598022461,1.3065524101257324,1.7260347604751587,0.5322027206420898,6.718107223510742,6.617824554443359,5.838886737823486,5.9599528312683105,5.253532886505127,1.0903462171554565
Talia,S04,Dig,1F,Par,sequence_2,S04|Dig|1F|Par,2.2768304347991943,2.2768304347991943,6.7599897384643555,1.5576252937316895,1.5531994104385376,1.0164084434509277,6.7483110427856445,6.959192752838135,6.112100124359131,5.9794816970825195,5.573129177093506,0.640610933303833
Talia,S04,Dig,20F/HD,Control,sequence_0,S04|Dig|20F/HD|Control,1.4312353134155273,1.4312353134155273,3.671077251434326,1.2284371852874756,1.7588634490966797,0.9908734560012817,6.356497287750244,6.489428997039795,6.014144420623779,5.921685218811035,5.484141826629639,1.7943305969238281
Talia,S04,Dig,20F/HD,Control,sequence_1,S04|Dig|20F/HD|Control,2.5736773014068604,2.5736773014068604,4.632447719573975,1.7126168012619019,1.2867542505264282,0.8205304145812988,6.6388373374938965,6.701949119567871,6.013375759124756,5.749690532684326,5.347039222717285,2.8870441913604736
Talia,S04,Dig,20F/HD,Control,sequence_2,S04|Dig|20F/HD|Control,1.0675275325775146,1.0675275325775146,4.464451789855957,0.7068291902542114,2.1183600425720215,0.6636509895324707,6.274252891540527,6.817168235778809,5.704339027404785,5.946023941040039,5.430778980255127,0.9350754022598267
Talia,S04,Dig,20F/HD,Par,sequence_0,S04|Dig|20F/HD|Par,0.9986123442649841,0.9986123442649841,4.672750949859619,0.6321607232093811,3.2847299575805664,0.6890900731086731,6.235738754272461,6.678225040435791,5.605310440063477,6.19127082824707,5.359221458435059,1.5426616668701172
Talia,S04,Dig,20F/HD,Par,sequence_1,S04|Dig|20F/HD|Par,0.8880581855773926,0.8880581855773926,2.6768360137939453,0.4563612937927246,0.927818775177002,1.3157293796539307,6.151918411254883,6.363724708557129,5.574299335479736,5.570128917694092,5.660253524780273,1.3785781860351562
Talia,S04,Dig,20F/HD,Par,sequence_2,S04|Dig|20F/HD|Par,1.5227832794189453,1.5227832794189453,4.201188564300537,1.0348238945007324,0.5363383889198303,0.6582878232002258,6.422850608825684,6.808491230010986,5.933821201324463,5.378512382507324,5.360972881317139,1.6282806396484375
Talia,S05,Dig,10F/M,Control,sequence_0,S05|Dig|10F/M|Control,1.5685211420059204,1.5685211420059204,6.751084804534912,1.4544057846069336,6.6230621337890625,1.802422285079956,6.417813777923584,7.177580833435059,6.399844646453857,6.3962812423706055,5.676353454589844,0.449113667011261
Talia,S05,Dig,10F/M,Control,sequence_1,S05|Dig|10F/M|Control,0.9319083094596863,0.9319083094596863,5.442805290222168,0.9762431979179382,6.676331996917725,1.2006540298461914,6.174898624420166,6.959677696228027,6.233217716217041,6.385436534881592,5.376648426055908,0.6370034217834473
Talia,S05,Dig,10F/M,Control,sequence_2,S05|Dig|10F/M|Control,1.9818013906478882,1.9818013906478882,6.602227687835693,0.6490750312805176,7.543374538421631,0.6341841816902161,6.631448745727539,7.183736801147461,6.216923236846924,6.534495830535889,5.278302192687988,0.6088694334030151
Talia,S05,Dig,10F/M,Par,sequence_0,S05|Dig|10F/M|Par,0.7924104332923889,0.7924104332923889,5.132285118103027,0.76732337474823,7.339178562164307,0.9473180174827576,6.002673149108887,6.898708820343018,6.4463791847229,6.357945919036865,5.339229583740234,2.373520851135254
Talia,S05,Dig,10F/M,Par,sequence_1,S05|Dig|10F/M|Par,1.3476418256759644,1.3476418256759644,4.822508335113525,0.8905916810035706,6.944922924041748,1.2558391094207764,6.372572898864746,7.079221725463867,6.265018463134766,6.421479225158691,5.561830043792725,1.1669036149978638
Talia,S05,Dig,10F/M,Par,sequence_2,S05|Dig|10F/M|Par,0.610615074634552,0.610615074634552,5.044586181640625,0.8413405418395996,7.129586696624756,0.8771100044250488,6.100063800811768,7.031826972961426,5.814121723175049,6.464871883392334,5.244199752807617,0.2843047082424164
Talia,S05,Dig,10F/S,Control,sequence_0,S05|Dig|10F/S|Control,0.4913327693939209,0.4913327693939209,6.166518211364746,1.2097463607788086,8.727931022644043,1.9445286989212036,5.946686744689941,6.852777481079102,6.492627143859863,6.599668502807617,5.702990531921387,0.4621018171310425
Talia,S05,Dig,10F/S,Control,sequence_1,S05|Dig|10F/S|Control,0.5649750828742981,0.5649750828742981,4.084240436553955,2.26328182220459,5.643368244171143,0.760411262512207,5.901368141174316,7.133768558502197,6.736186504364014,6.480368614196777,5.274908065795898,0.3180447220802307
Talia,S05,Dig,10F/S,Control,sequence_2,S05|Dig|10F/S|Control,0.7590033411979675,0.7590033411979675,3.3618950843811035,0.5334345698356628,7.198020935058594,0.6973870992660522,6.198493957519531,7.037008762359619,6.105204105377197,6.509364128112793,5.244711399078369,0.6070557236671448
Talia,S05,Dig,10F/S,Par,sequence_0,S05|Dig|10F/S|Par,1.2182334661483765,1.2182334661483765,5.352734088897705,0.7091064453125,7.901165962219238,1.5092262029647827,6.380946636199951,6.907783508300781,5.825503349304199,6.565673828125,5.482812404632568,12.233362197875977
Talia,S05,Dig,10F/S,Par,sequence_1,S05|Dig|10F/S|Par,0.6044015884399414,0.6044015884399414,5.384520530700684,1.214945673942566,9.39768123626709,0.8631479740142822,5.992434024810791,7.096573352813721,6.4992170333862305,6.608733654022217,5.3591508865356445,0.36924561858177185
Talia,S05,Dig,10F/S,Par,sequence_2,S05|Dig|10F/S|Par,0.7609920501708984,0.7609920501708984,4.310091495513916,1.0100376605987549,8.995216369628906,1.9228569269180298,6.131729602813721,6.856917858123779,6.23504638671875,6.626064777374268,5.679088592529297,0.6330631375312805
Talia,S05,Dig,1F,Control,sequence_0,S05|Dig|1F|Control,1.0982705354690552,1.0982705354690552,5.134665012359619,1.32712721824646,10.855293273925781,0.9883288145065308,6.381765842437744,6.691398620605469,6.443802356719971,6.768404960632324,5.505646705627441,5.419284820556641
Talia,S05,Dig,1F,Control,sequence_1,S05|Dig|1F|Control,1.0356091260910034,1.0356091260910034,3.8304829597473145,1.1730356216430664,10.167518615722656,0.8776276707649231,6.174160957336426,6.6204023361206055,6.682947635650635,6.7234416007995605,5.400221347808838,1.4944725036621094
Talia,S05,Dig,1F,Control,sequence_2,S05|Dig|1F|Control,0.8823078870773315,0.8823078870773315,4.690328598022461,2.2063584327697754,11.543704986572266,1.5112453699111938,6.158658504486084,6.730607032775879,6.883711338043213,6.766910552978516,5.649359226226807,1.3068596124649048
Talia,S05,Dig,1F,Par,sequence_0,S05|Dig|1F|Par,0.9614551663398743,0.9614551663398743,5.193459987640381,0.7138664126396179,11.909026145935059,0.9902598261833191,6.185692310333252,7.001483917236328,6.182257652282715,6.693877696990967,5.39493989944458,2.008124828338623
Talia,S05,Dig,1F,Par,sequence_1,S05|Dig|1F|Par,1.693557858467102,1.693557858467102,3.635948896408081,0.3082759380340576,11.554153442382812,0.7169601917266846,6.595107555389404,6.442394256591797,5.803029537200928,6.7253217697143555,5.144889831542969,5.95688009262085
Talia,S05,Dig,1F,Par,sequence_2,S05|Dig|1F|Par,0.9904926419258118,0.9904926419258118,5.060958385467529,0.9605506658554077,10.388965606689453,1.1159528493881226,6.124804973602295,6.880655765533447,5.97857666015625,6.670110702514648,5.377307891845703,0.721574604511261
Talia,S05,Dig,20F/HD,Control,sequence_0,S05|Dig|20F/HD|Control,1.1531140804290771,1.1531140804290771,7.520926475524902,1.374495029449463,7.309963226318359,1.1609876155853271,6.2022576332092285,7.158969402313232,6.329748153686523,6.435565948486328,5.585189342498779,0.2849210202693939
Talia,S05,Dig,20F/HD,Control,sequence_1,S05|Dig|20F/HD|Control,0.6984076499938965,0.6984076499938965,8.17074966430664,1.4194854497909546,9.512370109558105,0.9336068034172058,6.158491134643555,7.394430160522461,6.458873748779297,6.649388313293457,5.358674049377441,0.34142932295799255
Talia,S05,Dig,20F/HD,Control,sequence_2,S05|Dig|20F/HD|Control,1.764434814453125,1.764434814453125,9.562540054321289,0.9238041043281555,8.506641387939453,1.228550910949707,6.653858184814453,7.326370716094971,6.255399703979492,6.538934230804443,5.283144950866699,0.9100871086120605
Talia,S05,Dig,20F/HD,Par,sequence_0,S05|Dig|20F/HD|Par,1.8850916624069214,1.8850916624069214,7.079012393951416,0.4636954367160797,8.654086112976074,2.0438060760498047,6.5666937828063965,7.381472110748291,6.276210308074951,6.636071681976318,5.799718379974365,0.82831871509552
Talia,S05,Dig,20F/HD,Par,sequence_1,S05|Dig|20F/HD|Par,2.304337501525879,2.304337501525879,7.275531768798828,0.7546086311340332,6.99757719039917,0.81013023853302,6.747190952301025,7.393478870391846,5.887540817260742,6.477434158325195,5.214087963104248,0.5746124386787415
Talia,S05,Dig,20F/HD,Par,sequence_2,S05|Dig|20F/HD|Par,2.0548510551452637,2.0548510551452637,10.859410285949707,0.8994389772415161,6.7898268699646,1.113239049911499,6.57660436630249,7.442537307739258,6.056066513061523,6.350498676300049,5.515285491943359,0.23054726421833038
Talia,S06,Dig,10F/M,Control,sequence_0,S06|Dig|10F/M|Control,0.8658832907676697,0.8658832907676697,6.257387161254883,1.036607265472412,4.722630500793457,0.7893336415290833,6.116185665130615,6.906160831451416,5.806945323944092,6.057711124420166,5.289623260498047,0.27329206466674805
Talia,S06,Dig,10F/M,Control,sequence_1,S06|Dig|10F/M|Control,0.7896565794944763,0.7896565794944763,5.999790191650391,1.170401692390442,6.478021144866943,0.896131157875061,6.316533088684082,6.746088027954102,5.775996685028076,6.426196575164795,5.415330410003662,0.8244659304618835
Talia,S06,Dig,10F/M,Control,sequence_2,S06|Dig|10F/M|Control,1.662379264831543,1.662379264831543,8.438070297241211,1.753491759300232,4.934299945831299,1.3437317609786987,6.624871253967285,7.191543102264404,6.087799072265625,6.294133186340332,5.524477481842041,0.4804039001464844
Talia,S06,Dig,10F/M,Par,sequence_0,S06|Dig|10F/M|Par,1.3308939933776855,1.3308939933776855,8.783032417297363,0.5850954651832581,3.7714035511016846,2.6544008255004883,6.515506744384766,7.150079250335693,5.7457685470581055,6.017942905426025,5.852599620819092,0.27685245871543884
Talia,S06,Dig,10F/M,Par,sequence_1,S06|Dig|10F/M|Par,1.0093004703521729,1.0093004703521729,6.77680778503418,0.6853588223457336,6.915895462036133,0.8411011695861816,6.401230335235596,7.0236358642578125,5.568037033081055,6.3189544677734375,5.317438125610352,0.2985522747039795
Talia,S06,Dig,10F/M,Par,sequence_2,S06|Dig|10F/M|Par,0.6533530354499817,0.6533530354499817,9.26999568939209,1.1571813821792603,5.597362518310547,1.5726118087768555,6.25137996673584,7.183600902557373,5.87965726852417,6.37455415725708,5.593793869018555,0.1652357578277588
Talia,S06,Dig,10F/S,Control,sequence_0,S06|Dig|10F/S|Control,1.7697237730026245,1.7697237730026245,8.055644989013672,0.5198522806167603,9.543509483337402,0.7110974788665771,6.667273998260498,7.057381629943848,5.496770858764648,6.58773946762085,5.286611557006836,0.5770031809806824
Talia,S06,Dig,10F/S,Control,sequence_1,S06|Dig|10F/S|Control,1.0191030502319336,1.0191030502319336,8.018396377563477,0.8380447626113892,9.523397445678711,1.3437706232070923,6.434407711029053,7.035129547119141,5.634321212768555,6.572822570800781,5.6426005363464355,0.3394911289215088
Talia,S06,Dig,10F/S,Control,sequence_2,S06|Dig|10F/S|Control,1.445999264717102,1.445999264717102,9.7442626953125,2.063518524169922,10.295482635498047,1.0328480005264282,6.51182746887207,7.190228462219238,6.202550411224365,6.7363810539245605,5.3749165534973145,0.296755313873291
Talia,S06,Dig,10F/S,Par,sequence_0,S06|Dig|10F/S|Par,0.7396752834320068,0.7396752834320068,5.791957855224609,1.0404504537582397,9.45466136932373,1.1929147243499756,6.283078670501709,6.887754917144775,5.758188724517822,6.516782283782959,5.424063682556152,0.29781636595726013
Talia,S06,Dig,10F/S,Par,sequence_1,S06|Dig|10F/S|Par,1.2645434141159058,1.2645434141159058,6.030788898468018,1.0849528312683105,10.336612701416016,0.997413158416748,6.483273983001709,6.919902801513672,5.535122871398926,6.600361347198486,5.249675750732422,0.5569608807563782
Talia,S06,Dig,10F/S,Par,sequence_2,S06|Dig|10F/S|Par,0.6936997175216675,0.6936997175216675,7.345592021942139,0.8626170754432678,9.678226470947266,0.7097086906433105,6.177484512329102,6.972174644470215,5.707221508026123,6.618533611297607,5.173519611358643,0.2652518153190613
Talia,S06,Dig,1F,Control,sequence_0,S06|Dig|1F|Control,1.5496301651000977,1.5496301651000977,6.942678451538086,0.7172778248786926,8.735664367675781,1.0933431386947632,6.405501842498779,6.914328098297119,5.6649017333984375,6.452537536621094,5.4912896156311035,0.46313774585723877
Talia,S06,Dig,1F,Control,sequence_1,S06|Dig|1F|Control,2.498617172241211,2.498617172241211,9.166131973266602,1.4283863306045532,10.434554100036621,1.5184650421142578,6.809788703918457,7.043178558349609,5.912444591522217,6.815499305725098,5.633922576904297,0.957577645778656
Talia,S06,Dig,1F,Control,sequence_2,S06|Dig|1F|Control,1.7685779333114624,1.7685779333114624,8.524094581604004,0.6403070092201233,10.772645950317383,0.935039222240448,6.63191032409668,7.117916107177734,5.508962154388428,6.656729221343994,5.347045421600342,1.7805874347686768
Talia,S06,Dig,1F,Par,sequence_0,S06|Dig|1F|Par,1.0007097721099854,1.0007097721099854,7.81410026550293,1.3044475317001343,8.819357872009277,2.312060832977295,6.294386863708496,7.016176223754883,5.901533603668213,6.587574481964111,5.845004558563232,0.6185629963874817
Talia,S06,Dig,1F,Par,sequence_1,S06|Dig|1F|Par,0.8140673637390137,0.8140673637390137,9.117130279541016,1.1397143602371216,9.447905540466309,1.5650883913040161,6.240298748016357,7.037860870361328,5.836008071899414,6.635092258453369,5.6510844230651855,0.27236708998680115
Talia,S06,Dig,1F,Par,sequence_2,S06|Dig|1F|Par,1.5036089420318604,1.5036089420318604,9.455024719238281,0.741733729839325,7.359364986419678,0.9242850542068481,6.688351631164551,7.139043807983398,5.7734832763671875,6.4643235206604,5.3946099281311035,0.37594008445739746
Talia,S06,Dig,20F/HD,Control,sequence_0,S06|Dig|20F/HD|Control,1.0566705465316772,1.0566705465316772,4.919580459594727,1.2316690683364868,8.23688793182373,1.0546905994415283,6.235196113586426,6.873018264770508,5.818828582763672,6.631663799285889,5.461847305297852,0.446767121553421
Talia,S06,Dig,20F/HD,Control,sequence_1,S06|Dig|20F/HD|Control,2.129173994064331,2.129173994064331,3.868086338043213,0.8557326197624207,8.842453956604004,0.6529107093811035,6.666788578033447,6.548171043395996,5.767625331878662,6.544075012207031,5.231919765472412,3.633474826812744
Talia,S06,Dig,20F/HD,Control,sequence_2,S06|Dig|20F/HD|Control,1.146451711654663,1.146451711654663,5.057388782501221,1.108553409576416,8.136082649230957,1.3319783210754395,6.551101207733154,6.837973117828369,5.8357930183410645,6.507167816162109,5.547213077545166,0.6328211426734924
Talia,S06,Dig,20F/HD,Par,sequence_0,S06|Dig|20F/HD|Par,1.5979640483856201,1.5979640483856201,6.133996963500977,0.5210152864456177,6.899379730224609,1.1151995658874512,6.670654296875,6.894773960113525,5.379278182983398,6.4124979972839355,5.438340187072754,0.6421402096748352
Talia,S06,Dig,20F/HD,Par,sequence_1,S06|Dig|20F/HD|Par,0.7952802181243896,0.7952802181243896,4.412302494049072,1.3396165370941162,7.883021831512451,0.8212037086486816,6.30955696105957,6.611065864562988,5.883213043212891,6.457577705383301,5.4933552742004395,1.4918407201766968
Talia,S06,Dig,20F/HD,Par,sequence_2,S06|Dig|20F/HD|Par,1.9310994148254395,1.9310994148254395,6.811857223510742,1.9967254400253296,6.758598327636719,0.8974297046661377,6.618432521820068,6.964113235473633,5.979425430297852,6.4644775390625,5.488391876220703,0.6132326126098633
Talia,S07,Dig,10F/M,Control,sequence_0,S07|Dig|10F/M|Control,1.6065995693206787,1.6065995693206787,5.169878959655762,0.9093512892723083,0.9657096862792969,0.9626947045326233,6.443396091461182,6.65138053894043,6.0746989250183105,5.921977519989014,6.116189479827881,1.55849289894104
Talia,S07,Dig,10F/M,Control,sequence_1,S07|Dig|10F/M|Control,1.1427676677703857,1.1427676677703857,7.491887092590332,0.6622307300567627,2.6101574897766113,1.1418029069900513,6.163582801818848,6.863733291625977,5.767801761627197,6.244302749633789,6.320112228393555,0.9039625525474548
Talia,S07,Dig,10F/M,Control,sequence_2,S07|Dig|10F/M|Control,0.5725765824317932,0.5725765824317932,5.276570796966553,1.1821802854537964,0.9825063347816467,1.2450886964797974,5.860780239105225,6.6958441734313965,6.243103504180908,5.964874744415283,6.22683572769165,1.2016420364379883
Talia,S07,Dig,10F/M,Par,sequence_0,S07|Dig|10F/M|Par,1.5381931066513062,1.5381931066513062,6.400866985321045,1.717200756072998,0.8705379366874695,0.4089392125606537,6.3250885009765625,6.798282146453857,6.180712699890137,5.789224624633789,5.730964183807373,0.38156774640083313
Talia,S07,Dig,10F/M,Par,sequence_1,S07|Dig|10F/M|Par,2.2119193077087402,2.2119193077087402,6.172123432159424,1.250462532043457,2.606369972229004,1.0584951639175415,6.642246246337891,6.822509765625,6.097729206085205,6.384894847869873,6.2527384757995605,1.1022138595581055
Talia,S07,Dig,10F/M,Par,sequence_2,S07|Dig|10F/M|Par,0.7890014052391052,0.7890014052391052,5.5842509269714355,1.1019885540008545,2.128291368484497,0.719622015953064,6.060145378112793,6.728871822357178,6.2071943283081055,6.038687229156494,5.824787616729736,0.42002880573272705
Talia,S07,Dig,10F/S,Control,sequence_0,S07|Dig|10F/S|Control,1.3357762098312378,1.3357762098312378,7.107501983642578,0.692631185054779,1.5557737350463867,0.35486069321632385,6.355457782745361,6.600284576416016,5.817304611206055,6.094479084014893,5.578873157501221,2.173031806945801
Talia,S07,Dig,10F/S,Control,sequence_1,S07|Dig|10F/S|Control,0.8187353014945984,0.8187353014945984,6.291579246520996,0.6387438178062439,1.574336051940918,0.8343108892440796,5.981259822845459,6.764331817626953,5.9340620040893555,6.1797332763671875,5.9958930015563965,2.8536250591278076
Talia,S07,Dig,10F/S,Control,sequence_2,S07|Dig|10F/S|Control,0.8061507940292358,0.8061507940292358,4.9440717697143555,0.5961668491363525,2.123825788497925,0.44555234909057617,5.945881366729736,6.653025150299072,5.922544956207275,6.144176483154297,5.80599308013916,0.5526084899902344
Talia,S07,Dig,10F/S,Par,sequence_0,S07|Dig|10F/S|Par,2.2254691123962402,2.2254691123962402,6.384921550750732,1.0904849767684937,1.917298674583435,0.6807544231414795,6.583767890930176,6.7455034255981445,6.119080066680908,6.196201324462891,5.842777252197266,1.2486315965652466
Talia,S07,Dig,10F/S,Par,sequence_1,S07|Dig|10F/S|Par,0.9306788444519043,0.9306788444519043,6.241469860076904,0.6947981715202332,1.9137448072433472,1.7893309593200684,5.968569755554199,6.750617027282715,5.852823257446289,6.101473808288574,6.5670695304870605,0.5530828833580017
Talia,S07,Dig,10F/S,Par,sequence_2,S07|Dig|10F/S|Par,1.3620649576187134,1.3620649576187134,6.452675819396973,1.316430687904358,1.441576600074768,1.5089681148529053,6.367491722106934,6.83058500289917,6.142387866973877,6.115414142608643,6.3643107414245605,0.5097788572311401
Talia,S07,Dig,1F,Control,sequence_0,S07|Dig|1F|Control,0.7848312854766846,0.7848312854766846,5.150411605834961,0.7790887355804443,2.3925909996032715,0.7212592959403992,5.958378791809082,6.740383148193359,5.6930317878723145,6.334036350250244,5.994915962219238,0.4478357434272766
Talia,S07,Dig,1F,Control,sequence_1,S07|Dig|1F|Control,0.5038855075836182,0.5038855075836182,4.589691638946533,1.026548981666565,3.0302672386169434,0.2631503641605377,5.828146457672119,6.58230447769165,5.874237060546875,6.437524318695068,5.411268711090088,0.7592295408248901
Talia,S07,Dig,1F,Control,sequence_2,S07|Dig|1F|Control,1.0918083190917969,1.0918083190917969,3.3817806243896484,1.2474602460861206,1.5433088541030884,0.9185771942138672,6.153502941131592,6.541208744049072,5.99616003036499,5.953214645385742,6.029376983642578,0.6697429418563843
Talia,S07,Dig,1F,Par,sequence_0,S07|Dig|1F|Par,1.5811114311218262,1.5811114311218262,2.372986316680908,1.1635395288467407,1.4974701404571533,1.2383524179458618,6.408290386199951,6.236710548400879,5.960597515106201,5.836625576019287,6.042768955230713,1.5988025665283203
Talia,S07,Dig,1F,Par,sequence_1,S07|Dig|1F|Par,1.8329576253890991,1.8329576253890991,4.2730817794799805,1.234342336654663,2.317873239517212,1.4319463968276978,6.438072681427002,6.61406946182251,6.058145046234131,6.121253490447998,5.906283378601074,0.8474733829498291
Talia,S07,Dig,1F,Par,sequence_2,S07|Dig|1F|Par,3.00146484375,3.00146484375,2.5070743560791016,1.1638004779815674,2.0959348678588867,0.817816436290741,6.709758758544922,6.471012115478516,6.091599941253662,6.1749372482299805,6.216561317443848,2.620896816253662
Talia,S07,Dig,20F/HD,Control,sequence_0,S07|Dig|20F/HD|Control,1.1253581047058105,1.1253581047058105,5.631983280181885,0.415483295917511,1.8122282028198242,0.9794144630432129,6.231978416442871,6.767239093780518,5.639040470123291,6.217164516448975,6.092875003814697,0.9235489368438721
Talia,S07,Dig,20F/HD,Control,sequence_1,S07|Dig|20F/HD|Control,1.301540493965149,1.301540493965149,4.053524494171143,0.9322606325149536,1.5190706253051758,0.7717263698577881,6.246647834777832,6.50969123840332,5.917209625244141,5.873808860778809,5.822808742523193,2.353381633758545
Talia,S07,Dig,20F/HD,Control,sequence_2,S07|Dig|20F/HD|Control,1.0741521120071411,1.0741521120071411,4.809537410736084,2.5316545963287354,2.3179731369018555,0.9435054659843445,6.175993919372559,6.485477447509766,6.437068462371826,6.1308135986328125,5.934278964996338,1.022718906402588
Talia,S07,Dig,20F/HD,Par,sequence_0,S07|Dig|20F/HD|Par,1.5188539028167725,1.5188539028167725,4.254467010498047,2.2937073707580566,1.3622304201126099,1.305263638496399,6.362358093261719,6.503739356994629,6.2403483390808105,5.9363179206848145,6.090713977813721,1.7219024896621704
Talia,S07,Dig,20F/HD,Par,sequence_1,S07|Dig|20F/HD|Par,1.0486286878585815,1.0486286878585815,6.1706953048706055,1.3083187341690063,2.559626817703247,1.5753381252288818,6.135753631591797,6.73345422744751,6.148006439208984,6.339679718017578,6.280671119689941,1.3918224573135376
Talia,S07,Dig,20F/HD,Par,sequence_2,S07|Dig|20F/HD|Par,1.96389901638031,1.96389901638031,3.9697742462158203,0.8108608722686768,2.6070215702056885,1.3643847703933716,6.310311317443848,6.587165832519531,5.935964584350586,6.390763759613037,6.358708381652832,2.1865134239196777
Talia,S08,Dig,10F/M,Control,sequence_0,S08|Dig|10F/M|Control,0.6853946447372437,0.6853946447372437,3.211103916168213,1.0717300176620483,1.397594928741455,1.4792158603668213,6.43951940536499,6.824286937713623,5.96848726272583,5.8147196769714355,5.810114860534668,0.6186149716377258
Talia,S08,Dig,10F/M,Control,sequence_1,S08|Dig|10F/M|Control,0.9459982514381409,0.9459982514381409,2.2923617362976074,0.5350775718688965,1.7361773252487183,0.7816345691680908,6.734416484832764,6.690005779266357,5.576319217681885,5.914668083190918,5.420404434204102,1.603766918182373
Talia,S08,Dig,10F/M,Control,sequence_2,S08|Dig|10F/M|Control,0.7071502208709717,0.7071502208709717,2.5900821685791016,0.6702673435211182,1.9254285097122192,1.2056207656860352,6.720272541046143,6.748536109924316,5.6936445236206055,5.870623588562012,5.561051368713379,0.8505008220672607
Talia,S08,Dig,10F/M,Par,sequence_0,S08|Dig|10F/M|Par,1.570800542831421,1.570800542831421,3.542562246322632,1.5765738487243652,2.594921588897705,1.1323583126068115,7.2140727043151855,7.152872085571289,6.102905750274658,6.1926984786987305,5.5465288162231445,0.8058934211730957
Talia,S08,Dig,10F/M,Par,sequence_1,S08|Dig|10F/M|Par,1.7812623977661133,1.7812623977661133,3.0293304920196533,0.5204923748970032,1.4674184322357178,1.2449822425842285,7.187390327453613,6.764878273010254,5.671525001525879,5.784226894378662,5.489290237426758,4.944913387298584
Talia,S08,Dig,10F/M,Par,sequence_2,S08|Dig|10F/M|Par,0.6973502039909363,0.6973502039909363,2.515948534011841,0.6982970237731934,1.121618390083313,1.8881349563598633,6.840114593505859,6.847583770751953,5.812437057495117,5.914516925811768,5.851616382598877,1.0137803554534912
Talia,S08,Dig,10F/S,Control,sequence_0,S08|Dig|10F/S|Control,0.4907287061214447,0.4907287061214447,3.059882879257202,0.7567675709724426,2.8144168853759766,1.0097160339355469,6.44426965713501,6.743901252746582,5.794830322265625,5.978481769561768,5.4875874519348145,0.47739022970199585
Talia,S08,Dig,10F/S,Control,sequence_1,S08|Dig|10F/S|Control,1.540624737739563,1.540624737739563,3.1157634258270264,0.9090510010719299,2.7534337043762207,0.9512828588485718,7.106070041656494,6.687889575958252,5.999046802520752,5.979052543640137,5.479856967926025,18.798398971557617
Talia,S08,Dig,10F/S,Control,sequence_2,S08|Dig|10F/S|Control,1.0617034435272217,1.0617034435272217,3.5502960681915283,1.109210729598999,2.496037721633911,0.8531707525253296,6.748960494995117,6.941962718963623,6.160619735717773,6.034079074859619,5.271886825561523,1.3533501625061035
Talia,S08,Dig,10F/S,Par,sequence_0,S08|Dig|10F/S|Par,0.8852493166923523,0.8852493166923523,5.056431770324707,1.0450505018234253,2.3124446868896484,1.3625489473342896,6.6066789627075195,6.913014888763428,5.868189334869385,5.876507759094238,5.651248931884766,0.3366270363330841
Talia,S08,Dig,10F/S,Par,sequence_1,S08|Dig|10F/S|Par,0.876595139503479,0.876595139503479,2.067891836166382,0.9422275424003601,3.648822784423828,0.9457463622093201,6.925897121429443,6.709897994995117,5.86992073059082,6.198907375335693,5.4774250984191895,0.8088584542274475
Talia,S08,Dig,10F/S,Par,sequence_2,S08|Dig|10F/S|Par,0.6659746170043945,0.6659746170043945,2.2371668815612793,1.1984131336212158,3.296616315841675,1.3928574323654175,6.779637813568115,6.606802463531494,6.123828887939453,6.136720180511475,5.594549179077148,2.0667972564697266
Talia,S08,Dig,1F,Control,sequence_0,S08|Dig|1F|Control,0.3225463032722473,0.3225463032722473,1.2522168159484863,0.7473600506782532,1.6381105184555054,1.136865496635437,6.308135032653809,6.595088958740234,5.609838485717773,5.8104658126831055,5.473687171936035,1.3137308359146118
Talia,S08,Dig,1F,Control,sequence_1,S08|Dig|1F|Control,2.6018083095550537,2.6018083095550537,2.3554210662841797,1.01595938205719,1.884630560874939,0.9542884826660156,7.13807487487793,6.6449995040893555,5.759515762329102,5.871428489685059,5.5841875076293945,2.187455892562866
Talia,S08,Dig,1F,Control,sequence_2,S08|Dig|1F|Control,0.4373548924922943,0.4373548924922943,4.257168769836426,1.0526626110076904,1.1306803226470947,0.6194078326225281,6.354602813720703,6.999619960784912,6.038686752319336,5.713100433349609,5.326313495635986,0.33793023228645325
Talia,S08,Dig,1F,Par,sequence_0,S08|Dig|1F|Par,3.412330150604248,3.412330150604248,2.910240888595581,3.150970935821533,3.518397092819214,0.589065670967102,7.301076412200928,6.673608779907227,6.555809020996094,6.258472442626953,5.191254615783691,3.545149803161621
Talia,S08,Dig,1F,Par,sequence_1,S08|Dig|1F|Par,1.2665181159973145,1.2665181159973145,1.426540732383728,0.8511738181114197,1.6828221082687378,1.7717580795288086,6.972610950469971,6.159745216369629,5.837172985076904,5.763420104980469,5.899814605712891,18.560035705566406
Talia,S08,Dig,1F,Par,sequence_2,S08|Dig|1F|Par,1.9833325147628784,1.9833325147628784,5.065020561218262,0.9098187685012817,3.0489509105682373,1.3369505405426025,6.995533466339111,7.086927890777588,5.837955951690674,5.966980457305908,5.597780227661133,0.5592730045318604
Talia,S08,Dig,20F/HD,Control,sequence_0,S08|Dig|20F/HD|Control,2.478476047515869,2.478476047515869,4.160793304443359,1.2984037399291992,3.2841336727142334,0.7637280821800232,7.169415473937988,6.942409038543701,5.949038028717041,6.242960453033447,5.400975227355957,1.2372742891311646
Talia,S08,Dig,20F/HD,Control,sequence_1,S08|Dig|20F/HD|Control,0.9191314578056335,0.9191314578056335,3.6085948944091797,1.0262320041656494,2.545308828353882,1.0503339767456055,6.601480007171631,6.614807605743408,5.893338680267334,6.0503950119018555,5.352368354797363,2.912513256072998
Talia,S08,Dig,20F/HD,Control,sequence_2,S08|Dig|20F/HD|Control,1.0533238649368286,1.0533238649368286,1.7470592260360718,1.1541143655776978,3.4709982872009277,1.3821287155151367,6.680644512176514,6.302206039428711,5.990158557891846,6.2787909507751465,5.5795135498046875,7.823565483093262
Talia,S08,Dig,20F/HD,Par,sequence_0,S08|Dig|20F/HD|Par,0.43096473813056946,0.43096473813056946,5.852647304534912,0.6644558310508728,1.1237245798110962,1.0936580896377563,6.173172950744629,7.009731769561768,5.629425525665283,5.6311163902282715,5.46495246887207,0.3919812738895416
Talia,S08,Dig,20F/HD,Par,sequence_1,S08|Dig|20F/HD|Par,0.7675087451934814,0.7675087451934814,4.436350345611572,0.6112880110740662,2.7118916511535645,0.36915549635887146,6.427367210388184,6.831231117248535,5.744880199432373,6.1010355949401855,5.174668788909912,0.5658688545227051
Talia,S08,Dig,20F/HD,Par,sequence_2,S08|Dig|20F/HD|Par,1.1733372211456299,1.1733372211456299,2.3666398525238037,0.6524574756622314,2.4715769290924072,0.8761932849884033,6.924454212188721,6.807077884674072,5.757997989654541,5.856354236602783,5.509628772735596,1.2380644083023071
Talia,S09,Dig,10F/M,Control,sequence_0,S09|Dig|10F/M|Control,1.704976201057434,1.704976201057434,3.5403518676757812,0.901886522769928,1.4955811500549316,0.800731897354126,6.683318614959717,6.431272506713867,6.202836990356445,5.698567867279053,5.41491174697876,3.0506060123443604
Talia,S09,Dig,10F/M,Control,sequence_1,S09|Dig|10F/M|Control,2.1151957511901855,2.1151957511901855,3.3550491333007812,0.3025907278060913,1.905786156654358,1.0207619667053223,6.640656471252441,6.458736419677734,5.680113315582275,5.7665228843688965,5.3909783363342285,1.8370856046676636
Talia,S09,Dig,10F/M,Control,sequence_2,S09|Dig|10F/M|Control,1.4903079271316528,1.4903079271316528,3.3312418460845947,0.8157045841217041,1.253909707069397,1.557090163230896,6.82754373550415,6.466488838195801,5.876634120941162,5.596213340759277,5.593921661376953,2.870967388153076
Talia,S09,Dig,10F/M,Par,sequence_0,S09|Dig|10F/M|Par,2.556607723236084,2.556607723236084,4.482575416564941,0.7764017581939697,1.7014280557632446,1.2833729982376099,6.732815742492676,6.543262958526611,5.80808687210083,5.885930061340332,5.657583713531494,4.254840850830078
Talia,S09,Dig,10F/M,Par,sequence_1,S09|Dig|10F/M|Par,1.5710866451263428,1.5710866451263428,3.4675543308258057,0.6350962519645691,1.939116358757019,0.7574578523635864,6.548116207122803,6.332398891448975,6.13980770111084,5.825862884521484,5.41152811050415,6.0599284172058105
Talia,S09,Dig,10F/M,Par,sequence_2,S09|Dig|10F/M|Par,3.907867908477783,3.907867908477783,3.454751968383789,1.061013102531433,2.889230728149414,1.5603572130203247,6.91722297668457,6.300573348999023,6.244143962860107,6.007649898529053,5.748536586761475,3.890310049057007
Talia,S09,Dig,10F/S,Control,sequence_0,S09|Dig|10F/S|Control,0.9487308263778687,0.9487308263778687,6.990152359008789,0.8402889966964722,2.3986473083496094,1.5150976181030273,6.572885036468506,6.886901378631592,5.914485931396484,6.025636672973633,5.695011615753174,0.5935346484184265
Talia,S09,Dig,10F/S,Control,sequence_1,S09|Dig|10F/S|Control,0.8072826862335205,0.8072826862335205,5.048608303070068,1.357471227645874,2.328855514526367,0.9755182862281799,6.4601593017578125,6.674804210662842,6.311326026916504,6.297298431396484,5.805713653564453,12.458553314208984
Talia,S09,Dig,10F/S,Control,sequence_2,S09|Dig|10F/S|Control,0.9969334602355957,0.9969334602355957,4.590207576751709,0.48674947023391724,3.321333646774292,0.9510090947151184,6.320443153381348,6.671317100524902,5.580295562744141,6.098583221435547,5.367926120758057,1.3931504487991333
Talia,S09,Dig,10F/S,Par,sequence_0,S09|Dig|10F/S|Par,1.4377208948135376,1.4377208948135376,7.143933296203613,1.9679408073425293,1.513466477394104,0.450181245803833,6.650740623474121,6.818851470947266,6.4057416915893555,5.62901496887207,5.018232345581055,1.0000659227371216
Talia,S09,Dig,10F/S,Par,sequence_1,S09|Dig|10F/S|Par,2.509228229522705,2.509228229522705,6.713119983673096,0.6763306260108948,2.3081159591674805,0.4657090902328491,7.099308013916016,6.930369853973389,5.844267845153809,5.8650336265563965,5.115499973297119,1.1502680778503418
Talia,S09,Dig,10F/S,Par,sequence_2,S09|Dig|10F/S|Par,1.3689064979553223,1.3689064979553223,5.086277008056641,0.8256434202194214,3.554795980453491,1.0024809837341309,6.547145843505859,6.714026927947998,5.818209171295166,6.12671422958374,5.396836280822754,1.63168203830719
Talia,S09,Dig,1F,Control,sequence_0,S09|Dig|1F|Control,1.139931321144104,1.139931321144104,3.594897508621216,0.7748163938522339,2.511500120162964,0.7530166506767273,6.538537979125977,6.4083452224731445,5.747989177703857,5.87750768661499,5.422733783721924,1.9944729804992676
Talia,S09,Dig,1F,Control,sequence_1,S09|Dig|1F|Control,1.4178205728530884,1.4178205728530884,3.340214729309082,1.260540246963501,4.557401657104492,0.6620182991027832,6.715134620666504,6.343482494354248,6.024409770965576,6.252161502838135,5.32509708404541,2.5457189083099365
Talia,S09,Dig,1F,Control,sequence_2,S09|Dig|1F|Control,1.4251656532287598,1.4251656532287598,2.9782841205596924,1.148280382156372,3.9438304901123047,1.381241798400879,6.876969337463379,6.432285785675049,6.0197038650512695,6.078428745269775,5.655619144439697,2.0788114070892334
Talia,S09,Dig,1F,Par,sequence_0,S09|Dig|1F|Par,0.891385555267334,0.891385555267334,2.952441692352295,1.4601690769195557,3.2155113220214844,0.8278441429138184,6.298952579498291,6.317432403564453,6.067473411560059,5.937411308288574,5.467222213745117,5.236975193023682
Talia,S09,Dig,1F,Par,sequence_1,S09|Dig|1F|Par,1.0127661228179932,1.0127661228179932,4.234180927276611,0.4899004101753235,3.8584554195404053,1.2513841390609741,6.4343156814575195,6.702572345733643,5.6020426750183105,6.206515312194824,5.607748031616211,0.6602535247802734
Talia,S09,Dig,1F,Par,sequence_2,S09|Dig|1F|Par,1.0162748098373413,1.0162748098373413,5.394293308258057,1.6482328176498413,2.178427219390869,0.8608686923980713,6.434274673461914,6.788369178771973,6.236624717712402,5.828380584716797,5.334987640380859,0.6899181604385376
Talia,S09,Dig,20F/HD,Control,sequence_0,S09|Dig|20F/HD|Control,0.6477322578430176,0.6477322578430176,3.8563318252563477,0.7404306530952454,3.636259078979492,1.655977487564087,6.381679534912109,6.7197771072387695,5.791029930114746,6.044587135314941,5.700355052947998,2.9646472930908203
Talia,S09,Dig,20F/HD,Control,sequence_1,S09|Dig|20F/HD|Control,1.0798797607421875,1.0798797607421875,7.456823348999023,1.2315362691879272,3.956756591796875,0.7869601249694824,6.652712345123291,6.943388938903809,6.092958927154541,6.05234432220459,5.268655776977539,2.8121421337127686
Talia,S09,Dig,20F/HD,Control,sequence_2,S09|Dig|20F/HD|Control,0.7562134265899658,0.7562134265899658,3.8752288818359375,1.5517605543136597,2.4602205753326416,0.443607896566391,6.28537130355835,6.664704322814941,6.02145528793335,6.017270565032959,5.268757343292236,0.6918893456459045
Talia,S09,Dig,20F/HD,Par,sequence_0,S09|Dig|20F/HD|Par,2.682844400405884,2.682844400405884,4.237215518951416,0.5136463046073914,4.449230670928955,2.0668392181396484,7.066905975341797,6.685985088348389,5.493144989013672,6.185375690460205,5.906956195831299,1.4499987363815308
Talia,S09,Dig,20F/HD,Par,sequence_1,S09|Dig|20F/HD|Par,1.1403478384017944,1.1403478384017944,4.787954807281494,1.2339372634887695,2.5853588581085205,1.3587162494659424,6.499284267425537,6.746716022491455,5.976095199584961,6.007205486297607,5.856667518615723,1.0513616800308228
Talia,S09,Dig,20F/HD,Par,sequence_2,S09|Dig|20F/HD|Par,1.9681859016418457,1.9681859016418457,3.2807040214538574,0.9378475546836853,4.171805381774902,1.3591468334197998,6.7916259765625,6.52019739151001,5.812716484069824,6.263693809509277,5.746465682983398,6.8546319007873535
Talia,S10,Dig,10F/M,Control,sequence_0,S10|Dig|10F/M|Control,0.9802780151367188,0.9802780151367188,6.379678249359131,0.8888218998908997,5.980737209320068,1.0408375263214111,6.4412665367126465,6.765106678009033,5.563022613525391,6.305709362030029,5.535355091094971,0.5273137092590332
Talia,S10,Dig,10F/M,Control,sequence_1,S10|Dig|10F/M|Control,1.268419623374939,1.268419623374939,6.856265544891357,1.0204217433929443,5.269876003265381,0.8044119477272034,6.430098533630371,6.807307243347168,5.681164741516113,6.269848346710205,5.409487724304199,0.5548672080039978
Talia,S10,Dig,10F/M,Control,sequence_2,S10|Dig|10F/M|Control,0.7207370400428772,0.7207370400428772,7.121570110321045,1.3991799354553223,5.247263431549072,0.9773960113525391,6.193202018737793,6.899129867553711,5.74934720993042,6.253762245178223,5.471902370452881,1.0437918901443481
Talia,S10,Dig,10F/M,Par,sequence_0,S10|Dig|10F/M|Par,1.1442229747772217,1.1442229747772217,5.977577209472656,1.6120682954788208,5.716420650482178,1.2001574039459229,6.272029399871826,6.699002265930176,5.846927642822266,6.207392692565918,5.5176310539245605,1.922239899635315
Talia,S10,Dig,10F/M,Par,sequence_1,S10|Dig|10F/M|Par,0.9649744629859924,0.9649744629859924,5.483383655548096,0.9303970336914062,4.628917694091797,1.0010584592819214,6.346302032470703,6.735884666442871,5.495700836181641,6.131754398345947,5.413580894470215,0.46048471331596375
Talia,S10,Dig,10F/M,Par,sequence_2,S10|Dig|10F/M|Par,0.4833133816719055,0.4833133816719055,4.334924697875977,0.7762480974197388,4.057681560516357,0.6679368019104004,6.326915740966797,6.8813700675964355,5.543494701385498,6.093789100646973,5.564464569091797,0.3129616379737854
Talia,S10,Dig,10F/S,Control,sequence_0,S10|Dig|10F/S|Control,1.1581772565841675,1.1581772565841675,8.798447608947754,0.6646898984909058,8.536970138549805,0.8584270477294922,6.552243709564209,7.080028057098389,5.308035850524902,6.550525665283203,5.361741065979004,0.28374889492988586
Talia,S10,Dig,10F/S,Control,sequence_1,S10|Dig|10F/S|Control,1.7192351818084717,1.7192351818084717,8.998054504394531,1.582437515258789,9.428622245788574,1.1103317737579346,6.624846935272217,7.077038764953613,5.9230780601501465,6.544552326202393,5.598708629608154,0.30310654640197754
Talia,S10,Dig,10F/S,Control,sequence_2,S10|Dig|10F/S|Control,0.6795742511749268,0.6795742511749268,5.247727394104004,1.0178899765014648,9.294279098510742,0.8433360457420349,6.608862400054932,7.008240699768066,5.648899555206299,6.554527282714844,5.510274410247803,0.21710292994976044
Talia,S10,Dig,10F/S,Par,sequence_0,S10|Dig|10F/S|Par,0.8461542725563049,0.8461542725563049,8.470964431762695,0.6179267764091492,7.763073921203613,1.6232341527938843,6.5754241943359375,7.055421829223633,5.372759819030762,6.379918098449707,5.742900848388672,0.24262237548828125
Talia,S10,Dig,10F/S,Par,sequence_1,S10|Dig|10F/S|Par,1.2106328010559082,1.2106328010559082,11.041276931762695,0.8741865158081055,8.390524864196777,1.0334023237228394,6.677797317504883,7.18595552444458,5.534146308898926,6.605469226837158,5.674737453460693,0.2404661476612091
Talia,S10,Dig,10F/S,Par,sequence_2,S10|Dig|10F/S|Par,1.8361008167266846,1.8361008167266846,7.699168682098389,1.593485713005066,5.752947807312012,1.1625093221664429,7.316132068634033,7.234922409057617,5.89618444442749,6.256886005401611,5.669153213500977,0.8302110433578491
Talia,S10,Dig,1F,Control,sequence_0,S10|Dig|1F|Control,1.384886622428894,1.384886622428894,8.07012939453125,1.0608329772949219,7.148955345153809,1.0453507900238037,6.269226551055908,6.785417079925537,5.680440425872803,6.377799034118652,5.509787559509277,1.123434066772461
Talia,S10,Dig,1F,Control,sequence_1,S10|Dig|1F|Control,1.5092120170593262,1.5092120170593262,6.579218864440918,1.5652409791946411,7.83416748046875,1.3775012493133545,6.565648078918457,6.81109094619751,5.901853561401367,6.344736576080322,5.7556939125061035,1.3441429138183594
Talia,S10,Dig,1F,Par,sequence_0,S10|Dig|1F|Par,1.4324084520339966,1.4324084520339966,7.900343894958496,3.0411667823791504,4.144351005554199,1.5241769552230835,6.722811222076416,6.917720794677734,6.070170879364014,6.143097400665283,5.7757978439331055,3.87225341796875
Talia,S10,Dig,1F,Par,sequence_1,S10|Dig|1F|Par,1.6245428323745728,1.6245428323745728,6.054858207702637,2.897214412689209,8.61169147491455,1.0317347049713135,6.8169145584106445,6.859404563903809,6.118259906768799,6.4547529220581055,5.456079959869385,0.6853652000427246
Talia,S10,Dig,1F,Par,sequence_2,S10|Dig|1F|Par,0.6435065269470215,0.6435065269470215,5.9124274253845215,2.7819182872772217,6.220600128173828,1.3634800910949707,6.22371244430542,6.812900066375732,6.144336223602295,6.238834857940674,5.61889123916626,0.26177310943603516
Talia,S10,Dig,20F/HD,Control,sequence_0,S10|Dig|20F/HD|Control,0.34450986981391907,0.34450986981391907,4.338583469390869,1.3107856512069702,5.680041313171387,1.026701807975769,6.107931137084961,6.908600807189941,5.69689416885376,6.34023380279541,5.488536834716797,0.1465863287448883
Talia,S10,Dig,20F/HD,Control,sequence_1,S10|Dig|20F/HD|Control,1.6497182846069336,1.6497182846069336,9.498655319213867,1.2171072959899902,6.453897953033447,1.1472972631454468,6.6557936668396,6.963980197906494,5.544735908508301,6.36654806137085,5.578802585601807,0.37901967763900757
Talia,S10,Dig,20F/HD,Control,sequence_2,S10|Dig|20F/HD|Control,1.0684441328048706,1.0684441328048706,9.04160213470459,0.8125128746032715,7.256585597991943,1.7215527296066284,6.175960540771484,7.005390167236328,5.444355487823486,6.379793167114258,5.7736616134643555,0.1848420351743698
Talia,S10,Dig,20F/HD,Par,sequence_0,S10|Dig|20F/HD|Par,0.7433201670646667,0.7433201670646667,10.155327796936035,0.9763382077217102,5.375692844390869,1.3038854598999023,6.071654319763184,7.025336742401123,5.591459274291992,6.337982177734375,5.692903995513916,0.28089430928230286
Talia,S10,Dig,20F/HD,Par,sequence_1,S10|Dig|20F/HD|Par,0.671198844909668,0.671198844909668,8.770526885986328,1.6482954025268555,7.514420509338379,0.9870612025260925,6.0791754722595215,6.89047384262085,5.743585109710693,6.378022193908691,5.458646297454834,0.25600406527519226
Talia,S10,Dig,20F/HD,Par,sequence_2,S10|Dig|20F/HD|Par,2.9557361602783203,2.9557361602783203,8.675335884094238,1.8499864339828491,6.551351547241211,0.9248303771018982,6.836967468261719,6.952639102935791,5.944633960723877,6.370033264160156,5.494429111480713,0.6287797689437866
Talia,S11,Dig,10F/M,Control,sequence_0,S11|Dig|10F/M|Control,0.8616631031036377,0.8616631031036377,2.5904064178466797,0.6733577251434326,2.4484381675720215,1.0525115728378296,6.618295669555664,6.587123870849609,5.991541385650635,6.621870517730713,6.204952716827393,1.7842111587524414
Talia,S11,Dig,10F/M,Control,sequence_1,S11|Dig|10F/M|Control,1.6197420358657837,1.6197420358657837,1.8531867265701294,1.056283950805664,2.507781744003296,1.0724475383758545,7.0043511390686035,6.5346360206604,6.185476779937744,6.644248008728027,6.137011528015137,6.532936096191406
Talia,S11,Dig,10F/M,Control,sequence_2,S11|Dig|10F/M|Control,0.7820752859115601,0.7820752859115601,3.0696237087249756,0.7858408689498901,1.8974255323410034,0.7396560311317444,6.6427435874938965,6.70167875289917,6.162136077880859,6.455151557922363,6.014228820800781,1.0741297006607056
Talia,S11,Dig,10F/M,Par,sequence_0,S11|Dig|10F/M|Par,1.0181399583816528,1.0181399583816528,2.36482572555542,1.1979303359985352,2.0720126628875732,1.1896867752075195,6.838749408721924,6.598478317260742,6.285272598266602,6.464374542236328,6.138895034790039,2.585623025894165
Talia,S11,Dig,10F/M,Par,sequence_1,S11|Dig|10F/M|Par,0.8890864253044128,0.8890864253044128,2.9015963077545166,1.587177038192749,1.6601115465164185,0.7037563323974609,6.714850902557373,6.668997764587402,6.472225189208984,6.488531112670898,5.745967388153076,5.969696044921875
Talia,S11,Dig,10F/M,Par,sequence_2,S11|Dig|10F/M|Par,0.9943124055862427,0.9943124055862427,2.4823217391967773,0.5639991164207458,3.4750616550445557,1.094664454460144,6.4878764152526855,6.594491481781006,5.8522114753723145,6.7411627769470215,5.998128414154053,1.748517632484436
Talia,S11,Dig,10F/S,Control,sequence_0,S11|Dig|10F/S|Control,0.7373332977294922,0.7373332977294922,3.631040334701538,1.2916314601898193,3.587993860244751,0.8018465638160706,6.457777976989746,6.753028869628906,6.144589424133301,6.684200763702393,5.881440162658691,0.8980732560157776
Talia,S11,Dig,10F/S,Control,sequence_1,S11|Dig|10F/S|Control,1.1032532453536987,1.1032532453536987,2.293626546859741,1.5130934715270996,2.0847535133361816,0.7658047080039978,6.770837783813477,6.501098155975342,6.3470139503479,6.415404319763184,5.800180912017822,3.058887004852295
Talia,S11,Dig,10F/S,Control,sequence_2,S11|Dig|10F/S|Control,0.7719851732254028,0.7719851732254028,2.1849169731140137,0.8296316266059875,2.0813732147216797,1.3412747383117676,6.490957736968994,6.491038799285889,6.156261920928955,6.259323596954346,6.2832417488098145,2.6121509075164795
Talia,S11,Dig,10F/S,Par,sequence_0,S11|Dig|10F/S|Par,1.2716853618621826,1.2716853618621826,2.9561245441436768,1.637852668762207,2.3037495613098145,0.6465128660202026,6.833624362945557,6.541553497314453,6.329638957977295,6.465834140777588,5.874063014984131,5.662392616271973
Talia,S11,Dig,10F/S,Par,sequence_1,S11|Dig|10F/S|Par,1.1106520891189575,1.1106520891189575,3.597787857055664,1.4616680145263672,2.5010321140289307,0.8908236026763916,6.6324381828308105,6.732260704040527,6.258653163909912,6.473393440246582,6.142127513885498,3.913365602493286
Talia,S11,Dig,10F/S,Par,sequence_2,S11|Dig|10F/S|Par,1.0240148305892944,1.0240148305892944,1.8911641836166382,0.6891255974769592,2.782197952270508,0.7504336833953857,6.4484543800354,6.437180519104004,6.014865875244141,6.450847148895264,5.941808700561523,2.1651201248168945
Talia,S11,Dig,1F,Control,sequence_0,S11|Dig|1F|Control,0.7556650042533875,0.7556650042533875,2.953378200531006,1.6431292295455933,2.8377225399017334,0.8389142155647278,6.576183319091797,6.657830238342285,6.371257305145264,6.658581733703613,5.917110443115234,2.0874216556549072
Talia,S11,Dig,1F,Control,sequence_1,S11|Dig|1F|Control,1.1054651737213135,1.1054651737213135,3.5345587730407715,1.9892746210098267,2.554779529571533,0.768972635269165,6.763620376586914,6.771875858306885,6.414675712585449,6.4831743240356445,5.817327976226807,1.0734962224960327
Talia,S11,Dig,1F,Control,sequence_2,S11|Dig|1F|Control,1.7138253450393677,1.7138253450393677,2.0751993656158447,1.4662572145462036,2.4883720874786377,0.6752082705497742,6.985326290130615,6.540596961975098,6.401216506958008,6.555638313293457,5.941007614135742,6.756507396697998
Talia,S11,Dig,1F,Par,sequence_0,S11|Dig|1F|Par,0.6203295588493347,0.6203295588493347,4.079448699951172,1.3919295072555542,2.7243025302886963,1.0410891771316528,6.381870746612549,6.849506855010986,6.2567853927612305,6.636507987976074,6.016780853271484,0.5713152289390564
Talia,S11,Dig,1F,Par,sequence_1,S11|Dig|1F|Par,2.393662691116333,2.393662691116333,3.499112844467163,0.9065278172492981,2.845592975616455,0.8835568428039551,7.046350479125977,6.574524402618408,6.0246429443359375,6.390613555908203,6.024233818054199,18.660137176513672
Talia,S11,Dig,1F,Par,sequence_2,S11|Dig|1F|Par,1.3781232833862305,1.3781232833862305,6.294704437255859,1.5307915210723877,2.4688620567321777,1.1742573976516724,6.77840518951416,7.242485523223877,6.415988922119141,6.523691654205322,6.045646667480469,0.4411315321922302
Talia,S11,Dig,20F/HD,Control,sequence_0,S11|Dig|20F/HD|Control,1.0054121017456055,1.0054121017456055,3.3884103298187256,1.5894371271133423,2.472905158996582,0.9100871086120605,6.661137580871582,6.70642614364624,6.328535556793213,6.51688814163208,5.83039665222168,1.2743455171585083
Talia,S11,Dig,20F/HD,Control,sequence_1,S11|Dig|20F/HD|Control,2.193108320236206,2.193108320236206,2.9153995513916016,0.42275360226631165,2.68556547164917,1.2656301259994507,6.9195451736450195,6.646777629852295,5.839932918548584,6.509143829345703,6.0003557205200195,12.02542495727539
Talia,S11,Dig,20F/HD,Control,sequence_2,S11|Dig|20F/HD|Control,1.1406477689743042,1.1406477689743042,2.4664478302001953,0.7637133598327637,2.70098876953125,1.1479071378707886,6.686351776123047,6.557267665863037,5.839450836181641,6.488813400268555,6.090568542480469,1.9883054494857788
Talia,S11,Dig,20F/HD,Par,sequence_0,S11|Dig|20F/HD|Par,0.994588315486908,0.994588315486908,3.961738109588623,1.377221941947937,3.177635431289673,0.7219290733337402,6.564868927001953,6.781973838806152,6.275986671447754,6.581781387329102,5.872662544250488,2.4721105098724365
Talia,S11,Dig,20F/HD,Par,sequence_1,S11|Dig|20F/HD|Par,1.5571134090423584,1.5571134090423584,3.8603341579437256,1.3360265493392944,3.0503828525543213,1.2506734132766724,6.741149425506592,6.762441158294678,6.4436798095703125,6.602980613708496,6.0442633628845215,6.059268951416016
Talia,S11,Dig,20F/HD,Par,sequence_2,S11|Dig|20F/HD|Par,1.4083174467086792,1.4083174467086792,3.0812859535217285,0.5706807374954224,2.574571371078491,1.1386799812316895,6.626638412475586,6.606010913848877,5.7817301750183105,6.43477725982666,5.9981865882873535,1.9355270862579346
Talia,S12,Dig,10F/M,Control,sequence_0,S12|Dig|10F/M|Control,2.0038933753967285,2.0038933753967285,7.621442794799805,0.6173818707466125,1.5659860372543335,1.0804656744003296,6.714509963989258,7.141559600830078,5.964792251586914,5.8811469078063965,5.659987926483154,0.526042640209198
Talia,S12,Dig,10F/M,Control,sequence_1,S12|Dig|10F/M|Control,0.9413983821868896,0.9413983821868896,6.533481597900391,0.9037551879882812,2.262199640274048,0.8264027833938599,6.508106231689453,7.076134204864502,6.266605377197266,6.266723155975342,5.464712142944336,0.6913534998893738
Talia,S12,Dig,10F/M,Control,sequence_2,S12|Dig|10F/M|Control,0.9027175903320312,0.9027175903320312,4.081966876983643,1.8454596996307373,1.9216580390930176,0.6031567454338074,6.182577133178711,6.74341344833374,6.570109844207764,6.015864849090576,5.345399379730225,1.81829833984375
Talia,S12,Dig,10F/M,Par,sequence_0,S12|Dig|10F/M|Par,1.2536674737930298,1.2536674737930298,5.684262752532959,1.549604892730713,2.4888713359832764,2.2423620223999023,6.566020965576172,7.101203918457031,6.562630653381348,6.272176265716553,5.84070348739624,0.3535902500152588
Talia,S12,Dig,10F/M,Par,sequence_1,S12|Dig|10F/M|Par,1.0425488948822021,1.0425488948822021,9.245885848999023,0.8257363438606262,1.8560343980789185,0.7301826477050781,6.431698799133301,7.2932658195495605,6.125955104827881,6.00511360168457,5.434017181396484,0.17717614769935608
Talia,S12,Dig,10F/M,Par,sequence_2,S12|Dig|10F/M|Par,1.3894702196121216,1.3894702196121216,8.513038635253906,0.5052632689476013,1.6106475591659546,0.42787933349609375,6.664046287536621,7.157700538635254,5.765858173370361,5.920968532562256,5.304553031921387,0.6365388631820679
Talia,S12,Dig,10F/S,Control,sequence_0,S12|Dig|10F/S|Control,0.9909432530403137,0.9909432530403137,5.393173694610596,1.6338448524475098,1.5478647947311401,0.8036970496177673,6.321057319641113,7.015803337097168,6.51954460144043,5.9184393882751465,5.540981292724609,0.5190911293029785
Talia,S12,Dig,10F/S,Control,sequence_1,S12|Dig|10F/S|Control,1.7401630878448486,1.7401630878448486,6.18359899520874,1.4474436044692993,0.6043899655342102,1.1563504934310913,6.7589335441589355,7.051723480224609,6.38051176071167,5.654946804046631,5.628528594970703,0.7667610049247742
Talia,S12,Dig,10F/S,Control,sequence_2,S12|Dig|10F/S|Control,0.9717849493026733,0.9717849493026733,8.505990982055664,0.48134976625442505,0.7607436180114746,0.4801557660102844,6.269710540771484,7.352510929107666,5.65718412399292,5.810074329376221,5.29714298248291,0.24273249506950378
Talia,S12,Dig,10F/S,Par,sequence_0,S12|Dig|10F/S|Par,1.7355176210403442,1.7355176210403442,7.142159938812256,1.240946650505066,1.1997525691986084,0.9605064392089844,6.646993637084961,7.052692413330078,6.3382954597473145,6.083558082580566,5.671365737915039,0.5274688005447388
Talia,S12,Dig,10F/S,Par,sequence_1,S12|Dig|10F/S|Par,2.2080564498901367,2.2080564498901367,6.010800838470459,0.8071838617324829,1.5014420747756958,1.6283031702041626,6.717316627502441,7.205453395843506,6.0808258056640625,5.785071849822998,5.855503559112549,0.5173166394233704
Talia,S12,Dig,10F/S,Par,sequence_2,S12|Dig|10F/S|Par,1.946516990661621,1.946516990661621,7.407972812652588,0.5593839883804321,2.3140718936920166,2.27266263961792,6.681455612182617,7.308193206787109,5.867835521697998,6.371309757232666,6.042923927307129,0.3946082592010498
Talia,S12,Dig,1F,Control,sequence_0,S12|Dig|1F|Control,1.7871394157409668,1.7871394157409668,10.400927543640137,1.709586501121521,1.7279942035675049,1.1296558380126953,6.578166961669922,7.334412097930908,6.554821491241455,5.934943199157715,5.765511989593506,0.9096353650093079
Talia,S12,Dig,1F,Control,sequence_1,S12|Dig|1F|Control,3.159040927886963,3.159040927886963,9.05137825012207,1.1192755699157715,1.0017480850219727,1.817209005355835,6.868907451629639,7.417003631591797,6.135294437408447,5.828518867492676,5.865488529205322,0.4688165783882141
Talia,S12,Dig,1F,Control,sequence_2,S12|Dig|1F|Control,1.3957188129425049,1.3957188129425049,9.571097373962402,2.4759345054626465,1.6884793043136597,0.6937785148620605,6.535116195678711,7.252870559692383,6.529313087463379,6.3107380867004395,5.567405700683594,0.489332914352417
Talia,S12,Dig,1F,Par,sequence_0,S12|Dig|1F|Par,1.1816469430923462,1.1816469430923462,7.707455635070801,0.6568832993507385,2.231513500213623,1.0435014963150024,6.398438453674316,7.220361709594727,5.991323471069336,6.3997650146484375,5.804873466491699,0.627646267414093
Talia,S12,Dig,1F,Par,sequence_1,S12|Dig|1F|Par,1.593384027481079,1.593384027481079,11.597978591918945,0.6752416491508484,2.7629120349884033,0.9430100917816162,6.60038423538208,7.3630757331848145,5.8712897300720215,6.251856327056885,5.480530261993408,0.27310842275619507
Talia,S12,Dig,1F,Par,sequence_2,S12|Dig|1F|Par,1.145918846130371,1.145918846130371,10.015430450439453,0.9524440765380859,1.4898971319198608,0.4684261083602905,6.454927921295166,7.4016432762146,6.446383476257324,6.044722557067871,5.393830299377441,0.6151076555252075
Talia,S12,Dig,20F/HD,Control,sequence_0,S12|Dig|20F/HD|Control,1.1950374841690063,1.1950374841690063,6.9546966552734375,0.8123879432678223,1.5005697011947632,1.227630376815796,6.5862345695495605,7.200697898864746,6.115024566650391,6.030012130737305,5.677273750305176,0.48080113530158997
Talia,S12,Dig,20F/HD,Control,sequence_1,S12|Dig|20F/HD|Control,1.0658929347991943,1.0658929347991943,11.30789566040039,0.7295753359794617,0.6920395493507385,0.6796139478683472,6.472346782684326,7.396762371063232,6.005443572998047,5.892283916473389,5.527571678161621,0.3237835764884949
Talia,S12,Dig,20F/HD,Control,sequence_2,S12|Dig|20F/HD|Control,2.3393771648406982,2.3393771648406982,13.3285551071167,0.8305687308311462,2.565326690673828,0.6101582050323486,6.901700973510742,7.34595251083374,6.079850673675537,6.162140369415283,5.322782516479492,0.5299098491668701
Talia,S12,Dig,20F/HD,Par,sequence_0,S12|Dig|20F/HD|Par,0.9166144132614136,0.9166144132614136,10.954632759094238,0.5425830483436584,3.079041004180908,0.44090402126312256,6.339282035827637,7.365341663360596,5.863008499145508,6.251636505126953,5.354622840881348,0.153391495347023
Talia,S12,Dig,20F/HD,Par,sequence_1,S12|Dig|20F/HD|Par,0.9932379722595215,0.9932379722595215,8.721359252929688,0.5763330459594727,1.500449538230896,0.9183490872383118,6.51641321182251,7.226317882537842,5.860595226287842,5.973585605621338,5.626486778259277,0.21983718872070312
Talia,S12,Dig,20F/HD,Par,sequence_2,S12|Dig|20F/HD|Par,1.036686658859253,1.036686658859253,5.805812835693359,0.9037008881568909,0.7986500263214111,0.6875941753387451,6.44118595123291,7.1352033615112305,6.027954578399658,5.600759983062744,5.532548904418945,0.6787816882133484
Talia,S13,Dig,10F/M,Control,sequence_0,S13|Dig|10F/M|Control,0.3763716220855713,0.3763716220855713,2.4387400150299072,1.2220816612243652,1.2435598373413086,0.9329726696014404,6.284059047698975,6.934824466705322,6.8566718101501465,5.907683372497559,5.78057336807251,1.1979117393493652
Talia,S13,Dig,10F/M,Control,sequence_1,S13|Dig|10F/M|Control,0.8175705075263977,0.8175705075263977,3.4511125087738037,0.5713670253753662,1.4549579620361328,1.1674906015396118,6.536087512969971,7.038449764251709,6.671623706817627,5.960627555847168,5.832534313201904,2.4044456481933594
Talia,S13,Dig,10F/M,Control,sequence_2,S13|Dig|10F/M|Control,1.4639524221420288,1.4639524221420288,4.627802848815918,0.6737402081489563,1.3620789051055908,0.5448904633522034,6.928975582122803,6.999392986297607,6.716930389404297,5.972017765045166,5.340106010437012,6.34930419921875
Talia,S13,Dig,10F/M,Par,sequence_0,S13|Dig|10F/M|Par,0.9093397259712219,0.9093397259712219,2.073953866958618,0.6942610144615173,2.059562921524048,1.7872058153152466,6.4864020347595215,6.719639778137207,6.386951446533203,6.133976459503174,5.990862846374512,1.4451823234558105
Talia,S13,Dig,10F/M,Par,sequence_1,S13|Dig|10F/M|Par,1.008671522140503,1.008671522140503,1.860606074333191,1.967228651046753,1.3371305465698242,1.160170316696167,6.7942376136779785,6.795505523681641,7.001070499420166,5.946567535400391,5.752936840057373,3.399958610534668
Talia,S13,Dig,10F/M,Par,sequence_2,S13|Dig|10F/M|Par,1.3867453336715698,1.3867453336715698,3.4785263538360596,0.6182476878166199,1.141341209411621,0.7125114798545837,6.706340312957764,7.151691913604736,6.867160797119141,5.794279098510742,5.549417018890381,0.7837156653404236
Talia,S13,Dig,10F/S,Control,sequence_0,S13|Dig|10F/S|Control,1.6991888284683228,1.6991888284683228,3.8039042949676514,0.2847151458263397,4.536259651184082,1.5349513292312622,6.7502593994140625,7.4396748542785645,6.304872989654541,6.647503852844238,5.794375896453857,2.5561840534210205
Talia,S13,Dig,10F/S,Control,sequence_1,S13|Dig|10F/S|Control,1.136792778968811,1.136792778968811,5.129993438720703,0.5174331665039062,4.092015743255615,0.5938389301300049,6.710192680358887,7.453053951263428,6.96199369430542,6.571635723114014,5.458574295043945,0.787045419216156
Talia,S13,Dig,10F/S,Control,sequence_2,S13|Dig|10F/S|Control,0.7488361597061157,0.7488361597061157,5.417858123779297,0.6903963685035706,3.283268451690674,0.76102614402771,6.337009429931641,7.448413848876953,6.978890895843506,6.430196762084961,5.600733280181885,1.352937936782837
Talia,S13,Dig,10F/S,Par,sequence_0,S13|Dig|10F/S|Par,0.8637683987617493,0.8637683987617493,5.3954176902771,0.46270108222961426,2.4771883487701416,0.609704852104187,6.494968414306641,7.356430530548096,6.901303768157959,6.23106575012207,5.591792583465576,0.5204606652259827
Talia,S13,Dig,10F/S,Par,sequence_1,S13|Dig|10F/S|Par,1.4990843534469604,1.4990843534469604,5.821520805358887,0.6733989715576172,2.9579646587371826,2.8602211475372314,6.536567687988281,7.373461723327637,6.95574951171875,6.291993141174316,6.0243096351623535,1.309023380279541
Talia,S13,Dig,10F/S,Par,sequence_2,S13|Dig|10F/S|Par,0.5496528744697571,0.5496528744697571,6.3611016273498535,0.9619644284248352,3.7669179439544678,1.2511322498321533,6.216273784637451,7.387486457824707,6.816957950592041,6.349165439605713,5.719679355621338,0.6766501069068909
Talia,S13,Dig,1F,Control,sequence_0,S13|Dig|1F|Control,0.7502938508987427,0.7502938508987427,4.172084808349609,1.5421230792999268,3.4216785430908203,0.7055087685585022,6.48492431640625,6.940589904785156,7.152220726013184,6.552506923675537,5.638179779052734,4.9168877601623535
Talia,S13,Dig,1F,Control,sequence_1,S13|Dig|1F|Control,1.9891191720962524,1.9891191720962524,5.3060455322265625,1.1008660793304443,2.1231045722961426,1.240681767463684,6.872664451599121,7.405513763427734,7.2829155921936035,6.299229621887207,5.745267868041992,4.859889507293701
Talia,S13,Dig,1F,Control,sequence_2,S13|Dig|1F|Control,1.9246492385864258,1.9246492385864258,1.9224942922592163,0.4555633068084717,2.026063919067383,1.1072379350662231,7.02601957321167,6.8704729080200195,6.6109299659729,6.2816243171691895,5.7574334144592285,10.157135009765625
Talia,S13,Dig,1F,Par,sequence_0,S13|Dig|1F|Par,1.4444544315338135,1.4444544315338135,5.32238245010376,1.0708814859390259,2.7736096382141113,0.9644105434417725,7.090246200561523,7.37465763092041,6.760341644287109,6.36812162399292,5.599292278289795,0.8867282867431641
Talia,S13,Dig,1F,Par,sequence_1,S13|Dig|1F|Par,1.1701728105545044,1.1701728105545044,3.091758966445923,0.8644065856933594,2.966743230819702,0.810844898223877,6.8481764793396,7.13991117477417,6.928648948669434,6.426292896270752,5.683289051055908,5.674434661865234
Talia,S13,Dig,1F,Par,sequence_2,S13|Dig|1F|Par,1.2573662996292114,1.2573662996292114,3.4976823329925537,0.7557038068771362,2.5467686653137207,1.1456782817840576,6.732254505157471,7.217362403869629,6.938296318054199,6.354648113250732,5.832135200500488,5.2435455322265625
Talia,S13,Dig,20F/HD,Control,sequence_0,S13|Dig|20F/HD|Control,1.8218947649002075,1.8218947649002075,5.641709327697754,0.8870710134506226,1.6997995376586914,0.45982229709625244,6.8252153396606445,7.460587501525879,6.843959808349609,6.236660003662109,5.404492378234863,2.525498390197754
Talia,S13,Dig,20F/HD,Control,sequence_1,S13|Dig|20F/HD|Control,1.5100733041763306,1.5100733041763306,6.042993545532227,1.3928751945495605,0.9191694259643555,1.259223461151123,6.814191818237305,7.498810768127441,7.212292194366455,5.7738518714904785,5.757660865783691,0.6461494565010071
Talia,S13,Dig,20F/HD,Control,sequence_2,S13|Dig|20F/HD|Control,1.099996566772461,1.099996566772461,4.918043613433838,0.5333598256111145,0.8040487170219421,0.9358700513839722,6.847972393035889,7.677145481109619,6.724541187286377,5.9473724365234375,5.618777275085449,0.35363268852233887
Talia,S13,Dig,20F/HD,Par,sequence_0,S13|Dig|20F/HD|Par,1.5514836311340332,1.5514836311340332,4.0507683753967285,3.795006275177002,2.279073715209961,0.746462345123291,6.739007472991943,7.225644588470459,7.5456013679504395,6.308318138122559,5.5934834480285645,0.9117246270179749
Talia,S13,Dig,20F/HD,Par,sequence_1,S13|Dig|20F/HD|Par,2.065903663635254,2.065903663635254,3.9427714347839355,0.881223201751709,1.093904972076416,0.7718634605407715,6.866596221923828,7.376047134399414,6.807777404785156,5.889966011047363,5.647277355194092,0.9726682305335999
Talia,S13,Dig,20F/HD,Par,sequence_2,S13|Dig|20F/HD|Par,1.1500309705734253,1.1500309705734253,2.3506264686584473,0.44138067960739136,2.2903873920440674,1.107189416885376,6.6086015701293945,6.973160743713379,6.627915859222412,6.213078022003174,5.606091499328613,3.624541759490967
Talia,S14,Dig,10F/M,Control,sequence_0,S14|Dig|10F/M|Control,0.9802322387695312,0.9802322387695312,5.574041366577148,1.6139154434204102,0.7900768518447876,0.7770137190818787,6.4245123863220215,6.936308860778809,5.963074684143066,5.410449981689453,5.538885593414307,0.5409455895423889
Talia,S14,Dig,10F/M,Control,sequence_1,S14|Dig|10F/M|Control,1.7990987300872803,1.7990987300872803,6.30825138092041,0.9140528440475464,1.2583664655685425,1.331957221031189,6.7307024002075195,7.214809417724609,5.769222259521484,5.801048755645752,5.885263919830322,0.5783517956733704
Talia,S14,Dig,10F/M,Control,sequence_2,S14|Dig|10F/M|Control,1.3937081098556519,1.3937081098556519,6.026007652282715,0.5050303936004639,2.4985103607177734,0.8589906692504883,6.659067630767822,7.146341800689697,5.531492233276367,6.200967788696289,5.841196537017822,0.7689974308013916
Talia,S14,Dig,10F/M,Par,sequence_0,S14|Dig|10F/M|Par,0.8882058262825012,0.8882058262825012,4.381566047668457,0.6000049710273743,0.6003576517105103,1.1138306856155396,6.466645240783691,7.069989204406738,5.454824447631836,5.515538692474365,5.857812881469727,0.6108521819114685
Talia,S14,Dig,10F/M,Par,sequence_1,S14|Dig|10F/M|Par,1.1945441961288452,1.1945441961288452,3.652327537536621,0.6956163048744202,2.174511432647705,0.5169481039047241,6.568352222442627,6.951067924499512,5.538576126098633,6.084352970123291,5.384888648986816,0.6452817916870117
Talia,S14,Dig,10F/M,Par,sequence_2,S14|Dig|10F/M|Par,1.0675604343414307,1.0675604343414307,5.908564567565918,1.1081135272979736,0.7787891626358032,1.2279125452041626,6.409206390380859,7.009354591369629,5.748386383056641,5.576361179351807,5.8131303787231445,0.651454508304596
Talia,S14,Dig,10F/S,Control,sequence_0,S14|Dig|10F/S|Control,1.1893991231918335,1.1893991231918335,3.3009142875671387,0.5314208269119263,0.6240678429603577,1.0267970561981201,6.603586673736572,7.211872577667236,5.563024520874023,5.727715015411377,5.862462997436523,1.7862988710403442
Talia,S14,Dig,10F/S,Control,sequence_1,S14|Dig|10F/S|Control,1.2198119163513184,1.2198119163513184,3.701040029525757,1.6838797330856323,0.703413724899292,1.5736719369888306,6.632332801818848,7.316831588745117,6.244235992431641,5.581000328063965,6.152645587921143,1.2441656589508057
Talia,S14,Dig,10F/S,Control,sequence_2,S14|Dig|10F/S|Control,0.6203290820121765,0.6203290820121765,5.899320125579834,1.4615641832351685,0.9760242700576782,0.9033344984054565,6.100892543792725,7.081279277801514,5.996753692626953,5.826702117919922,5.873915195465088,0.35188862681388855
Talia,S14,Dig,10F/S,Par,sequence_0,S14|Dig|10F/S|Par,1.1184122562408447,1.1184122562408447,6.312004089355469,0.7755753993988037,0.8750245571136475,0.974719762802124,6.522457122802734,7.420866012573242,5.718876361846924,5.797130584716797,5.652052402496338,0.46354031562805176
Talia,S14,Dig,10F/S,Par,sequence_1,S14|Dig|10F/S|Par,0.6432220339775085,0.6432220339775085,4.5317463874816895,0.45772066712379456,0.8205029964447021,1.6359909772872925,6.1310200691223145,7.094707489013672,5.346307754516602,5.676853656768799,6.045860290527344,1.1221232414245605
Talia,S14,Dig,10F/S,Par,sequence_2,S14|Dig|10F/S|Par,1.0661972761154175,1.0661972761154175,5.0097336769104,1.4319674968719482,0.8626794219017029,0.9443199038505554,6.21516227722168,6.905200958251953,5.96168851852417,5.640989780426025,5.9421257972717285,0.9936907291412354
Talia,S14,Dig,1F,Control,sequence_0,S14|Dig|1F|Control,1.3913934230804443,1.3913934230804443,4.431168079376221,2.023589849472046,1.8737385272979736,1.4373022317886353,6.473346710205078,6.853069305419922,6.038944244384766,5.944691181182861,5.919476509094238,1.1581913232803345
Talia,S14,Dig,1F,Control,sequence_1,S14|Dig|1F|Control,2.6516168117523193,2.6516168117523193,2.628709554672241,1.1458232402801514,1.340755820274353,0.588482141494751,6.783300876617432,7.179280757904053,5.879757881164551,5.928165435791016,5.480067253112793,3.1477885246276855
Talia,S14,Dig,1F,Control,sequence_2,S14|Dig|1F|Control,1.306179404258728,1.306179404258728,3.5152556896209717,1.4761888980865479,1.2832871675491333,0.7355170249938965,6.352624416351318,6.893111228942871,6.028844833374023,5.785632610321045,5.609055519104004,3.2203426361083984
Talia,S14,Dig,1F,Par,sequence_0,S14|Dig|1F|Par,0.597142219543457,0.597142219543457,3.0585825443267822,2.023817777633667,0.7003251910209656,0.8924074172973633,6.102230072021484,7.103772163391113,5.960487365722656,5.501689910888672,5.606238842010498,0.7459667921066284
Talia,S14,Dig,1F,Par,sequence_1,S14|Dig|1F|Par,1.2975828647613525,1.2975828647613525,2.3794307708740234,1.6734778881072998,1.330636739730835,1.534402847290039,6.544398784637451,6.857868194580078,6.102088928222656,5.8270792961120605,5.95917272567749,1.6077696084976196
Talia,S14,Dig,1F,Par,sequence_2,S14|Dig|1F|Par,1.1336909532546997,1.1336909532546997,3.173898935317993,2.097806930541992,1.238477110862732,1.3633630275726318,6.537786960601807,7.051774978637695,6.045368671417236,5.840888977050781,5.901830673217773,3.313154458999634
Talia,S14,Dig,20F/HD,Control,sequence_0,S14|Dig|20F/HD|Control,1.4168024063110352,1.4168024063110352,6.623291492462158,1.1076892614364624,0.9966696500778198,0.5893387198448181,6.585525035858154,7.002556324005127,5.927006721496582,5.7498674392700195,5.5687174797058105,1.623950481414795
Talia,S14,Dig,20F/HD,Control,sequence_1,S14|Dig|20F/HD|Control,1.4055932760238647,1.4055932760238647,6.799773216247559,1.6281352043151855,2.5085034370422363,1.4335432052612305,6.61482572555542,7.077277660369873,6.028918266296387,6.075832366943359,5.833866119384766,0.7962632179260254
Talia,S14,Dig,20F/HD,Control,sequence_2,S14|Dig|20F/HD|Control,1.7647897005081177,1.7647897005081177,7.03077507019043,1.4602320194244385,1.7296279668807983,1.3308770656585693,6.510645866394043,7.186169624328613,5.889824390411377,5.904453754425049,5.8208088874816895,1.0532214641571045
Talia,S14,Dig,20F/HD,Par,sequence_0,S14|Dig|20F/HD|Par,2.370535373687744,2.370535373687744,5.0919389724731445,0.7641789317131042,3.4623374938964844,0.7364659309387207,6.732578754425049,6.951526641845703,5.662600994110107,6.099418640136719,5.618067264556885,0.8417153358459473
Talia,S14,Dig,20F/HD,Par,sequence_1,S14|Dig|20F/HD|Par,3.007364511489868,3.007364511489868,5.486059665679932,0.7129374146461487,1.6171510219573975,1.221299648284912,7.125787258148193,7.056544303894043,5.628227233886719,5.839065074920654,5.803051471710205,3.3431003093719482
Talia,S14,Dig,20F/HD,Par,sequence_2,S14|Dig|20F/HD|Par,1.2462947368621826,1.2462947368621826,3.5820295810699463,0.444527804851532,0.8278396725654602,1.3871732950210571,6.539363861083984,7.073353290557861,5.373432159423828,5.635036468505859,5.93547248840332,0.5199210047721863
Talia,S15,Dig,10F/M,Control,sequence_0,S15|Dig|10F/M|Control,0.8639740347862244,0.8639740347862244,5.8269476890563965,1.2940564155578613,4.897501468658447,0.6128317713737488,6.564715385437012,7.15641450881958,6.155503749847412,6.773792266845703,5.703624725341797,1.090135097503662
Talia,S15,Dig,10F/M,Control,sequence_1,S15|Dig|10F/M|Control,0.9542893767356873,0.9542893767356873,3.3707010746002197,1.116791844367981,2.9595835208892822,0.8938138484954834,6.572089195251465,6.98970365524292,6.395671367645264,6.515722274780273,5.788180351257324,2.283824920654297
Talia,S15,Dig,10F/M,Control,sequence_2,S15|Dig|10F/M|Control,1.4184904098510742,1.4184904098510742,4.409058570861816,0.3648356795310974,2.7500059604644775,0.9469783902168274,6.827819347381592,7.123789310455322,5.521905422210693,6.301779270172119,5.83378791809082,1.0361120700836182
Talia,S15,Dig,10F/M,Par,sequence_0,S15|Dig|10F/M|Par,1.4113880395889282,1.4113880395889282,6.780465602874756,0.6212284564971924,2.416102647781372,0.8025450706481934,6.715386867523193,7.216562271118164,5.8391008377075195,6.170614242553711,5.901596546173096,4.001152038574219
Talia,S15,Dig,10F/M,Par,sequence_1,S15|Dig|10F/M|Par,0.6548992991447449,0.6548992991447449,4.47142219543457,0.9312138557434082,4.24923849105835,1.5375792980194092,6.413585662841797,7.098049640655518,5.976826190948486,6.565471649169922,6.225406646728516,0.3630896508693695
Talia,S15,Dig,10F/M,Par,sequence_2,S15|Dig|10F/M|Par,1.243355631828308,1.243355631828308,6.831112384796143,1.475443720817566,3.4551873207092285,1.1996108293533325,6.77217435836792,7.177562236785889,6.249683380126953,6.5407280921936035,5.99894380569458,0.6213678121566772
Talia,S15,Dig,10F/S,Control,sequence_0,S15|Dig|10F/S|Control,1.501511812210083,1.501511812210083,6.09075403213501,0.6141009330749512,4.5424299240112305,1.0005193948745728,6.878942966461182,7.017325401306152,5.828011512756348,6.510554313659668,5.993704795837402,1.450717806816101
Talia,S15,Dig,10F/S,Control,sequence_1,S15|Dig|10F/S|Control,0.7921392917633057,0.7921392917633057,6.169178009033203,0.8133460283279419,5.604011535644531,1.1411789655685425,6.430123329162598,7.141498565673828,6.07671594619751,6.592862606048584,5.813478946685791,0.34153318405151367
Talia,S15,Dig,10F/S,Control,sequence_2,S15|Dig|10F/S|Control,1.8354482650756836,1.8354482650756836,4.008510589599609,0.8112574219703674,5.29237174987793,0.9158215522766113,6.950870037078857,6.917757511138916,5.987659931182861,6.608715057373047,5.87870454788208,3.141714096069336
Talia,S15,Dig,10F/S,Par,sequence_0,S15|Dig|10F/S|Par,0.6163358688354492,0.6163358688354492,7.931267261505127,1.0604926347732544,3.8322296142578125,2.589552402496338,6.409234046936035,7.157050609588623,6.129961013793945,6.400691032409668,6.307776927947998,0.8571839928627014
Talia,S15,Dig,10F/S,Par,sequence_1,S15|Dig|10F/S|Par,0.5241841077804565,0.5241841077804565,4.581542015075684,0.7831817269325256,4.510236740112305,0.9338509440422058,6.261481761932373,6.998194217681885,6.046837329864502,6.496544361114502,5.884278774261475,0.27673739194869995
Talia,S15,Dig,10F/S,Par,sequence_2,S15|Dig|10F/S|Par,1.568076252937317,1.568076252937317,3.5340540409088135,0.9490146636962891,4.015204906463623,0.8902765512466431,6.786742687225342,7.038450241088867,6.135522842407227,6.567775249481201,5.935794830322266,4.1053643226623535
Talia,S15,Dig,1F,Control,sequence_0,S15|Dig|1F|Control,1.4033527374267578,1.4033527374267578,3.8586599826812744,1.1936876773834229,3.6180670261383057,1.4114550352096558,6.464305877685547,7.069950103759766,6.1367506980896,6.420461177825928,6.05850887298584,1.3059004545211792
Talia,S15,Dig,1F,Control,sequence_1,S15|Dig|1F|Control,1.1505004167556763,1.1505004167556763,6.858804702758789,2.3359782695770264,4.504726409912109,1.8430750370025635,6.499156475067139,7.188093185424805,6.4358744621276855,6.516507625579834,6.03542423248291,2.4732491970062256
Talia,S15,Dig,1F,Control,sequence_2,S15|Dig|1F|Control,0.7486125826835632,0.7486125826835632,5.399322032928467,0.7069024443626404,4.0096306800842285,0.9643346071243286,6.525804042816162,7.342326641082764,5.74873685836792,6.444188117980957,5.712717056274414,0.3850005269050598
Talia,S15,Dig,1F,Par,sequence_0,S15|Dig|1F|Par,0.766922652721405,0.766922652721405,6.449666500091553,0.7192631363868713,3.2847940921783447,1.055031657218933,6.3045334815979,7.23188591003418,5.858466625213623,6.195037841796875,5.979852199554443,0.3105992078781128
Talia,S15,Dig,1F,Par,sequence_1,S15|Dig|1F|Par,1.679462194442749,1.679462194442749,8.369193077087402,0.6773603558540344,4.890709400177002,0.9295133352279663,6.833501815795898,7.4105024337768555,5.900120258331299,6.454150676727295,5.97104549407959,0.37941381335258484
Talia,S15,Dig,1F,Par,sequence_2,S15|Dig|1F|Par,1.1851807832717896,1.1851807832717896,3.7268571853637695,0.7195062041282654,5.039721965789795,0.7705035209655762,6.734395980834961,6.9020867347717285,5.869490146636963,6.579590320587158,5.749166011810303,6.589536190032959
Talia,S15,Dig,20F/HD,Control,sequence_0,S15|Dig|20F/HD|Control,1.1663422584533691,1.1663422584533691,7.7563018798828125,0.6543605327606201,3.6824052333831787,0.5208485722541809,6.64930534362793,7.177960395812988,5.699420928955078,6.27442741394043,5.540406703948975,0.46880125999450684
Talia,S15,Dig,20F/HD,Control,sequence_1,S15|Dig|20F/HD|Control,1.2209361791610718,1.2209361791610718,4.803069114685059,0.47609734535217285,4.296240329742432,0.8399873375892639,6.763040065765381,6.850254058837891,5.691962242126465,6.477423191070557,5.953682899475098,1.0804152488708496
Talia,S15,Dig,20F/HD,Control,sequence_2,S15|Dig|20F/HD|Control,0.9635415077209473,0.9635415077209473,4.4726786613464355,0.9225841760635376,3.7785770893096924,1.8115835189819336,6.5006184577941895,6.851412773132324,6.215014457702637,6.2368035316467285,6.228186130523682,0.7035613059997559
Talia,S15,Dig,20F/HD,Par,sequence_0,S15|Dig|20F/HD|Par,1.8283871412277222,1.8283871412277222,5.632205486297607,1.4165661334991455,4.84385871887207,1.547255516052246,6.657031059265137,7.13687801361084,6.106348037719727,6.471242904663086,6.073625087738037,0.7311633825302124
Talia,S15,Dig,20F/HD,Par,sequence_1,S15|Dig|20F/HD|Par,1.2306652069091797,1.2306652069091797,4.120299339294434,0.6408209800720215,6.029477119445801,1.0287717580795288,6.553610801696777,7.087578773498535,5.930386543273926,6.672643661499023,5.890683650970459,0.7673871517181396
Talia,S15,Dig,20F/HD,Par,sequence_2,S15|Dig|20F/HD|Par,0.8915488123893738,0.8915488123893738,4.084702968597412,1.5612958669662476,3.4478282928466797,0.5334224700927734,6.385503768920898,6.920926094055176,6.3795013427734375,6.51251745223999,5.7568888664245605,0.9363142848014832
