dataset,subject,elec_idx,elec,z,p
Angelique,S02,0,Fp1,-0.7436,0.75781
Angelique,S02,1,AF7,0.4501,0.41406
Angelique,S02,2,AF3,-1.5186,0.94531
Angelique,S02,3,F1,-0.0429,0.53906
Angelique,S02,4,F3,0.6475,0.27344
Angelique,S02,5,F5,0.5463,0.32031
Angelique,S02,6,F7,0.9383,0.21094
Angelique,S02,7,FT7,-0.5986,0.71094
Angelique,S02,8,FC5,0.2896,0.41406
Angelique,S02,9,FC3,0.7578,0.24219
Angelique,S02,10,FC1,0.4268,0.35156
Angelique,S02,11,C1,0.4703,0.35156
Angelique,S02,12,C3,0.8077,0.24219
Angelique,S02,13,C5,0.838,0.22656
Angelique,S02,14,T7,-0.7779,0.75781
Angelique,S02,15,TP7,0.8708,0.21094
Angelique,S02,16,CP5,0.4504,0.44531
Angelique,S02,17,CP3,-0.4503,0.63281
Angelique,S02,18,CP1,-0.4341,0.66406
Angelique,S02,19,P1,-1.059,0.86719
Angelique,S02,20,P3,-0.3291,0.61719
Angelique,S02,21,P5,1.545,0.08594
Angelique,S02,22,P7,1.2505,0.11719
Angelique,S02,23,P9,0.9491,0.21094
Angelique,S02,24,PO7,1.8682,0.00781
Angelique,S02,25,PO3,-0.57,0.69531
Angelique,S02,26,O1,0.3002,0.38281
Angelique,S02,27,Iz,-0.2932,0.60156
Angelique,S02,28,Oz,-0.6758,0.74219
Angelique,S02,29,POz,0.2053,0.44531
Angelique,S02,30,Pz,0.3353,0.36719
Angelique,S02,31,CPz,0.4974,0.32031
Angelique,S02,32,Fpz,1.0322,0.16406
Angelique,S02,33,Fp2,0.7649,0.22656
Angelique,S02,34,AF8,0.2753,0.41406
Angelique,S02,35,AF4,1.313,0.08594
Angelique,S02,36,AFz,1.4278,0.08594
Angelique,S02,37,Fz,1.3042,0.11719
Angelique,S02,38,F2,1.5626,0.03906
Angelique,S02,39,F4,-0.8072,0.75781
Angelique,S02,40,F6,0.1781,0.44531
Angelique,S02,41,F8,0.4275,0.33594
Angelique,S02,42,FT8,-1.3465,0.89844
Angelique,S02,43,FC6,-0.1498,0.55469
Angelique,S02,44,FC4,0.7282,0.27344
Angelique,S02,45,FC2,-0.4886,0.61719
Angelique,S02,46,FCz,0.2867,0.41406
Angelique,S02,47,Cz,-0.2309,0.58594
Angelique,S02,48,C2,0.158,0.46094
Angelique,S02,49,C4,0.5899,0.32031
Angelique,S02,50,C6,-0.371,0.69531
Angelique,S02,51,T8,1.2761,0.13281
Angelique,S02,52,TP8,1.1481,0.13281
Angelique,S02,53,CP6,-0.0859,0.53906
Angelique,S02,54,CP4,0.2786,0.38281
Angelique,S02,55,CP2,0.3794,0.35156
Angelique,S02,56,P2,0.2489,0.38281
Angelique,S02,57,P4,0.0197,0.47656
Angelique,S02,58,P6,0.3356,0.38281
Angelique,S02,59,P8,0.4207,0.35156
Angelique,S02,60,P10,1.3471,0.08594
Angelique,S02,61,PO8,0.9429,0.17969
Angelique,S02,62,PO4,0.8122,0.36719
Angelique,S02,63,O2,-0.724,0.74219
Angelique,S02,64,PO9,1.3628,0.11719
Angelique,S02,65,I1,0.4223,0.35156
Angelique,S02,66,I2,-0.1014,0.55469
Angelique,S02,67,PO10,1.3661,0.10156
Angelique,S03,0,Fp1,1.0494,0.17969
Angelique,S03,1,AF7,0.9959,0.22656
Angelique,S03,2,AF3,1.0227,0.19531
Angelique,S03,3,F1,1.4028,0.07031
Angelique,S03,4,F3,1.8093,0.02344
Angelique,S03,5,F5,1.3485,0.11719
Angelique,S03,6,F7,0.7517,0.35156
Angelique,S03,7,FT7,1.5067,0.00781
Angelique,S03,8,FC5,1.9858,0.00781
Angelique,S03,9,FC3,2.3284,0.00781
Angelique,S03,10,FC1,1.1986,0.17969
Angelique,S03,11,C1,-0.0343,0.50781
Angelique,S03,12,C3,1.1719,0.13281
Angelique,S03,13,C5,2.0783,0.00781
Angelique,S03,14,T7,2.083,0.00781
Angelique,S03,15,TP7,0.1001,0.44531
Angelique,S03,16,CP5,-0.96,0.80469
Angelique,S03,17,CP3,0.133,0.46094
Angelique,S03,18,CP1,-0.9528,0.78906
Angelique,S03,19,P1,0.4964,0.35156
Angelique,S03,20,P3,1.856,0.02344
Angelique,S03,21,P5,1.51,0.07031
Angelique,S03,22,P7,-0.8446,0.75781
Angelique,S03,23,P9,-0.2615,0.60156
Angelique,S03,24,PO7,0.4723,0.25781
Angelique,S03,25,PO3,0.2287,0.42969
Angelique,S03,26,O1,0.4352,0.33594
Angelique,S03,27,Iz,1.3484,0.07031
Angelique,S03,28,Oz,0.0572,0.44531
Angelique,S03,29,POz,-0.1307,0.52344
Angelique,S03,30,Pz,1.6637,0.02344
Angelique,S03,31,CPz,0.0839,0.44531
Angelique,S03,32,Fpz,2.2235,0.00781
Angelique,S03,33,Fp2,2.1294,0.00781
Angelique,S03,34,AF8,1.4582,0.10156
Angelique,S03,35,AF4,2.1943,0.00781
Angelique,S03,36,AFz,1.2182,0.05469
Angelique,S03,37,Fz,1.54,0.07031
Angelique,S03,38,F2,2.3266,0.00781
Angelique,S03,39,F4,0.5893,0.28906
Angelique,S03,40,F6,1.6524,0.05469
Angelique,S03,41,F8,1.1094,0.13281
Angelique,S03,42,FT8,-0.3919,0.61719
Angelique,S03,43,FC6,1.9896,0.02344
Angelique,S03,44,FC4,1.5557,0.07031
Angelique,S03,45,FC2,0.5412,0.33594
Angelique,S03,46,FCz,0.9473,0.17969
Angelique,S03,47,Cz,1.0876,0.14844
Angelique,S03,48,C2,1.5441,0.03906
Angelique,S03,49,C4,0.8469,0.27344
Angelique,S03,50,C6,1.7525,0.00781
Angelique,S03,51,T8,1.4499,0.08594
Angelique,S03,52,TP8,-1.2213,0.86719
Angelique,S03,53,CP6,-0.2857,0.71094
Angelique,S03,54,CP4,-0.3219,0.60156
Angelique,S03,55,CP2,0.1509,0.49219
Angelique,S03,56,P2,0.763,0.24219
Angelique,S03,57,P4,0.1116,0.39844
Angelique,S03,58,P6,0.5015,0.33594
Angelique,S03,59,P8,0.351,0.36719
Angelique,S03,60,P10,-1.7773,0.97656
Angelique,S03,61,PO8,1.6749,0.05469
Angelique,S03,62,PO4,-0.2416,0.53906
Angelique,S03,63,O2,1.2955,0.08594
Angelique,S03,64,PO9,1.4661,0.08594
Angelique,S03,65,I1,0.3399,0.44531
Angelique,S03,66,I2,0.4688,0.33594
Angelique,S03,67,PO10,0.0879,0.47656
Angelique,S04,0,Fp1,0.6088,0.30469
Angelique,S04,1,AF7,0.3182,0.33594
Angelique,S04,2,AF3,-0.3157,0.61719
Angelique,S04,3,F1,0.9708,0.19531
Angelique,S04,4,F3,1.3142,0.08594
Angelique,S04,5,F5,-1.6029,0.96094
Angelique,S04,6,F7,1.2632,0.11719
Angelique,S04,7,FT7,0.9131,0.22656
Angelique,S04,8,FC5,2.3336,0.00781
Angelique,S04,9,FC3,1.4088,0.08594
Angelique,S04,10,FC1,1.3747,0.07031
Angelique,S04,11,C1,0.8973,0.21094
Angelique,S04,12,C3,0.2572,0.39844
Angelique,S04,13,C5,1.5004,0.07031
Angelique,S04,14,T7,0.7266,0.24219
Angelique,S04,15,TP7,-1.0339,0.78906
Angelique,S04,16,CP5,-0.0018,0.50781
Angelique,S04,17,CP3,-1.2547,0.91406
Angelique,S04,18,CP1,1.2003,0.11719
Angelique,S04,19,P1,0.7566,0.21094
Angelique,S04,20,P3,-0.4577,0.67969
Angelique,S04,21,P5,-0.1761,0.57031
Angelique,S04,22,P7,1.45,0.10156
Angelique,S04,23,P9,0.2139,0.42969
Angelique,S04,24,PO7,1.5307,0.02344
Angelique,S04,25,PO3,1.5858,0.05469
Angelique,S04,26,O1,1.3542,0.10156
Angelique,S04,27,Iz,-0.8402,0.83594
Angelique,S04,28,Oz,0.9685,0.22656
Angelique,S04,29,POz,1.2073,0.17969
Angelique,S04,30,Pz,1.531,0.02344
Angelique,S04,31,CPz,0.143,0.46094
Angelique,S04,32,Fpz,0.5263,0.30469
Angelique,S04,33,Fp2,1.0002,0.16406
Angelique,S04,34,AF8,1.9215,0.02344
Angelique,S04,35,AF4,0.3646,0.33594
Angelique,S04,36,AFz,-0.5906,0.71094
Angelique,S04,37,Fz,1.2935,0.14844
Angelique,S04,38,F2,1.2344,0.10156
Angelique,S04,39,F4,1.0117,0.16406
Angelique,S04,40,F6,1.6512,0.07031
Angelique,S04,41,F8,1.0502,0.17969
Angelique,S04,42,FT8,1.0112,0.17969
Angelique,S04,43,FC6,1.5446,0.07031
Angelique,S04,44,FC4,1.7158,0.05469
Angelique,S04,45,FC2,1.6252,0.07031
Angelique,S04,46,FCz,0.6423,0.30469
Angelique,S04,47,Cz,2.1702,0.00781
Angelique,S04,48,C2,1.2209,0.10156
Angelique,S04,49,C4,1.4198,0.10156
Angelique,S04,50,C6,0.3999,0.33594
Angelique,S04,51,T8,-0.2146,0.60156
Angelique,S04,52,TP8,1.4079,0.08594
Angelique,S04,53,CP6,-0.6188,0.69531
Angelique,S04,54,CP4,1.863,0.02344
Angelique,S04,55,CP2,0.8604,0.21094
Angelique,S04,56,P2,1.7941,0.00781
Angelique,S04,57,P4,1.2871,0.10156
Angelique,S04,58,P6,0.6215,0.28906
Angelique,S04,59,P8,0.7624,0.25781
Angelique,S04,60,P10,0.3195,0.41406
Angelique,S04,61,PO8,0.3512,0.36719
Angelique,S04,62,PO4,1.1344,0.14844
Angelique,S04,63,O2,0.1328,0.41406
Angelique,S04,64,PO9,0.6826,0.27344
Angelique,S04,65,I1,0.7553,0.27344
Angelique,S04,66,I2,0.5847,0.28906
Angelique,S04,67,PO10,-0.0788,0.50781
Angelique,S05,0,Fp1,0.5949,0.25781
Angelique,S05,1,AF7,-1.5934,0.96094
Angelique,S05,2,AF3,-0.3072,0.57031
Angelique,S05,3,F1,0.4351,0.44531
Angelique,S05,4,F3,-0.1796,0.55469
Angelique,S05,5,F5,-1.3045,0.86719
Angelique,S05,6,F7,-0.944,0.80469
Angelique,S05,7,FT7,-0.746,0.67969
Angelique,S05,8,FC5,-0.7547,0.74219
Angelique,S05,9,FC3,0.665,0.27344
Angelique,S05,10,FC1,1.3057,0.07031
Angelique,S05,11,C1,2.1285,0.00781
Angelique,S05,12,C3,1.2166,0.11719
Angelique,S05,13,C5,-0.2767,0.61719
Angelique,S05,14,T7,0.5645,0.33594
Angelique,S05,15,TP7,0.4209,0.44531
Angelique,S05,16,CP5,-1.475,0.92969
Angelique,S05,17,CP3,0.6307,0.32031
Angelique,S05,18,CP1,1.1284,0.13281
Angelique,S05,19,P1,0.1843,0.42969
Angelique,S05,20,P3,0.5959,0.33594
Angelique,S05,21,P5,-0.7565,0.75781
Angelique,S05,22,P7,0.3511,0.38281
Angelique,S05,23,P9,-0.3214,0.66406
Angelique,S05,24,PO7,-0.339,0.61719
Angelique,S05,25,PO3,-0.189,0.57031
Angelique,S05,26,O1,0.2754,0.41406
Angelique,S05,27,Iz,-0.5112,0.63281
Angelique,S05,28,Oz,-0.2837,0.57031
Angelique,S05,29,POz,-0.873,0.80469
Angelique,S05,30,Pz,-0.352,0.60156
Angelique,S05,31,CPz,1.1743,0.13281
Angelique,S05,32,Fpz,-0.1028,0.52344
Angelique,S05,33,Fp2,-0.0909,0.63281
Angelique,S05,34,AF8,-0.5844,0.72656
Angelique,S05,35,AF4,-0.3904,0.64844
Angelique,S05,36,AFz,-0.5149,0.66406
Angelique,S05,37,Fz,0.4414,0.49219
Angelique,S05,38,F2,-0.1714,0.55469
Angelique,S05,39,F4,-0.3828,0.64844
Angelique,S05,40,F6,-1.0983,0.86719
Angelique,S05,41,F8,-0.4436,0.64844
Angelique,S05,42,FT8,-1.116,0.83594
Angelique,S05,43,FC6,-0.789,0.80469
Angelique,S05,44,FC4,-0.786,0.75781
Angelique,S05,45,FC2,0.3434,0.39844
Angelique,S05,46,FCz,1.2489,0.14844
Angelique,S05,47,Cz,1.4271,0.08594
Angelique,S05,48,C2,0.8502,0.22656
Angelique,S05,49,C4,-0.2344,0.60156
Angelique,S05,50,C6,-1.2878,0.91406
Angelique,S05,51,T8,1.155,0.13281
Angelique,S05,52,TP8,0.8918,0.19531
Angelique,S05,53,CP6,-1.0316,0.82031
Angelique,S05,54,CP4,-0.575,0.67969
Angelique,S05,55,CP2,0.2548,0.41406
Angelique,S05,56,P2,-0.3219,0.60156
Angelique,S05,57,P4,-0.6977,0.74219
Angelique,S05,58,P6,-0.7777,0.71094
Angelique,S05,59,P8,0.0365,0.49219
Angelique,S05,60,P10,1.0054,0.19531
Angelique,S05,61,PO8,-0.3822,0.60156
Angelique,S05,62,PO4,-0.4501,0.67969
Angelique,S05,63,O2,0.7939,0.32031
Angelique,S05,64,PO9,0.9296,0.21094
Angelique,S05,65,I1,0.5908,0.28906
Angelique,S05,66,I2,0.2698,0.39844
Angelique,S05,67,PO10,0.0775,0.47656
Angelique,S07,0,Fp1,0.9658,0.17969
Angelique,S07,1,AF7,0.1033,0.46094
Angelique,S07,2,AF3,0.8874,0.17969
Angelique,S07,3,F1,0.6508,0.39844
Angelique,S07,4,F3,0.4456,0.33594
Angelique,S07,5,F5,1.0246,0.19531
Angelique,S07,6,F7,-1.2717,0.88281
Angelique,S07,7,FT7,-1.6451,0.96094
Angelique,S07,8,FC5,0.2799,0.38281
Angelique,S07,9,FC3,-0.0855,0.53906
Angelique,S07,10,FC1,-0.2635,0.60156
Angelique,S07,11,C1,0.1707,0.44531
Angelique,S07,12,C3,-0.1729,0.58594
Angelique,S07,13,C5,-1.0183,0.85156
Angelique,S07,14,T7,0.2255,0.42969
Angelique,S07,15,TP7,0.5274,0.35156
Angelique,S07,16,CP5,-1.8443,0.99219
Angelique,S07,17,CP3,-1.7502,0.96094
Angelique,S07,18,CP1,-0.1921,0.50781
Angelique,S07,19,P1,-0.3506,0.60156
Angelique,S07,20,P3,-0.8073,0.78906
Angelique,S07,21,P5,0.8588,0.21094
Angelique,S07,22,P7,1.6557,0.05469
Angelique,S07,23,P9,1.4695,0.07031
Angelique,S07,24,PO7,1.4445,0.02344
Angelique,S07,25,PO3,0.5407,0.36719
Angelique,S07,26,O1,0.0695,0.46094
Angelique,S07,27,Iz,0.8873,0.19531
Angelique,S07,28,Oz,0.1183,0.47656
Angelique,S07,29,POz,-0.6598,0.67969
Angelique,S07,30,Pz,0.7011,0.33594
Angelique,S07,31,CPz,0.334,0.36719
Angelique,S07,32,Fpz,1.6236,0.08594
Angelique,S07,33,Fp2,0.1417,0.44531
Angelique,S07,34,AF8,1.5925,0.03906
Angelique,S07,35,AF4,1.2821,0.13281
Angelique,S07,36,AFz,0.8153,0.30469
Angelique,S07,37,Fz,0.1126,0.46094
Angelique,S07,38,F2,0.5852,0.30469
Angelique,S07,39,F4,0.8121,0.22656
Angelique,S07,40,F6,0.8133,0.25781
Angelique,S07,41,F8,1.3755,0.11719
Angelique,S07,42,FT8,0.4437,0.36719
Angelique,S07,43,FC6,1.115,0.13281
Angelique,S07,44,FC4,0.8146,0.22656
Angelique,S07,45,FC2,-0.3366,0.61719
Angelique,S07,46,FCz,-0.5488,0.69531
Angelique,S07,47,Cz,0.198,0.44531
Angelique,S07,48,C2,0.7465,0.25781
Angelique,S07,49,C4,1.2154,0.10156
Angelique,S07,50,C6,1.3055,0.11719
Angelique,S07,51,T8,-0.9853,0.80469
Angelique,S07,52,TP8,0.1127,0.44531
Angelique,S07,53,CP6,1.1114,0.17969
Angelique,S07,54,CP4,1.8487,0.02344
Angelique,S07,55,CP2,0.8052,0.19531
Angelique,S07,56,P2,1.3319,0.11719
Angelique,S07,57,P4,0.9184,0.21094
Angelique,S07,58,P6,1.0303,0.14844
Angelique,S07,59,P8,0.9022,0.17969
Angelique,S07,60,P10,0.4341,0.33594
Angelique,S07,61,PO8,0.8725,0.14844
Angelique,S07,62,PO4,-0.4403,0.64844
Angelique,S07,63,O2,-0.1537,0.55469
Angelique,S07,64,PO9,1.7083,0.03906
Angelique,S07,65,I1,1.1923,0.11719
Angelique,S07,66,I2,0.7602,0.25781
Angelique,S07,67,PO10,1.0022,0.19531
Angelique,S08,0,Fp1,0.2847,0.35156
Angelique,S08,1,AF7,0.0127,0.49219
Angelique,S08,2,AF3,1.8625,0.02344
Angelique,S08,3,F1,0.6456,0.25781
Angelique,S08,4,F3,0.7784,0.21094
Angelique,S08,5,F5,0.7996,0.22656
Angelique,S08,6,F7,0.6354,0.28906
Angelique,S08,7,FT7,1.0649,0.17969
Angelique,S08,8,FC5,0.9219,0.17969
Angelique,S08,9,FC3,0.678,0.24219
Angelique,S08,10,FC1,0.824,0.22656
Angelique,S08,11,C1,-0.2145,0.55469
Angelique,S08,12,C3,0.4493,0.33594
Angelique,S08,13,C5,0.1801,0.42969
Angelique,S08,14,T7,-0.2763,0.60156
Angelique,S08,15,TP7,0.0439,0.47656
Angelique,S08,16,CP5,-1.3238,0.88281
Angelique,S08,17,CP3,-0.1442,0.53906
Angelique,S08,18,CP1,0.4186,0.35156
Angelique,S08,19,P1,-0.3574,0.61719
Angelique,S08,20,P3,0.4087,0.49219
Angelique,S08,21,P5,-0.2197,0.50781
Angelique,S08,22,P7,0.0446,0.49219
Angelique,S08,23,P9,0.1246,0.46094
Angelique,S08,24,PO7,-0.0991,0.57031
Angelique,S08,25,PO3,0.1922,0.42969
Angelique,S08,26,O1,1.0088,0.17969
Angelique,S08,27,Iz,0.44,0.35156
Angelique,S08,28,Oz,1.4168,0.07031
Angelique,S08,29,POz,1.9097,0.02344
Angelique,S08,30,Pz,0.1968,0.38281
Angelique,S08,31,CPz,0.048,0.47656
Angelique,S08,32,Fpz,0.6173,0.33594
Angelique,S08,33,Fp2,1.0826,0.14844
Angelique,S08,34,AF8,1.5765,0.07031
Angelique,S08,35,AF4,0.882,0.17969
Angelique,S08,36,AFz,0.2312,0.39844
Angelique,S08,37,Fz,0.6454,0.27344
Angelique,S08,38,F2,0.474,0.33594
Angelique,S08,39,F4,1.2297,0.13281
Angelique,S08,40,F6,-0.0341,0.50781
Angelique,S08,41,F8,0.1344,0.47656
Angelique,S08,42,FT8,1.0266,0.16406
Angelique,S08,43,FC6,-0.0048,0.52344
Angelique,S08,44,FC4,-0.4332,0.58594
Angelique,S08,45,FC2,-0.113,0.55469
Angelique,S08,46,FCz,0.2764,0.41406
Angelique,S08,47,Cz,0.5229,0.33594
Angelique,S08,48,C2,-0.3644,0.58594
Angelique,S08,49,C4,-0.0106,0.50781
Angelique,S08,50,C6,0.1435,0.44531
Angelique,S08,51,T8,1.051,0.17969
Angelique,S08,52,TP8,1.4284,0.07031
Angelique,S08,53,CP6,-0.4156,0.61719
Angelique,S08,54,CP4,-0.9059,0.80469
Angelique,S08,55,CP2,-0.3734,0.55469
Angelique,S08,56,P2,-0.0384,0.50781
Angelique,S08,57,P4,-0.3924,0.63281
Angelique,S08,58,P6,0.078,0.47656
Angelique,S08,59,P8,0.6882,0.25781
Angelique,S08,60,P10,1.5535,0.07031
Angelique,S08,61,PO8,0.7236,0.25781
Angelique,S08,62,PO4,1.1444,0.11719
Angelique,S08,63,O2,0.8003,0.22656
Angelique,S08,64,PO9,0.0887,0.46094
Angelique,S08,65,I1,0.4189,0.28906
Angelique,S08,66,I2,0.2889,0.39844
Angelique,S08,67,PO10,0.3478,0.38281
Angelique,S09,0,Fp1,-0.2603,0.57031
Angelique,S09,1,AF7,0.7194,0.25781
Angelique,S09,2,AF3,0.3831,0.38281
Angelique,S09,3,F1,-0.464,0.71094
Angelique,S09,4,F3,0.4976,0.30469
Angelique,S09,5,F5,-0.1214,0.57031
Angelique,S09,6,F7,1.6121,0.00781
Angelique,S09,7,FT7,1.8262,0.03906
Angelique,S09,8,FC5,0.4918,0.33594
Angelique,S09,9,FC3,0.1078,0.46094
Angelique,S09,10,FC1,-1.1141,0.85156
Angelique,S09,11,C1,-0.6807,0.69531
Angelique,S09,12,C3,0.819,0.36719
Angelique,S09,13,C5,0.2587,0.42969
Angelique,S09,14,T7,-1.3029,0.88281
Angelique,S09,15,TP7,0.5211,0.33594
Angelique,S09,16,CP5,1.6071,0.00781
Angelique,S09,17,CP3,-0.9421,0.80469
Angelique,S09,18,CP1,0.2223,0.46094
Angelique,S09,19,P1,0.5304,0.47656
Angelique,S09,20,P3,-0.1217,0.57031
Angelique,S09,21,P5,0.8671,0.25781
Angelique,S09,22,P7,-0.1993,0.55469
Angelique,S09,23,P9,0.3559,0.47656
Angelique,S09,24,PO7,0.6483,0.42969
Angelique,S09,25,PO3,0.7786,0.27344
Angelique,S09,26,O1,-0.65,0.72656
Angelique,S09,27,Iz,-1.4831,0.92969
Angelique,S09,28,Oz,-0.4491,0.64844
Angelique,S09,29,POz,0.9285,0.19531
Angelique,S09,30,Pz,1.3217,0.07031
Angelique,S09,31,CPz,-0.9296,0.83594
Angelique,S09,32,Fpz,0.8769,0.19531
Angelique,S09,33,Fp2,0.8831,0.21094
Angelique,S09,34,AF8,-0.2711,0.60156
Angelique,S09,35,AF4,-1.4625,0.96094
Angelique,S09,36,AFz,0.4476,0.33594
Angelique,S09,37,Fz,-1.2913,0.86719
Angelique,S09,38,F2,1.1479,0.16406
Angelique,S09,39,F4,-0.2324,0.64844
Angelique,S09,40,F6,-0.1783,0.55469
Angelique,S09,41,F8,1.1009,0.10156
Angelique,S09,42,FT8,-0.7189,0.64844
Angelique,S09,43,FC6,0.2306,0.42969
Angelique,S09,44,FC4,1.3712,0.11719
Angelique,S09,45,FC2,-2.1626,0.99219
Angelique,S09,46,FCz,-1.1167,0.86719
Angelique,S09,47,Cz,-1.6699,0.96094
Angelique,S09,48,C2,-1.655,0.94531
Angelique,S09,49,C4,-0.66,0.64844
Angelique,S09,50,C6,0.8014,0.21094
Angelique,S09,51,T8,-1.2929,0.88281
Angelique,S09,52,TP8,-0.0375,0.52344
Angelique,S09,53,CP6,0.5012,0.41406
Angelique,S09,54,CP4,-0.1157,0.53906
Angelique,S09,55,CP2,-0.2071,0.55469
Angelique,S09,56,P2,1.4,0.02344
Angelique,S09,57,P4,0.8567,0.19531
Angelique,S09,58,P6,1.9211,0.00781
Angelique,S09,59,P8,0.7271,0.24219
Angelique,S09,60,P10,0.8092,0.24219
Angelique,S09,61,PO8,1.6443,0.05469
Angelique,S09,62,PO4,1.3749,0.11719
Angelique,S09,63,O2,0.1465,0.41406
Angelique,S09,64,PO9,0.2885,0.38281
Angelique,S09,65,I1,-0.7104,0.74219
Angelique,S09,66,I2,-1.2829,0.86719
Angelique,S09,67,PO10,0.2766,0.38281
Angelique,S10,0,Fp1,-1.6106,0.94531
Angelique,S10,1,AF7,0.4005,0.33594
Angelique,S10,2,AF3,-1.7783,0.99219
Angelique,S10,3,F1,-1.0354,0.85156
Angelique,S10,4,F3,-0.3105,0.63281
Angelique,S10,5,F5,-0.7568,0.71094
Angelique,S10,6,F7,0.2976,0.41406
Angelique,S10,7,FT7,-0.0828,0.53906
Angelique,S10,8,FC5,-0.5059,0.67969
Angelique,S10,9,FC3,-0.2742,0.55469
Angelique,S10,10,FC1,-0.2041,0.58594
Angelique,S10,11,C1,-0.7547,0.67969
Angelique,S10,12,C3,-0.6779,0.66406
Angelique,S10,13,C5,-0.4662,0.67969
Angelique,S10,14,T7,0.3056,0.39844
Angelique,S10,15,TP7,-0.1195,0.53906
Angelique,S10,16,CP5,-0.4673,0.67969
Angelique,S10,17,CP3,-0.8613,0.67969
Angelique,S10,18,CP1,-1.5494,0.96094
Angelique,S10,19,P1,-1.9122,0.97656
Angelique,S10,20,P3,-1.4087,0.91406
Angelique,S10,21,P5,-1.6932,0.96094
Angelique,S10,22,P7,-0.9385,0.72656
Angelique,S10,23,P9,-1.1479,0.86719
Angelique,S10,24,PO7,-1.3879,0.86719
Angelique,S10,25,PO3,-1.7032,0.97656
Angelique,S10,26,O1,-0.8511,0.72656
Angelique,S10,27,Iz,1.2013,0.13281
Angelique,S10,28,Oz,1.2448,0.11719
Angelique,S10,29,POz,-0.6926,0.71094
Angelique,S10,30,Pz,-1.3306,0.89844
Angelique,S10,31,CPz,-1.6486,0.99219
Angelique,S10,32,Fpz,-1.8588,0.96094
Angelique,S10,33,Fp2,-1.9094,0.97656
Angelique,S10,34,AF8,-1.1072,0.85156
Angelique,S10,35,AF4,-1.3443,0.92969
Angelique,S10,36,AFz,-1.7328,0.97656
Angelique,S10,37,Fz,-1.5045,0.89844
Angelique,S10,38,F2,-0.89,0.77344
Angelique,S10,39,F4,0.9106,0.35156
Angelique,S10,40,F6,0.0847,0.49219
Angelique,S10,41,F8,-0.6307,0.67969
Angelique,S10,42,FT8,0.1234,0.46094
Angelique,S10,43,FC6,0.9837,0.25781
Angelique,S10,44,FC4,1.2454,0.13281
Angelique,S10,45,FC2,-0.729,0.75781
Angelique,S10,46,FCz,-0.9177,0.80469
Angelique,S10,47,Cz,-0.9383,0.74219
Angelique,S10,48,C2,-0.9403,0.75781
Angelique,S10,49,C4,-1.5359,0.92969
Angelique,S10,50,C6,0.2103,0.41406
Angelique,S10,51,T8,-1.5127,0.91406
Angelique,S10,52,TP8,-1.3929,0.88281
Angelique,S10,53,CP6,-1.6237,0.94531
Angelique,S10,54,CP4,-1.0979,0.86719
Angelique,S10,55,CP2,-1.087,0.83594
Angelique,S10,56,P2,-1.2355,0.86719
Angelique,S10,57,P4,-1.4301,0.92969
Angelique,S10,58,P6,-1.2797,0.86719
Angelique,S10,59,P8,0.8462,0.32031
Angelique,S10,60,P10,0.262,0.39844
Angelique,S10,61,PO8,-0.6523,0.67969
Angelique,S10,62,PO4,-0.4422,0.67969
Angelique,S10,63,O2,1.2505,0.11719
Angelique,S10,64,PO9,-1.1527,0.89844
Angelique,S10,65,I1,-1.2486,0.88281
Angelique,S10,66,I2,-1.0203,0.78906
Angelique,S10,67,PO10,-0.8061,0.64844
Angelique,S11,0,Fp1,-0.1726,0.50781
Angelique,S11,1,AF7,1.3322,0.10156
Angelique,S11,2,AF3,0.923,0.27344
Angelique,S11,3,F1,0.2133,0.39844
Angelique,S11,4,F3,0.0537,0.47656
Angelique,S11,5,F5,0.1535,0.42969
Angelique,S11,6,F7,1.5178,0.03906
Angelique,S11,7,FT7,1.3122,0.17969
Angelique,S11,8,FC5,-0.006,0.50781
Angelique,S11,9,FC3,0.6969,0.27344
Angelique,S11,10,FC1,0.3525,0.46094
Angelique,S11,11,C1,0.9088,0.32031
Angelique,S11,12,C3,1.1824,0.03906
Angelique,S11,13,C5,-0.9289,0.61719
Angelique,S11,14,T7,1.0163,0.17969
Angelique,S11,15,TP7,-0.4229,0.55469
Angelique,S11,16,CP5,0.8658,0.13281
Angelique,S11,17,CP3,1.7655,0.00781
Angelique,S11,18,CP1,0.7064,0.39844
Angelique,S11,19,P1,0.6069,0.33594
Angelique,S11,20,P3,0.9308,0.22656
Angelique,S11,21,P5,-0.9936,0.78906
Angelique,S11,22,P7,1.4786,0.03906
Angelique,S11,23,P9,-1.0447,0.78906
Angelique,S11,24,PO7,-0.1727,0.57031
Angelique,S11,25,PO3,-0.347,0.61719
Angelique,S11,26,O1,0.9171,0.22656
Angelique,S11,27,Iz,-0.8277,0.58594
Angelique,S11,28,Oz,1.8637,0.02344
Angelique,S11,29,POz,1.4719,0.05469
Angelique,S11,30,Pz,0.322,0.44531
Angelique,S11,31,CPz,0.0528,0.44531
Angelique,S11,32,Fpz,1.7946,0.02344
Angelique,S11,33,Fp2,1.0113,0.14844
Angelique,S11,34,AF8,0.9969,0.21094
Angelique,S11,35,AF4,0.3581,0.42969
Angelique,S11,36,AFz,0.164,0.46094
Angelique,S11,37,Fz,0.6597,0.32031
Angelique,S11,38,F2,0.0478,0.42969
Angelique,S11,39,F4,-0.7099,0.63281
Angelique,S11,40,F6,1.1159,0.13281
Angelique,S11,41,F8,-0.6067,0.52344
Angelique,S11,42,FT8,2.022,0.00781
Angelique,S11,43,FC6,-0.8304,0.57031
Angelique,S11,44,FC4,0.5857,0.30469
Angelique,S11,45,FC2,-0.151,0.52344
Angelique,S11,46,FCz,0.3623,0.46094
Angelique,S11,47,Cz,0.597,0.38281
Angelique,S11,48,C2,0.6994,0.36719
Angelique,S11,49,C4,1.3894,0.03906
Angelique,S11,50,C6,-0.834,0.55469
Angelique,S11,51,T8,1.0504,0.14844
Angelique,S11,52,TP8,0.9181,0.16406
Angelique,S11,53,CP6,-0.6827,0.69531
Angelique,S11,54,CP4,0.7845,0.32031
Angelique,S11,55,CP2,0.5091,0.39844
Angelique,S11,56,P2,0.5818,0.38281
Angelique,S11,57,P4,1.4224,0.05469
Angelique,S11,58,P6,0.5508,0.28906
Angelique,S11,59,P8,1.5046,0.02344
Angelique,S11,60,P10,0.9424,0.24219
Angelique,S11,61,PO8,1.2208,0.13281
Angelique,S11,62,PO4,1.62,0.03906
Angelique,S11,63,O2,2.0389,0.00781
Angelique,S11,64,PO9,0.4106,0.36719
Angelique,S11,65,I1,-0.2378,0.57031
Angelique,S11,66,I2,-0.3488,0.52344
Angelique,S11,67,PO10,1.9746,0.02344
Angelique,S13,0,Fp1,-0.3233,0.61719
Angelique,S13,1,AF7,1.2523,0.10156
Angelique,S13,2,AF3,-0.2678,0.60156
Angelique,S13,3,F1,-1.3864,0.88281
Angelique,S13,4,F3,-0.7881,0.72656
Angelique,S13,5,F5,0.9622,0.21094
Angelique,S13,6,F7,0.8334,0.25781
Angelique,S13,7,FT7,2.0956,0.02344
Angelique,S13,8,FC5,1.4287,0.08594
Angelique,S13,9,FC3,-0.2482,0.60156
Angelique,S13,10,FC1,-0.2893,0.57031
Angelique,S13,11,C1,-0.466,0.64844
Angelique,S13,12,C3,0.2972,0.35156
Angelique,S13,13,C5,1.38,0.10156
Angelique,S13,14,T7,1.7838,0.00781
Angelique,S13,15,TP7,1.9693,0.02344
Angelique,S13,16,CP5,1.323,0.10156
Angelique,S13,17,CP3,0.9413,0.28906
Angelique,S13,18,CP1,0.0923,0.47656
Angelique,S13,19,P1,0.4344,0.33594
Angelique,S13,20,P3,-0.3641,0.63281
Angelique,S13,21,P5,0.4131,0.28906
Angelique,S13,22,P7,1.2727,0.13281
Angelique,S13,23,P9,1.5621,0.08594
Angelique,S13,24,PO7,-0.4925,0.71094
Angelique,S13,25,PO3,-0.3844,0.69531
Angelique,S13,26,O1,-0.5259,0.67969
Angelique,S13,27,Iz,-1.1704,0.86719
Angelique,S13,28,Oz,0.0116,0.49219
Angelique,S13,29,POz,0.7773,0.21094
Angelique,S13,30,Pz,0.062,0.47656
Angelique,S13,31,CPz,0.6409,0.28906
Angelique,S13,32,Fpz,0.9624,0.28906
Angelique,S13,33,Fp2,0.6104,0.33594
Angelique,S13,34,AF8,1.0823,0.14844
Angelique,S13,35,AF4,-1.0272,0.85156
Angelique,S13,36,AFz,-1.351,0.89844
Angelique,S13,37,Fz,-1.3726,0.89844
Angelique,S13,38,F2,-1.3935,0.96094
Angelique,S13,39,F4,-0.508,0.66406
Angelique,S13,40,F6,-0.2597,0.50781
Angelique,S13,41,F8,1.376,0.10156
Angelique,S13,42,FT8,-0.327,0.63281
Angelique,S13,43,FC6,0.1828,0.46094
Angelique,S13,44,FC4,-0.8776,0.80469
Angelique,S13,45,FC2,-1.3665,0.89844
Angelique,S13,46,FCz,-1.3877,0.92969
Angelique,S13,47,Cz,-0.8613,0.80469
Angelique,S13,48,C2,-1.2984,0.88281
Angelique,S13,49,C4,-1.0926,0.83594
Angelique,S13,50,C6,0.6921,0.30469
Angelique,S13,51,T8,-0.1009,0.53906
Angelique,S13,52,TP8,0.7237,0.27344
Angelique,S13,53,CP6,-1.4075,0.94531
Angelique,S13,54,CP4,-0.1501,0.57031
Angelique,S13,55,CP2,0.4598,0.33594
Angelique,S13,56,P2,0.3632,0.35156
Angelique,S13,57,P4,0.5583,0.32031
Angelique,S13,58,P6,0.4896,0.30469
Angelique,S13,59,P8,0.8245,0.24219
Angelique,S13,60,P10,-0.0152,0.50781
Angelique,S13,61,PO8,0.9684,0.19531
Angelique,S13,62,PO4,1.0028,0.16406
Angelique,S13,63,O2,0.6284,0.30469
Angelique,S13,64,PO9,0.6578,0.25781
Angelique,S13,65,I1,-0.686,0.77344
Angelique,S13,66,I2,-1.0692,0.83594
Angelique,S13,67,PO10,0.613,0.25781
Angelique,S15,0,Fp1,0.2979,0.39844
Angelique,S15,1,AF7,-1.0912,0.86719
Angelique,S15,2,AF3,1.1131,0.17969
Angelique,S15,3,F1,1.3057,0.10156
Angelique,S15,4,F3,0.5574,0.28906
Angelique,S15,5,F5,1.8166,0.02344
Angelique,S15,6,F7,0.8738,0.24219
Angelique,S15,7,FT7,0.0017,0.49219
Angelique,S15,8,FC5,0.5182,0.35156
Angelique,S15,9,FC3,1.5039,0.08594
Angelique,S15,10,FC1,1.6227,0.05469
Angelique,S15,11,C1,1.3871,0.10156
Angelique,S15,12,C3,1.4106,0.10156
Angelique,S15,13,C5,0.2773,0.35156
Angelique,S15,14,T7,-0.0282,0.52344
Angelique,S15,15,TP7,0.7826,0.24219
Angelique,S15,16,CP5,0.4143,0.35156
Angelique,S15,17,CP3,-0.2992,0.55469
Angelique,S15,18,CP1,-0.2977,0.60156
Angelique,S15,19,P1,-1.12,0.85156
Angelique,S15,20,P3,-1.4164,0.92969
Angelique,S15,21,P5,-0.3936,0.66406
Angelique,S15,22,P7,0.2824,0.38281
Angelique,S15,23,P9,-0.815,0.78906
Angelique,S15,24,PO7,-0.3366,0.58594
Angelique,S15,25,PO3,0.4002,0.36719
Angelique,S15,26,O1,0.8132,0.21094
Angelique,S15,27,Iz,1.2588,0.13281
Angelique,S15,28,Oz,1.6963,0.03906
Angelique,S15,29,POz,-1.9086,0.97656
Angelique,S15,30,Pz,-1.4223,0.94531
Angelique,S15,31,CPz,-0.3241,0.61719
Angelique,S15,32,Fpz,-0.2517,0.55469
Angelique,S15,33,Fp2,-1.1639,0.88281
Angelique,S15,34,AF8,0.8215,0.30469
Angelique,S15,35,AF4,1.2611,0.11719
Angelique,S15,36,AFz,1.0775,0.17969
Angelique,S15,37,Fz,1.4727,0.05469
Angelique,S15,38,F2,1.3805,0.10156
Angelique,S15,39,F4,1.4509,0.02344
Angelique,S15,40,F6,1.4111,0.08594
Angelique,S15,41,F8,0.5338,0.39844
Angelique,S15,42,FT8,1.04,0.24219
Angelique,S15,43,FC6,1.7597,0.02344
Angelique,S15,44,FC4,1.8535,0.02344
Angelique,S15,45,FC2,1.5101,0.07031
Angelique,S15,46,FCz,1.5101,0.08594
Angelique,S15,47,Cz,1.5101,0.11719
Angelique,S15,48,C2,1.2553,0.11719
Angelique,S15,49,C4,2.1595,0.00781
Angelique,S15,50,C6,-0.593,0.74219
Angelique,S15,51,T8,-0.2367,0.60156
Angelique,S15,52,TP8,-1.0967,0.83594
Angelique,S15,53,CP6,0.1835,0.42969
Angelique,S15,54,CP4,-0.2785,0.60156
Angelique,S15,55,CP2,-0.0385,0.52344
Angelique,S15,56,P2,-1.7791,0.97656
Angelique,S15,57,P4,-1.2105,0.83594
Angelique,S15,58,P6,1.0272,0.16406
Angelique,S15,59,P8,-0.0632,0.57031
Angelique,S15,60,P10,-0.8616,0.82031
Angelique,S15,61,PO8,0.373,0.27344
Angelique,S15,62,PO4,0.6411,0.28906
Angelique,S15,63,O2,1.149,0.19531
Angelique,S15,64,PO9,-1.0126,0.75781
Angelique,S15,65,I1,0.2925,0.36719
Angelique,S15,66,I2,0.3869,0.39844
Angelique,S15,67,PO10,-1.0342,0.82031
Angelique,S16,0,Fp1,0.4903,0.32812
Angelique,S16,1,AF7,-0.8719,0.76562
Angelique,S16,2,AF3,0.1908,0.42188
Angelique,S16,3,F1,-0.9041,0.79688
Angelique,S16,4,F3,0.8369,0.48438
Angelique,S16,5,F5,-0.0135,0.51562
Angelique,S16,6,F7,-0.0434,0.51562
Angelique,S16,7,FT7,-0.8888,0.70312
Angelique,S16,8,FC5,-0.6032,0.64062
Angelique,S16,9,FC3,-0.7069,0.73438
Angelique,S16,10,FC1,-1.5268,0.95312
Angelique,S16,11,C1,-0.6118,0.70312
Angelique,S16,12,C3,-1.1183,0.82812
Angelique,S16,13,C5,-0.6535,0.70312
Angelique,S16,14,T7,-1.7092,0.95312
Angelique,S16,15,TP7,-0.6125,0.70312
Angelique,S16,16,CP5,0.0073,0.48438
Angelique,S16,17,CP3,0.1737,0.42188
Angelique,S16,18,CP1,-0.1114,0.51562
Angelique,S16,19,P1,-1.7637,0.95312
Angelique,S16,20,P3,-0.0392,0.54688
Angelique,S16,21,P5,-1.2165,0.89062
Angelique,S16,22,P7,-1.0212,0.82812
Angelique,S16,23,P9,-1.6331,0.98438
Angelique,S16,24,PO7,-0.7631,0.73438
Angelique,S16,25,PO3,-0.023,0.54688
Angelique,S16,26,O1,-1.5778,0.92188
Angelique,S16,27,Iz,-0.9291,0.79688
Angelique,S16,28,Oz,-0.6494,0.73438
Angelique,S16,29,POz,-0.0757,0.54688
Angelique,S16,30,Pz,-0.5415,0.67188
Angelique,S16,31,CPz,-0.1266,0.57812
Angelique,S16,32,Fpz,-0.4514,0.64062
Angelique,S16,33,Fp2,-0.871,0.76562
Angelique,S16,34,AF8,0.4163,0.35938
Angelique,S16,35,AF4,-1.4658,0.95312
Angelique,S16,36,AFz,-0.3715,0.64062
Angelique,S16,37,Fz,-1.2827,0.89062
Angelique,S16,38,F2,-0.6647,0.70312
Angelique,S16,39,F4,-0.922,0.82812
Angelique,S16,40,F6,-0.4316,0.60938
Angelique,S16,41,F8,-1.0222,0.79688
Angelique,S16,42,FT8,-0.774,0.67188
Angelique,S16,43,FC6,-0.6472,0.73438
Angelique,S16,44,FC4,-1.1123,0.89062
Angelique,S16,45,FC2,-0.3385,0.60938
Angelique,S16,46,FCz,-0.8332,0.79688
Angelique,S16,47,Cz,-0.9736,0.79688
Angelique,S16,48,C2,-1.1367,0.85938
Angelique,S16,49,C4,-0.3371,0.60938
Angelique,S16,50,C6,0.2976,0.39062
Angelique,S16,51,T8,-1.4306,0.95312
Angelique,S16,52,TP8,-0.8598,0.79688
Angelique,S16,53,CP6,0.3525,0.35938
Angelique,S16,54,CP4,1.4372,0.10938
Angelique,S16,55,CP2,0.7201,0.26562
Angelique,S16,56,P2,-0.5485,0.70312
Angelique,S16,57,P4,0.0824,0.48438
Angelique,S16,58,P6,-0.7339,0.76562
Angelique,S16,59,P8,-1.5269,0.92188
Angelique,S16,60,P10,-0.932,0.82812
Angelique,S16,61,PO8,-0.7528,0.76562
Angelique,S16,62,PO4,-0.4632,0.57812
Angelique,S16,63,O2,-0.6357,0.73438
Angelique,S16,64,PO9,-1.484,0.92188
Angelique,S16,65,I1,-0.8905,0.82812
Angelique,S16,66,I2,-0.5257,0.70312
Angelique,S16,67,PO10,-0.8253,0.79688
Angelique,S18,0,Fp1,1.3049,0.11719
Angelique,S18,1,AF7,-0.2514,0.53906
Angelique,S18,2,AF3,-0.3514,0.63281
Angelique,S18,3,F1,-0.6211,0.69531
Angelique,S18,4,F3,0.5473,0.36719
Angelique,S18,5,F5,-0.6529,0.71094
Angelique,S18,6,F7,-0.4459,0.66406
Angelique,S18,7,FT7,-1.4622,0.89844
Angelique,S18,8,FC5,0.5874,0.36719
Angelique,S18,9,FC3,0.6921,0.28906
Angelique,S18,10,FC1,0.3648,0.36719
Angelique,S18,11,C1,-0.2168,0.57031
Angelique,S18,12,C3,-0.2348,0.57031
Angelique,S18,13,C5,0.8712,0.17969
Angelique,S18,14,T7,1.0527,0.14844
Angelique,S18,15,TP7,1.1758,0.14844
Angelique,S18,16,CP5,1.2528,0.11719
Angelique,S18,17,CP3,0.8,0.21094
Angelique,S18,18,CP1,-1.2811,0.89844
Angelique,S18,19,P1,0.5772,0.33594
Angelique,S18,20,P3,1.1907,0.13281
Angelique,S18,21,P5,0.8189,0.21094
Angelique,S18,22,P7,0.5711,0.28906
Angelique,S18,23,P9,0.378,0.32031
Angelique,S18,24,PO7,0.0949,0.44531
Angelique,S18,25,PO3,0.4241,0.41406
Angelique,S18,26,O1,0.2079,0.41406
Angelique,S18,27,Iz,-0.7825,0.55469
Angelique,S18,28,Oz,-0.1789,0.57031
Angelique,S18,29,POz,0.205,0.41406
Angelique,S18,30,Pz,-0.7132,0.77344
Angelique,S18,31,CPz,-1.052,0.83594
Angelique,S18,32,Fpz,-0.4783,0.55469
Angelique,S18,33,Fp2,1.2501,0.10156
Angelique,S18,34,AF8,-1.0372,0.82031
Angelique,S18,35,AF4,-1.2661,0.92969
Angelique,S18,36,AFz,0.2576,0.41406
Angelique,S18,37,Fz,-0.1179,0.53906
Angelique,S18,38,F2,-1.9468,0.97656
Angelique,S18,39,F4,-0.9244,0.75781
Angelique,S18,40,F6,0.8617,0.28906
Angelique,S18,41,F8,2.186,0.00781
Angelique,S18,42,FT8,1.1288,0.16406
Angelique,S18,43,FC6,0.7174,0.27344
Angelique,S18,44,FC4,-0.6378,0.67969
Angelique,S18,45,FC2,-0.2,0.57031
Angelique,S18,46,FCz,0.4059,0.36719
Angelique,S18,47,Cz,-0.8555,0.75781
Angelique,S18,48,C2,-0.5005,0.50781
Angelique,S18,49,C4,-0.3785,0.64844
Angelique,S18,50,C6,0.859,0.25781
Angelique,S18,51,T8,1.4003,0.07031
Angelique,S18,52,TP8,0.672,0.35156
Angelique,S18,53,CP6,0.4264,0.38281
Angelique,S18,54,CP4,0.0519,0.47656
Angelique,S18,55,CP2,1.2024,0.13281
Angelique,S18,56,P2,1.7836,0.03906
Angelique,S18,57,P4,1.3445,0.10156
Angelique,S18,58,P6,0.7454,0.27344
Angelique,S18,59,P8,-0.5169,0.67969
Angelique,S18,60,P10,2.0885,0.00781
Angelique,S18,61,PO8,1.0512,0.17969
Angelique,S18,62,PO4,0.5522,0.28906
Angelique,S18,63,O2,0.8246,0.27344
Angelique,S18,64,PO9,0.4095,0.28906
Angelique,S18,65,I1,-0.0051,0.53906
Angelique,S18,66,I2,1.0288,0.14844
Angelique,S18,67,PO10,1.2825,0.11719
Angelique,S19,0,Fp1,-1.4475,0.89844
Angelique,S19,1,AF7,0.772,0.25781
Angelique,S19,2,AF3,-0.2284,0.61719
Angelique,S19,3,F1,0.1047,0.47656
Angelique,S19,4,F3,0.8667,0.19531
Angelique,S19,5,F5,1.5545,0.02344
Angelique,S19,6,F7,1.0191,0.19531
Angelique,S19,7,FT7,-1.3989,0.91406
Angelique,S19,8,FC5,-1.2677,0.88281
Angelique,S19,9,FC3,-1.0469,0.85156
Angelique,S19,10,FC1,-1.1771,0.86719
Angelique,S19,11,C1,0.7397,0.24219
Angelique,S19,12,C3,-0.1703,0.57031
Angelique,S19,13,C5,-1.0412,0.80469
Angelique,S19,14,T7,-1.5443,0.96094
Angelique,S19,15,TP7,-1.3842,0.89844
Angelique,S19,16,CP5,1.0639,0.16406
Angelique,S19,17,CP3,1.3558,0.11719
Angelique,S19,18,CP1,0.4457,0.39844
Angelique,S19,19,P1,0.4092,0.38281
Angelique,S19,20,P3,1.4429,0.05469
Angelique,S19,21,P5,0.6717,0.27344
Angelique,S19,22,P7,-1.0882,0.86719
Angelique,S19,23,P9,-0.8755,0.75781
Angelique,S19,24,PO7,-0.5955,0.72656
Angelique,S19,25,PO3,-0.726,0.74219
Angelique,S19,26,O1,-1.0658,0.85156
Angelique,S19,27,Iz,-1.5844,0.96094
Angelique,S19,28,Oz,-1.1235,0.86719
Angelique,S19,29,POz,1.3552,0.10156
Angelique,S19,30,Pz,1.6132,0.03906
Angelique,S19,31,CPz,0.2702,0.39844
Angelique,S19,32,Fpz,-0.5798,0.71094
Angelique,S19,33,Fp2,0.2136,0.41406
Angelique,S19,34,AF8,-0.6223,0.74219
Angelique,S19,35,AF4,-0.1864,0.58594
Angelique,S19,36,AFz,0.5651,0.36719
Angelique,S19,37,Fz,-0.6589,0.72656
Angelique,S19,38,F2,-0.0268,0.53906
Angelique,S19,39,F4,-0.8832,0.80469
Angelique,S19,40,F6,-1.3561,0.89844
Angelique,S19,41,F8,1.6181,0.03906
Angelique,S19,42,FT8,-1.3838,0.96094
Angelique,S19,43,FC6,-0.0029,0.50781
Angelique,S19,44,FC4,-1.5423,0.94531
Angelique,S19,45,FC2,-0.5601,0.66406
Angelique,S19,46,FCz,-1.2846,0.88281
Angelique,S19,47,Cz,-1.3087,0.89844
Angelique,S19,48,C2,-1.4248,0.92969
Angelique,S19,49,C4,-1.7686,0.96094
Angelique,S19,50,C6,-1.9984,0.99219
Angelique,S19,51,T8,-1.6943,0.96094
Angelique,S19,52,TP8,-1.6804,0.99219
Angelique,S19,53,CP6,-1.6582,0.94531
Angelique,S19,54,CP4,0.3138,0.39844
Angelique,S19,55,CP2,-0.5869,0.66406
Angelique,S19,56,P2,-0.0294,0.52344
Angelique,S19,57,P4,-1.6348,0.97656
Angelique,S19,58,P6,-1.3761,0.89844
Angelique,S19,59,P8,-1.0645,0.80469
Angelique,S19,60,P10,-0.8721,0.61719
Angelique,S19,61,PO8,-0.7208,0.74219
Angelique,S19,62,PO4,1.1252,0.14844
Angelique,S19,63,O2,-1.4373,0.91406
Angelique,S19,64,PO9,0.7044,0.24219
Angelique,S19,65,I1,-0.9219,0.80469
Angelique,S19,66,I2,-0.8027,0.74219
Angelique,S19,67,PO10,0.4092,0.35156
Angelique,S21,0,Fp1,1.8515,0.02344
Angelique,S21,1,AF7,-0.2486,0.50781
Angelique,S21,2,AF3,2.3168,0.00781
Angelique,S21,3,F1,2.2461,0.00781
Angelique,S21,4,F3,2.3943,0.00781
Angelique,S21,5,F5,1.3346,0.07031
Angelique,S21,6,F7,0.9944,0.14844
Angelique,S21,7,FT7,1.6247,0.05469
Angelique,S21,8,FC5,2.1754,0.00781
Angelique,S21,9,FC3,2.1199,0.02344
Angelique,S21,10,FC1,2.2101,0.00781
Angelique,S21,11,C1,1.8605,0.00781
Angelique,S21,12,C3,2.311,0.00781
Angelique,S21,13,C5,1.2018,0.21094
Angelique,S21,14,T7,0.4851,0.36719
Angelique,S21,15,TP7,2.0333,0.02344
Angelique,S21,16,CP5,1.7122,0.03906
Angelique,S21,17,CP3,0.7907,0.19531
Angelique,S21,18,CP1,-0.3582,0.64844
Angelique,S21,19,P1,-1.8197,0.94531
Angelique,S21,20,P3,1.9689,0.00781
Angelique,S21,21,P5,1.8164,0.02344
Angelique,S21,22,P7,2.1108,0.00781
Angelique,S21,23,P9,2.3222,0.00781
Angelique,S21,24,PO7,2.3559,0.00781
Angelique,S21,25,PO3,2.0252,0.02344
Angelique,S21,26,O1,1.5663,0.03906
Angelique,S21,27,Iz,1.9457,0.02344
Angelique,S21,28,Oz,2.0451,0.00781
Angelique,S21,29,POz,1.4433,0.10156
Angelique,S21,30,Pz,-0.8575,0.74219
Angelique,S21,31,CPz,0.0151,0.47656
Angelique,S21,32,Fpz,2.2043,0.00781
Angelique,S21,33,Fp2,0.8216,0.22656
Angelique,S21,34,AF8,1.9504,0.02344
Angelique,S21,35,AF4,2.2456,0.00781
Angelique,S21,36,AFz,2.1217,0.02344
Angelique,S21,37,Fz,2.1891,0.00781
Angelique,S21,38,F2,2.3302,0.00781
Angelique,S21,39,F4,2.3717,0.00781
Angelique,S21,40,F6,1.2569,0.08594
Angelique,S21,41,F8,1.2162,0.11719
Angelique,S21,42,FT8,0.7564,0.24219
Angelique,S21,43,FC6,1.558,0.03906
Angelique,S21,44,FC4,2.0562,0.02344
Angelique,S21,45,FC2,2.1393,0.00781
Angelique,S21,46,FCz,2.1728,0.00781
Angelique,S21,47,Cz,1.7438,0.03906
Angelique,S21,48,C2,1.5731,0.05469
Angelique,S21,49,C4,1.7073,0.03906
Angelique,S21,50,C6,1.7886,0.02344
Angelique,S21,51,T8,-1.0633,0.83594
Angelique,S21,52,TP8,0.3594,0.36719
Angelique,S21,53,CP6,-0.4273,0.63281
Angelique,S21,54,CP4,2.0101,0.00781
Angelique,S21,55,CP2,1.0195,0.19531
Angelique,S21,56,P2,0.5323,0.32031
Angelique,S21,57,P4,1.9604,0.02344
Angelique,S21,58,P6,1.7317,0.03906
Angelique,S21,59,P8,1.5724,0.05469
Angelique,S21,60,P10,2.0873,0.02344
Angelique,S21,61,PO8,1.9282,0.02344
Angelique,S21,62,PO4,2.0172,0.02344
Angelique,S21,63,O2,1.8991,0.02344
Angelique,S21,64,PO9,1.9158,0.00781
Angelique,S21,65,I1,1.834,0.02344
Angelique,S21,66,I2,1.8759,0.02344
Angelique,S21,67,PO10,2.1396,0.00781
Angelique,S22,0,Fp1,1.3316,0.08594
Angelique,S22,1,AF7,0.6012,0.28906
Angelique,S22,2,AF3,-0.6008,0.71094
Angelique,S22,3,F1,-0.1397,0.57031
Angelique,S22,4,F3,-0.8447,0.72656
Angelique,S22,5,F5,-1.0863,0.83594
Angelique,S22,6,F7,-1.122,0.85156
Angelique,S22,7,FT7,-1.0755,0.85156
Angelique,S22,8,FC5,-1.7561,0.97656
Angelique,S22,9,FC3,-0.2837,0.60156
Angelique,S22,10,FC1,1.1864,0.14844
Angelique,S22,11,C1,1.6815,0.03906
Angelique,S22,12,C3,0.009,0.47656
Angelique,S22,13,C5,-0.8127,0.71094
Angelique,S22,14,T7,-1.2303,0.86719
Angelique,S22,15,TP7,-0.2131,0.58594
Angelique,S22,16,CP5,0.0386,0.49219
Angelique,S22,17,CP3,-0.1349,0.55469
Angelique,S22,18,CP1,0.1067,0.49219
Angelique,S22,19,P1,1.6714,0.05469
Angelique,S22,20,P3,0.5219,0.33594
Angelique,S22,21,P5,0.6455,0.30469
Angelique,S22,22,P7,0.9833,0.17969
Angelique,S22,23,P9,1.6485,0.05469
Angelique,S22,24,PO7,0.8633,0.24219
Angelique,S22,25,PO3,1.503,0.10156
Angelique,S22,26,O1,0.88,0.21094
Angelique,S22,27,Iz,1.4457,0.07031
Angelique,S22,28,Oz,1.8258,0.03906
Angelique,S22,29,POz,1.5054,0.07031
Angelique,S22,30,Pz,2.0386,0.02344
Angelique,S22,31,CPz,1.7565,0.03906
Angelique,S22,32,Fpz,1.7305,0.00781
Angelique,S22,33,Fp2,-0.4035,0.64844
Angelique,S22,34,AF8,0.2648,0.39844
Angelique,S22,35,AF4,1.0359,0.17969
Angelique,S22,36,AFz,1.4528,0.08594
Angelique,S22,37,Fz,0.8588,0.21094
Angelique,S22,38,F2,0.3966,0.33594
Angelique,S22,39,F4,1.6865,0.05469
Angelique,S22,40,F6,-1.0915,0.85156
Angelique,S22,41,F8,-0.18,0.57031
Angelique,S22,42,FT8,-0.5878,0.66406
Angelique,S22,43,FC6,0.3292,0.33594
Angelique,S22,44,FC4,0.9976,0.19531
Angelique,S22,45,FC2,0.6351,0.32031
Angelique,S22,46,FCz,1.3035,0.11719
Angelique,S22,47,Cz,1.4312,0.10156
Angelique,S22,48,C2,1.4149,0.08594
Angelique,S22,49,C4,-0.45,0.69531
Angelique,S22,50,C6,-1.0963,0.85156
Angelique,S22,51,T8,-0.4625,0.66406
Angelique,S22,52,TP8,1.2386,0.10156
Angelique,S22,53,CP6,-1.0566,0.85156
Angelique,S22,54,CP4,0.4091,0.44531
Angelique,S22,55,CP2,0.3732,0.36719
Angelique,S22,56,P2,1.4087,0.08594
Angelique,S22,57,P4,-0.6578,0.71094
Angelique,S22,58,P6,-0.1627,0.55469
Angelique,S22,59,P8,-0.5578,0.69531
Angelique,S22,60,P10,0.9811,0.16406
Angelique,S22,61,PO8,-0.1397,0.53906
Angelique,S22,62,PO4,-0.0024,0.50781
Angelique,S22,63,O2,1.0113,0.21094
Angelique,S22,64,PO9,1.5746,0.05469
Angelique,S22,65,I1,1.0543,0.16406
Angelique,S22,66,I2,1.4904,0.07031
Angelique,S22,67,PO10,0.8964,0.27344
Angelique,S23,0,Fp1,-1.0323,0.82031
Angelique,S23,1,AF7,-1.4124,0.94531
Angelique,S23,2,AF3,-0.9847,0.74219
Angelique,S23,3,F1,1.5953,0.05469
Angelique,S23,4,F3,-1.0287,0.80469
Angelique,S23,5,F5,-0.0776,0.55469
Angelique,S23,6,F7,-1.1377,0.91406
Angelique,S23,7,FT7,-0.7094,0.52344
Angelique,S23,8,FC5,-0.9359,0.71094
Angelique,S23,9,FC3,-0.9174,0.67969
Angelique,S23,10,FC1,-0.8438,0.66406
Angelique,S23,11,C1,0.1205,0.44531
Angelique,S23,12,C3,0.1769,0.42969
Angelique,S23,13,C5,-0.7163,0.69531
Angelique,S23,14,T7,-1.0732,0.83594
Angelique,S23,15,TP7,-0.9739,0.71094
Angelique,S23,16,CP5,-0.8116,0.72656
Angelique,S23,17,CP3,-0.443,0.64844
Angelique,S23,18,CP1,-0.3785,0.64844
Angelique,S23,19,P1,-0.6638,0.78906
Angelique,S23,20,P3,-0.672,0.71094
Angelique,S23,21,P5,-1.4832,0.91406
Angelique,S23,22,P7,1.3616,0.08594
Angelique,S23,23,P9,-1.1125,0.85156
Angelique,S23,24,PO7,0.4204,0.35156
Angelique,S23,25,PO3,-0.8919,0.80469
Angelique,S23,26,O1,-1.0957,0.83594
Angelique,S23,27,Iz,-1.2693,0.91406
Angelique,S23,28,Oz,-1.2782,0.89844
Angelique,S23,29,POz,0.5758,0.28906
Angelique,S23,30,Pz,-1.1236,0.75781
Angelique,S23,31,CPz,0.0829,0.46094
Angelique,S23,32,Fpz,-1.2473,0.96094
Angelique,S23,33,Fp2,-1.031,0.80469
Angelique,S23,34,AF8,-0.9638,0.78906
Angelique,S23,35,AF4,-1.0142,0.78906
Angelique,S23,36,AFz,-0.6966,0.63281
Angelique,S23,37,Fz,-0.7901,0.75781
Angelique,S23,38,F2,-1.2355,0.89844
Angelique,S23,39,F4,-1.0708,0.85156
Angelique,S23,40,F6,-1.1697,0.82031
Angelique,S23,41,F8,-0.7672,0.77344
Angelique,S23,42,FT8,-1.0602,0.78906
Angelique,S23,43,FC6,0.3239,0.38281
Angelique,S23,44,FC4,-0.9419,0.69531
Angelique,S23,45,FC2,1.4126,0.11719
Angelique,S23,46,FCz,-1.0774,0.80469
Angelique,S23,47,Cz,1.0136,0.19531
Angelique,S23,48,C2,-1.1793,0.86719
Angelique,S23,49,C4,-0.7823,0.77344
Angelique,S23,50,C6,-1.0163,0.78906
Angelique,S23,51,T8,-1.2904,0.88281
Angelique,S23,52,TP8,-1.05,0.88281
Angelique,S23,53,CP6,-1.082,0.82031
Angelique,S23,54,CP4,-1.1064,0.85156
Angelique,S23,55,CP2,-0.91,0.66406
Angelique,S23,56,P2,-1.1722,0.89844
Angelique,S23,57,P4,-1.5806,0.94531
Angelique,S23,58,P6,-0.7487,0.67969
Angelique,S23,59,P8,0.9867,0.16406
Angelique,S23,60,P10,-0.719,0.72656
Angelique,S23,61,PO8,-0.4544,0.58594
Angelique,S23,62,PO4,-1.4466,0.92969
Angelique,S23,63,O2,-0.1561,0.55469
Angelique,S23,64,PO9,0.5519,0.30469
Angelique,S23,65,I1,-0.5002,0.67969
Angelique,S23,66,I2,-1.0581,0.83594
Angelique,S23,67,PO10,-1.15,0.86719
Angelique,S24,0,Fp1,1.6596,0.02344
Angelique,S24,1,AF7,-0.4813,0.64844
Angelique,S24,2,AF3,1.4298,0.07031
Angelique,S24,3,F1,0.7494,0.30469
Angelique,S24,4,F3,1.2111,0.13281
Angelique,S24,5,F5,-1.056,0.83594
Angelique,S24,6,F7,0.0807,0.44531
Angelique,S24,7,FT7,-0.5357,0.69531
Angelique,S24,8,FC5,-0.214,0.60156
Angelique,S24,9,FC3,0.6719,0.39844
Angelique,S24,10,FC1,1.1876,0.13281
Angelique,S24,11,C1,-0.4016,0.60156
Angelique,S24,12,C3,-0.7521,0.72656
Angelique,S24,13,C5,1.2961,0.03906
Angelique,S24,14,T7,-0.6128,0.71094
Angelique,S24,15,TP7,-0.227,0.60156
Angelique,S24,16,CP5,-0.4048,0.64844
Angelique,S24,17,CP3,-1.2565,0.89844
Angelique,S24,18,CP1,-0.5799,0.67969
Angelique,S24,19,P1,1.0455,0.17969
Angelique,S24,20,P3,-0.278,0.63281
Angelique,S24,21,P5,-0.9768,0.63281
Angelique,S24,22,P7,1.1289,0.16406
Angelique,S24,23,P9,-0.0157,0.52344
Angelique,S24,24,PO7,1.583,0.03906
Angelique,S24,25,PO3,0.1494,0.47656
Angelique,S24,26,O1,1.8254,0.00781
Angelique,S24,27,Iz,0.931,0.24219
Angelique,S24,28,Oz,1.7784,0.00781
Angelique,S24,29,POz,1.1183,0.13281
Angelique,S24,30,Pz,0.2271,0.38281
Angelique,S24,31,CPz,-0.5404,0.72656
Angelique,S24,32,Fpz,1.5042,0.08594
Angelique,S24,33,Fp2,1.1912,0.14844
Angelique,S24,34,AF8,1.472,0.02344
Angelique,S24,35,AF4,1.5242,0.10156
Angelique,S24,36,AFz,1.1947,0.14844
Angelique,S24,37,Fz,1.3429,0.10156
Angelique,S24,38,F2,2.1077,0.02344
Angelique,S24,39,F4,1.9502,0.02344
Angelique,S24,40,F6,1.8014,0.00781
Angelique,S24,41,F8,-1.4795,0.92969
Angelique,S24,42,FT8,-0.1017,0.55469
Angelique,S24,43,FC6,0.5731,0.32031
Angelique,S24,44,FC4,1.1347,0.11719
Angelique,S24,45,FC2,-0.7856,0.57031
Angelique,S24,46,FCz,1.8371,0.02344
Angelique,S24,47,Cz,-0.0938,0.53906
Angelique,S24,48,C2,0.6287,0.41406
Angelique,S24,49,C4,1.5048,0.08594
Angelique,S24,50,C6,-1.6448,0.94531
Angelique,S24,51,T8,0.3203,0.38281
Angelique,S24,52,TP8,0.7475,0.24219
Angelique,S24,53,CP6,-0.2722,0.57031
Angelique,S24,54,CP4,-1.011,0.85156
Angelique,S24,55,CP2,-0.068,0.50781
Angelique,S24,56,P2,-1.7057,0.97656
Angelique,S24,57,P4,0.5467,0.28906
Angelique,S24,58,P6,1.1256,0.16406
Angelique,S24,59,P8,1.0719,0.17969
Angelique,S24,60,P10,1.0975,0.14844
Angelique,S24,61,PO8,0.6452,0.27344
Angelique,S24,62,PO4,0.1528,0.44531
Angelique,S24,63,O2,0.5581,0.30469
Angelique,S24,64,PO9,0.5514,0.35156
Angelique,S24,65,I1,1.1742,0.16406
Angelique,S24,66,I2,1.3479,0.08594
Angelique,S24,67,PO10,-0.315,0.58594
Angelique,S25,0,Fp1,-0.5339,0.50781
Angelique,S25,1,AF7,-0.1882,0.52344
Angelique,S25,2,AF3,1.2831,0.10156
Angelique,S25,3,F1,-0.4026,0.60156
Angelique,S25,4,F3,-0.6023,0.71094
Angelique,S25,5,F5,1.4064,0.08594
Angelique,S25,6,F7,0.4361,0.28906
Angelique,S25,7,FT7,1.8765,0.03906
Angelique,S25,8,FC5,-0.5076,0.64844
Angelique,S25,9,FC3,-0.1048,0.53906
Angelique,S25,10,FC1,-0.0763,0.52344
Angelique,S25,11,C1,-0.0566,0.52344
Angelique,S25,12,C3,0.6205,0.35156
Angelique,S25,13,C5,0.0386,0.49219
Angelique,S25,14,T7,1.8724,0.00781
Angelique,S25,15,TP7,-0.0117,0.50781
Angelique,S25,16,CP5,0.2155,0.42969
Angelique,S25,17,CP3,-0.1806,0.55469
Angelique,S25,18,CP1,0.5219,0.30469
Angelique,S25,19,P1,-0.5466,0.71094
Angelique,S25,20,P3,0.3758,0.35156
Angelique,S25,21,P5,-0.437,0.60156
Angelique,S25,22,P7,-0.0454,0.53906
Angelique,S25,23,P9,1.2303,0.07031
Angelique,S25,24,PO7,-0.0889,0.55469
Angelique,S25,25,PO3,-0.1658,0.60156
Angelique,S25,26,O1,0.5254,0.35156
Angelique,S25,27,Iz,1.2939,0.10156
Angelique,S25,28,Oz,0.5893,0.32031
Angelique,S25,29,POz,-0.3431,0.64844
Angelique,S25,30,Pz,0.5846,0.32031
Angelique,S25,31,CPz,0.2039,0.42969
Angelique,S25,32,Fpz,-0.0506,0.55469
Angelique,S25,33,Fp2,0.9499,0.19531
Angelique,S25,34,AF8,1.4662,0.10156
Angelique,S25,35,AF4,1.0515,0.22656
Angelique,S25,36,AFz,1.174,0.14844
Angelique,S25,37,Fz,0.6653,0.32031
Angelique,S25,38,F2,-0.0582,0.52344
Angelique,S25,39,F4,0.4014,0.36719
Angelique,S25,40,F6,0.9614,0.24219
Angelique,S25,41,F8,1.7299,0.05469
Angelique,S25,42,FT8,0.3722,0.36719
Angelique,S25,43,FC6,0.0241,0.49219
Angelique,S25,44,FC4,0.1827,0.44531
Angelique,S25,45,FC2,-0.007,0.50781
Angelique,S25,46,FCz,0.0082,0.49219
Angelique,S25,47,Cz,1.0068,0.17969
Angelique,S25,48,C2,-0.1062,0.53906
Angelique,S25,49,C4,0.0213,0.49219
Angelique,S25,50,C6,0.605,0.28906
Angelique,S25,51,T8,0.9929,0.19531
Angelique,S25,52,TP8,1.3435,0.08594
Angelique,S25,53,CP6,0.0166,0.49219
Angelique,S25,54,CP4,0.8895,0.21094
Angelique,S25,55,CP2,0.3104,0.38281
Angelique,S25,56,P2,0.5544,0.32031
Angelique,S25,57,P4,0.9568,0.21094
Angelique,S25,58,P6,1.3299,0.11719
Angelique,S25,59,P8,0.9699,0.21094
Angelique,S25,60,P10,1.6325,0.07031
Angelique,S25,61,PO8,1.6524,0.02344
Angelique,S25,62,PO4,-0.9835,0.82031
Angelique,S25,63,O2,0.2074,0.46094
Angelique,S25,64,PO9,0.5533,0.30469
Angelique,S25,65,I1,0.8469,0.22656
Angelique,S25,66,I2,0.7147,0.25781
Angelique,S25,67,PO10,1.1292,0.19531
Angelique,S26,0,Fp1,2.0787,0.02344
Angelique,S26,1,AF7,1.3445,0.03906
Angelique,S26,2,AF3,2.2808,0.00781
Angelique,S26,3,F1,1.9236,0.00781
Angelique,S26,4,F3,1.7968,0.00781
Angelique,S26,5,F5,1.8254,0.00781
Angelique,S26,6,F7,2.3286,0.00781
Angelique,S26,7,FT7,1.5812,0.05469
Angelique,S26,8,FC5,2.2333,0.00781
Angelique,S26,9,FC3,1.1947,0.13281
Angelique,S26,10,FC1,1.1409,0.17969
Angelique,S26,11,C1,-0.1198,0.53906
Angelique,S26,12,C3,-0.052,0.52344
Angelique,S26,13,C5,-1.1632,0.88281
Angelique,S26,14,T7,-0.0647,0.53906
Angelique,S26,15,TP7,0.42,0.32031
Angelique,S26,16,CP5,0.8433,0.24219
Angelique,S26,17,CP3,-1.3676,0.89844
Angelique,S26,18,CP1,-1.172,0.83594
Angelique,S26,19,P1,-1.0976,0.83594
Angelique,S26,20,P3,1.3054,0.10156
Angelique,S26,21,P5,0.9805,0.16406
Angelique,S26,22,P7,0.7347,0.24219
Angelique,S26,23,P9,0.48,0.33594
Angelique,S26,24,PO7,0.8122,0.24219
Angelique,S26,25,PO3,1.6153,0.07031
Angelique,S26,26,O1,1.6047,0.05469
Angelique,S26,27,Iz,2.0194,0.00781
Angelique,S26,28,Oz,2.076,0.00781
Angelique,S26,29,POz,0.4118,0.35156
Angelique,S26,30,Pz,-0.7461,0.72656
Angelique,S26,31,CPz,-0.1217,0.57031
Angelique,S26,32,Fpz,2.2547,0.00781
Angelique,S26,33,Fp2,2.2098,0.00781
Angelique,S26,34,AF8,1.8448,0.05469
Angelique,S26,35,AF4,2.1092,0.00781
Angelique,S26,36,AFz,1.8858,0.02344
Angelique,S26,37,Fz,1.7085,0.02344
Angelique,S26,38,F2,1.7108,0.03906
Angelique,S26,39,F4,2.0102,0.02344
Angelique,S26,40,F6,1.9606,0.02344
Angelique,S26,41,F8,2.1479,0.02344
Angelique,S26,42,FT8,0.939,0.24219
Angelique,S26,43,FC6,1.471,0.08594
Angelique,S26,44,FC4,1.7539,0.02344
Angelique,S26,45,FC2,1.1481,0.13281
Angelique,S26,46,FCz,0.7263,0.25781
Angelique,S26,47,Cz,0.7066,0.24219
Angelique,S26,48,C2,0.6238,0.30469
Angelique,S26,49,C4,0.6689,0.21094
Angelique,S26,50,C6,-0.0603,0.53906
Angelique,S26,51,T8,-0.5334,0.66406
Angelique,S26,52,TP8,1.3779,0.08594
Angelique,S26,53,CP6,0.5431,0.30469
Angelique,S26,54,CP4,-0.8036,0.78906
Angelique,S26,55,CP2,0.0524,0.47656
Angelique,S26,56,P2,-0.0664,0.52344
Angelique,S26,57,P4,1.0997,0.16406
Angelique,S26,58,P6,1.423,0.07031
Angelique,S26,59,P8,1.5635,0.05469
Angelique,S26,60,P10,1.3416,0.10156
Angelique,S26,61,PO8,1.5163,0.07031
Angelique,S26,62,PO4,1.5629,0.05469
Angelique,S26,63,O2,2.3162,0.00781
Angelique,S26,64,PO9,0.7194,0.24219
Angelique,S26,65,I1,1.7224,0.03906
Angelique,S26,66,I2,1.9119,0.00781
Angelique,S26,67,PO10,1.6205,0.07031
Angelique,S27,0,Fp1,1.1832,0.13281
Angelique,S27,1,AF7,-1.7731,0.97656
Angelique,S27,2,AF3,0.7667,0.24219
Angelique,S27,3,F1,0.1721,0.42969
Angelique,S27,4,F3,0.9748,0.21094
Angelique,S27,5,F5,0.1484,0.46094
Angelique,S27,6,F7,0.1499,0.44531
Angelique,S27,7,FT7,1.8957,0.00781
Angelique,S27,8,FC5,1.5533,0.05469
Angelique,S27,9,FC3,1.2609,0.10156
Angelique,S27,10,FC1,0.7369,0.24219
Angelique,S27,11,C1,0.827,0.21094
Angelique,S27,12,C3,1.1272,0.16406
Angelique,S27,13,C5,1.4908,0.05469
Angelique,S27,14,T7,1.128,0.13281
Angelique,S27,15,TP7,0.1492,0.47656
Angelique,S27,16,CP5,0.6049,0.33594
Angelique,S27,17,CP3,-0.2501,0.60156
Angelique,S27,18,CP1,0.5412,0.30469
Angelique,S27,19,P1,0.5411,0.35156
Angelique,S27,20,P3,-0.3464,0.57031
Angelique,S27,21,P5,-0.269,0.60156
Angelique,S27,22,P7,0.342,0.38281
Angelique,S27,23,P9,0.3001,0.39844
Angelique,S27,24,PO7,-0.7591,0.50781
Angelique,S27,25,PO3,0.0686,0.47656
Angelique,S27,26,O1,-0.9876,0.82031
Angelique,S27,27,Iz,-0.0929,0.55469
Angelique,S27,28,Oz,-1.1006,0.85156
Angelique,S27,29,POz,0.3217,0.36719
Angelique,S27,30,Pz,0.2238,0.41406
Angelique,S27,31,CPz,0.4098,0.33594
Angelique,S27,32,Fpz,0.3023,0.42969
Angelique,S27,33,Fp2,0.5936,0.25781
Angelique,S27,34,AF8,0.9534,0.30469
Angelique,S27,35,AF4,-0.8497,0.77344
Angelique,S27,36,AFz,1.0585,0.19531
Angelique,S27,37,Fz,0.2591,0.36719
Angelique,S27,38,F2,0.5744,0.30469
Angelique,S27,39,F4,-0.0085,0.50781
Angelique,S27,40,F6,-0.0146,0.50781
Angelique,S27,41,F8,1.2754,0.16406
Angelique,S27,42,FT8,1.4381,0.07031
Angelique,S27,43,FC6,1.1015,0.21094
Angelique,S27,44,FC4,0.4428,0.36719
Angelique,S27,45,FC2,0.3539,0.38281
Angelique,S27,46,FCz,0.5879,0.28906
Angelique,S27,47,Cz,0.5107,0.32031
Angelique,S27,48,C2,-0.1029,0.53906
Angelique,S27,49,C4,-0.1448,0.57031
Angelique,S27,50,C6,0.9664,0.22656
Angelique,S27,51,T8,1.5389,0.08594
Angelique,S27,52,TP8,1.4665,0.00781
Angelique,S27,53,CP6,0.4845,0.32031
Angelique,S27,54,CP4,0.3596,0.32031
Angelique,S27,55,CP2,-0.2118,0.58594
Angelique,S27,56,P2,0.1556,0.39844
Angelique,S27,57,P4,0.3781,0.30469
Angelique,S27,58,P6,0.2738,0.38281
Angelique,S27,59,P8,1.3383,0.10156
Angelique,S27,60,P10,1.121,0.13281
Angelique,S27,61,PO8,1.1271,0.14844
Angelique,S27,62,PO4,0.4497,0.33594
Angelique,S27,63,O2,0.16,0.39844
Angelique,S27,64,PO9,-0.9355,0.72656
Angelique,S27,65,I1,0.5864,0.32031
Angelique,S27,66,I2,0.4736,0.32031
Angelique,S27,67,PO10,0.6226,0.27344
Angelique,S28,0,Fp1,-0.6496,0.61719
Angelique,S28,1,AF7,0.4053,0.32031
Angelique,S28,2,AF3,0.5339,0.27344
Angelique,S28,3,F1,0.0359,0.46094
Angelique,S28,4,F3,0.2709,0.38281
Angelique,S28,5,F5,-0.7932,0.75781
Angelique,S28,6,F7,-0.0929,0.52344
Angelique,S28,7,FT7,-1.4256,0.92969
Angelique,S28,8,FC5,-0.77,0.75781
Angelique,S28,9,FC3,-0.0605,0.53906
Angelique,S28,10,FC1,0.0931,0.46094
Angelique,S28,11,C1,0.6088,0.47656
Angelique,S28,12,C3,-1.2419,0.88281
Angelique,S28,13,C5,0.882,0.24219
Angelique,S28,14,T7,-0.2444,0.64844
Angelique,S28,15,TP7,0.4914,0.35156
Angelique,S28,16,CP5,1.233,0.13281
Angelique,S28,17,CP3,0.3742,0.38281
Angelique,S28,18,CP1,0.6856,0.46094
Angelique,S28,19,P1,-0.1978,0.57031
Angelique,S28,20,P3,0.2738,0.47656
Angelique,S28,21,P5,-0.8493,0.74219
Angelique,S28,22,P7,0.7199,0.41406
Angelique,S28,23,P9,0.5971,0.44531
Angelique,S28,24,PO7,0.0152,0.49219
Angelique,S28,25,PO3,-0.6094,0.69531
Angelique,S28,26,O1,-1.0279,0.83594
Angelique,S28,27,Iz,0.9011,0.28906
Angelique,S28,28,Oz,-0.1029,0.52344
Angelique,S28,29,POz,-0.8796,0.83594
Angelique,S28,30,Pz,0.3187,0.44531
Angelique,S28,31,CPz,0.6602,0.39844
Angelique,S28,32,Fpz,-0.5235,0.67969
Angelique,S28,33,Fp2,-0.9811,0.83594
Angelique,S28,34,AF8,-0.6479,0.74219
Angelique,S28,35,AF4,0.459,0.36719
Angelique,S28,36,AFz,0.7165,0.28906
Angelique,S28,37,Fz,-0.5662,0.69531
Angelique,S28,38,F2,-0.752,0.77344
Angelique,S28,39,F4,-0.7344,0.77344
Angelique,S28,40,F6,0.117,0.42969
Angelique,S28,41,F8,0.0326,0.47656
Angelique,S28,42,FT8,0.3306,0.39844
Angelique,S28,43,FC6,-1.2887,0.88281
Angelique,S28,44,FC4,0.1835,0.39844
Angelique,S28,45,FC2,0.7838,0.27344
Angelique,S28,46,FCz,0.1762,0.47656
Angelique,S28,47,Cz,1.3823,0.11719
Angelique,S28,48,C2,0.008,0.47656
Angelique,S28,49,C4,-0.6197,0.69531
Angelique,S28,50,C6,-0.0256,0.50781
Angelique,S28,51,T8,-0.5232,0.67969
Angelique,S28,52,TP8,-0.8303,0.75781
Angelique,S28,53,CP6,0.7338,0.30469
Angelique,S28,54,CP4,0.8276,0.27344
Angelique,S28,55,CP2,0.7902,0.30469
Angelique,S28,56,P2,0.3282,0.42969
Angelique,S28,57,P4,0.9544,0.19531
Angelique,S28,58,P6,0.4565,0.35156
Angelique,S28,59,P8,-0.9311,0.72656
Angelique,S28,60,P10,-0.1225,0.58594
Angelique,S28,61,PO8,0.2624,0.42969
Angelique,S28,62,PO4,0.3553,0.41406
Angelique,S28,63,O2,-0.9513,0.82031
Angelique,S28,64,PO9,0.5365,0.49219
Angelique,S28,65,I1,0.8829,0.38281
Angelique,S28,66,I2,0.7707,0.39844
Angelique,S28,67,PO10,0.2067,0.46094
Angelique,S29,0,Fp1,-0.0881,0.50781
Angelique,S29,1,AF7,-0.2699,0.55469
Angelique,S29,2,AF3,-0.7526,0.66406
Angelique,S29,3,F1,0.6307,0.36719
Angelique,S29,4,F3,1.171,0.13281
Angelique,S29,5,F5,0.1104,0.47656
Angelique,S29,6,F7,0.3731,0.27344
Angelique,S29,7,FT7,0.903,0.24219
Angelique,S29,8,FC5,0.7475,0.24219
Angelique,S29,9,FC3,1.4293,0.05469
Angelique,S29,10,FC1,0.8403,0.30469
Angelique,S29,11,C1,1.6355,0.03906
Angelique,S29,12,C3,0.7912,0.24219
Angelique,S29,13,C5,-0.0568,0.52344
Angelique,S29,14,T7,-1.5324,0.96094
Angelique,S29,15,TP7,-1.9246,0.97656
Angelique,S29,16,CP5,0.0144,0.49219
Angelique,S29,17,CP3,0.3849,0.38281
Angelique,S29,18,CP1,1.2851,0.11719
Angelique,S29,19,P1,-0.8275,0.69531
Angelique,S29,20,P3,-1.4489,0.91406
Angelique,S29,21,P5,-1.9037,0.97656
Angelique,S29,22,P7,-0.9791,0.82031
Angelique,S29,23,P9,0.3307,0.27344
Angelique,S29,24,PO7,-0.1966,0.55469
Angelique,S29,25,PO3,-1.3364,0.91406
Angelique,S29,26,O1,0.2431,0.39844
Angelique,S29,27,Iz,0.5885,0.28906
Angelique,S29,28,Oz,0.7443,0.24219
Angelique,S29,29,POz,-0.677,0.74219
Angelique,S29,30,Pz,-0.4719,0.72656
Angelique,S29,31,CPz,0.3097,0.39844
Angelique,S29,32,Fpz,-0.4971,0.67969
Angelique,S29,33,Fp2,-0.979,0.80469
Angelique,S29,34,AF8,-1.2635,0.78906
Angelique,S29,35,AF4,-1.2576,0.82031
Angelique,S29,36,AFz,-1.3643,0.89844
Angelique,S29,37,Fz,0.7301,0.46094
Angelique,S29,38,F2,0.9986,0.22656
Angelique,S29,39,F4,-0.0369,0.53906
Angelique,S29,40,F6,-1.1944,0.77344
Angelique,S29,41,F8,-1.8985,0.99219
Angelique,S29,42,FT8,-0.6025,0.66406
Angelique,S29,43,FC6,-1.103,0.82031
Angelique,S29,44,FC4,0.5227,0.30469
Angelique,S29,45,FC2,0.835,0.27344
Angelique,S29,46,FCz,1.0428,0.19531
Angelique,S29,47,Cz,1.4221,0.08594
Angelique,S29,48,C2,1.2473,0.10156
Angelique,S29,49,C4,0.6017,0.30469
Angelique,S29,50,C6,-0.3163,0.67969
Angelique,S29,51,T8,0.1016,0.42969
Angelique,S29,52,TP8,-0.0775,0.57031
Angelique,S29,53,CP6,0.8797,0.17969
Angelique,S29,54,CP4,-0.3192,0.57031
Angelique,S29,55,CP2,0.3886,0.38281
Angelique,S29,56,P2,0.1808,0.46094
Angelique,S29,57,P4,0.5539,0.36719
Angelique,S29,58,P6,0.6341,0.28906
Angelique,S29,59,P8,0.3718,0.32031
Angelique,S29,60,P10,1.3765,0.07031
Angelique,S29,61,PO8,-0.0493,0.53906
Angelique,S29,62,PO4,0.5515,0.35156
Angelique,S29,63,O2,0.7649,0.24219
Angelique,S29,64,PO9,0.5639,0.25781
Angelique,S29,65,I1,0.4013,0.35156
Angelique,S29,66,I2,-0.4264,0.61719
Angelique,S29,67,PO10,0.9916,0.19531
Angelique,S31,0,Fp1,1.9247,0.02344
Angelique,S31,1,AF7,1.52,0.07031
Angelique,S31,2,AF3,2.0104,0.00781
Angelique,S31,3,F1,1.8307,0.03906
Angelique,S31,4,F3,1.574,0.07031
Angelique,S31,5,F5,2.2669,0.00781
Angelique,S31,6,F7,2.2324,0.00781
Angelique,S31,7,FT7,0.7447,0.24219
Angelique,S31,8,FC5,1.6026,0.05469
Angelique,S31,9,FC3,1.7589,0.03906
Angelique,S31,10,FC1,1.4084,0.08594
Angelique,S31,11,C1,-0.4245,0.67969
Angelique,S31,12,C3,0.7109,0.24219
Angelique,S31,13,C5,0.4216,0.35156
Angelique,S31,14,T7,0.6534,0.27344
Angelique,S31,15,TP7,1.249,0.10156
Angelique,S31,16,CP5,-0.6575,0.71094
Angelique,S31,17,CP3,0.2126,0.42969
Angelique,S31,18,CP1,-0.7889,0.75781
Angelique,S31,19,P1,-1.5612,0.94531
Angelique,S31,20,P3,-0.3649,0.57031
Angelique,S31,21,P5,1.4473,0.08594
Angelique,S31,22,P7,1.0594,0.16406
Angelique,S31,23,P9,-0.656,0.71094
Angelique,S31,24,PO7,0.9049,0.24219
Angelique,S31,25,PO3,-0.215,0.60156
Angelique,S31,26,O1,1.4621,0.08594
Angelique,S31,27,Iz,0.8882,0.21094
Angelique,S31,28,Oz,1.7592,0.03906
Angelique,S31,29,POz,0.7501,0.27344
Angelique,S31,30,Pz,-0.2089,0.53906
Angelique,S31,31,CPz,-0.7433,0.75781
Angelique,S31,32,Fpz,2.2467,0.00781
Angelique,S31,33,Fp2,1.5955,0.05469
Angelique,S31,34,AF8,2.1694,0.00781
Angelique,S31,35,AF4,1.9314,0.02344
Angelique,S31,36,AFz,1.7643,0.03906
Angelique,S31,37,Fz,1.5207,0.07031
Angelique,S31,38,F2,1.7248,0.03906
Angelique,S31,39,F4,1.0138,0.19531
Angelique,S31,40,F6,1.4064,0.10156
Angelique,S31,41,F8,1.8835,0.03906
Angelique,S31,42,FT8,-1.3861,0.91406
Angelique,S31,43,FC6,1.9611,0.00781
Angelique,S31,44,FC4,0.544,0.30469
Angelique,S31,45,FC2,0.9079,0.22656
Angelique,S31,46,FCz,0.9777,0.19531
Angelique,S31,47,Cz,-0.0955,0.55469
Angelique,S31,48,C2,0.0348,0.49219
Angelique,S31,49,C4,-0.112,0.53906
Angelique,S31,50,C6,0.2825,0.39844
Angelique,S31,51,T8,0.0213,0.47656
Angelique,S31,52,TP8,0.2042,0.41406
Angelique,S31,53,CP6,0.649,0.24219
Angelique,S31,54,CP4,-1.3714,0.96094
Angelique,S31,55,CP2,0.2983,0.36719
Angelique,S31,56,P2,1.2941,0.10156
Angelique,S31,57,P4,0.6951,0.27344
Angelique,S31,58,P6,0.5455,0.30469
Angelique,S31,59,P8,0.5448,0.35156
Angelique,S31,60,P10,-0.2458,0.61719
Angelique,S31,61,PO8,0.8373,0.25781
Angelique,S31,62,PO4,1.8777,0.02344
Angelique,S31,63,O2,1.7466,0.02344
Angelique,S31,64,PO9,1.5916,0.03906
Angelique,S31,65,I1,1.1261,0.14844
Angelique,S31,66,I2,1.0348,0.21094
Angelique,S31,67,PO10,0.2042,0.44531
Angelique,S32,0,Fp1,-0.5896,0.69531
Angelique,S32,1,AF7,-0.4485,0.64844
Angelique,S32,2,AF3,-1.1846,0.88281
Angelique,S32,3,F1,-1.286,0.88281
Angelique,S32,4,F3,1.2034,0.14844
Angelique,S32,5,F5,-1.2477,0.89844
Angelique,S32,6,F7,0.5259,0.28906
Angelique,S32,7,FT7,0.2673,0.39844
Angelique,S32,8,FC5,-0.4615,0.66406
Angelique,S32,9,FC3,1.0864,0.14844
Angelique,S32,10,FC1,1.9906,0.02344
Angelique,S32,11,C1,0.0965,0.46094
Angelique,S32,12,C3,1.5049,0.07031
Angelique,S32,13,C5,0.0968,0.44531
Angelique,S32,14,T7,-0.5862,0.71094
Angelique,S32,15,TP7,-0.9269,0.80469
Angelique,S32,16,CP5,-0.7666,0.71094
Angelique,S32,17,CP3,0.9496,0.19531
Angelique,S32,18,CP1,0.8139,0.24219
Angelique,S32,19,P1,1.5117,0.08594
Angelique,S32,20,P3,1.1188,0.14844
Angelique,S32,21,P5,-0.0718,0.53906
Angelique,S32,22,P7,-0.7884,0.71094
Angelique,S32,23,P9,0.3504,0.36719
Angelique,S32,24,PO7,1.874,0.02344
Angelique,S32,25,PO3,1.0358,0.16406
Angelique,S32,26,O1,1.2512,0.11719
Angelique,S32,27,Iz,-0.439,0.66406
Angelique,S32,28,Oz,0.1641,0.44531
Angelique,S32,29,POz,-0.8631,0.77344
Angelique,S32,30,Pz,-0.0554,0.52344
Angelique,S32,31,CPz,-0.4837,0.67969
Angelique,S32,32,Fpz,-0.0732,0.55469
Angelique,S32,33,Fp2,-1.8545,0.97656
Angelique,S32,34,AF8,-1.5563,0.96094
Angelique,S32,35,AF4,-1.5429,0.96094
Angelique,S32,36,AFz,-0.901,0.78906
Angelique,S32,37,Fz,-0.9898,0.80469
Angelique,S32,38,F2,-0.5384,0.69531
Angelique,S32,39,F4,-1.0987,0.85156
Angelique,S32,40,F6,-1.1069,0.85156
Angelique,S32,41,F8,-1.1563,0.85156
Angelique,S32,42,FT8,-2.0546,0.99219
Angelique,S32,43,FC6,-0.8039,0.77344
Angelique,S32,44,FC4,-0.402,0.57031
Angelique,S32,45,FC2,-0.1591,0.60156
Angelique,S32,46,FCz,-0.0441,0.52344
Angelique,S32,47,Cz,0.3715,0.38281
Angelique,S32,48,C2,-1.3843,0.91406
Angelique,S32,49,C4,-0.3465,0.61719
Angelique,S32,50,C6,0.7574,0.27344
Angelique,S32,51,T8,0.7369,0.22656
Angelique,S32,52,TP8,1.2017,0.16406
Angelique,S32,53,CP6,0.8429,0.19531
Angelique,S32,54,CP4,0.8356,0.22656
Angelique,S32,55,CP2,-0.4202,0.66406
Angelique,S32,56,P2,0.257,0.41406
Angelique,S32,57,P4,-0.6721,0.74219
Angelique,S32,58,P6,-0.3415,0.61719
Angelique,S32,59,P8,-1.0259,0.75781
Angelique,S32,60,P10,-1.3065,0.89844
Angelique,S32,61,PO8,-0.8035,0.71094
Angelique,S32,62,PO4,-0.9209,0.80469
Angelique,S32,63,O2,-0.6572,0.71094
Angelique,S32,64,PO9,0.5078,0.30469
Angelique,S32,65,I1,-0.2495,0.60156
Angelique,S32,66,I2,-0.6928,0.64844
Angelique,S32,67,PO10,-1.4153,0.91406
Angelique,S33,0,Fp1,1.1635,0.17969
Angelique,S33,1,AF7,0.9402,0.21094
Angelique,S33,2,AF3,-0.307,0.60156
Angelique,S33,3,F1,0.9447,0.28906
Angelique,S33,4,F3,-0.6524,0.74219
Angelique,S33,5,F5,1.6429,0.08594
Angelique,S33,6,F7,1.6598,0.02344
Angelique,S33,7,FT7,1.6853,0.00781
Angelique,S33,8,FC5,1.3843,0.11719
Angelique,S33,9,FC3,1.6739,0.03906
Angelique,S33,10,FC1,0.7044,0.22656
Angelique,S33,11,C1,1.1442,0.14844
Angelique,S33,12,C3,1.0188,0.13281
Angelique,S33,13,C5,0.9372,0.25781
Angelique,S33,14,T7,0.9334,0.16406
Angelique,S33,15,TP7,1.3392,0.07031
Angelique,S33,16,CP5,1.1876,0.14844
Angelique,S33,17,CP3,0.8876,0.24219
Angelique,S33,18,CP1,0.9253,0.17969
Angelique,S33,19,P1,0.9334,0.19531
Angelique,S33,20,P3,1.1261,0.14844
Angelique,S33,21,P5,0.7512,0.16406
Angelique,S33,22,P7,0.3246,0.39844
Angelique,S33,23,P9,1.3588,0.11719
Angelique,S33,24,PO7,0.1581,0.49219
Angelique,S33,25,PO3,0.8906,0.16406
Angelique,S33,26,O1,1.6573,0.08594
Angelique,S33,27,Iz,-0.3595,0.61719
Angelique,S33,28,Oz,0.5981,0.30469
Angelique,S33,29,POz,0.9668,0.19531
Angelique,S33,30,Pz,-0.3757,0.52344
Angelique,S33,31,CPz,0.9803,0.14844
Angelique,S33,32,Fpz,1.1333,0.16406
Angelique,S33,33,Fp2,0.953,0.30469
Angelique,S33,34,AF8,1.515,0.00781
Angelique,S33,35,AF4,0.9205,0.19531
Angelique,S33,36,AFz,0.8349,0.27344
Angelique,S33,37,Fz,-0.5344,0.69531
Angelique,S33,38,F2,0.6078,0.28906
Angelique,S33,39,F4,1.4432,0.10156
Angelique,S33,40,F6,1.1729,0.17969
Angelique,S33,41,F8,1.1147,0.19531
Angelique,S33,42,FT8,0.2058,0.32031
Angelique,S33,43,FC6,1.0207,0.22656
Angelique,S33,44,FC4,1.3345,0.14844
Angelique,S33,45,FC2,1.1693,0.13281
Angelique,S33,46,FCz,0.5631,0.35156
Angelique,S33,47,Cz,1.4707,0.08594
Angelique,S33,48,C2,1.2075,0.13281
Angelique,S33,49,C4,1.0465,0.17969
Angelique,S33,50,C6,-1.2427,0.86719
Angelique,S33,51,T8,1.2338,0.14844
Angelique,S33,52,TP8,1.2328,0.13281
Angelique,S33,53,CP6,0.1993,0.27344
Angelique,S33,54,CP4,1.2371,0.16406
Angelique,S33,55,CP2,0.8699,0.21094
Angelique,S33,56,P2,1.1386,0.17969
Angelique,S33,57,P4,0.7905,0.28906
Angelique,S33,58,P6,0.8069,0.33594
Angelique,S33,59,P8,1.4495,0.11719
Angelique,S33,60,P10,0.9306,0.22656
Angelique,S33,61,PO8,1.3553,0.11719
Angelique,S33,62,PO4,1.4437,0.03906
Angelique,S33,63,O2,0.3716,0.35156
Angelique,S33,64,PO9,0.5297,0.32031
Angelique,S33,65,I1,-0.2355,0.57031
Angelique,S33,66,I2,1.2219,0.13281
Angelique,S33,67,PO10,1.835,0.02344
Angelique,S34,0,Fp1,-0.6324,0.77344
Angelique,S34,1,AF7,-0.0833,0.53906
Angelique,S34,2,AF3,-0.7802,0.75781
Angelique,S34,3,F1,0.2796,0.38281
Angelique,S34,4,F3,-0.2385,0.55469
Angelique,S34,5,F5,-0.2506,0.60156
Angelique,S34,6,F7,-0.7222,0.75781
Angelique,S34,7,FT7,-1.5577,0.94531
Angelique,S34,8,FC5,-0.4207,0.64844
Angelique,S34,9,FC3,-0.5424,0.67969
Angelique,S34,10,FC1,-0.063,0.55469
Angelique,S34,11,C1,-0.3348,0.58594
Angelique,S34,12,C3,0.3057,0.38281
Angelique,S34,13,C5,0.6066,0.28906
Angelique,S34,14,T7,0.5363,0.32031
Angelique,S34,15,TP7,-1.2366,0.88281
Angelique,S34,16,CP5,-1.3131,0.85156
Angelique,S34,17,CP3,-0.2378,0.58594
Angelique,S34,18,CP1,-1.0279,0.83594
Angelique,S34,19,P1,-1.0083,0.83594
Angelique,S34,20,P3,-0.6334,0.74219
Angelique,S34,21,P5,-2.0459,0.99219
Angelique,S34,22,P7,-1.174,0.86719
Angelique,S34,23,P9,-1.7401,0.99219
Angelique,S34,24,PO7,-0.9796,0.82031
Angelique,S34,25,PO3,-1.0587,0.86719
Angelique,S34,26,O1,-0.9031,0.78906
Angelique,S34,27,Iz,-0.5141,0.66406
Angelique,S34,28,Oz,-1.3571,0.88281
Angelique,S34,29,POz,-1.119,0.86719
Angelique,S34,30,Pz,-1.3196,0.88281
Angelique,S34,31,CPz,-1.1592,0.85156
Angelique,S34,32,Fpz,-0.8173,0.78906
Angelique,S34,33,Fp2,-0.7034,0.74219
Angelique,S34,34,AF8,0.3383,0.38281
Angelique,S34,35,AF4,-0.8906,0.77344
Angelique,S34,36,AFz,-0.7906,0.77344
Angelique,S34,37,Fz,-0.3548,0.63281
Angelique,S34,38,F2,-0.6311,0.71094
Angelique,S34,39,F4,-0.5796,0.71094
Angelique,S34,40,F6,-0.0719,0.53906
Angelique,S34,41,F8,0.0613,0.47656
Angelique,S34,42,FT8,0.2232,0.41406
Angelique,S34,43,FC6,-0.1544,0.58594
Angelique,S34,44,FC4,-1.1423,0.86719
Angelique,S34,45,FC2,-0.3302,0.69531
Angelique,S34,46,FCz,-0.4419,0.66406
Angelique,S34,47,Cz,-0.7003,0.71094
Angelique,S34,48,C2,-0.4498,0.57031
Angelique,S34,49,C4,-1.9368,0.97656
Angelique,S34,50,C6,-1.6015,0.91406
Angelique,S34,51,T8,-0.5599,0.72656
Angelique,S34,52,TP8,-0.741,0.74219
Angelique,S34,53,CP6,-0.69,0.69531
Angelique,S34,54,CP4,-1.395,0.91406
Angelique,S34,55,CP2,-1.6444,0.94531
Angelique,S34,56,P2,-1.4388,0.92969
Angelique,S34,57,P4,-1.3641,0.91406
Angelique,S34,58,P6,-1.0523,0.85156
Angelique,S34,59,P8,1.0038,0.14844
Angelique,S34,60,P10,0.2529,0.36719
Angelique,S34,61,PO8,1.1746,0.10156
Angelique,S34,62,PO4,-0.5109,0.67969
Angelique,S34,63,O2,-1.0881,0.85156
Angelique,S34,64,PO9,-1.0607,0.78906
Angelique,S34,65,I1,-0.9908,0.83594
Angelique,S34,66,I2,-0.6553,0.66406
Angelique,S34,67,PO10,0.6577,0.25781
Angelique,S35,0,Fp1,-1.8076,0.96094
Angelique,S35,1,AF7,-2.0744,0.97656
Angelique,S35,2,AF3,-1.721,0.96094
Angelique,S35,3,F1,-1.2823,0.88281
Angelique,S35,4,F3,-1.8748,0.97656
Angelique,S35,5,F5,-2.1196,0.99219
Angelique,S35,6,F7,-1.8691,0.99219
Angelique,S35,7,FT7,0.6477,0.47656
Angelique,S35,8,FC5,0.011,0.49219
Angelique,S35,9,FC3,-0.3868,0.64844
Angelique,S35,10,FC1,-0.9292,0.78906
Angelique,S35,11,C1,-1.1948,0.86719
Angelique,S35,12,C3,-0.924,0.80469
Angelique,S35,13,C5,-1.1296,0.86719
Angelique,S35,14,T7,-1.0933,0.83594
Angelique,S35,15,TP7,-0.5222,0.67969
Angelique,S35,16,CP5,-1.0017,0.78906
Angelique,S35,17,CP3,-0.4831,0.66406
Angelique,S35,18,CP1,-0.734,0.77344
Angelique,S35,19,P1,-1.6402,0.94531
Angelique,S35,20,P3,-0.7756,0.75781
Angelique,S35,21,P5,-1.865,0.97656
Angelique,S35,22,P7,-0.1749,0.55469
Angelique,S35,23,P9,-0.294,0.60156
Angelique,S35,24,PO7,-1.4293,0.89844
Angelique,S35,25,PO3,-1.3678,0.91406
Angelique,S35,26,O1,-1.1273,0.83594
Angelique,S35,27,Iz,-1.8774,0.97656
Angelique,S35,28,Oz,-1.7681,0.97656
Angelique,S35,29,POz,-1.8663,0.99219
Angelique,S35,30,Pz,-1.3754,0.89844
Angelique,S35,31,CPz,-1.2437,0.86719
Angelique,S35,32,Fpz,-1.7778,0.96094
Angelique,S35,33,Fp2,-1.5253,0.91406
Angelique,S35,34,AF8,-1.1666,0.86719
Angelique,S35,35,AF4,-1.7347,0.94531
Angelique,S35,36,AFz,-0.8511,0.78906
Angelique,S35,37,Fz,-1.1153,0.85156
Angelique,S35,38,F2,-2.1019,0.99219
Angelique,S35,39,F4,-1.6874,0.96094
Angelique,S35,40,F6,-1.7056,0.94531
Angelique,S35,41,F8,-0.6759,0.72656
Angelique,S35,42,FT8,-0.4838,0.69531
Angelique,S35,43,FC6,-0.6568,0.69531
Angelique,S35,44,FC4,0.5918,0.30469
Angelique,S35,45,FC2,-1.3675,0.91406
Angelique,S35,46,FCz,-1.0788,0.85156
Angelique,S35,47,Cz,-1.5742,0.94531
Angelique,S35,48,C2,-1.4386,0.92969
Angelique,S35,49,C4,1.3021,0.11719
Angelique,S35,50,C6,1.7263,0.03906
Angelique,S35,51,T8,0.5269,0.44531
Angelique,S35,52,TP8,-1.1658,0.89844
Angelique,S35,53,CP6,1.0556,0.14844
Angelique,S35,54,CP4,1.702,0.05469
Angelique,S35,55,CP2,-0.39,0.64844
Angelique,S35,56,P2,-1.705,0.94531
Angelique,S35,57,P4,-1.5009,0.91406
Angelique,S35,58,P6,0.3968,0.36719
Angelique,S35,59,P8,-0.8784,0.77344
Angelique,S35,60,P10,-0.7578,0.77344
Angelique,S35,61,PO8,-1.1372,0.85156
Angelique,S35,62,PO4,-0.7249,0.66406
Angelique,S35,63,O2,-0.9643,0.82031
Angelique,S35,64,PO9,-1.1469,0.83594
Angelique,S35,65,I1,-1.3562,0.89844
Angelique,S35,66,I2,-0.6813,0.74219
Angelique,S35,67,PO10,-0.6324,0.72656
Angelique,S37,0,Fp1,0.4639,0.33594
Angelique,S37,1,AF7,-0.2182,0.55469
Angelique,S37,2,AF3,-0.1512,0.53906
Angelique,S37,3,F1,-0.5026,0.67969
Angelique,S37,4,F3,-0.5121,0.69531
Angelique,S37,5,F5,-0.7806,0.71094
Angelique,S37,6,F7,-0.274,0.60156
Angelique,S37,7,FT7,-0.917,0.78906
Angelique,S37,8,FC5,-1.4728,0.92969
Angelique,S37,9,FC3,-1.0367,0.83594
Angelique,S37,10,FC1,-0.413,0.61719
Angelique,S37,11,C1,0.1809,0.44531
Angelique,S37,12,C3,-0.4009,0.63281
Angelique,S37,13,C5,-1.293,0.91406
Angelique,S37,14,T7,-0.6472,0.67969
Angelique,S37,15,TP7,-0.7846,0.75781
Angelique,S37,16,CP5,-0.2508,0.57031
Angelique,S37,17,CP3,-0.3763,0.63281
Angelique,S37,18,CP1,0.063,0.49219
Angelique,S37,19,P1,-0.7314,0.77344
Angelique,S37,20,P3,-0.0415,0.50781
Angelique,S37,21,P5,0.4227,0.33594
Angelique,S37,22,P7,0.811,0.21094
Angelique,S37,23,P9,-0.3082,0.60156
Angelique,S37,24,PO7,0.9072,0.21094
Angelique,S37,25,PO3,-0.2543,0.60156
Angelique,S37,26,O1,-0.2628,0.61719
Angelique,S37,27,Iz,0.185,0.44531
Angelique,S37,28,Oz,-0.3883,0.64844
Angelique,S37,29,POz,-0.6939,0.72656
Angelique,S37,30,Pz,-1.1652,0.88281
Angelique,S37,31,CPz,0.2968,0.42969
Angelique,S37,32,Fpz,0.263,0.39844
Angelique,S37,33,Fp2,0.6542,0.27344
Angelique,S37,34,AF8,0.3434,0.39844
Angelique,S37,35,AF4,0.1303,0.47656
Angelique,S37,36,AFz,0.0197,0.49219
Angelique,S37,37,Fz,-0.2874,0.64844
Angelique,S37,38,F2,-0.2525,0.61719
Angelique,S37,39,F4,-0.1037,0.52344
Angelique,S37,40,F6,0.2729,0.41406
Angelique,S37,41,F8,0.227,0.42969
Angelique,S37,42,FT8,-0.2749,0.60156
Angelique,S37,43,FC6,0.2791,0.41406
Angelique,S37,44,FC4,-0.1668,0.57031
Angelique,S37,45,FC2,-0.1243,0.53906
Angelique,S37,46,FCz,-0.2301,0.60156
Angelique,S37,47,Cz,0.4448,0.35156
Angelique,S37,48,C2,0.2235,0.42969
Angelique,S37,49,C4,0.3021,0.42969
Angelique,S37,50,C6,0.0593,0.47656
Angelique,S37,51,T8,-0.7599,0.75781
Angelique,S37,52,TP8,-1.4854,0.91406
Angelique,S37,53,CP6,-0.4775,0.66406
Angelique,S37,54,CP4,0.7856,0.25781
Angelique,S37,55,CP2,1.4097,0.07031
Angelique,S37,56,P2,-0.5446,0.67969
Angelique,S37,57,P4,-0.3784,0.61719
Angelique,S37,58,P6,-0.9385,0.83594
Angelique,S37,59,P8,-0.925,0.75781
Angelique,S37,60,P10,-1.2337,0.85156
Angelique,S37,61,PO8,-0.3058,0.58594
Angelique,S37,62,PO4,-0.3775,0.64844
Angelique,S37,63,O2,-0.31,0.63281
Angelique,S37,64,PO9,0.6993,0.19531
Angelique,S37,65,I1,-0.02,0.50781
Angelique,S37,66,I2,0.2671,0.39844
Angelique,S37,67,PO10,-0.192,0.57031
Angelique,S38,0,Fp1,0.2206,0.42969
Angelique,S38,1,AF7,-1.243,0.85156
Angelique,S38,2,AF3,0.5306,0.32031
Angelique,S38,3,F1,1.7594,0.05469
Angelique,S38,4,F3,0.845,0.24219
Angelique,S38,5,F5,0.6976,0.28906
Angelique,S38,6,F7,0.8585,0.19531
Angelique,S38,7,FT7,1.0695,0.14844
Angelique,S38,8,FC5,-0.1877,0.58594
Angelique,S38,9,FC3,1.1314,0.13281
Angelique,S38,10,FC1,1.2519,0.11719
Angelique,S38,11,C1,0.0388,0.47656
Angelique,S38,12,C3,0.204,0.41406
Angelique,S38,13,C5,1.0629,0.17969
Angelique,S38,14,T7,1.5162,0.05469
Angelique,S38,15,TP7,1.995,0.00781
Angelique,S38,16,CP5,1.4287,0.08594
Angelique,S38,17,CP3,0.3085,0.46094
Angelique,S38,18,CP1,0.4506,0.36719
Angelique,S38,19,P1,-0.332,0.61719
Angelique,S38,20,P3,-0.3535,0.60156
Angelique,S38,21,P5,1.3265,0.10156
Angelique,S38,22,P7,1.7165,0.05469
Angelique,S38,23,P9,1.2578,0.08594
Angelique,S38,24,PO7,-0.1745,0.58594
Angelique,S38,25,PO3,-1.219,0.85156
Angelique,S38,26,O1,-0.2755,0.60156
Angelique,S38,27,Iz,0.9092,0.19531
Angelique,S38,28,Oz,0.276,0.41406
Angelique,S38,29,POz,-1.3349,0.89844
Angelique,S38,30,Pz,1.3605,0.11719
Angelique,S38,31,CPz,0.3714,0.36719
Angelique,S38,32,Fpz,0.9582,0.17969
Angelique,S38,33,Fp2,-0.2312,0.64844
Angelique,S38,34,AF8,-2.2512,0.99219
Angelique,S38,35,AF4,-1.2643,0.85156
Angelique,S38,36,AFz,0.4938,0.33594
Angelique,S38,37,Fz,0.7799,0.25781
Angelique,S38,38,F2,-0.0979,0.53906
Angelique,S38,39,F4,-0.8224,0.75781
Angelique,S38,40,F6,-0.8183,0.77344
Angelique,S38,41,F8,-1.6572,0.94531
Angelique,S38,42,FT8,-1.3929,0.89844
Angelique,S38,43,FC6,-0.4242,0.63281
Angelique,S38,44,FC4,0.182,0.42969
Angelique,S38,45,FC2,0.018,0.47656
Angelique,S38,46,FCz,1.0039,0.17969
Angelique,S38,47,Cz,0.639,0.32031
Angelique,S38,48,C2,-0.1376,0.58594
Angelique,S38,49,C4,-0.471,0.66406
Angelique,S38,50,C6,0.3097,0.39844
Angelique,S38,51,T8,-0.8611,0.75781
Angelique,S38,52,TP8,-0.9937,0.82031
Angelique,S38,53,CP6,-0.892,0.77344
Angelique,S38,54,CP4,0.7844,0.22656
Angelique,S38,55,CP2,0.3131,0.38281
Angelique,S38,56,P2,-1.7992,0.96094
Angelique,S38,57,P4,0.0475,0.47656
Angelique,S38,58,P6,0.2357,0.42969
Angelique,S38,59,P8,-0.0193,0.50781
Angelique,S38,60,P10,-0.2372,0.60156
Angelique,S38,61,PO8,0.4445,0.28906
Angelique,S38,62,PO4,-0.397,0.58594
Angelique,S38,63,O2,0.807,0.22656
Angelique,S38,64,PO9,1.0138,0.16406
Angelique,S38,65,I1,1.229,0.11719
Angelique,S38,66,I2,1.2448,0.11719
Angelique,S38,67,PO10,-0.0679,0.55469
Talia,S01,0,Fp1,0.0221,0.46875
Talia,S01,1,AF7,-0.3741,0.65625
Talia,S01,2,AF3,-0.5249,0.71875
Talia,S01,3,F1,-0.1118,0.53125
Talia,S01,4,F3,0.6076,0.28125
Talia,S01,5,F5,0.0509,0.46875
Talia,S01,6,F7,0.938,0.15625
Talia,S01,7,FT7,0.0856,0.46875
Talia,S01,8,FC5,0.7327,0.21875
Talia,S01,9,FC3,0.4681,0.28125
Talia,S01,10,FC1,-0.1606,0.53125
Talia,S01,11,C1,0.264,0.46875
Talia,S01,12,C3,0.1736,0.46875
Talia,S01,13,C5,1.0809,0.21875
Talia,S01,14,T7,-0.1431,0.53125
Talia,S01,15,TP7,-1.4069,0.90625
Talia,S01,16,CP5,-1.631,0.96875
Talia,S01,17,CP3,-0.6468,0.71875
Talia,S01,18,CP1,-0.1867,0.53125
Talia,S01,19,P1,-0.7256,0.71875
Talia,S01,20,P3,-1.056,0.84375
Talia,S01,21,P5,-0.9417,0.84375
Talia,S01,22,P7,0.3127,0.34375
Talia,S01,23,P9,-0.5849,0.71875
Talia,S01,24,PO7,-0.5484,0.71875
Talia,S01,25,PO3,-1.1108,0.84375
Talia,S01,26,O1,-0.1415,0.53125
Talia,S01,27,Iz,-0.1926,0.65625
Talia,S01,28,Oz,0.1025,0.46875
Talia,S01,29,POz,-0.6823,0.65625
Talia,S01,30,Pz,-0.6957,0.71875
Talia,S01,31,CPz,-0.7032,0.78125
Talia,S01,32,Fpz,-0.325,0.53125
Talia,S01,33,Fp2,-0.5718,0.65625
Talia,S01,34,AF8,-0.6615,0.78125
Talia,S01,35,AF4,-0.6998,0.78125
Talia,S01,36,AFz,-0.4505,0.71875
Talia,S01,37,Fz,-0.564,0.71875
Talia,S01,38,F2,-0.7676,0.78125
Talia,S01,39,F4,-0.4464,0.59375
Talia,S01,40,F6,-0.256,0.53125
Talia,S01,41,F8,-0.6058,0.71875
Talia,S01,42,FT8,-1.2646,0.90625
Talia,S01,43,FC6,-1.0102,0.78125
Talia,S01,44,FC4,-0.971,0.78125
Talia,S01,45,FC2,-1.2473,0.90625
Talia,S01,46,FCz,-0.568,0.71875
Talia,S01,47,Cz,0.3879,0.34375
Talia,S01,48,C2,-0.4211,0.53125
Talia,S01,49,C4,-1.1201,0.84375
Talia,S01,50,C6,-0.8153,0.71875
Talia,S01,51,T8,-0.7884,0.78125
Talia,S01,52,TP8,-0.358,0.59375
Talia,S01,53,CP6,-1.322,0.90625
Talia,S01,54,CP4,-0.2602,0.59375
Talia,S01,55,CP2,-1.3669,0.90625
Talia,S01,56,P2,-0.5318,0.59375
Talia,S01,57,P4,-1.0459,0.84375
Talia,S01,58,P6,-0.6793,0.65625
Talia,S01,59,P8,-0.6703,0.71875
Talia,S01,60,P10,-0.3929,0.65625
Talia,S01,61,PO8,-0.2879,0.53125
Talia,S01,62,PO4,-0.0342,0.53125
Talia,S01,63,O2,0.3629,0.34375
Talia,S01,64,PO9,-0.2762,0.59375
Talia,S01,65,I1,0.2281,0.46875
Talia,S01,66,I2,0.7423,0.28125
Talia,S01,67,PO10,-0.7676,0.65625
Talia,S02,0,Fp1,-1.4891,0.90625
Talia,S02,1,AF7,0.5195,0.28125
Talia,S02,2,AF3,-1.1792,0.84375
Talia,S02,3,F1,-0.5778,0.71875
Talia,S02,4,F3,-0.7716,0.78125
Talia,S02,5,F5,0.8487,0.40625
Talia,S02,6,F7,1.244,0.15625
Talia,S02,7,FT7,1.61,0.03125
Talia,S02,8,FC5,0.3379,0.28125
Talia,S02,9,FC3,0.8846,0.21875
Talia,S02,10,FC1,-0.7862,0.78125
Talia,S02,11,C1,-0.4763,0.59375
Talia,S02,12,C3,0.4762,0.34375
Talia,S02,13,C5,0.2839,0.34375
Talia,S02,14,T7,0.8618,0.21875
Talia,S02,15,TP7,-0.1374,0.53125
Talia,S02,16,CP5,0.3386,0.34375
Talia,S02,17,CP3,-0.8977,0.71875
Talia,S02,18,CP1,0.1462,0.46875
Talia,S02,19,P1,0.6824,0.28125
Talia,S02,20,P3,1.0656,0.15625
Talia,S02,21,P5,-0.126,0.59375
Talia,S02,22,P7,-1.4982,0.90625
Talia,S02,23,P9,-0.3121,0.65625
Talia,S02,24,PO7,-0.6584,0.65625
Talia,S02,25,PO3,-0.0907,0.53125
Talia,S02,26,O1,0.2996,0.40625
Talia,S02,27,Iz,0.2357,0.46875
Talia,S02,28,Oz,0.1984,0.28125
Talia,S02,29,POz,0.5326,0.34375
Talia,S02,30,Pz,0.8759,0.21875
Talia,S02,31,CPz,0.1357,0.46875
Talia,S02,32,Fpz,-1.7502,0.96875
Talia,S02,33,Fp2,-0.1672,0.53125
Talia,S02,34,AF8,-1.5975,0.96875
Talia,S02,35,AF4,-0.8684,0.84375
Talia,S02,36,AFz,-1.242,0.90625
Talia,S02,37,Fz,-0.7897,0.78125
Talia,S02,38,F2,-1.1086,0.84375
Talia,S02,39,F4,-1.455,0.96875
Talia,S02,40,F6,-1.6645,0.96875
Talia,S02,41,F8,0.4735,0.34375
Talia,S02,42,FT8,1.2051,0.15625
Talia,S02,43,FC6,1.3448,0.03125
Talia,S02,44,FC4,0.4057,0.34375
Talia,S02,45,FC2,-0.7287,0.78125
Talia,S02,46,FCz,-0.1895,0.53125
Talia,S02,47,Cz,0.0652,0.46875
Talia,S02,48,C2,0.8949,0.21875
Talia,S02,49,C4,-0.0044,0.53125
Talia,S02,50,C6,-1.0173,0.84375
Talia,S02,51,T8,1.0988,0.03125
Talia,S02,52,TP8,0.1958,0.40625
Talia,S02,53,CP6,-0.0291,0.53125
Talia,S02,54,CP4,0.675,0.28125
Talia,S02,55,CP2,-0.3933,0.59375
Talia,S02,56,P2,1.1399,0.15625
Talia,S02,57,P4,1.2089,0.09375
Talia,S02,58,P6,-0.0843,0.53125
Talia,S02,59,P8,-1.8889,0.96875
Talia,S02,60,P10,-1.5293,0.90625
Talia,S02,61,PO8,-1.0737,0.84375
Talia,S02,62,PO4,-1.1495,0.84375
Talia,S02,63,O2,0.1296,0.46875
Talia,S02,64,PO9,-0.5111,0.65625
Talia,S02,65,I1,0.0536,0.46875
Talia,S02,66,I2,-1.111,0.84375
Talia,S02,67,PO10,-1.5313,0.90625
Talia,S03,0,Fp1,-1.5468,0.96875
Talia,S03,1,AF7,-1.5052,0.90625
Talia,S03,2,AF3,-0.3022,0.53125
Talia,S03,3,F1,1.4514,0.09375
Talia,S03,4,F3,0.5271,0.34375
Talia,S03,5,F5,0.0905,0.46875
Talia,S03,6,F7,1.0781,0.15625
Talia,S03,7,FT7,0.6899,0.28125
Talia,S03,8,FC5,0.9085,0.21875
Talia,S03,9,FC3,1.6064,0.03125
Talia,S03,10,FC1,1.2908,0.15625
Talia,S03,11,C1,-1.1356,0.78125
Talia,S03,12,C3,-1.4816,0.96875
Talia,S03,13,C5,-0.2052,0.53125
Talia,S03,14,T7,1.0795,0.15625
Talia,S03,15,TP7,1.0832,0.15625
Talia,S03,16,CP5,-1.591,0.96875
Talia,S03,17,CP3,-0.7774,0.65625
Talia,S03,18,CP1,-0.7485,0.84375
Talia,S03,19,P1,-0.2157,0.53125
Talia,S03,20,P3,-1.2726,0.78125
Talia,S03,21,P5,-0.0601,0.53125
Talia,S03,22,P7,0.0136,0.46875
Talia,S03,23,P9,-0.168,0.59375
Talia,S03,24,PO7,1.4841,0.03125
Talia,S03,25,PO3,1.6089,0.03125
Talia,S03,26,O1,1.4097,0.09375
Talia,S03,27,Iz,-0.0673,0.59375
Talia,S03,28,Oz,1.3764,0.03125
Talia,S03,29,POz,0.3026,0.46875
Talia,S03,30,Pz,-1.9086,0.96875
Talia,S03,31,CPz,0.6888,0.34375
Talia,S03,32,Fpz,-1.5854,0.90625
Talia,S03,33,Fp2,-1.7448,0.96875
Talia,S03,34,AF8,-0.9029,0.84375
Talia,S03,35,AF4,-1.2739,0.90625
Talia,S03,36,AFz,-0.6135,0.71875
Talia,S03,37,Fz,0.4853,0.34375
Talia,S03,38,F2,0.9599,0.21875
Talia,S03,39,F4,0.2368,0.34375
Talia,S03,40,F6,1.566,0.03125
Talia,S03,41,F8,-0.1475,0.59375
Talia,S03,42,FT8,1.8092,0.03125
Talia,S03,43,FC6,1.7776,0.03125
Talia,S03,44,FC4,0.9668,0.15625
Talia,S03,45,FC2,0.9841,0.21875
Talia,S03,46,FCz,0.6242,0.28125
Talia,S03,47,Cz,-0.03,0.53125
Talia,S03,48,C2,0.0387,0.46875
Talia,S03,49,C4,0.4451,0.46875
Talia,S03,50,C6,1.8245,0.03125
Talia,S03,51,T8,0.952,0.21875
Talia,S03,52,TP8,-1.0006,0.84375
Talia,S03,53,CP6,0.046,0.46875
Talia,S03,54,CP4,-0.5728,0.71875
Talia,S03,55,CP2,-1.0312,0.78125
Talia,S03,56,P2,-1.4578,0.96875
Talia,S03,57,P4,-1.8892,0.96875
Talia,S03,58,P6,1.491,0.09375
Talia,S03,59,P8,1.8356,0.03125
Talia,S03,60,P10,1.4018,0.09375
Talia,S03,61,PO8,1.4663,0.03125
Talia,S03,62,PO4,-0.4659,0.65625
Talia,S03,63,O2,1.4018,0.03125
Talia,S03,64,PO9,0.599,0.28125
Talia,S03,65,I1,0.6775,0.21875
Talia,S03,66,I2,-0.2277,0.59375
Talia,S03,67,PO10,0.7729,0.21875
Talia,S04,0,Fp1,-1.2087,0.84375
Talia,S04,1,AF7,-0.8429,0.71875
Talia,S04,2,AF3,0.3341,0.34375
Talia,S04,3,F1,-1.6503,0.96875
Talia,S04,4,F3,0.7359,0.21875
Talia,S04,5,F5,0.0841,0.46875
Talia,S04,6,F7,0.2712,0.40625
Talia,S04,7,FT7,0.501,0.28125
Talia,S04,8,FC5,-0.3071,0.59375
Talia,S04,9,FC3,-0.7575,0.71875
Talia,S04,10,FC1,-0.9209,0.78125
Talia,S04,11,C1,-0.642,0.84375
Talia,S04,12,C3,-0.3921,0.65625
Talia,S04,13,C5,0.0538,0.46875
Talia,S04,14,T7,0.1211,0.46875
Talia,S04,15,TP7,-0.269,0.53125
Talia,S04,16,CP5,0.278,0.40625
Talia,S04,17,CP3,0.3125,0.40625
Talia,S04,18,CP1,-0.0214,0.53125
Talia,S04,19,P1,-1.0212,0.84375
Talia,S04,20,P3,0.5246,0.28125
Talia,S04,21,P5,-0.5644,0.71875
Talia,S04,22,P7,-0.8335,0.78125
Talia,S04,23,P9,-0.9614,0.84375
Talia,S04,24,PO7,-0.662,0.71875
Talia,S04,25,PO3,-0.3202,0.65625
Talia,S04,26,O1,-0.6222,0.53125
Talia,S04,27,Iz,-0.1166,0.59375
Talia,S04,28,Oz,-0.7678,0.59375
Talia,S04,29,POz,-0.6379,0.59375
Talia,S04,30,Pz,-0.4909,0.65625
Talia,S04,31,CPz,-1.9019,0.96875
Talia,S04,32,Fpz,-1.0398,0.84375
Talia,S04,33,Fp2,-1.375,0.90625
Talia,S04,34,AF8,-0.5761,0.65625
Talia,S04,35,AF4,-1.1781,0.84375
Talia,S04,36,AFz,-1.7874,0.96875
Talia,S04,37,Fz,-1.3606,0.96875
Talia,S04,38,F2,-1.4434,0.90625
Talia,S04,39,F4,-0.8336,0.71875
Talia,S04,40,F6,-0.1809,0.59375
Talia,S04,41,F8,-0.1929,0.59375
Talia,S04,42,FT8,0.3704,0.40625
Talia,S04,43,FC6,0.39,0.34375
Talia,S04,44,FC4,0.1842,0.40625
Talia,S04,45,FC2,-1.5357,0.90625
Talia,S04,46,FCz,0.0979,0.46875
Talia,S04,47,Cz,-1.5229,0.90625
Talia,S04,48,C2,-1.0726,0.78125
Talia,S04,49,C4,-0.5472,0.59375
Talia,S04,50,C6,0.3004,0.34375
Talia,S04,51,T8,-1.116,0.84375
Talia,S04,52,TP8,-0.0959,0.53125
Talia,S04,53,CP6,-1.6941,0.96875
Talia,S04,54,CP4,-0.545,0.65625
Talia,S04,55,CP2,-1.1643,0.84375
Talia,S04,56,P2,-0.496,0.59375
Talia,S04,57,P4,-0.8919,0.78125
Talia,S04,58,P6,-0.1175,0.59375
Talia,S04,59,P8,-0.5398,0.65625
Talia,S04,60,P10,-0.1667,0.59375
Talia,S04,61,PO8,-0.6948,0.71875
Talia,S04,62,PO4,-0.3013,0.65625
Talia,S04,63,O2,-0.3732,0.59375
Talia,S04,64,PO9,-0.4333,0.65625
Talia,S04,65,I1,-0.7457,0.71875
Talia,S04,66,I2,-0.9273,0.84375
Talia,S04,67,PO10,-0.6963,0.71875
Talia,S05,0,Fp1,1.2716,0.15625
Talia,S05,1,AF7,-0.4579,0.53125
Talia,S05,2,AF3,-0.4983,0.71875
Talia,S05,3,F1,0.6064,0.28125
Talia,S05,4,F3,1.3265,0.21875
Talia,S05,5,F5,-1.7079,0.96875
Talia,S05,6,F7,-1.1666,0.84375
Talia,S05,7,FT7,-0.8969,0.78125
Talia,S05,8,FC5,1.0147,0.21875
Talia,S05,9,FC3,0.195,0.46875
Talia,S05,10,FC1,1.1963,0.15625
Talia,S05,11,C1,-0.8078,0.71875
Talia,S05,12,C3,-0.8761,0.78125
Talia,S05,13,C5,-0.102,0.53125
Talia,S05,14,T7,-1.0482,0.84375
Talia,S05,15,TP7,-0.1838,0.59375
Talia,S05,16,CP5,-0.7224,0.71875
Talia,S05,17,CP3,-1.1173,0.78125
Talia,S05,18,CP1,-1.4264,0.90625
Talia,S05,19,P1,-0.7113,0.71875
Talia,S05,20,P3,-0.4378,0.53125
Talia,S05,21,P5,0.0834,0.46875
Talia,S05,22,P7,-0.1865,0.59375
Talia,S05,23,P9,-0.9922,0.84375
Talia,S05,24,PO7,0.5705,0.34375
Talia,S05,25,PO3,-0.3061,0.71875
Talia,S05,26,O1,0.5997,0.28125
Talia,S05,27,Iz,-0.9017,0.78125
Talia,S05,28,Oz,-0.4678,0.65625
Talia,S05,29,POz,-0.5789,0.65625
Talia,S05,30,Pz,-0.146,0.65625
Talia,S05,31,CPz,-0.5806,0.53125
Talia,S05,32,Fpz,-0.7364,0.78125
Talia,S05,33,Fp2,0.0562,0.46875
Talia,S05,34,AF8,0.9534,0.21875
Talia,S05,35,AF4,0.1363,0.46875
Talia,S05,36,AFz,0.5767,0.21875
Talia,S05,37,Fz,0.6242,0.28125
Talia,S05,38,F2,0.3841,0.34375
Talia,S05,39,F4,-0.1806,0.59375
Talia,S05,40,F6,0.3079,0.40625
Talia,S05,41,F8,-0.3997,0.65625
Talia,S05,42,FT8,-1.3268,0.90625
Talia,S05,43,FC6,-0.6751,0.65625
Talia,S05,44,FC4,0.8233,0.21875
Talia,S05,45,FC2,0.0522,0.46875
Talia,S05,46,FCz,0.5872,0.34375
Talia,S05,47,Cz,0.3901,0.40625
Talia,S05,48,C2,-1.3481,0.90625
Talia,S05,49,C4,-1.0019,0.78125
Talia,S05,50,C6,-1.4569,0.90625
Talia,S05,51,T8,-1.2458,0.84375
Talia,S05,52,TP8,-1.1266,0.90625
Talia,S05,53,CP6,-1.3324,0.90625
Talia,S05,54,CP4,-1.0819,0.84375
Talia,S05,55,CP2,-0.4828,0.59375
Talia,S05,56,P2,-0.5684,0.71875
Talia,S05,57,P4,-1.5463,0.96875
Talia,S05,58,P6,-0.487,0.59375
Talia,S05,59,P8,-0.4445,0.65625
Talia,S05,60,P10,-0.0209,0.53125
Talia,S05,61,PO8,-0.5222,0.65625
Talia,S05,62,PO4,-0.5835,0.65625
Talia,S05,63,O2,-0.4195,0.65625
Talia,S05,64,PO9,1.0653,0.21875
Talia,S05,65,I1,-0.5711,0.53125
Talia,S05,66,I2,-0.1353,0.53125
Talia,S05,67,PO10,0.5028,0.34375
Talia,S06,0,Fp1,-1.5816,0.96875
Talia,S06,1,AF7,0.5247,0.34375
Talia,S06,2,AF3,0.6797,0.28125
Talia,S06,3,F1,-0.18,0.59375
Talia,S06,4,F3,-0.3115,0.59375
Talia,S06,5,F5,-0.9793,0.84375
Talia,S06,6,F7,0.0283,0.46875
Talia,S06,7,FT7,-0.8926,0.78125
Talia,S06,8,FC5,-1.2901,0.96875
Talia,S06,9,FC3,-0.8584,0.71875
Talia,S06,10,FC1,-0.5909,0.65625
Talia,S06,11,C1,-0.5951,0.65625
Talia,S06,12,C3,-0.9702,0.78125
Talia,S06,13,C5,-1.4375,0.90625
Talia,S06,14,T7,0.3927,0.34375
Talia,S06,15,TP7,-0.8446,0.71875
Talia,S06,16,CP5,0.4032,0.34375
Talia,S06,17,CP3,-1.2212,0.84375
Talia,S06,18,CP1,-0.647,0.71875
Talia,S06,19,P1,0.5481,0.28125
Talia,S06,20,P3,-0.5812,0.59375
Talia,S06,21,P5,-1.501,0.90625
Talia,S06,22,P7,0.3605,0.28125
Talia,S06,23,P9,-0.4494,0.65625
Talia,S06,24,PO7,0.0678,0.46875
Talia,S06,25,PO3,0.4591,0.40625
Talia,S06,26,O1,0.4896,0.34375
Talia,S06,27,Iz,-1.7098,0.96875
Talia,S06,28,Oz,-1.2495,0.90625
Talia,S06,29,POz,0.8515,0.21875
Talia,S06,30,Pz,-0.7089,0.71875
Talia,S06,31,CPz,-0.1215,0.53125
Talia,S06,32,Fpz,0.5377,0.28125
Talia,S06,33,Fp2,0.4135,0.34375
Talia,S06,34,AF8,-0.387,0.59375
Talia,S06,35,AF4,0.0016,0.46875
Talia,S06,36,AFz,0.5159,0.28125
Talia,S06,37,Fz,0.1973,0.46875
Talia,S06,38,F2,-0.3335,0.59375
Talia,S06,39,F4,0.0697,0.34375
Talia,S06,40,F6,-0.4956,0.59375
Talia,S06,41,F8,0.6457,0.40625
Talia,S06,42,FT8,1.2057,0.09375
Talia,S06,43,FC6,1.0587,0.15625
Talia,S06,44,FC4,-0.3015,0.71875
Talia,S06,45,FC2,-0.8177,0.71875
Talia,S06,46,FCz,-0.3752,0.59375
Talia,S06,47,Cz,-1.0765,0.84375
Talia,S06,48,C2,-0.2309,0.65625
Talia,S06,49,C4,-0.248,0.59375
Talia,S06,50,C6,1.0247,0.21875
Talia,S06,51,T8,1.789,0.03125
Talia,S06,52,TP8,0.359,0.40625
Talia,S06,53,CP6,1.2427,0.09375
Talia,S06,54,CP4,0.0723,0.46875
Talia,S06,55,CP2,0.3235,0.40625
Talia,S06,56,P2,1.707,0.03125
Talia,S06,57,P4,-0.8069,0.78125
Talia,S06,58,P6,-0.9732,0.78125
Talia,S06,59,P8,-0.552,0.65625
Talia,S06,60,P10,-0.0862,0.53125
Talia,S06,61,PO8,-0.9154,0.65625
Talia,S06,62,PO4,-0.7904,0.71875
Talia,S06,63,O2,-0.9732,0.78125
Talia,S06,64,PO9,0.13,0.46875
Talia,S06,65,I1,-0.6688,0.84375
Talia,S06,66,I2,-1.0905,0.78125
Talia,S06,67,PO10,-0.5065,0.59375
Talia,S07,0,Fp1,-0.1853,0.59375
Talia,S07,1,AF7,1.2203,0.15625
Talia,S07,2,AF3,-0.008,0.53125
Talia,S07,3,F1,-1.0634,0.84375
Talia,S07,4,F3,0.552,0.34375
Talia,S07,5,F5,1.3055,0.09375
Talia,S07,6,F7,1.4994,0.09375
Talia,S07,7,FT7,0.2318,0.40625
Talia,S07,8,FC5,0.6238,0.34375
Talia,S07,9,FC3,0.0208,0.46875
Talia,S07,10,FC1,-0.4292,0.71875
Talia,S07,11,C1,1.6177,0.09375
Talia,S07,12,C3,1.4191,0.09375
Talia,S07,13,C5,0.3471,0.34375
Talia,S07,14,T7,-0.7645,0.84375
Talia,S07,15,TP7,-0.632,0.71875
Talia,S07,16,CP5,0.1674,0.40625
Talia,S07,17,CP3,1.7604,0.03125
Talia,S07,18,CP1,1.7842,0.03125
Talia,S07,19,P1,0.94,0.21875
Talia,S07,20,P3,0.6467,0.28125
Talia,S07,21,P5,-0.0709,0.53125
Talia,S07,22,P7,-1.629,0.96875
Talia,S07,23,P9,-1.3469,0.84375
Talia,S07,24,PO7,-1.4947,0.96875
Talia,S07,25,PO3,-1.2328,0.84375
Talia,S07,26,O1,-1.3851,0.90625
Talia,S07,27,Iz,1.2723,0.21875
Talia,S07,28,Oz,-1.0601,0.78125
Talia,S07,29,POz,-0.0274,0.53125
Talia,S07,30,Pz,0.7488,0.28125
Talia,S07,31,CPz,1.1667,0.15625
Talia,S07,32,Fpz,-1.2628,0.90625
Talia,S07,33,Fp2,-0.3185,0.65625
Talia,S07,34,AF8,0.5762,0.34375
Talia,S07,35,AF4,-1.6035,0.96875
Talia,S07,36,AFz,0.293,0.34375
Talia,S07,37,Fz,-1.2226,0.84375
Talia,S07,38,F2,-1.5934,0.96875
Talia,S07,39,F4,-1.4044,0.96875
Talia,S07,40,F6,-1.4628,0.90625
Talia,S07,41,F8,-0.9767,0.78125
Talia,S07,42,FT8,-1.1637,0.84375
Talia,S07,43,FC6,-1.3426,0.90625
Talia,S07,44,FC4,-1.714,0.96875
Talia,S07,45,FC2,-1.5899,0.96875
Talia,S07,46,FCz,-1.3495,0.90625
Talia,S07,47,Cz,-1.3272,0.78125
Talia,S07,48,C2,-1.6812,0.96875
Talia,S07,49,C4,-1.7588,0.96875
Talia,S07,50,C6,-1.7249,0.96875
Talia,S07,51,T8,-1.21,0.90625
Talia,S07,52,TP8,0.2325,0.40625
Talia,S07,53,CP6,0.081,0.40625
Talia,S07,54,CP4,-1.7163,0.96875
Talia,S07,55,CP2,-1.3492,0.90625
Talia,S07,56,P2,-1.2513,0.90625
Talia,S07,57,P4,-0.4353,0.65625
Talia,S07,58,P6,-0.6247,0.59375
Talia,S07,59,P8,0.7473,0.28125
Talia,S07,60,P10,-0.0276,0.53125
Talia,S07,61,PO8,-1.0821,0.84375
Talia,S07,62,PO4,-0.6255,0.71875
Talia,S07,63,O2,-1.513,0.96875
Talia,S07,64,PO9,-0.9256,0.84375
Talia,S07,65,I1,-1.6248,0.90625
Talia,S07,66,I2,0.2822,0.40625
Talia,S07,67,PO10,-0.2969,0.65625
Talia,S08,0,Fp1,-0.5289,0.65625
Talia,S08,1,AF7,-1.4139,0.90625
Talia,S08,2,AF3,-0.8763,0.78125
Talia,S08,3,F1,-0.1848,0.59375
Talia,S08,4,F3,-0.4889,0.53125
Talia,S08,5,F5,-1.3279,0.96875
Talia,S08,6,F7,-1.6268,0.90625
Talia,S08,7,FT7,-0.005,0.53125
Talia,S08,8,FC5,-0.7888,0.71875
Talia,S08,9,FC3,-1.1793,0.90625
Talia,S08,10,FC1,1.6053,0.03125
Talia,S08,11,C1,1.2343,0.09375
Talia,S08,12,C3,-1.1332,0.96875
Talia,S08,13,C5,-0.9135,0.84375
Talia,S08,14,T7,-0.0026,0.53125
Talia,S08,15,TP7,-0.3328,0.59375
Talia,S08,16,CP5,0.814,0.21875
Talia,S08,17,CP3,0.6094,0.28125
Talia,S08,18,CP1,0.778,0.28125
Talia,S08,19,P1,1.1155,0.15625
Talia,S08,20,P3,0.3937,0.40625
Talia,S08,21,P5,-0.5308,0.65625
Talia,S08,22,P7,-1.5984,0.96875
Talia,S08,23,P9,-1.2876,0.84375
Talia,S08,24,PO7,-0.0672,0.53125
Talia,S08,25,PO3,1.6534,0.03125
Talia,S08,26,O1,1.6255,0.03125
Talia,S08,27,Iz,1.6146,0.03125
Talia,S08,28,Oz,1.3085,0.09375
Talia,S08,29,POz,1.5219,0.09375
Talia,S08,30,Pz,-0.1782,0.53125
Talia,S08,31,CPz,1.4635,0.09375
Talia,S08,32,Fpz,-0.399,0.65625
Talia,S08,33,Fp2,-0.3409,0.53125
Talia,S08,34,AF8,0.0952,0.46875
Talia,S08,35,AF4,-0.2475,0.53125
Talia,S08,36,AFz,-0.5344,0.65625
Talia,S08,37,Fz,0.0121,0.46875
Talia,S08,38,F2,0.8052,0.28125
Talia,S08,39,F4,-0.5008,0.65625
Talia,S08,40,F6,0.0875,0.46875
Talia,S08,41,F8,-0.5967,0.71875
Talia,S08,42,FT8,-0.8002,0.71875
Talia,S08,43,FC6,-1.3541,0.90625
Talia,S08,44,FC4,-0.714,0.65625
Talia,S08,45,FC2,0.3847,0.40625
Talia,S08,46,FCz,-0.4146,0.65625
Talia,S08,47,Cz,1.1359,0.09375
Talia,S08,48,C2,0.4064,0.34375
Talia,S08,49,C4,-1.1366,0.84375
Talia,S08,50,C6,0.4009,0.28125
Talia,S08,51,T8,0.3066,0.28125
Talia,S08,52,TP8,-0.8141,0.78125
Talia,S08,53,CP6,-1.5653,0.90625
Talia,S08,54,CP4,-1.3348,0.90625
Talia,S08,55,CP2,0.8886,0.21875
Talia,S08,56,P2,-1.6288,0.96875
Talia,S08,57,P4,-1.5882,0.96875
Talia,S08,58,P6,-1.6158,0.96875
Talia,S08,59,P8,-1.7647,0.96875
Talia,S08,60,P10,-1.5885,0.90625
Talia,S08,61,PO8,-1.6615,0.96875
Talia,S08,62,PO4,-1.5877,0.96875
Talia,S08,63,O2,-1.6259,0.96875
Talia,S08,64,PO9,-1.3976,0.90625
Talia,S08,65,I1,1.7117,0.03125
Talia,S08,66,I2,-0.3721,0.65625
Talia,S08,67,PO10,-1.6561,0.90625
Talia,S09,0,Fp1,1.1759,0.15625
Talia,S09,1,AF7,-1.5793,0.96875
Talia,S09,2,AF3,0.046,0.46875
Talia,S09,3,F1,-0.4844,0.71875
Talia,S09,4,F3,-0.9506,0.84375
Talia,S09,5,F5,-1.7928,0.96875
Talia,S09,6,F7,-1.8427,0.96875
Talia,S09,7,FT7,-1.1419,0.84375
Talia,S09,8,FC5,-1.2547,0.90625
Talia,S09,9,FC3,-0.9017,0.78125
Talia,S09,10,FC1,-0.2226,0.59375
Talia,S09,11,C1,0.7139,0.28125
Talia,S09,12,C3,-1.1557,0.84375
Talia,S09,13,C5,-0.7921,0.59375
Talia,S09,14,T7,1.3735,0.09375
Talia,S09,15,TP7,-0.1023,0.53125
Talia,S09,16,CP5,-1.6604,0.96875
Talia,S09,17,CP3,-0.485,0.65625
Talia,S09,18,CP1,1.1838,0.09375
Talia,S09,19,P1,0.8515,0.21875
Talia,S09,20,P3,-0.6628,0.65625
Talia,S09,21,P5,-0.1451,0.53125
Talia,S09,22,P7,-0.105,0.53125
Talia,S09,23,P9,1.0986,0.15625
Talia,S09,24,PO7,-0.5584,0.59375
Talia,S09,25,PO3,-0.1112,0.53125
Talia,S09,26,O1,-1.0282,0.78125
Talia,S09,27,Iz,-0.1093,0.59375
Talia,S09,28,Oz,-0.0321,0.53125
Talia,S09,29,POz,0.3342,0.46875
Talia,S09,30,Pz,1.7018,0.03125
Talia,S09,31,CPz,1.8098,0.03125
Talia,S09,32,Fpz,0.3038,0.34375
Talia,S09,33,Fp2,0.6684,0.28125
Talia,S09,34,AF8,0.976,0.15625
Talia,S09,35,AF4,-0.347,0.65625
Talia,S09,36,AFz,-0.853,0.78125
Talia,S09,37,Fz,-1.2443,0.84375
Talia,S09,38,F2,-0.4513,0.65625
Talia,S09,39,F4,-0.9114,0.78125
Talia,S09,40,F6,-0.618,0.71875
Talia,S09,41,F8,-0.5921,0.71875
Talia,S09,42,FT8,0.2663,0.34375
Talia,S09,43,FC6,-0.6235,0.59375
Talia,S09,44,FC4,-0.8324,0.71875
Talia,S09,45,FC2,-1.3454,0.96875
Talia,S09,46,FCz,-0.5528,0.65625
Talia,S09,47,Cz,1.4145,0.09375
Talia,S09,48,C2,-0.0904,0.53125
Talia,S09,49,C4,-1.4653,0.90625
Talia,S09,50,C6,-0.4843,0.71875
Talia,S09,51,T8,0.2028,0.40625
Talia,S09,52,TP8,1.5017,0.03125
Talia,S09,53,CP6,-0.4164,0.65625
Talia,S09,54,CP4,0.7052,0.21875
Talia,S09,55,CP2,1.2302,0.03125
Talia,S09,56,P2,1.0075,0.15625
Talia,S09,57,P4,0.9941,0.15625
Talia,S09,58,P6,0.5818,0.28125
Talia,S09,59,P8,-0.9371,0.78125
Talia,S09,60,P10,1.8348,0.03125
Talia,S09,61,PO8,-0.1918,0.53125
Talia,S09,62,PO4,0.3844,0.28125
Talia,S09,63,O2,-0.2085,0.53125
Talia,S09,64,PO9,0.402,0.34375
Talia,S09,65,I1,-1.229,0.90625
Talia,S09,66,I2,-0.6344,0.78125
Talia,S09,67,PO10,1.5406,0.09375
Talia,S10,0,Fp1,-0.8315,0.78125
Talia,S10,1,AF7,-1.4922,0.90625
Talia,S10,2,AF3,-0.0695,0.59375
Talia,S10,3,F1,-0.6882,0.78125
Talia,S10,4,F3,0.5113,0.28125
Talia,S10,5,F5,-0.8245,0.84375
Talia,S10,6,F7,0.925,0.28125
Talia,S10,7,FT7,-0.0027,0.53125
Talia,S10,8,FC5,0.3365,0.40625
Talia,S10,9,FC3,1.3403,0.03125
Talia,S10,10,FC1,1.3693,0.09375
Talia,S10,11,C1,1.4083,0.09375
Talia,S10,12,C3,0.9868,0.15625
Talia,S10,13,C5,0.4926,0.28125
Talia,S10,14,T7,-0.8555,0.71875
Talia,S10,15,TP7,-0.2616,0.59375
Talia,S10,16,CP5,-1.423,0.90625
Talia,S10,17,CP3,-0.9393,0.71875
Talia,S10,18,CP1,-0.9768,0.78125
Talia,S10,19,P1,-0.9415,0.78125
Talia,S10,20,P3,-1.3807,0.90625
Talia,S10,21,P5,-0.2505,0.59375
Talia,S10,22,P7,-0.4884,0.71875
Talia,S10,23,P9,-1.6345,0.96875
Talia,S10,24,PO7,0.5221,0.28125
Talia,S10,25,PO3,-0.4024,0.65625
Talia,S10,26,O1,0.5407,0.40625
Talia,S10,27,Iz,0.9013,0.21875
Talia,S10,28,Oz,0.7197,0.34375
Talia,S10,29,POz,0.572,0.34375
Talia,S10,30,Pz,-1.2494,0.90625
Talia,S10,31,CPz,-0.0357,0.53125
Talia,S10,32,Fpz,-1.8284,0.96875
Talia,S10,33,Fp2,-1.7746,0.96875
Talia,S10,34,AF8,-1.7827,0.96875
Talia,S10,35,AF4,0.1457,0.46875
Talia,S10,36,AFz,-0.8609,0.78125
Talia,S10,37,Fz,0.2679,0.28125
Talia,S10,38,F2,1.8484,0.03125
Talia,S10,39,F4,0.6465,0.28125
Talia,S10,40,F6,0.4579,0.40625
Talia,S10,41,F8,-0.5082,0.71875
Talia,S10,42,FT8,-0.792,0.65625
Talia,S10,43,FC6,-0.1371,0.53125
Talia,S10,44,FC4,0.8204,0.28125
Talia,S10,45,FC2,1.6473,0.03125
Talia,S10,46,FCz,-1.1363,0.90625
Talia,S10,47,Cz,1.1718,0.15625
Talia,S10,48,C2,0.734,0.21875
Talia,S10,49,C4,0.7056,0.46875
Talia,S10,50,C6,-0.0026,0.53125
Talia,S10,51,T8,-0.7789,0.65625
Talia,S10,52,TP8,-1.0196,0.84375
Talia,S10,53,CP6,-1.5515,0.96875
Talia,S10,54,CP4,-1.8372,0.96875
Talia,S10,55,CP2,-1.3965,0.90625
Talia,S10,56,P2,-0.7751,0.65625
Talia,S10,57,P4,0.5652,0.34375
Talia,S10,58,P6,1.8764,0.03125
Talia,S10,59,P8,1.5761,0.09375
Talia,S10,60,P10,-1.5519,0.90625
Talia,S10,61,PO8,1.6644,0.03125
Talia,S10,62,PO4,-0.1385,0.53125
Talia,S10,63,O2,1.5821,0.09375
Talia,S10,64,PO9,0.3896,0.40625
Talia,S10,65,I1,0.523,0.34375
Talia,S10,66,I2,0.9082,0.21875
Talia,S10,67,PO10,1.323,0.09375
Talia,S11,0,Fp1,0.9469,0.21875
Talia,S11,1,AF7,-0.7965,0.65625
Talia,S11,2,AF3,-0.9262,0.78125
Talia,S11,3,F1,0.7161,0.28125
Talia,S11,4,F3,-0.7887,0.71875
Talia,S11,5,F5,0.3804,0.34375
Talia,S11,6,F7,-1.5379,0.90625
Talia,S11,7,FT7,-0.4344,0.53125
Talia,S11,8,FC5,0.8636,0.21875
Talia,S11,9,FC3,-1.3361,0.84375
Talia,S11,10,FC1,0.0521,0.40625
Talia,S11,11,C1,0.0503,0.46875
Talia,S11,12,C3,0.085,0.40625
Talia,S11,13,C5,1.3353,0.09375
Talia,S11,14,T7,0.8341,0.21875
Talia,S11,15,TP7,1.0382,0.21875
Talia,S11,16,CP5,0.6102,0.28125
Talia,S11,17,CP3,-0.2459,0.53125
Talia,S11,18,CP1,-0.8344,0.71875
Talia,S11,19,P1,-0.1655,0.59375
Talia,S11,20,P3,1.2742,0.03125
Talia,S11,21,P5,0.6642,0.28125
Talia,S11,22,P7,0.2084,0.40625
Talia,S11,23,P9,0.3676,0.34375
Talia,S11,24,PO7,-0.5301,0.71875
Talia,S11,25,PO3,0.4776,0.46875
Talia,S11,26,O1,1.2698,0.15625
Talia,S11,27,Iz,1.3891,0.09375
Talia,S11,28,Oz,0.2854,0.40625
Talia,S11,29,POz,-0.9216,0.71875
Talia,S11,30,Pz,0.7957,0.21875
Talia,S11,31,CPz,-0.8535,0.71875
Talia,S11,32,Fpz,1.461,0.09375
Talia,S11,33,Fp2,1.311,0.03125
Talia,S11,34,AF8,1.5233,0.09375
Talia,S11,35,AF4,0.9576,0.21875
Talia,S11,36,AFz,-0.3038,0.65625
Talia,S11,37,Fz,0.6466,0.28125
Talia,S11,38,F2,-0.3723,0.71875
Talia,S11,39,F4,0.6428,0.28125
Talia,S11,40,F6,-1.2136,0.78125
Talia,S11,41,F8,-1.0992,0.84375
Talia,S11,42,FT8,0.6648,0.46875
Talia,S11,43,FC6,0.1629,0.40625
Talia,S11,44,FC4,-0.1225,0.65625
Talia,S11,45,FC2,1.1085,0.15625
Talia,S11,46,FCz,-1.7104,0.96875
Talia,S11,47,Cz,-1.0913,0.78125
Talia,S11,48,C2,-0.1995,0.65625
Talia,S11,49,C4,-1.1215,0.84375
Talia,S11,50,C6,1.2227,0.09375
Talia,S11,51,T8,-1.4316,0.90625
Talia,S11,52,TP8,-0.4072,0.65625
Talia,S11,53,CP6,1.4306,0.09375
Talia,S11,54,CP4,0.7874,0.28125
Talia,S11,55,CP2,-0.4528,0.59375
Talia,S11,56,P2,0.5678,0.28125
Talia,S11,57,P4,0.4296,0.40625
Talia,S11,58,P6,1.1155,0.15625
Talia,S11,59,P8,1.2649,0.09375
Talia,S11,60,P10,-0.6179,0.53125
Talia,S11,61,PO8,0.484,0.34375
Talia,S11,62,PO4,1.2287,0.09375
Talia,S11,63,O2,0.7876,0.28125
Talia,S11,64,PO9,0.2167,0.34375
Talia,S11,65,I1,1.3656,0.09375
Talia,S11,66,I2,0.9506,0.21875
Talia,S11,67,PO10,0.5206,0.28125
Talia,S12,0,Fp1,-1.1335,0.90625
Talia,S12,1,AF7,-1.2168,0.78125
Talia,S12,2,AF3,-1.0345,0.84375
Talia,S12,3,F1,-1.2456,0.84375
Talia,S12,4,F3,0.2281,0.34375
Talia,S12,5,F5,-1.4154,0.90625
Talia,S12,6,F7,-0.9795,0.78125
Talia,S12,7,FT7,-0.5479,0.71875
Talia,S12,8,FC5,-1.2761,0.90625
Talia,S12,9,FC3,-1.2206,0.90625
Talia,S12,10,FC1,-1.0603,0.84375
Talia,S12,11,C1,-0.8657,0.71875
Talia,S12,12,C3,-1.2211,0.90625
Talia,S12,13,C5,-1.5992,0.96875
Talia,S12,14,T7,0.1867,0.40625
Talia,S12,15,TP7,-0.6966,0.59375
Talia,S12,16,CP5,-1.3126,0.96875
Talia,S12,17,CP3,-1.2824,0.90625
Talia,S12,18,CP1,-0.969,0.84375
Talia,S12,19,P1,-1.0845,0.78125
Talia,S12,20,P3,-1.1134,0.84375
Talia,S12,21,P5,-0.7819,0.65625
Talia,S12,22,P7,0.455,0.46875
Talia,S12,23,P9,0.3144,0.34375
Talia,S12,24,PO7,-0.4381,0.65625
Talia,S12,25,PO3,-0.6981,0.71875
Talia,S12,26,O1,-0.8247,0.71875
Talia,S12,27,Iz,-1.275,0.90625
Talia,S12,28,Oz,-0.7605,0.71875
Talia,S12,29,POz,-0.5379,0.65625
Talia,S12,30,Pz,-0.7191,0.65625
Talia,S12,31,CPz,-0.2298,0.53125
Talia,S12,32,Fpz,-1.2654,0.90625
Talia,S12,33,Fp2,-1.2959,0.90625
Talia,S12,34,AF8,-1.1826,0.84375
Talia,S12,35,AF4,-1.1222,0.96875
Talia,S12,36,AFz,-1.1855,0.84375
Talia,S12,37,Fz,-0.9245,0.78125
Talia,S12,38,F2,-1.4094,0.90625
Talia,S12,39,F4,-0.0613,0.59375
Talia,S12,40,F6,0.8288,0.21875
Talia,S12,41,F8,-0.6601,0.71875
Talia,S12,42,FT8,-0.6551,0.59375
Talia,S12,43,FC6,-0.6464,0.65625
Talia,S12,44,FC4,0.7949,0.28125
Talia,S12,45,FC2,-0.6797,0.71875
Talia,S12,46,FCz,-0.9686,0.78125
Talia,S12,47,Cz,-0.2084,0.59375
Talia,S12,48,C2,-0.4942,0.59375
Talia,S12,49,C4,-0.7218,0.65625
Talia,S12,50,C6,-1.1155,0.84375
Talia,S12,51,T8,0.0962,0.46875
Talia,S12,52,TP8,-0.934,0.65625
Talia,S12,53,CP6,-1.1484,0.90625
Talia,S12,54,CP4,-1.098,0.90625
Talia,S12,55,CP2,-0.6958,0.53125
Talia,S12,56,P2,-1.045,0.78125
Talia,S12,57,P4,-0.9657,0.78125
Talia,S12,58,P6,-0.7024,0.65625
Talia,S12,59,P8,-0.8953,0.78125
Talia,S12,60,P10,-0.7363,0.59375
Talia,S12,61,PO8,-0.2244,0.59375
Talia,S12,62,PO4,-0.2303,0.59375
Talia,S12,63,O2,-0.171,0.59375
Talia,S12,64,PO9,0.0924,0.40625
Talia,S12,65,I1,-1.0683,0.84375
Talia,S12,66,I2,-1.0172,0.84375
Talia,S12,67,PO10,-1.1193,0.84375
Talia,S13,0,Fp1,-1.2539,0.90625
Talia,S13,1,AF7,-1.561,0.96875
Talia,S13,2,AF3,-1.4497,0.90625
Talia,S13,3,F1,-1.1233,0.90625
Talia,S13,4,F3,-1.1842,0.90625
Talia,S13,5,F5,-0.5889,0.65625
Talia,S13,6,F7,0.1964,0.46875
Talia,S13,7,FT7,-1.073,0.84375
Talia,S13,8,FC5,1.6719,0.03125
Talia,S13,9,FC3,-0.5693,0.65625
Talia,S13,10,FC1,-0.6296,0.78125
Talia,S13,11,C1,0.7067,0.28125
Talia,S13,12,C3,1.0244,0.15625
Talia,S13,13,C5,-0.5406,0.71875
Talia,S13,14,T7,0.5958,0.28125
Talia,S13,15,TP7,-0.3149,0.65625
Talia,S13,16,CP5,-0.5695,0.71875
Talia,S13,17,CP3,1.2245,0.21875
Talia,S13,18,CP1,0.8716,0.34375
Talia,S13,19,P1,0.6311,0.28125
Talia,S13,20,P3,-0.3951,0.59375
Talia,S13,21,P5,-1.1606,0.78125
Talia,S13,22,P7,-1.2361,0.84375
Talia,S13,23,P9,-0.4269,0.65625
Talia,S13,24,PO7,-1.4704,0.96875
Talia,S13,25,PO3,-1.6864,0.96875
Talia,S13,26,O1,-1.3718,0.90625
Talia,S13,27,Iz,-0.4823,0.71875
Talia,S13,28,Oz,-0.8935,0.78125
Talia,S13,29,POz,-0.2078,0.59375
Talia,S13,30,Pz,0.6212,0.46875
Talia,S13,31,CPz,0.88,0.28125
Talia,S13,32,Fpz,-1.0763,0.84375
Talia,S13,33,Fp2,-1.5778,0.96875
Talia,S13,34,AF8,-1.3501,0.90625
Talia,S13,35,AF4,-1.3482,0.90625
Talia,S13,36,AFz,-1.5634,0.90625
Talia,S13,37,Fz,-1.0734,0.84375
Talia,S13,38,F2,-1.0214,0.84375
Talia,S13,39,F4,-0.7148,0.78125
Talia,S13,40,F6,-1.6375,0.96875
Talia,S13,41,F8,-0.915,0.84375
Talia,S13,42,FT8,-0.3771,0.71875
Talia,S13,43,FC6,-1.5644,0.90625
Talia,S13,44,FC4,-1.2154,0.84375
Talia,S13,45,FC2,-0.7065,0.78125
Talia,S13,46,FCz,-1.0208,0.84375
Talia,S13,47,Cz,0.3472,0.28125
Talia,S13,48,C2,-1.4957,0.96875
Talia,S13,49,C4,-0.8925,0.78125
Talia,S13,50,C6,-1.1887,0.90625
Talia,S13,51,T8,1.747,0.03125
Talia,S13,52,TP8,-0.2425,0.59375
Talia,S13,53,CP6,0.9067,0.34375
Talia,S13,54,CP4,-0.6848,0.71875
Talia,S13,55,CP2,-0.3641,0.71875
Talia,S13,56,P2,-0.1207,0.53125
Talia,S13,57,P4,-1.9093,0.96875
Talia,S13,58,P6,-1.7887,0.96875
Talia,S13,59,P8,-1.3195,0.90625
Talia,S13,60,P10,-0.7604,0.71875
Talia,S13,61,PO8,-1.5012,0.96875
Talia,S13,62,PO4,-1.6983,0.96875
Talia,S13,63,O2,-1.5261,0.90625
Talia,S13,64,PO9,-1.1192,0.78125
Talia,S13,65,I1,-1.1736,0.84375
Talia,S13,66,I2,-0.9814,0.84375
Talia,S13,67,PO10,-1.2256,0.90625
Talia,S14,0,Fp1,0.7168,0.21875
Talia,S14,1,AF7,-1.0638,0.84375
Talia,S14,2,AF3,-0.0488,0.53125
Talia,S14,3,F1,-0.6256,0.65625
Talia,S14,4,F3,0.0581,0.46875
Talia,S14,5,F5,-1.3643,0.90625
Talia,S14,6,F7,-1.3831,0.90625
Talia,S14,7,FT7,-0.4085,0.65625
Talia,S14,8,FC5,-0.8417,0.78125
Talia,S14,9,FC3,0.318,0.34375
Talia,S14,10,FC1,0.2522,0.40625
Talia,S14,11,C1,0.9543,0.21875
Talia,S14,12,C3,-0.7602,0.65625
Talia,S14,13,C5,-1.3828,0.90625
Talia,S14,14,T7,-1.4661,0.90625
Talia,S14,15,TP7,1.0882,0.15625
Talia,S14,16,CP5,0.018,0.46875
Talia,S14,17,CP3,1.0542,0.15625
Talia,S14,18,CP1,1.9058,0.03125
Talia,S14,19,P1,0.8519,0.21875
Talia,S14,20,P3,1.2554,0.15625
Talia,S14,21,P5,-0.4335,0.71875
Talia,S14,22,P7,-0.3984,0.71875
Talia,S14,23,P9,0.0769,0.46875
Talia,S14,24,PO7,-0.1602,0.59375
Talia,S14,25,PO3,-0.5274,0.71875
Talia,S14,26,O1,-0.6228,0.65625
Talia,S14,27,Iz,-1.1301,0.78125
Talia,S14,28,Oz,-1.3224,0.96875
Talia,S14,29,POz,-1.1339,0.90625
Talia,S14,30,Pz,-0.7396,0.65625
Talia,S14,31,CPz,-0.1418,0.59375
Talia,S14,32,Fpz,0.4357,0.34375
Talia,S14,33,Fp2,-0.863,0.78125
Talia,S14,34,AF8,1.077,0.15625
Talia,S14,35,AF4,0.4108,0.34375
Talia,S14,36,AFz,-0.0785,0.53125
Talia,S14,37,Fz,0.666,0.21875
Talia,S14,38,F2,-0.8205,0.71875
Talia,S14,39,F4,-0.4406,0.59375
Talia,S14,40,F6,1.2379,0.15625
Talia,S14,41,F8,-0.9712,0.78125
Talia,S14,42,FT8,0.5707,0.46875
Talia,S14,43,FC6,-0.6686,0.71875
Talia,S14,44,FC4,1.3035,0.09375
Talia,S14,45,FC2,1.1043,0.21875
Talia,S14,46,FCz,0.8819,0.15625
Talia,S14,47,Cz,1.0643,0.15625
Talia,S14,48,C2,1.1161,0.21875
Talia,S14,49,C4,0.9565,0.28125
Talia,S14,50,C6,-0.908,0.78125
Talia,S14,51,T8,0.7822,0.28125
Talia,S14,52,TP8,0.2465,0.40625
Talia,S14,53,CP6,0.0435,0.46875
Talia,S14,54,CP4,-0.3445,0.65625
Talia,S14,55,CP2,0.4903,0.34375
Talia,S14,56,P2,-1.2238,0.96875
Talia,S14,57,P4,-1.3556,0.90625
Talia,S14,58,P6,0.3068,0.28125
Talia,S14,59,P8,0.7906,0.28125
Talia,S14,60,P10,-0.2084,0.53125
Talia,S14,61,PO8,0.6127,0.34375
Talia,S14,62,PO4,-0.822,0.78125
Talia,S14,63,O2,0.1971,0.46875
Talia,S14,64,PO9,1.0897,0.15625
Talia,S14,65,I1,-0.4742,0.71875
Talia,S14,66,I2,0.8446,0.15625
Talia,S14,67,PO10,0.3529,0.40625
Talia,S15,0,Fp1,0.0417,0.46875
Talia,S15,1,AF7,-0.8593,0.78125
Talia,S15,2,AF3,-0.537,0.71875
Talia,S15,3,F1,-0.7502,0.78125
Talia,S15,4,F3,-0.6524,0.71875
Talia,S15,5,F5,-0.0233,0.53125
Talia,S15,6,F7,-0.1428,0.59375
Talia,S15,7,FT7,-0.4765,0.65625
Talia,S15,8,FC5,-0.487,0.65625
Talia,S15,9,FC3,-0.9283,0.84375
Talia,S15,10,FC1,-0.2437,0.65625
Talia,S15,11,C1,0.4936,0.46875
Talia,S15,12,C3,-0.2629,0.59375
Talia,S15,13,C5,0.1207,0.46875
Talia,S15,14,T7,-0.4599,0.65625
Talia,S15,15,TP7,1.8082,0.03125
Talia,S15,16,CP5,0.2989,0.34375
Talia,S15,17,CP3,0.3316,0.40625
Talia,S15,18,CP1,-1.0157,0.84375
Talia,S15,19,P1,-1.5474,0.96875
Talia,S15,20,P3,-1.3945,0.90625
Talia,S15,21,P5,0.2068,0.40625
Talia,S15,22,P7,0.675,0.34375
Talia,S15,23,P9,1.5426,0.09375
Talia,S15,24,PO7,-0.2311,0.53125
Talia,S15,25,PO3,-1.6876,0.96875
Talia,S15,26,O1,0.1534,0.46875
Talia,S15,27,Iz,-0.7185,0.71875
Talia,S15,28,Oz,-0.3856,0.65625
Talia,S15,29,POz,1.6766,0.03125
Talia,S15,30,Pz,0.6367,0.34375
Talia,S15,31,CPz,-1.0076,0.78125
Talia,S15,32,Fpz,0.1434,0.46875
Talia,S15,33,Fp2,0.9509,0.21875
Talia,S15,34,AF8,0.6277,0.28125
Talia,S15,35,AF4,0.4708,0.34375
Talia,S15,36,AFz,-0.1118,0.53125
Talia,S15,37,Fz,-0.4135,0.59375
Talia,S15,38,F2,-0.1527,0.59375
Talia,S15,39,F4,0.4376,0.34375
Talia,S15,40,F6,1.3699,0.09375
Talia,S15,41,F8,1.5386,0.09375
Talia,S15,42,FT8,0.872,0.28125
Talia,S15,43,FC6,0.7271,0.28125
Talia,S15,44,FC4,-0.0002,0.53125
Talia,S15,45,FC2,-0.7114,0.71875
Talia,S15,46,FCz,-0.2909,0.59375
Talia,S15,47,Cz,-0.7601,0.71875
Talia,S15,48,C2,-1.1664,0.84375
Talia,S15,49,C4,-0.3791,0.59375
Talia,S15,50,C6,0.3736,0.46875
Talia,S15,51,T8,0.7015,0.28125
Talia,S15,52,TP8,-0.1177,0.71875
Talia,S15,53,CP6,1.3994,0.09375
Talia,S15,54,CP4,1.1491,0.21875
Talia,S15,55,CP2,-0.5027,0.53125
Talia,S15,56,P2,0.7735,0.21875
Talia,S15,57,P4,1.3961,0.03125
Talia,S15,58,P6,1.0513,0.21875
Talia,S15,59,P8,-0.5353,0.59375
Talia,S15,60,P10,1.0916,0.15625
Talia,S15,61,PO8,0.43,0.34375
Talia,S15,62,PO4,0.9224,0.21875
Talia,S15,63,O2,0.069,0.46875
Talia,S15,64,PO9,-0.935,0.78125
Talia,S15,65,I1,-0.2627,0.59375
Talia,S15,66,I2,-0.609,0.71875
Talia,S15,67,PO10,0.0864,0.46875
