dataset,subject,elec_idx,elec,z,p
Angelique,S02,0,t00,0.7953,0.22656
Angelique,S02,1,t01,0.9564,0.21094
Angelique,S02,2,t02,1.4994,0.08594
Angelique,S02,3,t03,1.0482,0.13281
Angelique,S02,4,t04,0.5371,0.32031
Angelique,S02,5,t05,0.6196,0.28906
Angelique,S02,6,t06,0.8012,0.21094
Angelique,S02,7,t07,0.4408,0.36719
Angelique,S02,8,t08,-0.0578,0.52344
Angelique,S02,9,t09,-0.3418,0.63281
Angelique,S02,10,t10,-0.4566,0.69531
Angelique,S02,11,t11,-0.3444,0.57031
Angelique,S02,12,t12,0.0918,0.47656
Angelique,S02,13,t13,0.4259,0.35156
Angelique,S02,14,t14,0.5427,0.28906
Angelique,S02,15,t15,0.3244,0.39844
Angelique,S02,16,t16,0.3747,0.38281
Angelique,S02,17,t17,0.6449,0.27344
Angelique,S02,18,t18,0.5631,0.28906
Angelique,S02,19,t19,0.34,0.35156
Angelique,S02,20,t20,0.2105,0.42969
Angelique,S02,21,t21,0.1751,0.39844
Angelique,S02,22,t22,0.1439,0.49219
Angelique,S02,23,t23,-0.2855,0.60156
Angelique,S02,24,t24,-1.025,0.82031
Angelique,S02,25,t25,-0.8399,0.75781
Angelique,S02,26,t26,-0.0002,0.50781
Angelique,S02,27,t27,0.411,0.36719
Angelique,S02,28,t28,0.6438,0.28906
Angelique,S02,29,t29,0.8862,0.21094
Angelique,S02,30,t30,0.8007,0.24219
Angelique,S02,31,t31,0.8208,0.21094
Angelique,S02,32,t32,1.2505,0.13281
Angelique,S02,33,t33,1.5688,0.07031
Angelique,S02,34,t34,1.7394,0.03906
Angelique,S02,35,t35,1.663,0.05469
Angelique,S02,36,t36,1.3093,0.10156
Angelique,S02,37,t37,1.1091,0.14844
Angelique,S02,38,t38,1.1114,0.14844
Angelique,S02,39,t39,1.2198,0.13281
Angelique,S02,40,t40,1.2399,0.13281
Angelique,S02,41,t41,1.1282,0.14844
Angelique,S02,42,t42,0.9617,0.17969
Angelique,S02,43,t43,0.6698,0.27344
Angelique,S02,44,t44,0.1064,0.46094
Angelique,S02,45,t45,-0.1332,0.60156
Angelique,S02,46,t46,0.677,0.25781
Angelique,S02,47,t47,1.0448,0.16406
Angelique,S02,48,t48,0.7677,0.28906
Angelique,S02,49,t49,-0.1417,0.55469
Angelique,S02,50,t50,-0.7056,0.75781
Angelique,S02,51,t51,-0.0148,0.50781
Angelique,S02,52,t52,0.5104,0.30469
Angelique,S02,53,t53,0.139,0.44531
Angelique,S02,54,t54,-0.6176,0.66406
Angelique,S02,55,t55,-0.6532,0.74219
Angelique,S02,56,t56,0.0882,0.47656
Angelique,S02,57,t57,0.4798,0.33594
Angelique,S02,58,t58,0.4548,0.32031
Angelique,S02,59,t59,0.0642,0.46094
Angelique,S02,60,t60,0.1848,0.47656
Angelique,S02,61,t61,1.0995,0.24219
Angelique,S02,62,t62,1.5708,0.05469
Angelique,S02,63,t63,1.3549,0.10156
Angelique,S03,0,t00,1.5336,0.03906
Angelique,S03,1,t01,1.5639,0.02344
Angelique,S03,2,t02,1.4082,0.05469
Angelique,S03,3,t03,1.2464,0.11719
Angelique,S03,4,t04,1.0996,0.16406
Angelique,S03,5,t05,0.926,0.19531
Angelique,S03,6,t06,0.8844,0.24219
Angelique,S03,7,t07,1.0453,0.17969
Angelique,S03,8,t08,1.2648,0.03906
Angelique,S03,9,t09,1.3323,0.02344
Angelique,S03,10,t10,1.0856,0.19531
Angelique,S03,11,t11,0.7259,0.32031
Angelique,S03,12,t12,0.5892,0.36719
Angelique,S03,13,t13,0.4209,0.38281
Angelique,S03,14,t14,0.2894,0.44531
Angelique,S03,15,t15,0.413,0.39844
Angelique,S03,16,t16,0.6422,0.38281
Angelique,S03,17,t17,0.8815,0.25781
Angelique,S03,18,t18,1.2296,0.14844
Angelique,S03,19,t19,1.4318,0.08594
Angelique,S03,20,t20,1.3949,0.11719
Angelique,S03,21,t21,1.3657,0.10156
Angelique,S03,22,t22,1.3285,0.11719
Angelique,S03,23,t23,1.3433,0.10156
Angelique,S03,24,t24,1.5081,0.08594
Angelique,S03,25,t25,1.67,0.03906
Angelique,S03,26,t26,1.683,0.03906
Angelique,S03,27,t27,1.7728,0.02344
Angelique,S03,28,t28,1.8466,0.02344
Angelique,S03,29,t29,1.7903,0.02344
Angelique,S03,30,t30,1.57,0.03906
Angelique,S03,31,t31,1.2939,0.11719
Angelique,S03,32,t32,1.1571,0.14844
Angelique,S03,33,t33,1.1595,0.13281
Angelique,S03,34,t34,1.1681,0.16406
Angelique,S03,35,t35,1.1913,0.17969
Angelique,S03,36,t36,1.3132,0.08594
Angelique,S03,37,t37,1.4693,0.03906
Angelique,S03,38,t38,1.4406,0.08594
Angelique,S03,39,t39,1.2481,0.13281
Angelique,S03,40,t40,1.2166,0.16406
Angelique,S03,41,t41,1.4305,0.07031
Angelique,S03,42,t42,1.5618,0.02344
Angelique,S03,43,t43,1.6288,0.00781
Angelique,S03,44,t44,1.7154,0.02344
Angelique,S03,45,t45,1.6691,0.02344
Angelique,S03,46,t46,1.4492,0.08594
Angelique,S03,47,t47,1.3575,0.10156
Angelique,S03,48,t48,1.4611,0.07031
Angelique,S03,49,t49,1.5898,0.05469
Angelique,S03,50,t50,1.5172,0.05469
Angelique,S03,51,t51,1.3638,0.10156
Angelique,S03,52,t52,1.217,0.13281
Angelique,S03,53,t53,1.1014,0.14844
Angelique,S03,54,t54,1.083,0.16406
Angelique,S03,55,t55,1.1156,0.14844
Angelique,S03,56,t56,1.0791,0.17969
Angelique,S03,57,t57,1.0265,0.21094
Angelique,S03,58,t58,1.2346,0.16406
Angelique,S03,59,t59,1.3658,0.11719
Angelique,S03,60,t60,1.4437,0.08594
Angelique,S03,61,t61,1.4595,0.08594
Angelique,S03,62,t62,1.2598,0.14844
Angelique,S03,63,t63,1.294,0.11719
Angelique,S04,0,t00,0.5378,0.27344
Angelique,S04,1,t01,0.1092,0.46094
Angelique,S04,2,t02,0.0343,0.49219
Angelique,S04,3,t03,0.4718,0.33594
Angelique,S04,4,t04,1.2508,0.11719
Angelique,S04,5,t05,1.5578,0.07031
Angelique,S04,6,t06,1.1816,0.13281
Angelique,S04,7,t07,0.878,0.22656
Angelique,S04,8,t08,0.4515,0.33594
Angelique,S04,9,t09,0.4387,0.36719
Angelique,S04,10,t10,1.0236,0.16406
Angelique,S04,11,t11,1.1072,0.14844
Angelique,S04,12,t12,1.2639,0.10156
Angelique,S04,13,t13,1.5143,0.07031
Angelique,S04,14,t14,1.6418,0.03906
Angelique,S04,15,t15,1.1246,0.16406
Angelique,S04,16,t16,-0.1052,0.55469
Angelique,S04,17,t17,-0.7056,0.75781
Angelique,S04,18,t18,-0.1322,0.55469
Angelique,S04,19,t19,0.7867,0.28906
Angelique,S04,20,t20,1.6431,0.02344
Angelique,S04,21,t21,1.4877,0.07031
Angelique,S04,22,t22,1.5611,0.07031
Angelique,S04,23,t23,1.344,0.08594
Angelique,S04,24,t24,0.6512,0.28906
Angelique,S04,25,t25,-0.5076,0.69531
Angelique,S04,26,t26,-0.2549,0.60156
Angelique,S04,27,t27,0.7967,0.22656
Angelique,S04,28,t28,1.2727,0.11719
Angelique,S04,29,t29,0.7811,0.27344
Angelique,S04,30,t30,-0.1082,0.52344
Angelique,S04,31,t31,-0.7307,0.72656
Angelique,S04,32,t32,-0.6067,0.72656
Angelique,S04,33,t33,0.2601,0.39844
Angelique,S04,34,t34,0.8129,0.24219
Angelique,S04,35,t35,1.0869,0.21094
Angelique,S04,36,t36,1.2256,0.10156
Angelique,S04,37,t37,0.9766,0.17969
Angelique,S04,38,t38,0.6042,0.27344
Angelique,S04,39,t39,0.6098,0.28906
Angelique,S04,40,t40,1.0221,0.16406
Angelique,S04,41,t41,1.1376,0.10156
Angelique,S04,42,t42,0.6862,0.27344
Angelique,S04,43,t43,-0.0608,0.50781
Angelique,S04,44,t44,-0.3376,0.61719
Angelique,S04,45,t45,-0.2456,0.60156
Angelique,S04,46,t46,0.2093,0.46094
Angelique,S04,47,t47,0.7288,0.24219
Angelique,S04,48,t48,1.2,0.13281
Angelique,S04,49,t49,1.5394,0.07031
Angelique,S04,50,t50,1.6232,0.05469
Angelique,S04,51,t51,1.7624,0.03906
Angelique,S04,52,t52,2.0785,0.00781
Angelique,S04,53,t53,2.2311,0.00781
Angelique,S04,54,t54,1.8324,0.03906
Angelique,S04,55,t55,1.0201,0.17969
Angelique,S04,56,t56,1.1343,0.24219
Angelique,S04,57,t57,1.1894,0.16406
Angelique,S04,58,t58,0.5626,0.38281
Angelique,S04,59,t59,0.175,0.41406
Angelique,S04,60,t60,-0.0284,0.53906
Angelique,S04,61,t61,-0.3784,0.64844
Angelique,S04,62,t62,-0.5927,0.69531
Angelique,S04,63,t63,-0.0216,0.52344
Angelique,S05,0,t00,-1.0481,0.83594
Angelique,S05,1,t01,-1.3849,0.89844
Angelique,S05,2,t02,-1.602,0.97656
Angelique,S05,3,t03,-1.6768,0.97656
Angelique,S05,4,t04,-1.7268,0.94531
Angelique,S05,5,t05,-1.7534,0.96094
Angelique,S05,6,t06,-1.7373,0.96094
Angelique,S05,7,t07,-1.6956,0.92969
Angelique,S05,8,t08,-1.6215,0.92969
Angelique,S05,9,t09,-1.503,0.91406
Angelique,S05,10,t10,-1.3197,0.83594
Angelique,S05,11,t11,-1.0406,0.78906
Angelique,S05,12,t12,-0.6888,0.77344
Angelique,S05,13,t13,-0.4702,0.64844
Angelique,S05,14,t14,-0.5375,0.63281
Angelique,S05,15,t15,-0.6969,0.61719
Angelique,S05,16,t16,-0.7227,0.69531
Angelique,S05,17,t17,-0.6635,0.74219
Angelique,S05,18,t18,-0.6303,0.72656
Angelique,S05,19,t19,-0.6489,0.74219
Angelique,S05,20,t20,-0.686,0.75781
Angelique,S05,21,t21,-0.6668,0.72656
Angelique,S05,22,t22,-0.6291,0.71094
Angelique,S05,23,t23,-0.6453,0.72656
Angelique,S05,24,t24,-0.6126,0.69531
Angelique,S05,25,t25,-0.4887,0.67969
Angelique,S05,26,t26,-0.4629,0.66406
Angelique,S05,27,t27,-0.5766,0.71094
Angelique,S05,28,t28,-0.611,0.67969
Angelique,S05,29,t29,-0.4991,0.64844
Angelique,S05,30,t30,-0.3246,0.58594
Angelique,S05,31,t31,-0.3495,0.57031
Angelique,S05,32,t32,-0.7273,0.75781
Angelique,S05,33,t33,-1.2968,0.88281
Angelique,S05,34,t34,-1.6085,0.96094
Angelique,S05,35,t35,-1.503,0.92969
Angelique,S05,36,t36,-1.0335,0.80469
Angelique,S05,37,t37,-0.5366,0.67969
Angelique,S05,38,t38,-0.2044,0.66406
Angelique,S05,39,t39,-0.0188,0.52344
Angelique,S05,40,t40,0.2518,0.39844
Angelique,S05,41,t41,0.5107,0.32031
Angelique,S05,42,t42,0.3997,0.35156
Angelique,S05,43,t43,0.2096,0.39844
Angelique,S05,44,t44,0.404,0.41406
Angelique,S05,45,t45,1.1429,0.17969
Angelique,S05,46,t46,0.9014,0.19531
Angelique,S05,47,t47,0.4337,0.33594
Angelique,S05,48,t48,0.0237,0.47656
Angelique,S05,49,t49,-0.1988,0.55469
Angelique,S05,50,t50,-0.2197,0.58594
Angelique,S05,51,t51,-0.1334,0.55469
Angelique,S05,52,t52,-0.026,0.50781
Angelique,S05,53,t53,-0.0043,0.50781
Angelique,S05,54,t54,-0.1148,0.52344
Angelique,S05,55,t55,-0.2807,0.50781
Angelique,S05,56,t56,-0.3045,0.60156
Angelique,S05,57,t57,-0.1272,0.57031
Angelique,S05,58,t58,0.1401,0.46094
Angelique,S05,59,t59,0.4507,0.36719
Angelique,S05,60,t60,0.7252,0.21094
Angelique,S05,61,t61,0.5625,0.30469
Angelique,S05,62,t62,-0.1033,0.55469
Angelique,S05,63,t63,-0.5701,0.67969
Angelique,S07,0,t00,0.1879,0.47656
Angelique,S07,1,t01,-0.029,0.50781
Angelique,S07,2,t02,-0.1484,0.53906
Angelique,S07,3,t03,-0.1181,0.53906
Angelique,S07,4,t04,-0.1203,0.57031
Angelique,S07,5,t05,-0.3411,0.63281
Angelique,S07,6,t06,-0.8557,0.78906
Angelique,S07,7,t07,-1.5025,0.92969
Angelique,S07,8,t08,-1.7044,0.94531
Angelique,S07,9,t09,-1.5281,0.96094
Angelique,S07,10,t10,-1.2282,0.80469
Angelique,S07,11,t11,-0.9819,0.78906
Angelique,S07,12,t12,-0.9388,0.78906
Angelique,S07,13,t13,-0.9015,0.80469
Angelique,S07,14,t14,-0.6439,0.74219
Angelique,S07,15,t15,-0.2344,0.57031
Angelique,S07,16,t16,-0.0704,0.50781
Angelique,S07,17,t17,-0.4104,0.64844
Angelique,S07,18,t18,-0.7076,0.75781
Angelique,S07,19,t19,-0.9353,0.80469
Angelique,S07,20,t20,-1.0503,0.82031
Angelique,S07,21,t21,-1.0822,0.85156
Angelique,S07,22,t22,-1.1561,0.85156
Angelique,S07,23,t23,-1.2456,0.88281
Angelique,S07,24,t24,-1.273,0.89844
Angelique,S07,25,t25,-1.2635,0.86719
Angelique,S07,26,t26,-1.2219,0.89844
Angelique,S07,27,t27,-1.0464,0.82031
Angelique,S07,28,t28,-0.7813,0.74219
Angelique,S07,29,t29,-0.5924,0.69531
Angelique,S07,30,t30,-0.5675,0.69531
Angelique,S07,31,t31,-0.554,0.67969
Angelique,S07,32,t32,-0.5407,0.63281
Angelique,S07,33,t33,-0.6396,0.63281
Angelique,S07,34,t34,-0.7403,0.71094
Angelique,S07,35,t35,-0.5749,0.67969
Angelique,S07,36,t36,-0.0258,0.50781
Angelique,S07,37,t37,0.6096,0.30469
Angelique,S07,38,t38,1.0006,0.22656
Angelique,S07,39,t39,1.1814,0.13281
Angelique,S07,40,t40,1.2615,0.08594
Angelique,S07,41,t41,1.298,0.07031
Angelique,S07,42,t42,1.3198,0.07031
Angelique,S07,43,t43,1.3006,0.10156
Angelique,S07,44,t44,1.2152,0.14844
Angelique,S07,45,t45,1.1384,0.14844
Angelique,S07,46,t46,1.1695,0.10156
Angelique,S07,47,t47,1.2272,0.13281
Angelique,S07,48,t48,1.2633,0.11719
Angelique,S07,49,t49,1.2462,0.14844
Angelique,S07,50,t50,1.2527,0.14844
Angelique,S07,51,t51,1.3271,0.13281
Angelique,S07,52,t52,1.4525,0.07031
Angelique,S07,53,t53,1.5826,0.02344
Angelique,S07,54,t54,1.6398,0.02344
Angelique,S07,55,t55,1.5834,0.05469
Angelique,S07,56,t56,1.4329,0.11719
Angelique,S07,57,t57,1.231,0.11719
Angelique,S07,58,t58,1.0469,0.13281
Angelique,S07,59,t59,0.9121,0.22656
Angelique,S07,60,t60,0.801,0.25781
Angelique,S07,61,t61,0.6988,0.28906
Angelique,S07,62,t62,0.572,0.32031
Angelique,S07,63,t63,0.4111,0.35156
Angelique,S08,0,t00,0.8197,0.19531
Angelique,S08,1,t01,0.7942,0.19531
Angelique,S08,2,t02,0.6684,0.27344
Angelique,S08,3,t03,0.5104,0.32031
Angelique,S08,4,t04,0.5018,0.32031
Angelique,S08,5,t05,0.2733,0.38281
Angelique,S08,6,t06,0.0335,0.47656
Angelique,S08,7,t07,0.1666,0.44531
Angelique,S08,8,t08,0.5771,0.30469
Angelique,S08,9,t09,0.8229,0.19531
Angelique,S08,10,t10,0.8079,0.21094
Angelique,S08,11,t11,0.7433,0.19531
Angelique,S08,12,t12,0.7477,0.22656
Angelique,S08,13,t13,0.8344,0.22656
Angelique,S08,14,t14,0.9014,0.25781
Angelique,S08,15,t15,0.9218,0.21094
Angelique,S08,16,t16,0.9167,0.19531
Angelique,S08,17,t17,0.9211,0.19531
Angelique,S08,18,t18,0.9935,0.17969
Angelique,S08,19,t19,1.078,0.13281
Angelique,S08,20,t20,1.0884,0.14844
Angelique,S08,21,t21,1.1971,0.13281
Angelique,S08,22,t22,1.4382,0.07031
Angelique,S08,23,t23,1.5853,0.05469
Angelique,S08,24,t24,1.414,0.08594
Angelique,S08,25,t25,1.1571,0.13281
Angelique,S08,26,t26,1.0049,0.16406
Angelique,S08,27,t27,0.8576,0.21094
Angelique,S08,28,t28,0.6699,0.27344
Angelique,S08,29,t29,0.47,0.32031
Angelique,S08,30,t30,0.2667,0.41406
Angelique,S08,31,t31,0.0791,0.47656
Angelique,S08,32,t32,-0.0682,0.50781
Angelique,S08,33,t33,-0.1518,0.61719
Angelique,S08,34,t34,-0.1349,0.63281
Angelique,S08,35,t35,-0.0486,0.57031
Angelique,S08,36,t36,0.0071,0.49219
Angelique,S08,37,t37,-0.0442,0.52344
Angelique,S08,38,t38,-0.1923,0.60156
Angelique,S08,39,t39,-0.3381,0.67969
Angelique,S08,40,t40,-0.3365,0.71094
Angelique,S08,41,t41,-0.0931,0.57031
Angelique,S08,42,t42,0.2595,0.38281
Angelique,S08,43,t43,0.3941,0.32031
Angelique,S08,44,t44,0.2151,0.41406
Angelique,S08,45,t45,0.0195,0.49219
Angelique,S08,46,t46,0.0171,0.49219
Angelique,S08,47,t47,0.1455,0.44531
Angelique,S08,48,t48,0.2909,0.42969
Angelique,S08,49,t49,0.3878,0.38281
Angelique,S08,50,t50,0.457,0.33594
Angelique,S08,51,t51,0.5454,0.28906
Angelique,S08,52,t52,0.6276,0.27344
Angelique,S08,53,t53,0.6554,0.25781
Angelique,S08,54,t54,0.6313,0.25781
Angelique,S08,55,t55,0.5784,0.27344
Angelique,S08,56,t56,0.4915,0.32031
Angelique,S08,57,t57,0.3424,0.35156
Angelique,S08,58,t58,0.1507,0.46094
Angelique,S08,59,t59,0.0524,0.46094
Angelique,S08,60,t60,0.1534,0.44531
Angelique,S08,61,t61,0.3894,0.39844
Angelique,S08,62,t62,0.6231,0.28906
Angelique,S08,63,t63,0.7519,0.24219
Angelique,S09,0,t00,-0.2985,0.58594
Angelique,S09,1,t01,-0.1779,0.57031
Angelique,S09,2,t02,0.112,0.46094
Angelique,S09,3,t03,0.3712,0.39844
Angelique,S09,4,t04,0.5211,0.36719
Angelique,S09,5,t05,0.6416,0.33594
Angelique,S09,6,t06,0.801,0.27344
Angelique,S09,7,t07,1.0561,0.21094
Angelique,S09,8,t08,1.3196,0.14844
Angelique,S09,9,t09,1.5195,0.05469
Angelique,S09,10,t10,1.6034,0.03906
Angelique,S09,11,t11,1.5427,0.05469
Angelique,S09,12,t12,1.4307,0.08594
Angelique,S09,13,t13,1.3503,0.11719
Angelique,S09,14,t14,1.2458,0.10156
Angelique,S09,15,t15,1.134,0.14844
Angelique,S09,16,t16,0.9898,0.21094
Angelique,S09,17,t17,0.8285,0.27344
Angelique,S09,18,t18,0.702,0.30469
Angelique,S09,19,t19,0.5039,0.32031
Angelique,S09,20,t20,0.3209,0.38281
Angelique,S09,21,t21,0.2836,0.42969
Angelique,S09,22,t22,0.4088,0.33594
Angelique,S09,23,t23,0.6778,0.25781
Angelique,S09,24,t24,1.0042,0.21094
Angelique,S09,25,t25,0.6612,0.27344
Angelique,S09,26,t26,0.2115,0.38281
Angelique,S09,27,t27,-0.0112,0.50781
Angelique,S09,28,t28,-0.0145,0.50781
Angelique,S09,29,t29,0.2688,0.41406
Angelique,S09,30,t30,0.6979,0.33594
Angelique,S09,31,t31,0.9853,0.24219
Angelique,S09,32,t32,1.0809,0.16406
Angelique,S09,33,t33,1.063,0.21094
Angelique,S09,34,t34,1.1051,0.16406
Angelique,S09,35,t35,1.239,0.10156
Angelique,S09,36,t36,1.2987,0.08594
Angelique,S09,37,t37,1.1785,0.11719
Angelique,S09,38,t38,0.9546,0.22656
Angelique,S09,39,t39,0.7147,0.33594
Angelique,S09,40,t40,0.558,0.38281
Angelique,S09,41,t41,0.5335,0.39844
Angelique,S09,42,t42,0.5072,0.41406
Angelique,S09,43,t43,0.5393,0.44531
Angelique,S09,44,t44,0.6099,0.42969
Angelique,S09,45,t45,0.6618,0.39844
Angelique,S09,46,t46,0.7367,0.41406
Angelique,S09,47,t47,0.8556,0.30469
Angelique,S09,48,t48,0.9412,0.19531
Angelique,S09,49,t49,0.8874,0.25781
Angelique,S09,50,t50,0.797,0.30469
Angelique,S09,51,t51,0.7936,0.28906
Angelique,S09,52,t52,0.7526,0.28906
Angelique,S09,53,t53,0.589,0.30469
Angelique,S09,54,t54,0.3294,0.38281
Angelique,S09,55,t55,-0.0933,0.50781
Angelique,S09,56,t56,-0.4545,0.58594
Angelique,S09,57,t57,-0.6148,0.75781
Angelique,S09,58,t58,-0.5918,0.72656
Angelique,S09,59,t59,-0.4574,0.66406
Angelique,S09,60,t60,-0.3869,0.64844
Angelique,S09,61,t61,-0.4197,0.69531
Angelique,S09,62,t62,-0.3556,0.69531
Angelique,S09,63,t63,-0.2504,0.58594
Angelique,S10,0,t00,-1.3972,0.91406
Angelique,S10,1,t01,-1.4862,0.94531
Angelique,S10,2,t02,-1.654,0.94531
Angelique,S10,3,t03,-1.8422,0.97656
Angelique,S10,4,t04,-1.9922,0.97656
Angelique,S10,5,t05,-2.0901,0.99219
Angelique,S10,6,t06,-2.1413,0.99219
Angelique,S10,7,t07,-2.0941,0.99219
Angelique,S10,8,t08,-1.9418,0.99219
Angelique,S10,9,t09,-1.8384,0.97656
Angelique,S10,10,t10,-1.7899,0.96094
Angelique,S10,11,t11,-1.7378,0.96094
Angelique,S10,12,t12,-1.7048,0.94531
Angelique,S10,13,t13,-1.7629,0.97656
Angelique,S10,14,t14,-1.7746,0.99219
Angelique,S10,15,t15,-1.5233,0.94531
Angelique,S10,16,t16,-1.1025,0.80469
Angelique,S10,17,t17,-0.9131,0.77344
Angelique,S10,18,t18,-0.9948,0.80469
Angelique,S10,19,t19,-1.1037,0.82031
Angelique,S10,20,t20,-1.1841,0.85156
Angelique,S10,21,t21,-1.2826,0.89844
Angelique,S10,22,t22,-1.3983,0.91406
Angelique,S10,23,t23,-1.4882,0.91406
Angelique,S10,24,t24,-1.5579,0.96094
Angelique,S10,25,t25,-1.5991,0.96094
Angelique,S10,26,t26,-1.5657,0.97656
Angelique,S10,27,t27,-1.4109,0.92969
Angelique,S10,28,t28,-1.2002,0.89844
Angelique,S10,29,t29,-1.0837,0.83594
Angelique,S10,30,t30,-1.0708,0.83594
Angelique,S10,31,t31,-1.0532,0.83594
Angelique,S10,32,t32,-0.9521,0.80469
Angelique,S10,33,t33,-0.7888,0.74219
Angelique,S10,34,t34,-0.6264,0.71094
Angelique,S10,35,t35,-0.5083,0.67969
Angelique,S10,36,t36,-0.4623,0.63281
Angelique,S10,37,t37,-0.4856,0.63281
Angelique,S10,38,t38,-0.5566,0.58594
Angelique,S10,39,t39,-0.6251,0.57031
Angelique,S10,40,t40,-0.6683,0.58594
Angelique,S10,41,t41,-0.7081,0.64844
Angelique,S10,42,t42,-0.763,0.67969
Angelique,S10,43,t43,-0.8313,0.72656
Angelique,S10,44,t44,-0.8677,0.77344
Angelique,S10,45,t45,-0.8925,0.78906
Angelique,S10,46,t46,-0.9367,0.82031
Angelique,S10,47,t47,-1.0014,0.78906
Angelique,S10,48,t48,-1.0882,0.82031
Angelique,S10,49,t49,-1.2081,0.86719
Angelique,S10,50,t50,-1.3443,0.88281
Angelique,S10,51,t51,-1.4161,0.91406
Angelique,S10,52,t52,-1.3998,0.91406
Angelique,S10,53,t53,-1.3209,0.91406
Angelique,S10,54,t54,-1.2137,0.88281
Angelique,S10,55,t55,-1.1386,0.86719
Angelique,S10,56,t56,-1.1547,0.88281
Angelique,S10,57,t57,-1.2635,0.89844
Angelique,S10,58,t58,-1.382,0.91406
Angelique,S10,59,t59,-1.4118,0.89844
Angelique,S10,60,t60,-1.3636,0.92969
Angelique,S10,61,t61,-1.3529,0.92969
Angelique,S10,62,t62,-1.3865,0.91406
Angelique,S10,63,t63,-1.4156,0.91406
Angelique,S11,0,t00,0.2294,0.38281
Angelique,S11,1,t01,0.25,0.38281
Angelique,S11,2,t02,0.2612,0.38281
Angelique,S11,3,t03,0.2564,0.38281
Angelique,S11,4,t04,0.2476,0.33594
Angelique,S11,5,t05,0.2409,0.33594
Angelique,S11,6,t06,0.1993,0.35156
Angelique,S11,7,t07,0.1166,0.41406
Angelique,S11,8,t08,0.0549,0.47656
Angelique,S11,9,t09,0.0642,0.47656
Angelique,S11,10,t10,0.1284,0.49219
Angelique,S11,11,t11,0.202,0.41406
Angelique,S11,12,t12,0.248,0.39844
Angelique,S11,13,t13,0.2447,0.39844
Angelique,S11,14,t14,0.2357,0.41406
Angelique,S11,15,t15,0.2574,0.39844
Angelique,S11,16,t16,0.2978,0.39844
Angelique,S11,17,t17,0.3686,0.38281
Angelique,S11,18,t18,0.464,0.32031
Angelique,S11,19,t19,0.4935,0.33594
Angelique,S11,20,t20,0.4123,0.38281
Angelique,S11,21,t21,0.2799,0.41406
Angelique,S11,22,t22,0.1508,0.46094
Angelique,S11,23,t23,0.0814,0.46094
Angelique,S11,24,t24,0.0805,0.46094
Angelique,S11,25,t25,0.0822,0.46094
Angelique,S11,26,t26,0.0197,0.49219
Angelique,S11,27,t27,-0.0892,0.57031
Angelique,S11,28,t28,-0.1793,0.58594
Angelique,S11,29,t29,-0.2345,0.58594
Angelique,S11,30,t30,-0.2573,0.58594
Angelique,S11,31,t31,-0.2166,0.55469
Angelique,S11,32,t32,-0.1034,0.52344
Angelique,S11,33,t33,0.0662,0.46094
Angelique,S11,34,t34,0.2376,0.36719
Angelique,S11,35,t35,0.3514,0.32031
Angelique,S11,36,t36,0.4097,0.28906
Angelique,S11,37,t37,0.4482,0.27344
Angelique,S11,38,t38,0.4934,0.25781
Angelique,S11,39,t39,0.5201,0.25781
Angelique,S11,40,t40,0.4978,0.25781
Angelique,S11,41,t41,0.4668,0.28906
Angelique,S11,42,t42,0.4683,0.30469
Angelique,S11,43,t43,0.5039,0.28906
Angelique,S11,44,t44,0.5532,0.27344
Angelique,S11,45,t45,0.5671,0.28906
Angelique,S11,46,t46,0.5044,0.32031
Angelique,S11,47,t47,0.3838,0.41406
Angelique,S11,48,t48,0.2918,0.44531
Angelique,S11,49,t49,0.2909,0.44531
Angelique,S11,50,t50,0.337,0.42969
Angelique,S11,51,t51,0.3576,0.42969
Angelique,S11,52,t52,0.3372,0.42969
Angelique,S11,53,t53,0.3081,0.41406
Angelique,S11,54,t54,0.3098,0.41406
Angelique,S11,55,t55,0.352,0.36719
Angelique,S11,56,t56,0.4141,0.32031
Angelique,S11,57,t57,0.4603,0.32031
Angelique,S11,58,t58,0.4722,0.32031
Angelique,S11,59,t59,0.4458,0.32031
Angelique,S11,60,t60,0.3811,0.32031
Angelique,S11,61,t61,0.3099,0.36719
Angelique,S11,62,t62,0.2657,0.38281
Angelique,S11,63,t63,0.2618,0.38281
Angelique,S13,0,t00,-0.893,0.77344
Angelique,S13,1,t01,-0.5409,0.69531
Angelique,S13,2,t02,-0.2984,0.71094
Angelique,S13,3,t03,0.0039,0.47656
Angelique,S13,4,t04,0.6571,0.27344
Angelique,S13,5,t05,1.2062,0.14844
Angelique,S13,6,t06,1.2842,0.10156
Angelique,S13,7,t07,1.3582,0.10156
Angelique,S13,8,t08,1.4827,0.07031
Angelique,S13,9,t09,1.2266,0.13281
Angelique,S13,10,t10,0.7454,0.22656
Angelique,S13,11,t11,0.3463,0.41406
Angelique,S13,12,t12,-0.1178,0.53906
Angelique,S13,13,t13,-0.3693,0.63281
Angelique,S13,14,t14,-0.2829,0.58594
Angelique,S13,15,t15,-0.2556,0.53906
Angelique,S13,16,t16,-0.2048,0.57031
Angelique,S13,17,t17,0.1208,0.49219
Angelique,S13,18,t18,0.4447,0.46094
Angelique,S13,19,t19,0.6608,0.38281
Angelique,S13,20,t20,0.8297,0.33594
Angelique,S13,21,t21,0.9605,0.22656
Angelique,S13,22,t22,1.0119,0.22656
Angelique,S13,23,t23,0.9505,0.21094
Angelique,S13,24,t24,0.7542,0.27344
Angelique,S13,25,t25,0.4785,0.35156
Angelique,S13,26,t26,0.2712,0.42969
Angelique,S13,27,t27,0.1224,0.44531
Angelique,S13,28,t28,-0.0338,0.53906
Angelique,S13,29,t29,-0.1279,0.53906
Angelique,S13,30,t30,-0.0813,0.52344
Angelique,S13,31,t31,0.0334,0.49219
Angelique,S13,32,t32,0.0483,0.46094
Angelique,S13,33,t33,-0.0748,0.52344
Angelique,S13,34,t34,-0.1816,0.57031
Angelique,S13,35,t35,-0.1866,0.58594
Angelique,S13,36,t36,-0.1204,0.53906
Angelique,S13,37,t37,0.0384,0.47656
Angelique,S13,38,t38,0.215,0.44531
Angelique,S13,39,t39,0.2974,0.41406
Angelique,S13,40,t40,0.1912,0.42969
Angelique,S13,41,t41,0.0266,0.46094
Angelique,S13,42,t42,0.0773,0.47656
Angelique,S13,43,t43,0.154,0.44531
Angelique,S13,44,t44,0.0657,0.49219
Angelique,S13,45,t45,-0.1145,0.55469
Angelique,S13,46,t46,-0.1937,0.58594
Angelique,S13,47,t47,-0.1801,0.57031
Angelique,S13,48,t48,-0.2114,0.58594
Angelique,S13,49,t49,-0.2893,0.61719
Angelique,S13,50,t50,-0.1141,0.50781
Angelique,S13,51,t51,0.1723,0.42969
Angelique,S13,52,t52,0.3113,0.42969
Angelique,S13,53,t53,0.3887,0.38281
Angelique,S13,54,t54,0.5666,0.30469
Angelique,S13,55,t55,0.7202,0.24219
Angelique,S13,56,t56,0.7161,0.25781
Angelique,S13,57,t57,0.5564,0.30469
Angelique,S13,58,t58,0.1879,0.41406
Angelique,S13,59,t59,-0.4532,0.64844
Angelique,S13,60,t60,-1.0646,0.80469
Angelique,S13,61,t61,-1.0352,0.77344
Angelique,S13,62,t62,-0.9513,0.83594
Angelique,S13,63,t63,-0.8325,0.75781
Angelique,S15,0,t00,1.4953,0.07031
Angelique,S15,1,t01,1.6658,0.03906
Angelique,S15,2,t02,1.8614,0.02344
Angelique,S15,3,t03,2.0226,0.02344
Angelique,S15,4,t04,2.0316,0.00781
Angelique,S15,5,t05,1.9205,0.00781
Angelique,S15,6,t06,1.7768,0.03906
Angelique,S15,7,t07,1.6132,0.03906
Angelique,S15,8,t08,1.5173,0.07031
Angelique,S15,9,t09,1.4333,0.07031
Angelique,S15,10,t10,1.3167,0.10156
Angelique,S15,11,t11,1.2476,0.13281
Angelique,S15,12,t12,1.2832,0.08594
Angelique,S15,13,t13,1.4043,0.03906
Angelique,S15,14,t14,1.5336,0.02344
Angelique,S15,15,t15,1.6056,0.02344
Angelique,S15,16,t16,1.6182,0.00781
Angelique,S15,17,t17,1.5619,0.00781
Angelique,S15,18,t18,1.381,0.02344
Angelique,S15,19,t19,1.1926,0.05469
Angelique,S15,20,t20,1.1121,0.11719
Angelique,S15,21,t21,1.0964,0.14844
Angelique,S15,22,t22,1.1158,0.08594
Angelique,S15,23,t23,1.0614,0.17969
Angelique,S15,24,t24,0.8965,0.30469
Angelique,S15,25,t25,0.7577,0.38281
Angelique,S15,26,t26,0.6692,0.41406
Angelique,S15,27,t27,0.5248,0.42969
Angelique,S15,28,t28,0.2914,0.41406
Angelique,S15,29,t29,0.193,0.44531
Angelique,S15,30,t30,0.3084,0.42969
Angelique,S15,31,t31,0.4743,0.42969
Angelique,S15,32,t32,0.5499,0.36719
Angelique,S15,33,t33,0.4266,0.39844
Angelique,S15,34,t34,0.0881,0.47656
Angelique,S15,35,t35,-0.111,0.57031
Angelique,S15,36,t36,0.1355,0.46094
Angelique,S15,37,t37,0.5176,0.41406
Angelique,S15,38,t38,0.7869,0.30469
Angelique,S15,39,t39,0.9179,0.22656
Angelique,S15,40,t40,1.1022,0.16406
Angelique,S15,41,t41,1.305,0.13281
Angelique,S15,42,t42,1.33,0.13281
Angelique,S15,43,t43,1.2661,0.13281
Angelique,S15,44,t44,1.1983,0.17969
Angelique,S15,45,t45,1.1533,0.16406
Angelique,S15,46,t46,1.1218,0.14844
Angelique,S15,47,t47,1.1143,0.14844
Angelique,S15,48,t48,1.1088,0.14844
Angelique,S15,49,t49,1.1491,0.13281
Angelique,S15,50,t50,1.2542,0.10156
Angelique,S15,51,t51,1.2356,0.13281
Angelique,S15,52,t52,0.9696,0.16406
Angelique,S15,53,t53,0.5213,0.32031
Angelique,S15,54,t54,0.0092,0.49219
Angelique,S15,55,t55,-0.3312,0.63281
Angelique,S15,56,t56,-0.3678,0.63281
Angelique,S15,57,t57,-0.2673,0.57031
Angelique,S15,58,t58,-0.2735,0.60156
Angelique,S15,59,t59,-0.3636,0.61719
Angelique,S15,60,t60,-0.1804,0.52344
Angelique,S15,61,t61,0.4903,0.35156
Angelique,S15,62,t62,0.9965,0.19531
Angelique,S15,63,t63,1.2838,0.11719
Angelique,S16,0,t00,1.4386,0.10938
Angelique,S16,1,t01,1.3001,0.10938
Angelique,S16,2,t02,1.0442,0.17188
Angelique,S16,3,t03,0.8437,0.20312
Angelique,S16,4,t04,0.7629,0.23438
Angelique,S16,5,t05,0.7254,0.23438
Angelique,S16,6,t06,0.7425,0.23438
Angelique,S16,7,t07,0.7965,0.23438
Angelique,S16,8,t08,0.8723,0.20312
Angelique,S16,9,t09,0.9357,0.20312
Angelique,S16,10,t10,0.8972,0.20312
Angelique,S16,11,t11,0.6346,0.32812
Angelique,S16,12,t12,0.1023,0.45312
Angelique,S16,13,t13,-0.3501,0.60938
Angelique,S16,14,t14,-0.5985,0.67188
Angelique,S16,15,t15,-0.6998,0.64062
Angelique,S16,16,t16,-0.7135,0.70312
Angelique,S16,17,t17,-0.7194,0.70312
Angelique,S16,18,t18,-0.8429,0.82812
Angelique,S16,19,t19,-1.0823,0.82812
Angelique,S16,20,t20,-1.2226,0.89062
Angelique,S16,21,t21,-1.1888,0.89062
Angelique,S16,22,t22,-1.0635,0.79688
Angelique,S16,23,t23,-0.8972,0.76562
Angelique,S16,24,t24,-0.8064,0.76562
Angelique,S16,25,t25,-0.8049,0.76562
Angelique,S16,26,t26,-0.7842,0.76562
Angelique,S16,27,t27,-0.7366,0.76562
Angelique,S16,28,t28,-0.7433,0.76562
Angelique,S16,29,t29,-0.8085,0.76562
Angelique,S16,30,t30,-0.8613,0.79688
Angelique,S16,31,t31,-0.9135,0.79688
Angelique,S16,32,t32,-1.0121,0.82812
Angelique,S16,33,t33,-1.1382,0.89062
Angelique,S16,34,t34,-1.2399,0.89062
Angelique,S16,35,t35,-1.2898,0.89062
Angelique,S16,36,t36,-1.2802,0.89062
Angelique,S16,37,t37,-1.2036,0.89062
Angelique,S16,38,t38,-1.0674,0.85938
Angelique,S16,39,t39,-0.9504,0.82812
Angelique,S16,40,t40,-0.9964,0.82812
Angelique,S16,41,t41,-1.2158,0.85938
Angelique,S16,42,t42,-1.4151,0.89062
Angelique,S16,43,t43,-1.5132,0.95312
Angelique,S16,44,t44,-1.4594,0.92188
Angelique,S16,45,t45,-1.152,0.89062
Angelique,S16,46,t46,-0.7669,0.76562
Angelique,S16,47,t47,-0.4916,0.67188
Angelique,S16,48,t48,-0.3321,0.57812
Angelique,S16,49,t49,-0.2538,0.57812
Angelique,S16,50,t50,-0.2195,0.54688
Angelique,S16,51,t51,-0.1464,0.54688
Angelique,S16,52,t52,0.0093,0.48438
Angelique,S16,53,t53,0.2206,0.35938
Angelique,S16,54,t54,0.4371,0.32812
Angelique,S16,55,t55,0.6483,0.26562
Angelique,S16,56,t56,0.9353,0.20312
Angelique,S16,57,t57,1.2623,0.10938
Angelique,S16,58,t58,1.4853,0.07812
Angelique,S16,59,t59,1.5793,0.07812
Angelique,S16,60,t60,1.6006,0.07812
Angelique,S16,61,t61,1.5834,0.07812
Angelique,S16,62,t62,1.5292,0.07812
Angelique,S16,63,t63,1.4496,0.07812
Angelique,S18,0,t00,-0.049,0.53906
Angelique,S18,1,t01,0.0539,0.47656
Angelique,S18,2,t02,0.3406,0.38281
Angelique,S18,3,t03,0.6092,0.27344
Angelique,S18,4,t04,0.844,0.22656
Angelique,S18,5,t05,1.1272,0.14844
Angelique,S18,6,t06,1.2504,0.11719
Angelique,S18,7,t07,0.9849,0.16406
Angelique,S18,8,t08,0.207,0.44531
Angelique,S18,9,t09,-0.6787,0.67969
Angelique,S18,10,t10,-1.0702,0.82031
Angelique,S18,11,t11,-1.0871,0.85156
Angelique,S18,12,t12,-1.0214,0.78906
Angelique,S18,13,t13,-0.8262,0.72656
Angelique,S18,14,t14,-0.3759,0.67969
Angelique,S18,15,t15,0.1466,0.42969
Angelique,S18,16,t16,0.4782,0.33594
Angelique,S18,17,t17,0.5838,0.28906
Angelique,S18,18,t18,0.5266,0.32031
Angelique,S18,19,t19,0.4917,0.35156
Angelique,S18,20,t20,0.482,0.36719
Angelique,S18,21,t21,0.3101,0.38281
Angelique,S18,22,t22,-0.1198,0.52344
Angelique,S18,23,t23,-0.5371,0.61719
Angelique,S18,24,t24,-0.6221,0.64844
Angelique,S18,25,t25,-0.4593,0.64844
Angelique,S18,26,t26,-0.2748,0.60156
Angelique,S18,27,t27,-0.3058,0.57031
Angelique,S18,28,t28,-0.4157,0.58594
Angelique,S18,29,t29,-0.4055,0.61719
Angelique,S18,30,t30,-0.2759,0.61719
Angelique,S18,31,t31,-0.2013,0.58594
Angelique,S18,32,t32,-0.3405,0.60156
Angelique,S18,33,t33,-0.6832,0.72656
Angelique,S18,34,t34,-0.9908,0.80469
Angelique,S18,35,t35,-1.0021,0.83594
Angelique,S18,36,t36,-0.7886,0.75781
Angelique,S18,37,t37,-0.5384,0.64844
Angelique,S18,38,t38,-0.2612,0.60156
Angelique,S18,39,t39,-0.0486,0.52344
Angelique,S18,40,t40,0.0794,0.46094
Angelique,S18,41,t41,0.1965,0.42969
Angelique,S18,42,t42,0.3445,0.36719
Angelique,S18,43,t43,0.5024,0.32031
Angelique,S18,44,t44,0.5779,0.28906
Angelique,S18,45,t45,0.4629,0.32031
Angelique,S18,46,t46,0.207,0.41406
Angelique,S18,47,t47,0.0529,0.47656
Angelique,S18,48,t48,0.1775,0.42969
Angelique,S18,49,t49,0.3379,0.36719
Angelique,S18,50,t50,0.3945,0.35156
Angelique,S18,51,t51,0.4622,0.32031
Angelique,S18,52,t52,0.5848,0.30469
Angelique,S18,53,t53,0.6512,0.27344
Angelique,S18,54,t54,0.5588,0.28906
Angelique,S18,55,t55,0.4549,0.33594
Angelique,S18,56,t56,0.4468,0.33594
Angelique,S18,57,t57,0.522,0.30469
Angelique,S18,58,t58,0.7,0.30469
Angelique,S18,59,t59,1.0166,0.17969
Angelique,S18,60,t60,1.2488,0.16406
Angelique,S18,61,t61,1.2072,0.16406
Angelique,S18,62,t62,0.8279,0.22656
Angelique,S18,63,t63,0.299,0.39844
Angelique,S19,0,t00,-0.3862,0.63281
Angelique,S19,1,t01,-0.7859,0.78906
Angelique,S19,2,t02,-1.0287,0.85156
Angelique,S19,3,t03,-1.0102,0.82031
Angelique,S19,4,t04,-0.8569,0.78906
Angelique,S19,5,t05,-0.7507,0.75781
Angelique,S19,6,t06,-0.6609,0.71094
Angelique,S19,7,t07,-0.4352,0.64844
Angelique,S19,8,t08,-0.0633,0.53906
Angelique,S19,9,t09,0.3031,0.41406
Angelique,S19,10,t10,0.5582,0.36719
Angelique,S19,11,t11,0.6968,0.28906
Angelique,S19,12,t12,0.7768,0.27344
Angelique,S19,13,t13,0.8231,0.28906
Angelique,S19,14,t14,0.8493,0.27344
Angelique,S19,15,t15,0.9217,0.24219
Angelique,S19,16,t16,1.0552,0.16406
Angelique,S19,17,t17,1.1373,0.13281
Angelique,S19,18,t18,1.0803,0.13281
Angelique,S19,19,t19,0.9199,0.28906
Angelique,S19,20,t20,0.7906,0.30469
Angelique,S19,21,t21,0.7569,0.33594
Angelique,S19,22,t22,0.7769,0.36719
Angelique,S19,23,t23,0.8146,0.38281
Angelique,S19,24,t24,0.8666,0.36719
Angelique,S19,25,t25,0.921,0.28906
Angelique,S19,26,t26,0.9726,0.19531
Angelique,S19,27,t27,1.0366,0.19531
Angelique,S19,28,t28,1.1361,0.11719
Angelique,S19,29,t29,1.2077,0.10156
Angelique,S19,30,t30,1.1545,0.14844
Angelique,S19,31,t31,1.0519,0.19531
Angelique,S19,32,t32,0.9814,0.22656
Angelique,S19,33,t33,0.8493,0.33594
Angelique,S19,34,t34,0.6733,0.42969
Angelique,S19,35,t35,0.6012,0.46094
Angelique,S19,36,t36,0.6532,0.46094
Angelique,S19,37,t37,0.6826,0.47656
Angelique,S19,38,t38,0.5896,0.44531
Angelique,S19,39,t39,0.401,0.46094
Angelique,S19,40,t40,0.2708,0.47656
Angelique,S19,41,t41,0.3219,0.41406
Angelique,S19,42,t42,0.4137,0.36719
Angelique,S19,43,t43,0.4182,0.32031
Angelique,S19,44,t44,0.3678,0.33594
Angelique,S19,45,t45,0.3078,0.38281
Angelique,S19,46,t46,0.1919,0.46094
Angelique,S19,47,t47,0.0351,0.49219
Angelique,S19,48,t48,-0.0632,0.52344
Angelique,S19,49,t49,-0.0311,0.50781
Angelique,S19,50,t50,0.14,0.46094
Angelique,S19,51,t51,0.3439,0.44531
Angelique,S19,52,t52,0.4719,0.38281
Angelique,S19,53,t53,0.4755,0.38281
Angelique,S19,54,t54,0.3433,0.41406
Angelique,S19,55,t55,0.1855,0.44531
Angelique,S19,56,t56,0.1492,0.44531
Angelique,S19,57,t57,0.2485,0.42969
Angelique,S19,58,t58,0.3169,0.42969
Angelique,S19,59,t59,0.2765,0.44531
Angelique,S19,60,t60,0.2592,0.46094
Angelique,S19,61,t61,0.2291,0.44531
Angelique,S19,62,t62,0.1199,0.46094
Angelique,S19,63,t63,-0.0596,0.50781
Angelique,S21,0,t00,1.8096,0.03906
Angelique,S21,1,t01,1.8609,0.03906
Angelique,S21,2,t02,1.8728,0.02344
Angelique,S21,3,t03,1.8916,0.02344
Angelique,S21,4,t04,2.0204,0.02344
Angelique,S21,5,t05,2.1343,0.00781
Angelique,S21,6,t06,2.1894,0.00781
Angelique,S21,7,t07,2.2485,0.00781
Angelique,S21,8,t08,2.2511,0.00781
Angelique,S21,9,t09,2.2169,0.00781
Angelique,S21,10,t10,2.1816,0.00781
Angelique,S21,11,t11,2.1234,0.00781
Angelique,S21,12,t12,2.0372,0.02344
Angelique,S21,13,t13,1.9826,0.02344
Angelique,S21,14,t14,1.9445,0.02344
Angelique,S21,15,t15,1.8321,0.02344
Angelique,S21,16,t16,1.6846,0.02344
Angelique,S21,17,t17,1.4837,0.05469
Angelique,S21,18,t18,1.2503,0.14844
Angelique,S21,19,t19,1.0361,0.17969
Angelique,S21,20,t20,0.7197,0.30469
Angelique,S21,21,t21,0.1797,0.44531
Angelique,S21,22,t22,-0.1364,0.53906
Angelique,S21,23,t23,-0.1469,0.57031
Angelique,S21,24,t24,0.1768,0.39844
Angelique,S21,25,t25,0.7801,0.36719
Angelique,S21,26,t26,1.2875,0.08594
Angelique,S21,27,t27,1.5892,0.07031
Angelique,S21,28,t28,1.4834,0.08594
Angelique,S21,29,t29,1.3179,0.10156
Angelique,S21,30,t30,1.5973,0.03906
Angelique,S21,31,t31,2.0172,0.00781
Angelique,S21,32,t32,2.1675,0.00781
Angelique,S21,33,t33,2.2215,0.00781
Angelique,S21,34,t34,2.2408,0.00781
Angelique,S21,35,t35,2.2223,0.00781
Angelique,S21,36,t36,2.136,0.00781
Angelique,S21,37,t37,1.9453,0.02344
Angelique,S21,38,t38,1.6944,0.05469
Angelique,S21,39,t39,1.5246,0.08594
Angelique,S21,40,t40,1.5098,0.10156
Angelique,S21,41,t41,1.5776,0.10156
Angelique,S21,42,t42,1.5475,0.07031
Angelique,S21,43,t43,1.3302,0.08594
Angelique,S21,44,t44,0.9059,0.22656
Angelique,S21,45,t45,0.7049,0.27344
Angelique,S21,46,t46,0.9706,0.17969
Angelique,S21,47,t47,1.3451,0.10156
Angelique,S21,48,t48,1.5796,0.07031
Angelique,S21,49,t49,1.5526,0.03906
Angelique,S21,50,t50,1.4685,0.10156
Angelique,S21,51,t51,1.5691,0.05469
Angelique,S21,52,t52,1.8237,0.02344
Angelique,S21,53,t53,2.0493,0.02344
Angelique,S21,54,t54,2.1785,0.00781
Angelique,S21,55,t55,2.2578,0.00781
Angelique,S21,56,t56,2.3096,0.00781
Angelique,S21,57,t57,2.3217,0.00781
Angelique,S21,58,t58,2.2776,0.00781
Angelique,S21,59,t59,2.135,0.00781
Angelique,S21,60,t60,1.8915,0.00781
Angelique,S21,61,t61,1.6716,0.03906
Angelique,S21,62,t62,1.6243,0.03906
Angelique,S21,63,t63,1.7182,0.03906
Angelique,S22,0,t00,0.6333,0.27344
Angelique,S22,1,t01,0.6822,0.25781
Angelique,S22,2,t02,0.5766,0.30469
Angelique,S22,3,t03,0.4369,0.32031
Angelique,S22,4,t04,0.4759,0.28906
Angelique,S22,5,t05,0.5959,0.30469
Angelique,S22,6,t06,0.2956,0.39844
Angelique,S22,7,t07,-0.0132,0.50781
Angelique,S22,8,t08,-0.0709,0.55469
Angelique,S22,9,t09,-0.0827,0.55469
Angelique,S22,10,t10,-0.0359,0.50781
Angelique,S22,11,t11,0.4455,0.32031
Angelique,S22,12,t12,0.9008,0.21094
Angelique,S22,13,t13,0.7839,0.22656
Angelique,S22,14,t14,0.6056,0.27344
Angelique,S22,15,t15,0.3365,0.41406
Angelique,S22,16,t16,-0.0494,0.50781
Angelique,S22,17,t17,-0.1726,0.58594
Angelique,S22,18,t18,0.0269,0.46094
Angelique,S22,19,t19,0.2518,0.42969
Angelique,S22,20,t20,0.2889,0.42969
Angelique,S22,21,t21,0.2657,0.39844
Angelique,S22,22,t22,0.1783,0.44531
Angelique,S22,23,t23,0.0334,0.49219
Angelique,S22,24,t24,-0.1067,0.57031
Angelique,S22,25,t25,-0.1945,0.53906
Angelique,S22,26,t26,-0.2255,0.57031
Angelique,S22,27,t27,-0.3047,0.60156
Angelique,S22,28,t28,-0.519,0.69531
Angelique,S22,29,t29,-0.6334,0.69531
Angelique,S22,30,t30,0.0264,0.49219
Angelique,S22,31,t31,0.7766,0.24219
Angelique,S22,32,t32,1.0972,0.14844
Angelique,S22,33,t33,1.2418,0.11719
Angelique,S22,34,t34,1.0887,0.16406
Angelique,S22,35,t35,0.9077,0.21094
Angelique,S22,36,t36,0.8469,0.21094
Angelique,S22,37,t37,0.96,0.17969
Angelique,S22,38,t38,1.2204,0.10156
Angelique,S22,39,t39,1.358,0.07031
Angelique,S22,40,t40,1.2335,0.08594
Angelique,S22,41,t41,1.1815,0.11719
Angelique,S22,42,t42,1.3896,0.11719
Angelique,S22,43,t43,1.392,0.07031
Angelique,S22,44,t44,1.3261,0.08594
Angelique,S22,45,t45,1.2986,0.11719
Angelique,S22,46,t46,1.0806,0.14844
Angelique,S22,47,t47,0.7572,0.22656
Angelique,S22,48,t48,0.8212,0.19531
Angelique,S22,49,t49,1.2471,0.13281
Angelique,S22,50,t50,1.5626,0.07031
Angelique,S22,51,t51,1.5299,0.07031
Angelique,S22,52,t52,1.1636,0.14844
Angelique,S22,53,t53,0.6389,0.27344
Angelique,S22,54,t54,0.1522,0.42969
Angelique,S22,55,t55,-0.1443,0.57031
Angelique,S22,56,t56,-0.3628,0.71094
Angelique,S22,57,t57,-0.5796,0.67969
Angelique,S22,58,t58,-0.5486,0.69531
Angelique,S22,59,t59,-0.228,0.60156
Angelique,S22,60,t60,0.0725,0.49219
Angelique,S22,61,t61,0.1389,0.44531
Angelique,S22,62,t62,0.1083,0.46094
Angelique,S22,63,t63,0.3038,0.39844
Angelique,S23,0,t00,-0.9689,0.77344
Angelique,S23,1,t01,-0.9899,0.75781
Angelique,S23,2,t02,-0.9698,0.75781
Angelique,S23,3,t03,-0.9147,0.72656
Angelique,S23,4,t04,-0.8547,0.64844
Angelique,S23,5,t05,-0.8477,0.64844
Angelique,S23,6,t06,-0.943,0.72656
Angelique,S23,7,t07,-1.0632,0.83594
Angelique,S23,8,t08,-1.1147,0.86719
Angelique,S23,9,t09,-1.1432,0.88281
Angelique,S23,10,t10,-1.2124,0.91406
Angelique,S23,11,t11,-1.2458,0.92969
Angelique,S23,12,t12,-1.1615,0.78906
Angelique,S23,13,t13,-1.0381,0.75781
Angelique,S23,14,t14,-0.9577,0.74219
Angelique,S23,15,t15,-0.9564,0.74219
Angelique,S23,16,t16,-1.029,0.80469
Angelique,S23,17,t17,-1.0904,0.85156
Angelique,S23,18,t18,-1.1077,0.86719
Angelique,S23,19,t19,-1.114,0.82031
Angelique,S23,20,t20,-1.1538,0.85156
Angelique,S23,21,t21,-1.2444,0.92969
Angelique,S23,22,t22,-1.3492,0.96094
Angelique,S23,23,t23,-1.3991,0.96094
Angelique,S23,24,t24,-1.3741,0.94531
Angelique,S23,25,t25,-1.3232,0.91406
Angelique,S23,26,t26,-1.2503,0.85156
Angelique,S23,27,t27,-1.1124,0.77344
Angelique,S23,28,t28,-0.9235,0.75781
Angelique,S23,29,t29,-0.7284,0.67969
Angelique,S23,30,t30,-0.5894,0.66406
Angelique,S23,31,t31,-0.5756,0.66406
Angelique,S23,32,t32,-0.6752,0.71094
Angelique,S23,33,t33,-0.7738,0.72656
Angelique,S23,34,t34,-0.7246,0.64844
Angelique,S23,35,t35,-0.5546,0.55469
Angelique,S23,36,t36,-0.4625,0.53906
Angelique,S23,37,t37,-0.5792,0.55469
Angelique,S23,38,t38,-0.7882,0.60156
Angelique,S23,39,t39,-0.9134,0.67969
Angelique,S23,40,t40,-0.9112,0.67969
Angelique,S23,41,t41,-0.849,0.66406
Angelique,S23,42,t42,-0.8323,0.60156
Angelique,S23,43,t43,-0.8979,0.63281
Angelique,S23,44,t44,-1.0008,0.78906
Angelique,S23,45,t45,-1.0606,0.80469
Angelique,S23,46,t46,-1.0613,0.83594
Angelique,S23,47,t47,-1.0505,0.80469
Angelique,S23,48,t48,-1.0667,0.85156
Angelique,S23,49,t49,-1.1272,0.88281
Angelique,S23,50,t50,-1.1779,0.94531
Angelique,S23,51,t51,-1.1624,0.97656
Angelique,S23,52,t52,-1.1253,0.92969
Angelique,S23,53,t53,-1.1336,0.91406
Angelique,S23,54,t54,-1.1921,0.91406
Angelique,S23,55,t55,-1.257,0.91406
Angelique,S23,56,t56,-1.302,0.92969
Angelique,S23,57,t57,-1.2975,0.89844
Angelique,S23,58,t58,-1.1943,0.86719
Angelique,S23,59,t59,-1.0829,0.82031
Angelique,S23,60,t60,-1.0024,0.78906
Angelique,S23,61,t61,-0.9123,0.69531
Angelique,S23,62,t62,-0.8871,0.67969
Angelique,S23,63,t63,-0.9246,0.72656
Angelique,S24,0,t00,-0.7677,0.69531
Angelique,S24,1,t01,-0.9858,0.75781
Angelique,S24,2,t02,-1.1528,0.86719
Angelique,S24,3,t03,-1.1022,0.82031
Angelique,S24,4,t04,-0.7891,0.69531
Angelique,S24,5,t05,-0.1618,0.52344
Angelique,S24,6,t06,0.4575,0.28906
Angelique,S24,7,t07,0.7142,0.24219
Angelique,S24,8,t08,0.7046,0.25781
Angelique,S24,9,t09,0.5236,0.30469
Angelique,S24,10,t10,0.1939,0.42969
Angelique,S24,11,t11,-0.2878,0.52344
Angelique,S24,12,t12,-0.6858,0.60156
Angelique,S24,13,t13,-0.8537,0.71094
Angelique,S24,14,t14,-1.0267,0.75781
Angelique,S24,15,t15,-1.1884,0.78906
Angelique,S24,16,t16,-1.2303,0.80469
Angelique,S24,17,t17,-1.2279,0.78906
Angelique,S24,18,t18,-1.309,0.86719
Angelique,S24,19,t19,-1.428,0.94531
Angelique,S24,20,t20,-1.4197,0.96094
Angelique,S24,21,t21,-1.2693,0.94531
Angelique,S24,22,t22,-1.0457,0.80469
Angelique,S24,23,t23,-0.8027,0.66406
Angelique,S24,24,t24,-0.5969,0.63281
Angelique,S24,25,t25,-0.5019,0.60156
Angelique,S24,26,t26,-0.5134,0.64844
Angelique,S24,27,t27,-0.4648,0.63281
Angelique,S24,28,t28,-0.3147,0.61719
Angelique,S24,29,t29,-0.1346,0.58594
Angelique,S24,30,t30,-0.0087,0.50781
Angelique,S24,31,t31,-0.0652,0.52344
Angelique,S24,32,t32,-0.3682,0.64844
Angelique,S24,33,t33,-0.7033,0.69531
Angelique,S24,34,t34,-0.8259,0.72656
Angelique,S24,35,t35,-0.6691,0.72656
Angelique,S24,36,t36,-0.384,0.72656
Angelique,S24,37,t37,-0.2678,0.66406
Angelique,S24,38,t38,-0.3386,0.64844
Angelique,S24,39,t39,-0.4485,0.67969
Angelique,S24,40,t40,-0.4888,0.61719
Angelique,S24,41,t41,-0.4623,0.53906
Angelique,S24,42,t42,-0.5332,0.58594
Angelique,S24,43,t43,-0.6894,0.67969
Angelique,S24,44,t44,-0.8125,0.72656
Angelique,S24,45,t45,-0.8649,0.72656
Angelique,S24,46,t46,-0.933,0.75781
Angelique,S24,47,t47,-1.0196,0.77344
Angelique,S24,48,t48,-1.0727,0.80469
Angelique,S24,49,t49,-1.0609,0.82031
Angelique,S24,50,t50,-0.9542,0.80469
Angelique,S24,51,t51,-0.8813,0.77344
Angelique,S24,52,t52,-0.9389,0.77344
Angelique,S24,53,t53,-0.9739,0.77344
Angelique,S24,54,t54,-0.854,0.71094
Angelique,S24,55,t55,-0.6922,0.66406
Angelique,S24,56,t56,-0.6841,0.72656
Angelique,S24,57,t57,-0.9271,0.75781
Angelique,S24,58,t58,-1.1808,0.89844
Angelique,S24,59,t59,-1.1112,0.89844
Angelique,S24,60,t60,-0.7734,0.55469
Angelique,S24,61,t61,-0.5848,0.52344
Angelique,S24,62,t62,-0.5978,0.55469
Angelique,S24,63,t63,-0.651,0.63281
Angelique,S25,0,t00,0.2478,0.35156
Angelique,S25,1,t01,0.2612,0.36719
Angelique,S25,2,t02,0.3124,0.35156
Angelique,S25,3,t03,0.4047,0.28906
Angelique,S25,4,t04,0.4696,0.28906
Angelique,S25,5,t05,0.4612,0.28906
Angelique,S25,6,t06,0.4424,0.28906
Angelique,S25,7,t07,0.4369,0.30469
Angelique,S25,8,t08,0.432,0.30469
Angelique,S25,9,t09,0.4605,0.32031
Angelique,S25,10,t10,0.532,0.28906
Angelique,S25,11,t11,0.5831,0.27344
Angelique,S25,12,t12,0.5923,0.28906
Angelique,S25,13,t13,0.6596,0.28906
Angelique,S25,14,t14,0.804,0.24219
Angelique,S25,15,t15,0.8651,0.24219
Angelique,S25,16,t16,0.793,0.27344
Angelique,S25,17,t17,0.6698,0.27344
Angelique,S25,18,t18,0.5744,0.27344
Angelique,S25,19,t19,0.5832,0.27344
Angelique,S25,20,t20,0.659,0.27344
Angelique,S25,21,t21,0.71,0.24219
Angelique,S25,22,t22,0.7779,0.22656
Angelique,S25,23,t23,0.9242,0.21094
Angelique,S25,24,t24,1.0227,0.16406
Angelique,S25,25,t25,0.9824,0.19531
Angelique,S25,26,t26,0.8613,0.21094
Angelique,S25,27,t27,0.7348,0.22656
Angelique,S25,28,t28,0.6736,0.22656
Angelique,S25,29,t29,0.6591,0.22656
Angelique,S25,30,t30,0.676,0.22656
Angelique,S25,31,t31,0.7761,0.21094
Angelique,S25,32,t32,0.9073,0.16406
Angelique,S25,33,t33,0.9278,0.16406
Angelique,S25,34,t34,0.8269,0.21094
Angelique,S25,35,t35,0.7005,0.22656
Angelique,S25,36,t36,0.6069,0.27344
Angelique,S25,37,t37,0.5304,0.27344
Angelique,S25,38,t38,0.4471,0.30469
Angelique,S25,39,t39,0.3877,0.30469
Angelique,S25,40,t40,0.3531,0.32031
Angelique,S25,41,t41,0.3163,0.32031
Angelique,S25,42,t42,0.2785,0.33594
Angelique,S25,43,t43,0.2641,0.35156
Angelique,S25,44,t44,0.2939,0.35156
Angelique,S25,45,t45,0.3573,0.32031
Angelique,S25,46,t46,0.3934,0.32031
Angelique,S25,47,t47,0.3653,0.30469
Angelique,S25,48,t48,0.287,0.30469
Angelique,S25,49,t49,0.1805,0.35156
Angelique,S25,50,t50,0.1028,0.41406
Angelique,S25,51,t51,0.0799,0.46094
Angelique,S25,52,t52,0.1081,0.44531
Angelique,S25,53,t53,0.1919,0.44531
Angelique,S25,54,t54,0.2436,0.39844
Angelique,S25,55,t55,0.2732,0.38281
Angelique,S25,56,t56,0.3416,0.35156
Angelique,S25,57,t57,0.3821,0.33594
Angelique,S25,58,t58,0.3526,0.30469
Angelique,S25,59,t59,0.2939,0.28906
Angelique,S25,60,t60,0.2594,0.30469
Angelique,S25,61,t61,0.2517,0.33594
Angelique,S25,62,t62,0.219,0.35156
Angelique,S25,63,t63,0.1468,0.38281
Angelique,S26,0,t00,1.6728,0.05469
Angelique,S26,1,t01,1.5496,0.08594
Angelique,S26,2,t02,1.4599,0.08594
Angelique,S26,3,t03,1.2753,0.13281
Angelique,S26,4,t04,1.0958,0.17969
Angelique,S26,5,t05,0.9405,0.22656
Angelique,S26,6,t06,0.7299,0.27344
Angelique,S26,7,t07,0.6899,0.25781
Angelique,S26,8,t08,0.9456,0.17969
Angelique,S26,9,t09,1.219,0.11719
Angelique,S26,10,t10,1.3931,0.10156
Angelique,S26,11,t11,1.4893,0.08594
Angelique,S26,12,t12,1.5178,0.07031
Angelique,S26,13,t13,1.332,0.10156
Angelique,S26,14,t14,0.531,0.28906
Angelique,S26,15,t15,-0.3673,0.61719
Angelique,S26,16,t16,-0.2941,0.60156
Angelique,S26,17,t17,0.4962,0.32031
Angelique,S26,18,t18,1.356,0.10156
Angelique,S26,19,t19,1.5225,0.03906
Angelique,S26,20,t20,1.3831,0.07031
Angelique,S26,21,t21,1.2957,0.11719
Angelique,S26,22,t22,1.4148,0.10156
Angelique,S26,23,t23,1.6397,0.03906
Angelique,S26,24,t24,1.7707,0.02344
Angelique,S26,25,t25,1.8431,0.02344
Angelique,S26,26,t26,1.9104,0.02344
Angelique,S26,27,t27,1.9568,0.00781
Angelique,S26,28,t28,1.9404,0.02344
Angelique,S26,29,t29,1.9081,0.02344
Angelique,S26,30,t30,1.8651,0.03906
Angelique,S26,31,t31,1.6796,0.05469
Angelique,S26,32,t32,0.9129,0.16406
Angelique,S26,33,t33,0.1737,0.44531
Angelique,S26,34,t34,-0.0665,0.53906
Angelique,S26,35,t35,-0.0545,0.52344
Angelique,S26,36,t36,-0.1134,0.55469
Angelique,S26,37,t37,-0.1024,0.52344
Angelique,S26,38,t38,0.1563,0.42969
Angelique,S26,39,t39,0.4085,0.36719
Angelique,S26,40,t40,0.2418,0.36719
Angelique,S26,41,t41,-0.4561,0.66406
Angelique,S26,42,t42,-0.5376,0.69531
Angelique,S26,43,t43,-0.0685,0.52344
Angelique,S26,44,t44,0.2416,0.42969
Angelique,S26,45,t45,0.5576,0.32031
Angelique,S26,46,t46,1.0853,0.13281
Angelique,S26,47,t47,1.3544,0.10156
Angelique,S26,48,t48,1.3044,0.11719
Angelique,S26,49,t49,1.354,0.11719
Angelique,S26,50,t50,1.4543,0.07031
Angelique,S26,51,t51,1.5939,0.03906
Angelique,S26,52,t52,1.6686,0.05469
Angelique,S26,53,t53,1.6384,0.05469
Angelique,S26,54,t54,1.7595,0.03906
Angelique,S26,55,t55,2.1269,0.00781
Angelique,S26,56,t56,2.3544,0.00781
Angelique,S26,57,t57,2.2805,0.00781
Angelique,S26,58,t58,2.0551,0.00781
Angelique,S26,59,t59,1.8841,0.00781
Angelique,S26,60,t60,1.8995,0.00781
Angelique,S26,61,t61,2.0011,0.00781
Angelique,S26,62,t62,2.0349,0.00781
Angelique,S26,63,t63,1.9022,0.00781
Angelique,S27,0,t00,0.4668,0.27344
Angelique,S27,1,t01,0.4496,0.28906
Angelique,S27,2,t02,0.6775,0.25781
Angelique,S27,3,t03,0.9127,0.21094
Angelique,S27,4,t04,0.9664,0.16406
Angelique,S27,5,t05,1.0237,0.14844
Angelique,S27,6,t06,1.1398,0.14844
Angelique,S27,7,t07,1.2005,0.13281
Angelique,S27,8,t08,1.1124,0.14844
Angelique,S27,9,t09,0.9823,0.21094
Angelique,S27,10,t10,0.9092,0.19531
Angelique,S27,11,t11,0.875,0.24219
Angelique,S27,12,t12,0.8888,0.21094
Angelique,S27,13,t13,1.0127,0.16406
Angelique,S27,14,t14,1.0705,0.16406
Angelique,S27,15,t15,0.8738,0.22656
Angelique,S27,16,t16,0.6732,0.25781
Angelique,S27,17,t17,0.6316,0.28906
Angelique,S27,18,t18,0.856,0.22656
Angelique,S27,19,t19,1.2809,0.13281
Angelique,S27,20,t20,1.5841,0.08594
Angelique,S27,21,t21,1.7238,0.03906
Angelique,S27,22,t22,1.7936,0.03906
Angelique,S27,23,t23,1.8131,0.02344
Angelique,S27,24,t24,1.8342,0.02344
Angelique,S27,25,t25,1.8395,0.02344
Angelique,S27,26,t26,1.8344,0.02344
Angelique,S27,27,t27,1.78,0.00781
Angelique,S27,28,t28,1.6698,0.00781
Angelique,S27,29,t29,1.5511,0.03906
Angelique,S27,30,t30,1.5372,0.03906
Angelique,S27,31,t31,1.5816,0.03906
Angelique,S27,32,t32,1.5174,0.07031
Angelique,S27,33,t33,1.3249,0.10156
Angelique,S27,34,t34,1.1665,0.14844
Angelique,S27,35,t35,1.1037,0.17969
Angelique,S27,36,t36,1.052,0.17969
Angelique,S27,37,t37,0.9791,0.24219
Angelique,S27,38,t38,0.8745,0.28906
Angelique,S27,39,t39,0.8259,0.36719
Angelique,S27,40,t40,0.8786,0.28906
Angelique,S27,41,t41,0.8495,0.25781
Angelique,S27,42,t42,0.7271,0.25781
Angelique,S27,43,t43,0.6479,0.27344
Angelique,S27,44,t44,0.7468,0.27344
Angelique,S27,45,t45,1.0585,0.16406
Angelique,S27,46,t46,1.3149,0.10156
Angelique,S27,47,t47,1.3552,0.10156
Angelique,S27,48,t48,1.2996,0.11719
Angelique,S27,49,t49,1.1928,0.14844
Angelique,S27,50,t50,1.0202,0.14844
Angelique,S27,51,t51,1.009,0.16406
Angelique,S27,52,t52,1.3319,0.10156
Angelique,S27,53,t53,1.4966,0.07031
Angelique,S27,54,t54,1.2823,0.10156
Angelique,S27,55,t55,0.9515,0.17969
Angelique,S27,56,t56,0.5084,0.27344
Angelique,S27,57,t57,0.1545,0.42969
Angelique,S27,58,t58,0.1076,0.46094
Angelique,S27,59,t59,0.2346,0.42969
Angelique,S27,60,t60,0.3022,0.38281
Angelique,S27,61,t61,0.3544,0.35156
Angelique,S27,62,t62,0.4432,0.30469
Angelique,S27,63,t63,0.5161,0.28906
Angelique,S28,0,t00,-0.5847,0.71094
Angelique,S28,1,t01,-0.3996,0.67969
Angelique,S28,2,t02,-0.2802,0.63281
Angelique,S28,3,t03,-0.2242,0.58594
Angelique,S28,4,t04,-0.1917,0.57031
Angelique,S28,5,t05,-0.1672,0.57031
Angelique,S28,6,t06,-0.1441,0.57031
Angelique,S28,7,t07,-0.1025,0.55469
Angelique,S28,8,t08,-0.089,0.53906
Angelique,S28,9,t09,-0.1634,0.57031
Angelique,S28,10,t10,-0.3079,0.60156
Angelique,S28,11,t11,-0.4598,0.67969
Angelique,S28,12,t12,-0.5688,0.71094
Angelique,S28,13,t13,-0.5946,0.72656
Angelique,S28,14,t14,-0.5467,0.72656
Angelique,S28,15,t15,-0.4555,0.72656
Angelique,S28,16,t16,-0.3401,0.71094
Angelique,S28,17,t17,-0.2342,0.64844
Angelique,S28,18,t18,-0.1356,0.60156
Angelique,S28,19,t19,-0.0442,0.55469
Angelique,S28,20,t20,-0.0123,0.52344
Angelique,S28,21,t21,-0.042,0.53906
Angelique,S28,22,t22,-0.0423,0.53906
Angelique,S28,23,t23,0.0007,0.49219
Angelique,S28,24,t24,0.0024,0.49219
Angelique,S28,25,t25,-0.0284,0.52344
Angelique,S28,26,t26,-0.0443,0.53906
Angelique,S28,27,t27,-0.0519,0.55469
Angelique,S28,28,t28,-0.065,0.53906
Angelique,S28,29,t29,-0.0659,0.55469
Angelique,S28,30,t30,-0.0546,0.53906
Angelique,S28,31,t31,-0.0781,0.52344
Angelique,S28,32,t32,-0.159,0.53906
Angelique,S28,33,t33,-0.2585,0.58594
Angelique,S28,34,t34,-0.3353,0.64844
Angelique,S28,35,t35,-0.4026,0.71094
Angelique,S28,36,t36,-0.5011,0.74219
Angelique,S28,37,t37,-0.5926,0.72656
Angelique,S28,38,t38,-0.5151,0.67969
Angelique,S28,39,t39,-0.2546,0.61719
Angelique,S28,40,t40,-0.0624,0.50781
Angelique,S28,41,t41,-0.0564,0.50781
Angelique,S28,42,t42,-0.1209,0.55469
Angelique,S28,43,t43,-0.1914,0.58594
Angelique,S28,44,t44,-0.2418,0.58594
Angelique,S28,45,t45,-0.1918,0.57031
Angelique,S28,46,t46,-0.0472,0.53906
Angelique,S28,47,t47,0.1243,0.41406
Angelique,S28,48,t48,0.2721,0.33594
Angelique,S28,49,t49,0.3638,0.33594
Angelique,S28,50,t50,0.4202,0.33594
Angelique,S28,51,t51,0.496,0.30469
Angelique,S28,52,t52,0.5879,0.27344
Angelique,S28,53,t53,0.6774,0.25781
Angelique,S28,54,t54,0.7918,0.19531
Angelique,S28,55,t55,0.8056,0.22656
Angelique,S28,56,t56,0.07,0.47656
Angelique,S28,57,t57,-1.0363,0.82031
Angelique,S28,58,t58,-1.4257,0.89844
Angelique,S28,59,t59,-1.5311,0.92969
Angelique,S28,60,t60,-1.5111,0.91406
Angelique,S28,61,t61,-1.3848,0.91406
Angelique,S28,62,t62,-1.1689,0.88281
Angelique,S28,63,t63,-0.9067,0.78906
Angelique,S29,0,t00,-0.6076,0.69531
Angelique,S29,1,t01,-0.6475,0.72656
Angelique,S29,2,t02,-0.7404,0.75781
Angelique,S29,3,t03,-0.8424,0.80469
Angelique,S29,4,t04,-0.9238,0.80469
Angelique,S29,5,t05,-0.9743,0.78906
Angelique,S29,6,t06,-0.9876,0.78906
Angelique,S29,7,t07,-0.9492,0.77344
Angelique,S29,8,t08,-0.8551,0.77344
Angelique,S29,9,t09,-0.7104,0.75781
Angelique,S29,10,t10,-0.5225,0.69531
Angelique,S29,11,t11,-0.2912,0.60156
Angelique,S29,12,t12,-0.088,0.53906
Angelique,S29,13,t13,-0.0027,0.52344
Angelique,S29,14,t14,-0.0178,0.50781
Angelique,S29,15,t15,-0.1052,0.52344
Angelique,S29,16,t16,-0.237,0.53906
Angelique,S29,17,t17,-0.3719,0.61719
Angelique,S29,18,t18,-0.5064,0.67969
Angelique,S29,19,t19,-0.643,0.72656
Angelique,S29,20,t20,-0.7777,0.75781
Angelique,S29,21,t21,-0.922,0.78906
Angelique,S29,22,t22,-1.0944,0.83594
Angelique,S29,23,t23,-1.2833,0.85156
Angelique,S29,24,t24,-1.4444,0.91406
Angelique,S29,25,t25,-1.5232,0.96094
Angelique,S29,26,t26,-1.5408,0.97656
Angelique,S29,27,t27,-1.5194,0.97656
Angelique,S29,28,t28,-1.4227,0.89844
Angelique,S29,29,t29,-1.2558,0.86719
Angelique,S29,30,t30,-1.0077,0.86719
Angelique,S29,31,t31,-0.6723,0.74219
Angelique,S29,32,t32,-0.3047,0.61719
Angelique,S29,33,t33,0.0272,0.47656
Angelique,S29,34,t34,0.2852,0.38281
Angelique,S29,35,t35,0.4274,0.35156
Angelique,S29,36,t36,0.4482,0.32031
Angelique,S29,37,t37,0.4061,0.32031
Angelique,S29,38,t38,0.3404,0.35156
Angelique,S29,39,t39,0.2784,0.41406
Angelique,S29,40,t40,0.2758,0.39844
Angelique,S29,41,t41,0.3892,0.32031
Angelique,S29,42,t42,0.5788,0.28906
Angelique,S29,43,t43,0.6934,0.24219
Angelique,S29,44,t44,0.6009,0.28906
Angelique,S29,45,t45,0.1261,0.42969
Angelique,S29,46,t46,-0.4536,0.64844
Angelique,S29,47,t47,-0.7064,0.69531
Angelique,S29,48,t48,-0.7158,0.74219
Angelique,S29,49,t49,-0.6371,0.74219
Angelique,S29,50,t50,-0.6019,0.71094
Angelique,S29,51,t51,-0.6625,0.67969
Angelique,S29,52,t52,-0.7652,0.75781
Angelique,S29,53,t53,-0.8553,0.78906
Angelique,S29,54,t54,-0.9386,0.83594
Angelique,S29,55,t55,-1.008,0.83594
Angelique,S29,56,t56,-1.0208,0.80469
Angelique,S29,57,t57,-0.9563,0.80469
Angelique,S29,58,t58,-0.8599,0.75781
Angelique,S29,59,t59,-0.8113,0.75781
Angelique,S29,60,t60,-0.8159,0.77344
Angelique,S29,61,t61,-0.837,0.75781
Angelique,S29,62,t62,-0.8275,0.77344
Angelique,S29,63,t63,-0.8097,0.75781
Angelique,S31,0,t00,0.4509,0.41406
Angelique,S31,1,t01,0.5381,0.33594
Angelique,S31,2,t02,0.6879,0.25781
Angelique,S31,3,t03,0.8842,0.16406
Angelique,S31,4,t04,1.024,0.14844
Angelique,S31,5,t05,1.107,0.14844
Angelique,S31,6,t06,1.1927,0.13281
Angelique,S31,7,t07,1.2823,0.11719
Angelique,S31,8,t08,1.3281,0.11719
Angelique,S31,9,t09,1.3171,0.11719
Angelique,S31,10,t10,1.2605,0.11719
Angelique,S31,11,t11,1.159,0.11719
Angelique,S31,12,t12,1.038,0.13281
Angelique,S31,13,t13,1.0369,0.17969
Angelique,S31,14,t14,1.1688,0.13281
Angelique,S31,15,t15,1.3662,0.10156
Angelique,S31,16,t16,1.6116,0.03906
Angelique,S31,17,t17,1.8655,0.02344
Angelique,S31,18,t18,2.0207,0.02344
Angelique,S31,19,t19,2.0109,0.02344
Angelique,S31,20,t20,1.8408,0.02344
Angelique,S31,21,t21,1.5966,0.05469
Angelique,S31,22,t22,1.4438,0.08594
Angelique,S31,23,t23,1.38,0.08594
Angelique,S31,24,t24,1.2468,0.10156
Angelique,S31,25,t25,0.9732,0.17969
Angelique,S31,26,t26,0.6971,0.27344
Angelique,S31,27,t27,0.5393,0.32031
Angelique,S31,28,t28,0.5074,0.33594
Angelique,S31,29,t29,0.5853,0.28906
Angelique,S31,30,t30,0.741,0.27344
Angelique,S31,31,t31,0.9349,0.13281
Angelique,S31,32,t32,1.091,0.14844
Angelique,S31,33,t33,1.1641,0.13281
Angelique,S31,34,t34,1.1913,0.13281
Angelique,S31,35,t35,1.1586,0.16406
Angelique,S31,36,t36,1.0682,0.17969
Angelique,S31,37,t37,1.017,0.19531
Angelique,S31,38,t38,1.1038,0.14844
Angelique,S31,39,t39,1.3009,0.11719
Angelique,S31,40,t40,1.4072,0.10156
Angelique,S31,41,t41,1.3884,0.08594
Angelique,S31,42,t42,1.3293,0.08594
Angelique,S31,43,t43,1.2217,0.11719
Angelique,S31,44,t44,1.0251,0.13281
Angelique,S31,45,t45,0.7906,0.24219
Angelique,S31,46,t46,0.5518,0.32031
Angelique,S31,47,t47,0.3404,0.38281
Angelique,S31,48,t48,0.2204,0.39844
Angelique,S31,49,t49,0.2157,0.42969
Angelique,S31,50,t50,0.2532,0.39844
Angelique,S31,51,t51,0.2988,0.36719
Angelique,S31,52,t52,0.3597,0.36719
Angelique,S31,53,t53,0.3431,0.35156
Angelique,S31,54,t54,0.1877,0.44531
Angelique,S31,55,t55,0.0158,0.49219
Angelique,S31,56,t56,-0.105,0.53906
Angelique,S31,57,t57,-0.2158,0.55469
Angelique,S31,58,t58,-0.3191,0.63281
Angelique,S31,59,t59,-0.4026,0.63281
Angelique,S31,60,t60,-0.4329,0.66406
Angelique,S31,61,t61,-0.3239,0.61719
Angelique,S31,62,t62,-0.0336,0.50781
Angelique,S31,63,t63,0.274,0.42969
Angelique,S32,0,t00,-0.1629,0.52344
Angelique,S32,1,t01,-0.2606,0.57031
Angelique,S32,2,t02,-0.3708,0.60156
Angelique,S32,3,t03,-0.4481,0.66406
Angelique,S32,4,t04,-0.4612,0.67969
Angelique,S32,5,t05,-0.4596,0.72656
Angelique,S32,6,t06,-0.5326,0.74219
Angelique,S32,7,t07,-0.7554,0.74219
Angelique,S32,8,t08,-1.1207,0.82031
Angelique,S32,9,t09,-1.4973,0.91406
Angelique,S32,10,t10,-1.7415,0.96094
Angelique,S32,11,t11,-1.8017,0.97656
Angelique,S32,12,t12,-1.7403,0.96094
Angelique,S32,13,t13,-1.6585,0.94531
Angelique,S32,14,t14,-1.6112,0.92969
Angelique,S32,15,t15,-1.605,0.92969
Angelique,S32,16,t16,-1.624,0.94531
Angelique,S32,17,t17,-1.6475,0.94531
Angelique,S32,18,t18,-1.6757,0.94531
Angelique,S32,19,t19,-1.7244,0.96094
Angelique,S32,20,t20,-1.7016,0.94531
Angelique,S32,21,t21,-1.2738,0.88281
Angelique,S32,22,t22,-0.2204,0.66406
Angelique,S32,23,t23,0.5393,0.27344
Angelique,S32,24,t24,0.687,0.28906
Angelique,S32,25,t25,0.6264,0.27344
Angelique,S32,26,t26,0.5908,0.25781
Angelique,S32,27,t27,0.5951,0.25781
Angelique,S32,28,t28,0.6206,0.25781
Angelique,S32,29,t29,0.629,0.28906
Angelique,S32,30,t30,0.5616,0.30469
Angelique,S32,31,t31,0.4335,0.38281
Angelique,S32,32,t32,0.3158,0.42969
Angelique,S32,33,t33,0.229,0.42969
Angelique,S32,34,t34,0.1636,0.42969
Angelique,S32,35,t35,0.1084,0.44531
Angelique,S32,36,t36,0.0793,0.47656
Angelique,S32,37,t37,0.1314,0.46094
Angelique,S32,38,t38,0.2819,0.38281
Angelique,S32,39,t39,0.4427,0.33594
Angelique,S32,40,t40,0.4392,0.33594
Angelique,S32,41,t41,0.1959,0.41406
Angelique,S32,42,t42,-0.18,0.57031
Angelique,S32,43,t43,-0.5908,0.71094
Angelique,S32,44,t44,-0.943,0.80469
Angelique,S32,45,t45,-1.1899,0.86719
Angelique,S32,46,t46,-1.3566,0.91406
Angelique,S32,47,t47,-1.4548,0.92969
Angelique,S32,48,t48,-1.5216,0.94531
Angelique,S32,49,t49,-1.6286,0.94531
Angelique,S32,50,t50,-1.7747,0.97656
Angelique,S32,51,t51,-1.8065,0.97656
Angelique,S32,52,t52,-1.6005,0.92969
Angelique,S32,53,t53,-1.1625,0.85156
Angelique,S32,54,t54,-0.5609,0.71094
Angelique,S32,55,t55,-0.019,0.52344
Angelique,S32,56,t56,0.2838,0.36719
Angelique,S32,57,t57,0.3829,0.35156
Angelique,S32,58,t58,0.4049,0.35156
Angelique,S32,59,t59,0.4293,0.38281
Angelique,S32,60,t60,0.4244,0.36719
Angelique,S32,61,t61,0.3247,0.38281
Angelique,S32,62,t62,0.1568,0.44531
Angelique,S32,63,t63,0.0084,0.49219
Angelique,S33,0,t00,1.2893,0.14844
Angelique,S33,1,t01,1.2918,0.14844
Angelique,S33,2,t02,1.3015,0.13281
Angelique,S33,3,t03,1.3015,0.11719
Angelique,S33,4,t04,1.2689,0.13281
Angelique,S33,5,t05,1.2007,0.14844
Angelique,S33,6,t06,1.1232,0.14844
Angelique,S33,7,t07,1.0649,0.14844
Angelique,S33,8,t08,1.0278,0.14844
Angelique,S33,9,t09,0.9941,0.14844
Angelique,S33,10,t10,0.951,0.16406
Angelique,S33,11,t11,0.9044,0.17969
Angelique,S33,12,t12,0.8747,0.19531
Angelique,S33,13,t13,0.8787,0.19531
Angelique,S33,14,t14,0.9154,0.19531
Angelique,S33,15,t15,0.9642,0.16406
Angelique,S33,16,t16,0.9968,0.14844
Angelique,S33,17,t17,1.006,0.14844
Angelique,S33,18,t18,1.0117,0.13281
Angelique,S33,19,t19,1.0308,0.13281
Angelique,S33,20,t20,1.0541,0.13281
Angelique,S33,21,t21,1.0596,0.13281
Angelique,S33,22,t22,1.0511,0.13281
Angelique,S33,23,t23,1.0574,0.13281
Angelique,S33,24,t24,1.0717,0.13281
Angelique,S33,25,t25,1.0719,0.13281
Angelique,S33,26,t26,1.0626,0.14844
Angelique,S33,27,t27,1.0487,0.13281
Angelique,S33,28,t28,1.0316,0.16406
Angelique,S33,29,t29,1.0317,0.16406
Angelique,S33,30,t30,1.0635,0.14844
Angelique,S33,31,t31,1.1016,0.14844
Angelique,S33,32,t32,1.1158,0.14844
Angelique,S33,33,t33,1.1141,0.16406
Angelique,S33,34,t34,1.1122,0.14844
Angelique,S33,35,t35,1.107,0.14844
Angelique,S33,36,t36,1.0917,0.14844
Angelique,S33,37,t37,1.071,0.13281
Angelique,S33,38,t38,1.0561,0.13281
Angelique,S33,39,t39,1.0554,0.13281
Angelique,S33,40,t40,1.0781,0.13281
Angelique,S33,41,t41,1.1165,0.13281
Angelique,S33,42,t42,1.1564,0.13281
Angelique,S33,43,t43,1.2111,0.13281
Angelique,S33,44,t44,1.2936,0.13281
Angelique,S33,45,t45,1.3749,0.11719
Angelique,S33,46,t46,1.4154,0.08594
Angelique,S33,47,t47,1.4189,0.07031
Angelique,S33,48,t48,1.4166,0.07031
Angelique,S33,49,t49,1.4192,0.05469
Angelique,S33,50,t50,1.4127,0.03906
Angelique,S33,51,t51,1.3859,0.03906
Angelique,S33,52,t52,1.354,0.08594
Angelique,S33,53,t53,1.3402,0.11719
Angelique,S33,54,t54,1.3462,0.10156
Angelique,S33,55,t55,1.3672,0.08594
Angelique,S33,56,t56,1.3896,0.08594
Angelique,S33,57,t57,1.401,0.08594
Angelique,S33,58,t58,1.402,0.08594
Angelique,S33,59,t59,1.3943,0.08594
Angelique,S33,60,t60,1.3775,0.08594
Angelique,S33,61,t61,1.358,0.08594
Angelique,S33,62,t62,1.3445,0.10156
Angelique,S33,63,t63,1.338,0.10156
Angelique,S34,0,t00,-0.5596,0.69531
Angelique,S34,1,t01,-0.6434,0.74219
Angelique,S34,2,t02,-0.6811,0.75781
Angelique,S34,3,t03,-0.5694,0.72656
Angelique,S34,4,t04,-0.3469,0.64844
Angelique,S34,5,t05,-0.2065,0.55469
Angelique,S34,6,t06,-0.2144,0.55469
Angelique,S34,7,t07,-0.1925,0.55469
Angelique,S34,8,t08,0.0157,0.49219
Angelique,S34,9,t09,0.227,0.41406
Angelique,S34,10,t10,0.214,0.44531
Angelique,S34,11,t11,0.0691,0.46094
Angelique,S34,12,t12,-0.0839,0.53906
Angelique,S34,13,t13,-0.2519,0.60156
Angelique,S34,14,t14,-0.4178,0.63281
Angelique,S34,15,t15,-0.5205,0.67969
Angelique,S34,16,t16,-0.53,0.63281
Angelique,S34,17,t17,-0.4052,0.64844
Angelique,S34,18,t18,-0.2206,0.53906
Angelique,S34,19,t19,-0.1949,0.53906
Angelique,S34,20,t20,-0.3446,0.64844
Angelique,S34,21,t21,-0.414,0.64844
Angelique,S34,22,t22,-0.3408,0.58594
Angelique,S34,23,t23,-0.3083,0.57031
Angelique,S34,24,t24,-0.3889,0.57031
Angelique,S34,25,t25,-0.5196,0.67969
Angelique,S34,26,t26,-0.686,0.74219
Angelique,S34,27,t27,-0.7013,0.72656
Angelique,S34,28,t28,-0.2127,0.58594
Angelique,S34,29,t29,0.0965,0.46094
Angelique,S34,30,t30,-0.0614,0.53906
Angelique,S34,31,t31,-0.286,0.60156
Angelique,S34,32,t32,-0.4229,0.64844
Angelique,S34,33,t33,-0.5654,0.72656
Angelique,S34,34,t34,-0.7614,0.77344
Angelique,S34,35,t35,-0.8625,0.78906
Angelique,S34,36,t36,-0.7588,0.75781
Angelique,S34,37,t37,-0.6724,0.74219
Angelique,S34,38,t38,-1.0639,0.83594
Angelique,S34,39,t39,-1.6369,0.96094
Angelique,S34,40,t40,-1.8508,0.99219
Angelique,S34,41,t41,-1.7218,0.96094
Angelique,S34,42,t42,-1.5222,0.94531
Angelique,S34,43,t43,-1.4838,0.92969
Angelique,S34,44,t44,-1.6476,0.96094
Angelique,S34,45,t45,-1.9674,0.99219
Angelique,S34,46,t46,-2.1258,0.99219
Angelique,S34,47,t47,-2.0854,0.99219
Angelique,S34,48,t48,-2.0762,0.99219
Angelique,S34,49,t49,-2.0455,0.99219
Angelique,S34,50,t50,-2.0182,0.99219
Angelique,S34,51,t51,-2.1129,0.99219
Angelique,S34,52,t52,-1.2613,0.88281
Angelique,S34,53,t53,-0.1064,0.60156
Angelique,S34,54,t54,-0.0654,0.52344
Angelique,S34,55,t55,-0.2661,0.58594
Angelique,S34,56,t56,-0.3359,0.63281
Angelique,S34,57,t57,-0.2052,0.57031
Angelique,S34,58,t58,-0.1571,0.53906
Angelique,S34,59,t59,-0.2292,0.55469
Angelique,S34,60,t60,-0.2867,0.61719
Angelique,S34,61,t61,-0.3778,0.60156
Angelique,S34,62,t62,-0.4844,0.66406
Angelique,S34,63,t63,-0.5362,0.64844
Angelique,S35,0,t00,-0.182,0.53906
Angelique,S35,1,t01,-0.3638,0.66406
Angelique,S35,2,t02,-0.708,0.67969
Angelique,S35,3,t03,-1.2424,0.88281
Angelique,S35,4,t04,-1.7242,0.94531
Angelique,S35,5,t05,-2.0746,0.99219
Angelique,S35,6,t06,-2.3265,0.99219
Angelique,S35,7,t07,-1.8987,0.97656
Angelique,S35,8,t08,-1.1753,0.86719
Angelique,S35,9,t09,-0.9096,0.82031
Angelique,S35,10,t10,-1.1042,0.85156
Angelique,S35,11,t11,-1.4318,0.88281
Angelique,S35,12,t12,-1.6723,0.96094
Angelique,S35,13,t13,-1.8622,0.96094
Angelique,S35,14,t14,-2.0569,0.99219
Angelique,S35,15,t15,-2.1567,0.99219
Angelique,S35,16,t16,-2.1312,0.99219
Angelique,S35,17,t17,-2.0701,0.99219
Angelique,S35,18,t18,-1.922,0.99219
Angelique,S35,19,t19,-1.521,0.92969
Angelique,S35,20,t20,-1.1629,0.86719
Angelique,S35,21,t21,-1.0924,0.83594
Angelique,S35,22,t22,-1.3266,0.89844
Angelique,S35,23,t23,-1.5233,0.97656
Angelique,S35,24,t24,-1.4931,0.94531
Angelique,S35,25,t25,-1.4928,0.92969
Angelique,S35,26,t26,-1.6075,0.94531
Angelique,S35,27,t27,-1.6363,0.94531
Angelique,S35,28,t28,-1.5034,0.92969
Angelique,S35,29,t29,-1.1343,0.85156
Angelique,S35,30,t30,-0.7965,0.80469
Angelique,S35,31,t31,-0.5384,0.66406
Angelique,S35,32,t32,-0.3023,0.58594
Angelique,S35,33,t33,-0.2275,0.58594
Angelique,S35,34,t34,-0.2431,0.60156
Angelique,S35,35,t35,-0.1902,0.55469
Angelique,S35,36,t36,-0.2781,0.61719
Angelique,S35,37,t37,-0.5192,0.71094
Angelique,S35,38,t38,-0.7294,0.74219
Angelique,S35,39,t39,-1.0,0.80469
Angelique,S35,40,t40,-1.422,0.92969
Angelique,S35,41,t41,-1.8675,0.99219
Angelique,S35,42,t42,-1.9296,0.99219
Angelique,S35,43,t43,-1.5783,0.91406
Angelique,S35,44,t44,-1.0637,0.83594
Angelique,S35,45,t45,-0.5983,0.69531
Angelique,S35,46,t46,-0.3123,0.60156
Angelique,S35,47,t47,-0.2563,0.58594
Angelique,S35,48,t48,-0.4057,0.63281
Angelique,S35,49,t49,-0.729,0.74219
Angelique,S35,50,t50,-1.1674,0.88281
Angelique,S35,51,t51,-1.4781,0.94531
Angelique,S35,52,t52,-1.4486,0.92969
Angelique,S35,53,t53,-0.8363,0.78906
Angelique,S35,54,t54,0.0192,0.49219
Angelique,S35,55,t55,0.2952,0.39844
Angelique,S35,56,t56,0.2469,0.44531
Angelique,S35,57,t57,0.2307,0.47656
Angelique,S35,58,t58,0.4068,0.39844
Angelique,S35,59,t59,0.5718,0.28906
Angelique,S35,60,t60,0.5946,0.28906
Angelique,S35,61,t61,0.5429,0.30469
Angelique,S35,62,t62,0.369,0.39844
Angelique,S35,63,t63,0.0689,0.46094
Angelique,S37,0,t00,0.5995,0.27344
Angelique,S37,1,t01,0.4715,0.38281
Angelique,S37,2,t02,0.2377,0.42969
Angelique,S37,3,t03,0.0242,0.46094
Angelique,S37,4,t04,-0.0854,0.57031
Angelique,S37,5,t05,-0.1553,0.58594
Angelique,S37,6,t06,-0.0978,0.52344
Angelique,S37,7,t07,0.2171,0.46094
Angelique,S37,8,t08,0.5251,0.32031
Angelique,S37,9,t09,0.4587,0.41406
Angelique,S37,10,t10,0.2241,0.44531
Angelique,S37,11,t11,0.0192,0.47656
Angelique,S37,12,t12,-0.0951,0.52344
Angelique,S37,13,t13,-0.0748,0.50781
Angelique,S37,14,t14,0.0881,0.44531
Angelique,S37,15,t15,0.3331,0.35156
Angelique,S37,16,t16,0.5363,0.27344
Angelique,S37,17,t17,0.5546,0.35156
Angelique,S37,18,t18,0.4074,0.38281
Angelique,S37,19,t19,0.2511,0.39844
Angelique,S37,20,t20,0.1908,0.41406
Angelique,S37,21,t21,0.1923,0.39844
Angelique,S37,22,t22,0.1419,0.46094
Angelique,S37,23,t23,-0.0037,0.50781
Angelique,S37,24,t24,-0.221,0.58594
Angelique,S37,25,t25,-0.4674,0.66406
Angelique,S37,26,t26,-0.6499,0.72656
Angelique,S37,27,t27,-0.6697,0.72656
Angelique,S37,28,t28,-0.5363,0.71094
Angelique,S37,29,t29,-0.3828,0.67969
Angelique,S37,30,t30,-0.306,0.63281
Angelique,S37,31,t31,-0.2595,0.58594
Angelique,S37,32,t32,-0.1772,0.57031
Angelique,S37,33,t33,-0.0863,0.52344
Angelique,S37,34,t34,-0.0426,0.53906
Angelique,S37,35,t35,-0.0428,0.52344
Angelique,S37,36,t36,-0.0558,0.55469
Angelique,S37,37,t37,-0.0302,0.50781
Angelique,S37,38,t38,0.0761,0.46094
Angelique,S37,39,t39,0.1212,0.46094
Angelique,S37,40,t40,-0.1268,0.55469
Angelique,S37,41,t41,-0.4996,0.67969
Angelique,S37,42,t42,-0.6617,0.67969
Angelique,S37,43,t43,-0.5924,0.66406
Angelique,S37,44,t44,-0.3624,0.63281
Angelique,S37,45,t45,-0.2317,0.58594
Angelique,S37,46,t46,-0.1972,0.58594
Angelique,S37,47,t47,-0.1399,0.57031
Angelique,S37,48,t48,-0.0762,0.52344
Angelique,S37,49,t49,-0.0854,0.52344
Angelique,S37,50,t50,-0.1782,0.55469
Angelique,S37,51,t51,-0.3063,0.61719
Angelique,S37,52,t52,-0.4022,0.63281
Angelique,S37,53,t53,-0.4234,0.64844
Angelique,S37,54,t54,-0.3684,0.61719
Angelique,S37,55,t55,-0.2579,0.58594
Angelique,S37,56,t56,-0.1332,0.55469
Angelique,S37,57,t57,-0.0472,0.52344
Angelique,S37,58,t58,-0.0041,0.52344
Angelique,S37,59,t59,0.0663,0.46094
Angelique,S37,60,t60,0.2127,0.44531
Angelique,S37,61,t61,0.3798,0.36719
Angelique,S37,62,t62,0.4968,0.32031
Angelique,S37,63,t63,0.5646,0.25781
Angelique,S38,0,t00,0.3705,0.41406
Angelique,S38,1,t01,0.2614,0.42969
Angelique,S38,2,t02,0.1553,0.39844
Angelique,S38,3,t03,-0.009,0.50781
Angelique,S38,4,t04,-0.0318,0.50781
Angelique,S38,5,t05,0.3249,0.39844
Angelique,S38,6,t06,0.6348,0.35156
Angelique,S38,7,t07,0.6138,0.32031
Angelique,S38,8,t08,0.3288,0.38281
Angelique,S38,9,t09,-0.099,0.53906
Angelique,S38,10,t10,-0.4036,0.63281
Angelique,S38,11,t11,-0.3671,0.60156
Angelique,S38,12,t12,-0.2351,0.57031
Angelique,S38,13,t13,-0.3032,0.57031
Angelique,S38,14,t14,-0.4168,0.55469
Angelique,S38,15,t15,-0.5068,0.58594
Angelique,S38,16,t16,-0.4567,0.60156
Angelique,S38,17,t17,-0.1481,0.53906
Angelique,S38,18,t18,-0.0181,0.50781
Angelique,S38,19,t19,-0.4289,0.63281
Angelique,S38,20,t20,-1.0298,0.83594
Angelique,S38,21,t21,-1.3319,0.88281
Angelique,S38,22,t22,-1.3445,0.89844
Angelique,S38,23,t23,-1.4383,0.92969
Angelique,S38,24,t24,-1.6786,0.94531
Angelique,S38,25,t25,-1.5893,0.94531
Angelique,S38,26,t26,-0.9077,0.80469
Angelique,S38,27,t27,-0.4925,0.69531
Angelique,S38,28,t28,-0.2546,0.61719
Angelique,S38,29,t29,0.0479,0.49219
Angelique,S38,30,t30,0.6119,0.27344
Angelique,S38,31,t31,0.8525,0.19531
Angelique,S38,32,t32,0.7642,0.22656
Angelique,S38,33,t33,0.6275,0.28906
Angelique,S38,34,t34,0.4964,0.32031
Angelique,S38,35,t35,0.3504,0.39844
Angelique,S38,36,t36,0.2676,0.38281
Angelique,S38,37,t37,0.2994,0.38281
Angelique,S38,38,t38,0.3466,0.39844
Angelique,S38,39,t39,0.4512,0.32031
Angelique,S38,40,t40,0.7127,0.25781
Angelique,S38,41,t41,1.0261,0.19531
Angelique,S38,42,t42,1.1476,0.16406
Angelique,S38,43,t43,1.0589,0.19531
Angelique,S38,44,t44,0.9172,0.19531
Angelique,S38,45,t45,0.8195,0.24219
Angelique,S38,46,t46,0.8214,0.22656
Angelique,S38,47,t47,0.9765,0.16406
Angelique,S38,48,t48,0.8841,0.21094
Angelique,S38,49,t49,0.2486,0.46094
Angelique,S38,50,t50,0.3074,0.38281
Angelique,S38,51,t51,0.3911,0.33594
Angelique,S38,52,t52,0.1121,0.46094
Angelique,S38,53,t53,-0.1469,0.58594
Angelique,S38,54,t54,-0.0902,0.63281
Angelique,S38,55,t55,0.0614,0.41406
Angelique,S38,56,t56,0.1348,0.38281
Angelique,S38,57,t57,0.0613,0.47656
Angelique,S38,58,t58,-0.2759,0.61719
Angelique,S38,59,t59,-0.5756,0.71094
Angelique,S38,60,t60,-0.3881,0.64844
Angelique,S38,61,t61,0.0633,0.47656
Angelique,S38,62,t62,0.4666,0.36719
Angelique,S38,63,t63,0.5736,0.27344
Talia,S01,0,t00,-0.0938,0.59375
Talia,S01,1,t01,0.21,0.40625
Talia,S01,2,t02,0.4043,0.40625
Talia,S01,3,t03,0.3564,0.40625
Talia,S01,4,t04,0.1191,0.40625
Talia,S01,5,t05,-0.1143,0.53125
Talia,S01,6,t06,-0.1162,0.53125
Talia,S01,7,t07,0.048,0.46875
Talia,S01,8,t08,0.0905,0.46875
Talia,S01,9,t09,-0.1523,0.53125
Talia,S01,10,t10,-0.642,0.71875
Talia,S01,11,t11,-1.0446,0.84375
Talia,S01,12,t12,-1.1695,0.90625
Talia,S01,13,t13,-1.1326,0.84375
Talia,S01,14,t14,-1.0591,0.84375
Talia,S01,15,t15,-1.0126,0.78125
Talia,S01,16,t16,-0.9839,0.84375
Talia,S01,17,t17,-1.0117,0.90625
Talia,S01,18,t18,-1.0593,0.84375
Talia,S01,19,t19,-1.0026,0.78125
Talia,S01,20,t20,-0.9122,0.78125
Talia,S01,21,t21,-0.7786,0.78125
Talia,S01,22,t22,-0.6062,0.65625
Talia,S01,23,t23,-0.4177,0.65625
Talia,S01,24,t24,-0.0576,0.53125
Talia,S01,25,t25,0.6556,0.28125
Talia,S01,26,t26,1.4853,0.03125
Talia,S01,27,t27,1.7179,0.03125
Talia,S01,28,t28,1.5035,0.03125
Talia,S01,29,t29,1.0845,0.21875
Talia,S01,30,t30,0.7913,0.28125
Talia,S01,31,t31,0.7219,0.34375
Talia,S01,32,t32,0.7465,0.34375
Talia,S01,33,t33,0.6568,0.34375
Talia,S01,34,t34,0.3257,0.34375
Talia,S01,35,t35,-0.1694,0.53125
Talia,S01,36,t36,-0.5932,0.71875
Talia,S01,37,t37,-0.8578,0.78125
Talia,S01,38,t38,-0.9577,0.78125
Talia,S01,39,t39,-0.9411,0.78125
Talia,S01,40,t40,-0.9276,0.78125
Talia,S01,41,t41,-1.0005,0.84375
Talia,S01,42,t42,-1.1614,0.84375
Talia,S01,43,t43,-1.321,0.90625
Talia,S01,44,t44,-1.3871,0.90625
Talia,S01,45,t45,-1.3194,0.84375
Talia,S01,46,t46,-1.0914,0.84375
Talia,S01,47,t47,-0.7064,0.78125
Talia,S01,48,t48,-0.3563,0.65625
Talia,S01,49,t49,-0.1765,0.53125
Talia,S01,50,t50,-0.0597,0.53125
Talia,S01,51,t51,0.0128,0.46875
Talia,S01,52,t52,0.0419,0.46875
Talia,S01,53,t53,0.0037,0.46875
Talia,S01,54,t54,-0.0886,0.53125
Talia,S01,55,t55,-0.1851,0.59375
Talia,S01,56,t56,-0.2322,0.71875
Talia,S01,57,t57,-0.3201,0.65625
Talia,S01,58,t58,-0.5121,0.71875
Talia,S01,59,t59,-0.6521,0.78125
Talia,S01,60,t60,-0.6574,0.71875
Talia,S01,61,t61,-0.5644,0.71875
Talia,S01,62,t62,-0.4332,0.65625
Talia,S01,63,t63,-0.3002,0.59375
Talia,S02,0,t00,0.1208,0.46875
Talia,S02,1,t01,0.5155,0.28125
Talia,S02,2,t02,0.7697,0.21875
Talia,S02,3,t03,0.785,0.21875
Talia,S02,4,t04,0.6642,0.34375
Talia,S02,5,t05,0.6227,0.28125
Talia,S02,6,t06,0.9018,0.21875
Talia,S02,7,t07,1.5399,0.09375
Talia,S02,8,t08,1.4072,0.03125
Talia,S02,9,t09,1.1351,0.03125
Talia,S02,10,t10,0.9851,0.15625
Talia,S02,11,t11,0.9599,0.28125
Talia,S02,12,t12,1.0732,0.09375
Talia,S02,13,t13,1.2873,0.03125
Talia,S02,14,t14,1.4537,0.03125
Talia,S02,15,t15,1.5515,0.03125
Talia,S02,16,t16,1.5496,0.03125
Talia,S02,17,t17,1.4197,0.09375
Talia,S02,18,t18,1.4011,0.09375
Talia,S02,19,t19,1.4972,0.09375
Talia,S02,20,t20,1.5893,0.03125
Talia,S02,21,t21,1.6901,0.03125
Talia,S02,22,t22,1.7907,0.03125
Talia,S02,23,t23,1.7617,0.03125
Talia,S02,24,t24,1.4352,0.09375
Talia,S02,25,t25,0.8858,0.15625
Talia,S02,26,t26,0.5424,0.28125
Talia,S02,27,t27,0.591,0.28125
Talia,S02,28,t28,0.6171,0.28125
Talia,S02,29,t29,0.3948,0.40625
Talia,S02,30,t30,0.0336,0.46875
Talia,S02,31,t31,-0.2907,0.53125
Talia,S02,32,t32,-0.6158,0.71875
Talia,S02,33,t33,-0.9624,0.84375
Talia,S02,34,t34,-1.2016,0.84375
Talia,S02,35,t35,-1.322,0.90625
Talia,S02,36,t36,-1.3971,0.90625
Talia,S02,37,t37,-1.5489,0.90625
Talia,S02,38,t38,-1.7843,0.96875
Talia,S02,39,t39,-1.7762,0.96875
Talia,S02,40,t40,-1.539,0.90625
Talia,S02,41,t41,-1.1873,0.90625
Talia,S02,42,t42,-1.0135,0.78125
Talia,S02,43,t43,-1.1833,0.84375
Talia,S02,44,t44,-1.415,0.90625
Talia,S02,45,t45,-1.4477,0.96875
Talia,S02,46,t46,-1.4471,0.90625
Talia,S02,47,t47,-1.4277,0.90625
Talia,S02,48,t48,-1.3178,0.84375
Talia,S02,49,t49,-0.9735,0.84375
Talia,S02,50,t50,-0.6701,0.71875
Talia,S02,51,t51,-0.7855,0.71875
Talia,S02,52,t52,-1.1247,0.90625
Talia,S02,53,t53,-1.4799,0.96875
Talia,S02,54,t54,-1.7081,0.96875
Talia,S02,55,t55,-1.7677,0.96875
Talia,S02,56,t56,-1.7754,0.96875
Talia,S02,57,t57,-1.8157,0.96875
Talia,S02,58,t58,-1.7512,0.96875
Talia,S02,59,t59,-1.2147,0.84375
Talia,S02,60,t60,-0.5207,0.65625
Talia,S02,61,t61,-0.3055,0.65625
Talia,S02,62,t62,-0.2248,0.59375
Talia,S02,63,t63,-0.086,0.53125
Talia,S03,0,t00,0.3909,0.34375
Talia,S03,1,t01,0.2573,0.40625
Talia,S03,2,t02,0.0969,0.46875
Talia,S03,3,t03,-0.089,0.53125
Talia,S03,4,t04,-0.413,0.71875
Talia,S03,5,t05,-1.0338,0.84375
Talia,S03,6,t06,-1.2637,0.84375
Talia,S03,7,t07,-1.405,0.90625
Talia,S03,8,t08,-1.5419,0.90625
Talia,S03,9,t09,-1.616,0.90625
Talia,S03,10,t10,-1.7581,0.96875
Talia,S03,11,t11,-1.8542,0.96875
Talia,S03,12,t12,-1.885,0.96875
Talia,S03,13,t13,-1.8855,0.96875
Talia,S03,14,t14,-1.852,0.96875
Talia,S03,15,t15,-1.8231,0.96875
Talia,S03,16,t16,-1.8164,0.96875
Talia,S03,17,t17,-1.8018,0.96875
Talia,S03,18,t18,-1.7659,0.96875
Talia,S03,19,t19,-1.71,0.96875
Talia,S03,20,t20,-1.6149,0.96875
Talia,S03,21,t21,-1.4033,0.90625
Talia,S03,22,t22,-1.0844,0.90625
Talia,S03,23,t23,-0.7991,0.78125
Talia,S03,24,t24,-0.5928,0.71875
Talia,S03,25,t25,-0.5261,0.71875
Talia,S03,26,t26,-0.5156,0.65625
Talia,S03,27,t27,-0.3939,0.65625
Talia,S03,28,t28,-0.264,0.59375
Talia,S03,29,t29,-0.2262,0.59375
Talia,S03,30,t30,-0.1689,0.59375
Talia,S03,31,t31,0.0798,0.46875
Talia,S03,32,t32,0.5686,0.34375
Talia,S03,33,t33,1.007,0.15625
Talia,S03,34,t34,1.1058,0.15625
Talia,S03,35,t35,0.7712,0.28125
Talia,S03,36,t36,0.221,0.46875
Talia,S03,37,t37,-0.2428,0.53125
Talia,S03,38,t38,-0.4302,0.65625
Talia,S03,39,t39,-0.0095,0.53125
Talia,S03,40,t40,0.7633,0.21875
Talia,S03,41,t41,0.9837,0.15625
Talia,S03,42,t42,0.3815,0.40625
Talia,S03,43,t43,-0.0691,0.53125
Talia,S03,44,t44,-0.0649,0.53125
Talia,S03,45,t45,-0.0124,0.53125
Talia,S03,46,t46,0.0497,0.46875
Talia,S03,47,t47,0.1354,0.40625
Talia,S03,48,t48,0.252,0.40625
Talia,S03,49,t49,0.3823,0.40625
Talia,S03,50,t50,0.5256,0.34375
Talia,S03,51,t51,0.7007,0.21875
Talia,S03,52,t52,0.8726,0.15625
Talia,S03,53,t53,0.9768,0.15625
Talia,S03,54,t54,0.9953,0.15625
Talia,S03,55,t55,0.947,0.15625
Talia,S03,56,t56,0.8611,0.15625
Talia,S03,57,t57,0.7685,0.15625
Talia,S03,58,t58,0.6986,0.21875
Talia,S03,59,t59,0.6824,0.21875
Talia,S03,60,t60,0.7253,0.21875
Talia,S03,61,t61,0.7421,0.15625
Talia,S03,62,t62,0.6634,0.21875
Talia,S03,63,t63,0.5317,0.28125
Talia,S04,0,t00,-0.1893,0.53125
Talia,S04,1,t01,0.169,0.46875
Talia,S04,2,t02,0.2329,0.34375
Talia,S04,3,t03,0.0334,0.46875
Talia,S04,4,t04,-0.2781,0.53125
Talia,S04,5,t05,-0.385,0.65625
Talia,S04,6,t06,-0.1992,0.59375
Talia,S04,7,t07,0.2374,0.40625
Talia,S04,8,t08,0.3592,0.46875
Talia,S04,9,t09,-0.0604,0.53125
Talia,S04,10,t10,-0.4136,0.65625
Talia,S04,11,t11,-0.5099,0.71875
Talia,S04,12,t12,-0.3932,0.71875
Talia,S04,13,t13,-0.2804,0.59375
Talia,S04,14,t14,-0.3843,0.65625
Talia,S04,15,t15,-0.5359,0.65625
Talia,S04,16,t16,-0.5795,0.71875
Talia,S04,17,t17,-0.3689,0.59375
Talia,S04,18,t18,0.3984,0.34375
Talia,S04,19,t19,0.9466,0.21875
Talia,S04,20,t20,1.0733,0.15625
Talia,S04,21,t21,1.0036,0.21875
Talia,S04,22,t22,0.5618,0.28125
Talia,S04,23,t23,-0.677,0.78125
Talia,S04,24,t24,-1.1273,0.78125
Talia,S04,25,t25,-1.5229,0.96875
Talia,S04,26,t26,-1.736,0.96875
Talia,S04,27,t27,-1.6858,0.96875
Talia,S04,28,t28,-1.4691,0.90625
Talia,S04,29,t29,-1.1006,0.78125
Talia,S04,30,t30,-0.7576,0.71875
Talia,S04,31,t31,-0.655,0.65625
Talia,S04,32,t32,-0.7898,0.71875
Talia,S04,33,t33,-1.0276,0.78125
Talia,S04,34,t34,-1.1566,0.84375
Talia,S04,35,t35,-0.9697,0.84375
Talia,S04,36,t36,-0.5502,0.65625
Talia,S04,37,t37,-0.1632,0.53125
Talia,S04,38,t38,-0.2141,0.65625
Talia,S04,39,t39,-1.0672,0.84375
Talia,S04,40,t40,-1.8452,0.96875
Talia,S04,41,t41,-1.906,0.96875
Talia,S04,42,t42,-1.733,0.96875
Talia,S04,43,t43,-1.6088,0.96875
Talia,S04,44,t44,-1.6298,0.96875
Talia,S04,45,t45,-1.7382,0.96875
Talia,S04,46,t46,-1.7883,0.96875
Talia,S04,47,t47,-1.2698,0.84375
Talia,S04,48,t48,-0.9112,0.84375
Talia,S04,49,t49,-1.0446,0.78125
Talia,S04,50,t50,-1.2401,0.78125
Talia,S04,51,t51,-1.1535,0.84375
Talia,S04,52,t52,-0.5156,0.71875
Talia,S04,53,t53,0.0924,0.40625
Talia,S04,54,t54,-1.1496,0.84375
Talia,S04,55,t55,-1.5799,0.90625
Talia,S04,56,t56,-1.5333,0.90625
Talia,S04,57,t57,-1.2427,0.90625
Talia,S04,58,t58,-0.821,0.59375
Talia,S04,59,t59,-0.8056,0.71875
Talia,S04,60,t60,-0.8973,0.78125
Talia,S04,61,t61,-0.895,0.84375
Talia,S04,62,t62,-0.817,0.84375
Talia,S04,63,t63,-0.5989,0.65625
Talia,S05,0,t00,0.3483,0.40625
Talia,S05,1,t01,0.2427,0.40625
Talia,S05,2,t02,0.238,0.40625
Talia,S05,3,t03,0.3611,0.34375
Talia,S05,4,t04,0.4106,0.34375
Talia,S05,5,t05,0.2579,0.46875
Talia,S05,6,t06,-0.1542,0.59375
Talia,S05,7,t07,-0.6869,0.78125
Talia,S05,8,t08,-1.0298,0.84375
Talia,S05,9,t09,-1.2142,0.90625
Talia,S05,10,t10,-1.3668,0.90625
Talia,S05,11,t11,-1.5501,0.96875
Talia,S05,12,t12,-1.7642,0.96875
Talia,S05,13,t13,-1.7805,0.96875
Talia,S05,14,t14,-1.6207,0.96875
Talia,S05,15,t15,-1.5182,0.96875
Talia,S05,16,t16,-1.4561,0.90625
Talia,S05,17,t17,-1.3312,0.90625
Talia,S05,18,t18,-1.1036,0.84375
Talia,S05,19,t19,-0.823,0.78125
Talia,S05,20,t20,-0.6992,0.71875
Talia,S05,21,t21,-0.9127,0.65625
Talia,S05,22,t22,-1.0314,0.78125
Talia,S05,23,t23,-0.7722,0.71875
Talia,S05,24,t24,-0.3387,0.59375
Talia,S05,25,t25,0.1718,0.40625
Talia,S05,26,t26,0.6197,0.28125
Talia,S05,27,t27,0.9079,0.21875
Talia,S05,28,t28,1.0206,0.15625
Talia,S05,29,t29,0.9429,0.15625
Talia,S05,30,t30,0.8401,0.21875
Talia,S05,31,t31,0.9035,0.21875
Talia,S05,32,t32,1.0822,0.15625
Talia,S05,33,t33,1.1082,0.15625
Talia,S05,34,t34,0.874,0.21875
Talia,S05,35,t35,-0.1452,0.59375
Talia,S05,36,t36,-1.3821,0.90625
Talia,S05,37,t37,-1.4681,0.96875
Talia,S05,38,t38,-1.1484,0.84375
Talia,S05,39,t39,-0.4426,0.59375
Talia,S05,40,t40,-0.068,0.53125
Talia,S05,41,t41,-0.3551,0.59375
Talia,S05,42,t42,-0.9011,0.78125
Talia,S05,43,t43,-1.2608,0.78125
Talia,S05,44,t44,-1.383,0.96875
Talia,S05,45,t45,-1.343,0.96875
Talia,S05,46,t46,-1.2682,0.96875
Talia,S05,47,t47,-1.2265,0.96875
Talia,S05,48,t48,-1.1537,0.84375
Talia,S05,49,t49,-1.0428,0.84375
Talia,S05,50,t50,-0.9474,0.84375
Talia,S05,51,t51,-0.8593,0.84375
Talia,S05,52,t52,-0.683,0.65625
Talia,S05,53,t53,-0.3037,0.59375
Talia,S05,54,t54,0.1219,0.46875
Talia,S05,55,t55,0.2982,0.34375
Talia,S05,56,t56,0.3108,0.34375
Talia,S05,57,t57,0.3448,0.28125
Talia,S05,58,t58,0.4689,0.28125
Talia,S05,59,t59,0.6323,0.21875
Talia,S05,60,t60,0.7171,0.28125
Talia,S05,61,t61,0.6676,0.28125
Talia,S05,62,t62,0.5436,0.28125
Talia,S05,63,t63,0.4516,0.34375
Talia,S06,0,t00,-1.0935,0.84375
Talia,S06,1,t01,-1.3654,0.90625
Talia,S06,2,t02,-1.6171,0.96875
Talia,S06,3,t03,-1.3069,0.90625
Talia,S06,4,t04,-0.6421,0.78125
Talia,S06,5,t05,-0.1294,0.59375
Talia,S06,6,t06,-0.1308,0.59375
Talia,S06,7,t07,-0.7578,0.71875
Talia,S06,8,t08,-1.2312,0.90625
Talia,S06,9,t09,-1.4362,0.90625
Talia,S06,10,t10,-1.3724,0.90625
Talia,S06,11,t11,-1.1153,0.84375
Talia,S06,12,t12,-0.9212,0.78125
Talia,S06,13,t13,-0.9028,0.78125
Talia,S06,14,t14,-0.9379,0.78125
Talia,S06,15,t15,-0.9116,0.78125
Talia,S06,16,t16,-0.6895,0.78125
Talia,S06,17,t17,-0.1248,0.65625
Talia,S06,18,t18,0.4137,0.28125
Talia,S06,19,t19,0.5622,0.28125
Talia,S06,20,t20,0.3854,0.28125
Talia,S06,21,t21,0.2252,0.40625
Talia,S06,22,t22,0.2899,0.34375
Talia,S06,23,t23,0.4543,0.28125
Talia,S06,24,t24,0.3772,0.34375
Talia,S06,25,t25,-0.0517,0.53125
Talia,S06,26,t26,-0.4048,0.65625
Talia,S06,27,t27,-0.4876,0.65625
Talia,S06,28,t28,-0.3892,0.71875
Talia,S06,29,t29,-0.2408,0.59375
Talia,S06,30,t30,-0.129,0.59375
Talia,S06,31,t31,-0.0854,0.53125
Talia,S06,32,t32,-0.1574,0.53125
Talia,S06,33,t33,-0.3099,0.59375
Talia,S06,34,t34,-0.3368,0.59375
Talia,S06,35,t35,-0.0006,0.53125
Talia,S06,36,t36,0.7891,0.28125
Talia,S06,37,t37,1.2841,0.03125
Talia,S06,38,t38,1.1513,0.15625
Talia,S06,39,t39,0.7884,0.15625
Talia,S06,40,t40,0.2783,0.46875
Talia,S06,41,t41,-0.3739,0.59375
Talia,S06,42,t42,-0.7276,0.71875
Talia,S06,43,t43,-0.7044,0.65625
Talia,S06,44,t44,-0.7053,0.65625
Talia,S06,45,t45,-0.7987,0.71875
Talia,S06,46,t46,-0.9032,0.71875
Talia,S06,47,t47,-0.9422,0.78125
Talia,S06,48,t48,-0.9223,0.71875
Talia,S06,49,t49,-0.8774,0.71875
Talia,S06,50,t50,-0.832,0.71875
Talia,S06,51,t51,-0.7632,0.65625
Talia,S06,52,t52,-0.6001,0.53125
Talia,S06,53,t53,-0.2812,0.59375
Talia,S06,54,t54,0.1481,0.46875
Talia,S06,55,t55,0.5325,0.34375
Talia,S06,56,t56,0.7887,0.28125
Talia,S06,57,t57,0.9123,0.21875
Talia,S06,58,t58,0.9058,0.21875
Talia,S06,59,t59,0.6896,0.34375
Talia,S06,60,t60,0.0483,0.46875
Talia,S06,61,t61,-0.3652,0.65625
Talia,S06,62,t62,-0.6604,0.71875
Talia,S06,63,t63,-0.9457,0.78125
Talia,S07,0,t00,-0.5743,0.65625
Talia,S07,1,t01,-0.3905,0.59375
Talia,S07,2,t02,-0.2844,0.53125
Talia,S07,3,t03,-0.2571,0.59375
Talia,S07,4,t04,-0.2214,0.65625
Talia,S07,5,t05,0.2109,0.40625
Talia,S07,6,t06,0.707,0.28125
Talia,S07,7,t07,0.9408,0.21875
Talia,S07,8,t08,1.0785,0.21875
Talia,S07,9,t09,0.9839,0.21875
Talia,S07,10,t10,0.4449,0.34375
Talia,S07,11,t11,-0.0097,0.53125
Talia,S07,12,t12,0.1632,0.40625
Talia,S07,13,t13,0.7329,0.34375
Talia,S07,14,t14,1.1554,0.21875
Talia,S07,15,t15,1.3039,0.21875
Talia,S07,16,t16,1.3076,0.21875
Talia,S07,17,t17,1.409,0.09375
Talia,S07,18,t18,1.2282,0.15625
Talia,S07,19,t19,1.2268,0.15625
Talia,S07,20,t20,1.4087,0.09375
Talia,S07,21,t21,1.4607,0.09375
Talia,S07,22,t22,1.2358,0.09375
Talia,S07,23,t23,0.5361,0.34375
Talia,S07,24,t24,0.164,0.46875
Talia,S07,25,t25,0.161,0.40625
Talia,S07,26,t26,0.3426,0.40625
Talia,S07,27,t27,0.4903,0.34375
Talia,S07,28,t28,0.4484,0.34375
Talia,S07,29,t29,0.2926,0.40625
Talia,S07,30,t30,0.1012,0.46875
Talia,S07,31,t31,-0.22,0.59375
Talia,S07,32,t32,-1.08,0.78125
Talia,S07,33,t33,-1.5485,0.96875
Talia,S07,34,t34,-1.5571,0.96875
Talia,S07,35,t35,-1.4763,0.90625
Talia,S07,36,t36,-1.3166,0.84375
Talia,S07,37,t37,-1.1597,0.78125
Talia,S07,38,t38,-1.0888,0.78125
Talia,S07,39,t39,-1.1158,0.78125
Talia,S07,40,t40,-1.1359,0.78125
Talia,S07,41,t41,-0.9701,0.78125
Talia,S07,42,t42,-0.5946,0.65625
Talia,S07,43,t43,-0.2721,0.65625
Talia,S07,44,t44,0.0119,0.46875
Talia,S07,45,t45,0.2186,0.40625
Talia,S07,46,t46,0.1227,0.40625
Talia,S07,47,t47,-0.1445,0.59375
Talia,S07,48,t48,-0.1212,0.53125
Talia,S07,49,t49,0.1374,0.46875
Talia,S07,50,t50,-0.0588,0.53125
Talia,S07,51,t51,-0.7371,0.78125
Talia,S07,52,t52,-1.2129,0.84375
Talia,S07,53,t53,-1.2903,0.90625
Talia,S07,54,t54,-1.3199,0.90625
Talia,S07,55,t55,-1.3367,0.90625
Talia,S07,56,t56,-1.1984,0.84375
Talia,S07,57,t57,-0.9588,0.84375
Talia,S07,58,t58,-0.8177,0.84375
Talia,S07,59,t59,-0.7665,0.78125
Talia,S07,60,t60,-0.7999,0.71875
Talia,S07,61,t61,-0.8198,0.65625
Talia,S07,62,t62,-0.8009,0.65625
Talia,S07,63,t63,-0.671,0.65625
Talia,S08,0,t00,-1.3207,0.96875
Talia,S08,1,t01,-1.2532,0.96875
Talia,S08,2,t02,-1.1623,0.84375
Talia,S08,3,t03,-1.0825,0.84375
Talia,S08,4,t04,-1.0335,0.84375
Talia,S08,5,t05,-0.9883,0.84375
Talia,S08,6,t06,-0.9065,0.84375
Talia,S08,7,t07,-0.7844,0.65625
Talia,S08,8,t08,-0.6522,0.65625
Talia,S08,9,t09,-0.5561,0.65625
Talia,S08,10,t10,-0.5501,0.65625
Talia,S08,11,t11,-0.6454,0.65625
Talia,S08,12,t12,-0.777,0.71875
Talia,S08,13,t13,-0.886,0.71875
Talia,S08,14,t14,-0.9479,0.78125
Talia,S08,15,t15,-0.9331,0.78125
Talia,S08,16,t16,-0.8175,0.71875
Talia,S08,17,t17,-0.6564,0.65625
Talia,S08,18,t18,-0.5602,0.65625
Talia,S08,19,t19,-0.5642,0.65625
Talia,S08,20,t20,-0.6314,0.65625
Talia,S08,21,t21,-0.7177,0.71875
Talia,S08,22,t22,-0.7901,0.65625
Talia,S08,23,t23,-0.8217,0.65625
Talia,S08,24,t24,-0.8068,0.71875
Talia,S08,25,t25,-0.7818,0.65625
Talia,S08,26,t26,-0.8058,0.65625
Talia,S08,27,t27,-0.9078,0.65625
Talia,S08,28,t28,-1.0679,0.84375
Talia,S08,29,t29,-1.2162,0.90625
Talia,S08,30,t30,-1.3039,0.90625
Talia,S08,31,t31,-1.3536,0.90625
Talia,S08,32,t32,-1.3849,0.90625
Talia,S08,33,t33,-1.3997,0.90625
Talia,S08,34,t34,-1.4009,0.90625
Talia,S08,35,t35,-1.3884,0.90625
Talia,S08,36,t36,-1.3676,0.90625
Talia,S08,37,t37,-1.3553,0.90625
Talia,S08,38,t38,-1.3632,0.90625
Talia,S08,39,t39,-1.3712,0.90625
Talia,S08,40,t40,-1.3466,0.90625
Talia,S08,41,t41,-1.292,0.90625
Talia,S08,42,t42,-1.2343,0.90625
Talia,S08,43,t43,-1.1822,0.90625
Talia,S08,44,t44,-1.1453,0.90625
Talia,S08,45,t45,-1.1278,0.90625
Talia,S08,46,t46,-1.1147,0.90625
Talia,S08,47,t47,-1.1202,0.96875
Talia,S08,48,t48,-1.1514,0.96875
Talia,S08,49,t49,-1.1866,0.96875
Talia,S08,50,t50,-1.22,0.96875
Talia,S08,51,t51,-1.2646,0.96875
Talia,S08,52,t52,-1.3237,0.96875
Talia,S08,53,t53,-1.3834,0.96875
Talia,S08,54,t54,-1.4228,0.96875
Talia,S08,55,t55,-1.4202,0.96875
Talia,S08,56,t56,-1.3758,0.90625
Talia,S08,57,t57,-1.3293,0.90625
Talia,S08,58,t58,-1.3215,0.90625
Talia,S08,59,t59,-1.3388,0.90625
Talia,S08,60,t60,-1.3475,0.90625
Talia,S08,61,t61,-1.3396,0.96875
Talia,S08,62,t62,-1.337,0.96875
Talia,S08,63,t63,-1.3349,0.96875
Talia,S09,0,t00,0.3842,0.40625
Talia,S09,1,t01,0.4337,0.40625
Talia,S09,2,t02,0.5521,0.34375
Talia,S09,3,t03,0.6677,0.28125
Talia,S09,4,t04,0.5534,0.34375
Talia,S09,5,t05,0.1633,0.46875
Talia,S09,6,t06,-0.2099,0.53125
Talia,S09,7,t07,-0.475,0.59375
Talia,S09,8,t08,-0.7147,0.78125
Talia,S09,9,t09,-0.9446,0.84375
Talia,S09,10,t10,-1.0974,0.84375
Talia,S09,11,t11,-1.0086,0.78125
Talia,S09,12,t12,-0.8703,0.71875
Talia,S09,13,t13,-0.8608,0.78125
Talia,S09,14,t14,-0.8841,0.78125
Talia,S09,15,t15,-0.9295,0.78125
Talia,S09,16,t16,-0.977,0.84375
Talia,S09,17,t17,-1.0433,0.84375
Talia,S09,18,t18,-1.232,0.90625
Talia,S09,19,t19,-1.5082,0.96875
Talia,S09,20,t20,-1.517,0.90625
Talia,S09,21,t21,-1.4156,0.90625
Talia,S09,22,t22,-1.2021,0.78125
Talia,S09,23,t23,-0.8635,0.78125
Talia,S09,24,t24,-0.7008,0.71875
Talia,S09,25,t25,-0.7041,0.65625
Talia,S09,26,t26,-0.7266,0.59375
Talia,S09,27,t27,-0.7194,0.59375
Talia,S09,28,t28,-0.6699,0.53125
Talia,S09,29,t29,-0.6004,0.53125
Talia,S09,30,t30,-0.6226,0.53125
Talia,S09,31,t31,-0.7404,0.53125
Talia,S09,32,t32,-0.8167,0.53125
Talia,S09,33,t33,-0.6447,0.59375
Talia,S09,34,t34,-0.15,0.59375
Talia,S09,35,t35,0.2664,0.46875
Talia,S09,36,t36,0.3708,0.34375
Talia,S09,37,t37,0.2624,0.40625
Talia,S09,38,t38,0.2987,0.46875
Talia,S09,39,t39,0.6294,0.46875
Talia,S09,40,t40,1.0774,0.15625
Talia,S09,41,t41,1.4947,0.09375
Talia,S09,42,t42,1.7068,0.03125
Talia,S09,43,t43,1.8218,0.03125
Talia,S09,44,t44,1.7628,0.03125
Talia,S09,45,t45,1.0538,0.21875
Talia,S09,46,t46,0.0721,0.40625
Talia,S09,47,t47,-0.1941,0.59375
Talia,S09,48,t48,-0.3203,0.59375
Talia,S09,49,t49,-0.2994,0.59375
Talia,S09,50,t50,-0.1623,0.53125
Talia,S09,51,t51,0.0047,0.46875
Talia,S09,52,t52,0.0546,0.40625
Talia,S09,53,t53,-0.1939,0.65625
Talia,S09,54,t54,-0.5475,0.59375
Talia,S09,55,t55,-0.5858,0.65625
Talia,S09,56,t56,-0.2438,0.65625
Talia,S09,57,t57,0.1927,0.46875
Talia,S09,58,t58,0.4365,0.40625
Talia,S09,59,t59,0.5093,0.34375
Talia,S09,60,t60,0.5298,0.28125
Talia,S09,61,t61,0.5272,0.28125
Talia,S09,62,t62,0.5025,0.28125
Talia,S09,63,t63,0.4652,0.34375
Talia,S10,0,t00,-0.4963,0.65625
Talia,S10,1,t01,-0.7323,0.78125
Talia,S10,2,t02,-0.4457,0.65625
Talia,S10,3,t03,-0.1922,0.53125
Talia,S10,4,t04,-0.2737,0.53125
Talia,S10,5,t05,-0.0021,0.53125
Talia,S10,6,t06,0.0905,0.40625
Talia,S10,7,t07,0.0525,0.46875
Talia,S10,8,t08,-0.1279,0.53125
Talia,S10,9,t09,-0.2371,0.59375
Talia,S10,10,t10,0.041,0.46875
Talia,S10,11,t11,0.5217,0.28125
Talia,S10,12,t12,0.7427,0.28125
Talia,S10,13,t13,0.7239,0.34375
Talia,S10,14,t14,0.6422,0.34375
Talia,S10,15,t15,0.5059,0.40625
Talia,S10,16,t16,0.4282,0.40625
Talia,S10,17,t17,0.5852,0.34375
Talia,S10,18,t18,0.8618,0.21875
Talia,S10,19,t19,1.0499,0.21875
Talia,S10,20,t20,0.8953,0.21875
Talia,S10,21,t21,-0.1013,0.53125
Talia,S10,22,t22,-1.3085,0.84375
Talia,S10,23,t23,-1.524,0.90625
Talia,S10,24,t24,-0.9584,0.78125
Talia,S10,25,t25,-0.3183,0.59375
Talia,S10,26,t26,-0.368,0.65625
Talia,S10,27,t27,-0.6196,0.71875
Talia,S10,28,t28,-0.6717,0.71875
Talia,S10,29,t29,-0.3921,0.65625
Talia,S10,30,t30,-0.0118,0.53125
Talia,S10,31,t31,0.1347,0.40625
Talia,S10,32,t32,-0.0485,0.53125
Talia,S10,33,t33,-0.3715,0.65625
Talia,S10,34,t34,-0.3794,0.59375
Talia,S10,35,t35,-0.0876,0.53125
Talia,S10,36,t36,0.1688,0.46875
Talia,S10,37,t37,0.2773,0.40625
Talia,S10,38,t38,0.377,0.34375
Talia,S10,39,t39,0.5296,0.34375
Talia,S10,40,t40,0.5829,0.34375
Talia,S10,41,t41,0.4236,0.40625
Talia,S10,42,t42,0.3673,0.40625
Talia,S10,43,t43,0.9314,0.21875
Talia,S10,44,t44,1.5104,0.03125
Talia,S10,45,t45,1.5933,0.03125
Talia,S10,46,t46,1.4519,0.09375
Talia,S10,47,t47,1.2597,0.15625
Talia,S10,48,t48,1.0799,0.15625
Talia,S10,49,t49,0.9779,0.15625
Talia,S10,50,t50,0.8626,0.15625
Talia,S10,51,t51,0.4903,0.34375
Talia,S10,52,t52,0.0274,0.46875
Talia,S10,53,t53,-0.3786,0.65625
Talia,S10,54,t54,-0.7755,0.65625
Talia,S10,55,t55,-1.094,0.84375
Talia,S10,56,t56,-1.0917,0.78125
Talia,S10,57,t57,-0.3148,0.59375
Talia,S10,58,t58,0.4111,0.40625
Talia,S10,59,t59,0.429,0.28125
Talia,S10,60,t60,0.1636,0.40625
Talia,S10,61,t61,0.1418,0.46875
Talia,S10,62,t62,0.1575,0.40625
Talia,S10,63,t63,-0.1002,0.53125
Talia,S11,0,t00,-0.3604,0.59375
Talia,S11,1,t01,-0.4166,0.59375
Talia,S11,2,t02,-0.5228,0.71875
Talia,S11,3,t03,-0.6362,0.71875
Talia,S11,4,t04,-0.6378,0.71875
Talia,S11,5,t05,-0.5277,0.71875
Talia,S11,6,t06,-0.3401,0.59375
Talia,S11,7,t07,-0.0518,0.53125
Talia,S11,8,t08,0.2088,0.40625
Talia,S11,9,t09,0.3406,0.40625
Talia,S11,10,t10,0.4338,0.40625
Talia,S11,11,t11,0.6549,0.40625
Talia,S11,12,t12,1.0155,0.21875
Talia,S11,13,t13,1.3755,0.03125
Talia,S11,14,t14,1.6058,0.03125
Talia,S11,15,t15,1.6947,0.03125
Talia,S11,16,t16,1.6757,0.03125
Talia,S11,17,t17,1.6328,0.03125
Talia,S11,18,t18,1.5995,0.03125
Talia,S11,19,t19,1.5298,0.03125
Talia,S11,20,t20,1.4373,0.03125
Talia,S11,21,t21,1.3527,0.09375
Talia,S11,22,t22,1.2478,0.09375
Talia,S11,23,t23,1.1061,0.15625
Talia,S11,24,t24,0.9267,0.21875
Talia,S11,25,t25,0.585,0.34375
Talia,S11,26,t26,0.2204,0.40625
Talia,S11,27,t27,0.0554,0.46875
Talia,S11,28,t28,0.1576,0.40625
Talia,S11,29,t29,0.524,0.28125
Talia,S11,30,t30,0.8165,0.21875
Talia,S11,31,t31,0.9894,0.15625
Talia,S11,32,t32,1.193,0.15625
Talia,S11,33,t33,1.361,0.09375
Talia,S11,34,t34,1.43,0.09375
Talia,S11,35,t35,1.3946,0.09375
Talia,S11,36,t36,1.3396,0.09375
Talia,S11,37,t37,1.2661,0.09375
Talia,S11,38,t38,1.1134,0.03125
Talia,S11,39,t39,0.9338,0.28125
Talia,S11,40,t40,0.7555,0.40625
Talia,S11,41,t41,0.6533,0.40625
Talia,S11,42,t42,0.7412,0.34375
Talia,S11,43,t43,0.9786,0.21875
Talia,S11,44,t44,0.9997,0.15625
Talia,S11,45,t45,0.6152,0.28125
Talia,S11,46,t46,0.0923,0.46875
Talia,S11,47,t47,-0.3594,0.59375
Talia,S11,48,t48,-0.5066,0.65625
Talia,S11,49,t49,0.5211,0.28125
Talia,S11,50,t50,0.585,0.28125
Talia,S11,51,t51,0.5423,0.34375
Talia,S11,52,t52,0.59,0.28125
Talia,S11,53,t53,0.712,0.28125
Talia,S11,54,t54,0.7701,0.28125
Talia,S11,55,t55,0.5288,0.34375
Talia,S11,56,t56,-0.9462,0.84375
Talia,S11,57,t57,-1.7141,0.96875
Talia,S11,58,t58,-1.7039,0.96875
Talia,S11,59,t59,-1.4713,0.90625
Talia,S11,60,t60,-1.1542,0.84375
Talia,S11,61,t61,-0.834,0.78125
Talia,S11,62,t62,-0.5296,0.71875
Talia,S11,63,t63,-0.3294,0.59375
Talia,S12,0,t00,-1.1355,0.90625
Talia,S12,1,t01,-1.1152,0.90625
Talia,S12,2,t02,-1.1167,0.90625
Talia,S12,3,t03,-1.1189,0.90625
Talia,S12,4,t04,-1.1145,0.90625
Talia,S12,5,t05,-1.1124,0.90625
Talia,S12,6,t06,-1.1246,0.90625
Talia,S12,7,t07,-1.1547,0.90625
Talia,S12,8,t08,-1.1808,0.90625
Talia,S12,9,t09,-1.1763,0.90625
Talia,S12,10,t10,-1.1351,0.84375
Talia,S12,11,t11,-1.076,0.84375
Talia,S12,12,t12,-1.0362,0.84375
Talia,S12,13,t13,-1.045,0.84375
Talia,S12,14,t14,-1.0961,0.84375
Talia,S12,15,t15,-1.153,0.90625
Talia,S12,16,t16,-1.1824,0.90625
Talia,S12,17,t17,-1.1782,0.90625
Talia,S12,18,t18,-1.1546,0.90625
Talia,S12,19,t19,-1.131,0.90625
Talia,S12,20,t20,-1.1278,0.90625
Talia,S12,21,t21,-1.1581,0.90625
Talia,S12,22,t22,-1.209,0.90625
Talia,S12,23,t23,-1.2445,0.90625
Talia,S12,24,t24,-1.258,0.90625
Talia,S12,25,t25,-1.2805,0.90625
Talia,S12,26,t26,-1.3029,0.90625
Talia,S12,27,t27,-1.3013,0.90625
Talia,S12,28,t28,-1.2871,0.90625
Talia,S12,29,t29,-1.2781,0.90625
Talia,S12,30,t30,-1.2783,0.90625
Talia,S12,31,t31,-1.2853,0.90625
Talia,S12,32,t32,-1.2955,0.96875
Talia,S12,33,t33,-1.3059,0.96875
Talia,S12,34,t34,-1.3068,0.96875
Talia,S12,35,t35,-1.286,0.96875
Talia,S12,36,t36,-1.2393,0.90625
Talia,S12,37,t37,-1.1776,0.84375
Talia,S12,38,t38,-1.1205,0.78125
Talia,S12,39,t39,-1.0749,0.78125
Talia,S12,40,t40,-1.035,0.78125
Talia,S12,41,t41,-1.0029,0.78125
Talia,S12,42,t42,-0.9826,0.78125
Talia,S12,43,t43,-0.9715,0.78125
Talia,S12,44,t44,-0.9715,0.78125
Talia,S12,45,t45,-0.9905,0.78125
Talia,S12,46,t46,-1.0293,0.84375
Talia,S12,47,t47,-1.0733,0.84375
Talia,S12,48,t48,-1.1079,0.84375
Talia,S12,49,t49,-1.1375,0.90625
Talia,S12,50,t50,-1.172,0.90625
Talia,S12,51,t51,-1.2056,0.90625
Talia,S12,52,t52,-1.2249,0.90625
Talia,S12,53,t53,-1.2361,0.90625
Talia,S12,54,t54,-1.2526,0.90625
Talia,S12,55,t55,-1.2727,0.90625
Talia,S12,56,t56,-1.2786,0.90625
Talia,S12,57,t57,-1.2534,0.96875
Talia,S12,58,t58,-1.215,0.96875
Talia,S12,59,t59,-1.199,0.96875
Talia,S12,60,t60,-1.2078,0.96875
Talia,S12,61,t61,-1.2141,0.96875
Talia,S12,62,t62,-1.2007,0.96875
Talia,S12,63,t63,-1.1628,0.90625
Talia,S13,0,t00,-1.3279,0.90625
Talia,S13,1,t01,-1.289,0.84375
Talia,S13,2,t02,-1.2977,0.90625
Talia,S13,3,t03,-1.2187,0.90625
Talia,S13,4,t04,-0.9939,0.78125
Talia,S13,5,t05,-0.685,0.71875
Talia,S13,6,t06,-0.5377,0.71875
Talia,S13,7,t07,-0.5385,0.71875
Talia,S13,8,t08,-0.5541,0.71875
Talia,S13,9,t09,-0.5223,0.71875
Talia,S13,10,t10,-0.3352,0.59375
Talia,S13,11,t11,0.3548,0.40625
Talia,S13,12,t12,1.0503,0.21875
Talia,S13,13,t13,1.1431,0.21875
Talia,S13,14,t14,0.7052,0.21875
Talia,S13,15,t15,-0.5115,0.71875
Talia,S13,16,t16,-0.6817,0.65625
Talia,S13,17,t17,-0.2818,0.53125
Talia,S13,18,t18,-0.1304,0.53125
Talia,S13,19,t19,-0.1275,0.53125
Talia,S13,20,t20,-0.3078,0.59375
Talia,S13,21,t21,-0.5551,0.65625
Talia,S13,22,t22,-0.6944,0.78125
Talia,S13,23,t23,-0.79,0.84375
Talia,S13,24,t24,-0.9219,0.78125
Talia,S13,25,t25,-1.0702,0.84375
Talia,S13,26,t26,-1.1754,0.84375
Talia,S13,27,t27,-1.1885,0.84375
Talia,S13,28,t28,-1.1628,0.84375
Talia,S13,29,t29,-1.1589,0.84375
Talia,S13,30,t30,-1.1503,0.84375
Talia,S13,31,t31,-1.1107,0.84375
Talia,S13,32,t32,-1.0804,0.84375
Talia,S13,33,t33,-1.1387,0.84375
Talia,S13,34,t34,-1.305,0.90625
Talia,S13,35,t35,-1.4826,0.90625
Talia,S13,36,t36,-1.5456,0.90625
Talia,S13,37,t37,-1.4843,0.96875
Talia,S13,38,t38,-1.4151,0.96875
Talia,S13,39,t39,-1.3936,0.90625
Talia,S13,40,t40,-1.4188,0.90625
Talia,S13,41,t41,-1.4644,0.90625
Talia,S13,42,t42,-1.4051,0.90625
Talia,S13,43,t43,-1.1827,0.78125
Talia,S13,44,t44,-0.8498,0.78125
Talia,S13,45,t45,-0.0522,0.53125
Talia,S13,46,t46,0.9017,0.21875
Talia,S13,47,t47,1.0662,0.15625
Talia,S13,48,t48,0.9569,0.21875
Talia,S13,49,t49,0.7234,0.28125
Talia,S13,50,t50,0.3579,0.28125
Talia,S13,51,t51,-0.1958,0.59375
Talia,S13,52,t52,-0.6412,0.71875
Talia,S13,53,t53,-1.0688,0.84375
Talia,S13,54,t54,-1.3034,0.84375
Talia,S13,55,t55,-1.3749,0.90625
Talia,S13,56,t56,-1.423,0.90625
Talia,S13,57,t57,-1.4346,0.90625
Talia,S13,58,t58,-1.4158,0.90625
Talia,S13,59,t59,-1.3858,0.90625
Talia,S13,60,t60,-1.3727,0.90625
Talia,S13,61,t61,-1.3804,0.90625
Talia,S13,62,t62,-1.411,0.90625
Talia,S13,63,t63,-1.3309,0.90625
Talia,S14,0,t00,-1.1215,0.96875
Talia,S14,1,t01,-0.8131,0.65625
Talia,S14,2,t02,-0.3896,0.53125
Talia,S14,3,t03,-0.0001,0.53125
Talia,S14,4,t04,-0.0361,0.53125
Talia,S14,5,t05,-0.7711,0.78125
Talia,S14,6,t06,-1.3596,0.90625
Talia,S14,7,t07,-1.4991,0.90625
Talia,S14,8,t08,-1.5236,0.90625
Talia,S14,9,t09,-1.3968,0.90625
Talia,S14,10,t10,-0.9099,0.84375
Talia,S14,11,t11,-0.455,0.59375
Talia,S14,12,t12,-0.4645,0.65625
Talia,S14,13,t13,-1.2287,0.90625
Talia,S14,14,t14,-1.3033,0.90625
Talia,S14,15,t15,-0.8843,0.78125
Talia,S14,16,t16,-0.6318,0.71875
Talia,S14,17,t17,-0.3601,0.65625
Talia,S14,18,t18,0.2182,0.46875
Talia,S14,19,t19,0.5454,0.28125
Talia,S14,20,t20,0.4591,0.34375
Talia,S14,21,t21,0.6176,0.28125
Talia,S14,22,t22,1.1791,0.09375
Talia,S14,23,t23,1.5064,0.09375
Talia,S14,24,t24,1.4056,0.03125
Talia,S14,25,t25,1.3587,0.03125
Talia,S14,26,t26,1.519,0.03125
Talia,S14,27,t27,1.75,0.03125
Talia,S14,28,t28,1.8198,0.03125
Talia,S14,29,t29,1.7094,0.03125
Talia,S14,30,t30,1.1569,0.09375
Talia,S14,31,t31,0.8826,0.21875
Talia,S14,32,t32,1.4602,0.09375
Talia,S14,33,t33,0.5974,0.28125
Talia,S14,34,t34,-0.3739,0.59375
Talia,S14,35,t35,-1.0271,0.84375
Talia,S14,36,t36,-1.2638,0.90625
Talia,S14,37,t37,-0.958,0.78125
Talia,S14,38,t38,-0.5286,0.71875
Talia,S14,39,t39,-0.4038,0.59375
Talia,S14,40,t40,-0.1865,0.59375
Talia,S14,41,t41,0.429,0.40625
Talia,S14,42,t42,0.9085,0.15625
Talia,S14,43,t43,0.8517,0.21875
Talia,S14,44,t44,0.104,0.46875
Talia,S14,45,t45,-0.8205,0.71875
Talia,S14,46,t46,-1.0189,0.78125
Talia,S14,47,t47,-0.3876,0.59375
Talia,S14,48,t48,0.2438,0.40625
Talia,S14,49,t49,0.0588,0.40625
Talia,S14,50,t50,-0.176,0.53125
Talia,S14,51,t51,-0.0623,0.53125
Talia,S14,52,t52,0.1422,0.46875
Talia,S14,53,t53,0.2249,0.46875
Talia,S14,54,t54,0.3101,0.40625
Talia,S14,55,t55,0.4717,0.40625
Talia,S14,56,t56,0.5535,0.28125
Talia,S14,57,t57,0.5156,0.40625
Talia,S14,58,t58,0.4125,0.40625
Talia,S14,59,t59,0.2169,0.46875
Talia,S14,60,t60,-0.2788,0.59375
Talia,S14,61,t61,-1.6662,0.96875
Talia,S14,62,t62,-1.3883,0.90625
Talia,S14,63,t63,-1.4318,0.96875
Talia,S15,0,t00,-0.8018,0.71875
Talia,S15,1,t01,-0.819,0.78125
Talia,S15,2,t02,-0.7214,0.78125
Talia,S15,3,t03,-0.6896,0.65625
Talia,S15,4,t04,-0.569,0.53125
Talia,S15,5,t05,-0.2844,0.59375
Talia,S15,6,t06,-0.2062,0.71875
Talia,S15,7,t07,-0.4094,0.65625
Talia,S15,8,t08,-0.8249,0.71875
Talia,S15,9,t09,-1.0933,0.84375
Talia,S15,10,t10,-1.0312,0.84375
Talia,S15,11,t11,-0.7702,0.71875
Talia,S15,12,t12,-0.4271,0.59375
Talia,S15,13,t13,-0.1363,0.59375
Talia,S15,14,t14,-0.1274,0.59375
Talia,S15,15,t15,-0.3351,0.59375
Talia,S15,16,t16,0.4013,0.34375
Talia,S15,17,t17,1.1794,0.15625
Talia,S15,18,t18,1.513,0.09375
Talia,S15,19,t19,1.6809,0.03125
Talia,S15,20,t20,1.7418,0.03125
Talia,S15,21,t21,1.7589,0.03125
Talia,S15,22,t22,1.8479,0.03125
Talia,S15,23,t23,1.6573,0.03125
Talia,S15,24,t24,1.1278,0.09375
Talia,S15,25,t25,0.8082,0.28125
Talia,S15,26,t26,0.4493,0.28125
Talia,S15,27,t27,-0.0089,0.53125
Talia,S15,28,t28,-0.2916,0.59375
Talia,S15,29,t29,-0.5461,0.71875
Talia,S15,30,t30,-0.9,0.78125
Talia,S15,31,t31,-1.2065,0.84375
Talia,S15,32,t32,-1.2833,0.84375
Talia,S15,33,t33,-1.0933,0.84375
Talia,S15,34,t34,-0.7866,0.78125
Talia,S15,35,t35,-0.5786,0.71875
Talia,S15,36,t36,-0.5549,0.71875
Talia,S15,37,t37,-0.633,0.78125
Talia,S15,38,t38,-0.6934,0.84375
Talia,S15,39,t39,-0.6912,0.78125
Talia,S15,40,t40,-0.6969,0.78125
Talia,S15,41,t41,-0.7841,0.78125
Talia,S15,42,t42,-0.8333,0.78125
Talia,S15,43,t43,-0.8033,0.78125
Talia,S15,44,t44,-0.9279,0.78125
Talia,S15,45,t45,-1.3195,0.90625
Talia,S15,46,t46,-1.3963,0.96875
Talia,S15,47,t47,-1.1836,0.78125
Talia,S15,48,t48,-0.8486,0.78125
Talia,S15,49,t49,-0.3487,0.65625
Talia,S15,50,t50,0.2325,0.46875
Talia,S15,51,t51,0.6733,0.21875
Talia,S15,52,t52,0.9121,0.21875
Talia,S15,53,t53,0.8751,0.21875
Talia,S15,54,t54,0.8336,0.21875
Talia,S15,55,t55,1.2634,0.15625
Talia,S15,56,t56,1.6861,0.03125
Talia,S15,57,t57,1.8332,0.03125
Talia,S15,58,t58,1.9061,0.03125
Talia,S15,59,t59,1.9089,0.03125
Talia,S15,60,t60,1.8233,0.03125
Talia,S15,61,t61,1.5096,0.03125
Talia,S15,62,t62,0.7064,0.28125
Talia,S15,63,t63,-0.4473,0.53125
