dataset,subject,elec_idx,elec,z,p
Angelique,S02,0,t00,-0.0004,0.50781
Angelique,S02,1,t01,-0.791,0.78906
Angelique,S02,2,t02,-1.2242,0.88281
Angelique,S02,3,t03,-1.5105,0.91406
Angelique,S02,4,t04,-1.4472,0.89844
Angelique,S02,5,t05,-0.4568,0.63281
Angelique,S02,6,t06,0.529,0.30469
Angelique,S02,7,t07,1.0138,0.16406
Angelique,S02,8,t08,1.1415,0.14844
Angelique,S02,9,t09,1.3378,0.11719
Angelique,S02,10,t10,1.6967,0.03906
Angelique,S02,11,t11,1.8852,0.03906
Angelique,S02,12,t12,1.8721,0.02344
Angelique,S02,13,t13,1.9234,0.00781
Angelique,S02,14,t14,2.0607,0.00781
Angelique,S02,15,t15,2.1632,0.00781
Angelique,S02,16,t16,2.1494,0.00781
Angelique,S02,17,t17,2.0373,0.00781
Angelique,S02,18,t18,1.9363,0.02344
Angelique,S02,19,t19,1.5045,0.08594
Angelique,S02,20,t20,0.5592,0.27344
Angelique,S02,21,t21,0.555,0.32031
Angelique,S02,22,t22,1.4089,0.08594
Angelique,S02,23,t23,1.9001,0.02344
Angelique,S02,24,t24,1.5807,0.05469
Angelique,S02,25,t25,1.1853,0.19531
Angelique,S02,26,t26,0.7296,0.24219
Angelique,S02,27,t27,0.9225,0.19531
Angelique,S02,28,t28,1.4213,0.08594
Angelique,S02,29,t29,1.7561,0.02344
Angelique,S02,30,t30,1.7389,0.00781
Angelique,S02,31,t31,1.5442,0.00781
Angelique,S02,32,t32,1.2721,0.11719
Angelique,S02,33,t33,1.2127,0.13281
Angelique,S02,34,t34,1.3176,0.11719
Angelique,S02,35,t35,1.1709,0.16406
Angelique,S02,36,t36,1.2346,0.16406
Angelique,S02,37,t37,1.6848,0.03906
Angelique,S02,38,t38,1.8116,0.02344
Angelique,S02,39,t39,1.3233,0.10156
Angelique,S02,40,t40,1.8025,0.03906
Angelique,S02,41,t41,2.0368,0.02344
Angelique,S02,42,t42,1.8264,0.02344
Angelique,S02,43,t43,1.4375,0.07031
Angelique,S02,44,t44,1.5686,0.05469
Angelique,S02,45,t45,1.7227,0.02344
Angelique,S02,46,t46,1.5097,0.07031
Angelique,S02,47,t47,1.3972,0.07031
Angelique,S02,48,t48,1.6472,0.03906
Angelique,S02,49,t49,1.4086,0.08594
Angelique,S02,50,t50,0.2841,0.42969
Angelique,S02,51,t51,-0.1933,0.60156
Angelique,S02,52,t52,0.4641,0.35156
Angelique,S02,53,t53,1.0557,0.17969
Angelique,S02,54,t54,0.9659,0.27344
Angelique,S02,55,t55,0.7927,0.38281
Angelique,S02,56,t56,0.8551,0.19531
Angelique,S02,57,t57,0.3058,0.44531
Angelique,S02,58,t58,0.0802,0.35156
Angelique,S02,59,t59,0.035,0.49219
Angelique,S02,60,t60,-0.5665,0.69531
Angelique,S02,61,t61,-0.449,0.64844
Angelique,S02,62,t62,-0.4075,0.63281
Angelique,S02,63,t63,-0.3253,0.60156
Angelique,S03,0,t00,0.0625,0.46094
Angelique,S03,1,t01,0.1681,0.42969
Angelique,S03,2,t02,0.4761,0.41406
Angelique,S03,3,t03,0.7794,0.33594
Angelique,S03,4,t04,0.7837,0.25781
Angelique,S03,5,t05,0.5596,0.33594
Angelique,S03,6,t06,0.3005,0.32031
Angelique,S03,7,t07,-0.0692,0.50781
Angelique,S03,8,t08,0.0194,0.49219
Angelique,S03,9,t09,0.9542,0.17969
Angelique,S03,10,t10,1.1858,0.13281
Angelique,S03,11,t11,0.7027,0.28906
Angelique,S03,12,t12,0.2692,0.39844
Angelique,S03,13,t13,0.0674,0.47656
Angelique,S03,14,t14,0.0145,0.49219
Angelique,S03,15,t15,0.1566,0.42969
Angelique,S03,16,t16,0.4942,0.36719
Angelique,S03,17,t17,1.0027,0.16406
Angelique,S03,18,t18,1.4793,0.08594
Angelique,S03,19,t19,1.5665,0.10156
Angelique,S03,20,t20,1.5415,0.10156
Angelique,S03,21,t21,1.6441,0.05469
Angelique,S03,22,t22,1.816,0.02344
Angelique,S03,23,t23,1.7832,0.00781
Angelique,S03,24,t24,1.4281,0.08594
Angelique,S03,25,t25,0.9566,0.17969
Angelique,S03,26,t26,0.6275,0.28906
Angelique,S03,27,t27,0.3809,0.39844
Angelique,S03,28,t28,-0.0799,0.53906
Angelique,S03,29,t29,-0.9225,0.80469
Angelique,S03,30,t30,-1.1291,0.86719
Angelique,S03,31,t31,-0.8954,0.78906
Angelique,S03,32,t32,-0.4834,0.74219
Angelique,S03,33,t33,0.2036,0.44531
Angelique,S03,34,t34,0.8179,0.25781
Angelique,S03,35,t35,1.2517,0.11719
Angelique,S03,36,t36,1.5221,0.07031
Angelique,S03,37,t37,1.6719,0.03906
Angelique,S03,38,t38,1.6748,0.05469
Angelique,S03,39,t39,1.2923,0.17969
Angelique,S03,40,t40,0.9669,0.22656
Angelique,S03,41,t41,0.9526,0.22656
Angelique,S03,42,t42,1.084,0.17969
Angelique,S03,43,t43,1.2034,0.13281
Angelique,S03,44,t44,1.208,0.13281
Angelique,S03,45,t45,1.0874,0.14844
Angelique,S03,46,t46,0.8986,0.21094
Angelique,S03,47,t47,0.6475,0.28906
Angelique,S03,48,t48,0.4331,0.32031
Angelique,S03,49,t49,0.2985,0.38281
Angelique,S03,50,t50,-0.0597,0.53906
Angelique,S03,51,t51,-0.3929,0.64844
Angelique,S03,52,t52,-0.3809,0.66406
Angelique,S03,53,t53,-0.2787,0.58594
Angelique,S03,54,t54,0.0196,0.47656
Angelique,S03,55,t55,0.4129,0.33594
Angelique,S03,56,t56,0.7063,0.27344
Angelique,S03,57,t57,0.8133,0.22656
Angelique,S03,58,t58,0.9798,0.22656
Angelique,S03,59,t59,1.0906,0.16406
Angelique,S03,60,t60,0.9942,0.16406
Angelique,S03,61,t61,0.5148,0.27344
Angelique,S03,62,t62,-0.0515,0.50781
Angelique,S03,63,t63,-0.2371,0.52344
Angelique,S04,0,t00,-1.0784,0.78906
Angelique,S04,1,t01,-1.542,0.92969
Angelique,S04,2,t02,-1.4781,0.91406
Angelique,S04,3,t03,-1.1613,0.85156
Angelique,S04,4,t04,-0.6663,0.67969
Angelique,S04,5,t05,-0.1256,0.57031
Angelique,S04,6,t06,0.1265,0.44531
Angelique,S04,7,t07,-0.1067,0.53906
Angelique,S04,8,t08,-0.8425,0.72656
Angelique,S04,9,t09,-1.6987,0.94531
Angelique,S04,10,t10,-1.5741,0.94531
Angelique,S04,11,t11,-1.3424,0.89844
Angelique,S04,12,t12,-0.4597,0.66406
Angelique,S04,13,t13,0.4655,0.32031
Angelique,S04,14,t14,0.5824,0.25781
Angelique,S04,15,t15,0.3762,0.35156
Angelique,S04,16,t16,-0.4355,0.66406
Angelique,S04,17,t17,0.0584,0.49219
Angelique,S04,18,t18,0.8621,0.21094
Angelique,S04,19,t19,0.9294,0.19531
Angelique,S04,20,t20,0.9896,0.17969
Angelique,S04,21,t21,1.1142,0.19531
Angelique,S04,22,t22,0.0928,0.46094
Angelique,S04,23,t23,-1.0687,0.86719
Angelique,S04,24,t24,-1.2068,0.86719
Angelique,S04,25,t25,-0.3658,0.67969
Angelique,S04,26,t26,0.5214,0.30469
Angelique,S04,27,t27,0.6341,0.32031
Angelique,S04,28,t28,0.0567,0.47656
Angelique,S04,29,t29,-0.7708,0.78906
Angelique,S04,30,t30,-1.1522,0.86719
Angelique,S04,31,t31,-1.045,0.82031
Angelique,S04,32,t32,-0.3957,0.64844
Angelique,S04,33,t33,0.2902,0.39844
Angelique,S04,34,t34,0.9081,0.17969
Angelique,S04,35,t35,1.6064,0.07031
Angelique,S04,36,t36,1.4778,0.08594
Angelique,S04,37,t37,0.536,0.28906
Angelique,S04,38,t38,0.3837,0.39844
Angelique,S04,39,t39,0.8041,0.22656
Angelique,S04,40,t40,1.1099,0.13281
Angelique,S04,41,t41,1.1331,0.11719
Angelique,S04,42,t42,1.6934,0.05469
Angelique,S04,43,t43,2.3516,0.00781
Angelique,S04,44,t44,2.1964,0.00781
Angelique,S04,45,t45,1.5647,0.05469
Angelique,S04,46,t46,2.2077,0.00781
Angelique,S04,47,t47,1.8344,0.02344
Angelique,S04,48,t48,0.8587,0.30469
Angelique,S04,49,t49,-0.0345,0.52344
Angelique,S04,50,t50,-0.0833,0.55469
Angelique,S04,51,t51,0.52,0.41406
Angelique,S04,52,t52,0.3352,0.44531
Angelique,S04,53,t53,-0.5815,0.71094
Angelique,S04,54,t54,-2.1608,0.99219
Angelique,S04,55,t55,-1.6785,0.96094
Angelique,S04,56,t56,-0.2724,0.58594
Angelique,S04,57,t57,0.4264,0.36719
Angelique,S04,58,t58,0.1273,0.42969
Angelique,S04,59,t59,-1.5725,0.94531
Angelique,S04,60,t60,-1.8368,0.97656
Angelique,S04,61,t61,-0.5921,0.71094
Angelique,S04,62,t62,-0.2955,0.58594
Angelique,S04,63,t63,-0.4687,0.64844
Angelique,S05,0,t00,-1.8135,0.96094
Angelique,S05,1,t01,-1.9083,0.97656
Angelique,S05,2,t02,-1.9138,0.97656
Angelique,S05,3,t03,-1.8097,0.97656
Angelique,S05,4,t04,-1.7571,0.96094
Angelique,S05,5,t05,-1.7031,0.94531
Angelique,S05,6,t06,-1.6541,0.99219
Angelique,S05,7,t07,-1.7092,0.99219
Angelique,S05,8,t08,-1.8228,0.99219
Angelique,S05,9,t09,-1.8876,0.97656
Angelique,S05,10,t10,-1.8665,0.97656
Angelique,S05,11,t11,-1.7964,0.97656
Angelique,S05,12,t12,-1.6941,0.94531
Angelique,S05,13,t13,-1.6799,0.96094
Angelique,S05,14,t14,-1.8276,0.96094
Angelique,S05,15,t15,-1.7813,0.96094
Angelique,S05,16,t16,-1.4633,0.92969
Angelique,S05,17,t17,-1.2279,0.86719
Angelique,S05,18,t18,-1.2887,0.88281
Angelique,S05,19,t19,-1.4071,0.91406
Angelique,S05,20,t20,-1.4979,0.91406
Angelique,S05,21,t21,-1.5451,0.96094
Angelique,S05,22,t22,-1.5663,0.91406
Angelique,S05,23,t23,-1.3925,0.89844
Angelique,S05,24,t24,-1.0951,0.86719
Angelique,S05,25,t25,-0.8898,0.78906
Angelique,S05,26,t26,-0.8793,0.77344
Angelique,S05,27,t27,-0.8652,0.78906
Angelique,S05,28,t28,-0.6943,0.74219
Angelique,S05,29,t29,-0.5027,0.69531
Angelique,S05,30,t30,-0.5639,0.67969
Angelique,S05,31,t31,-0.7033,0.75781
Angelique,S05,32,t32,-0.6896,0.72656
Angelique,S05,33,t33,-0.6532,0.71094
Angelique,S05,34,t34,-1.0376,0.85156
Angelique,S05,35,t35,-1.4923,0.91406
Angelique,S05,36,t36,-1.6069,0.94531
Angelique,S05,37,t37,-1.7535,0.97656
Angelique,S05,38,t38,-1.8527,0.97656
Angelique,S05,39,t39,-1.6347,0.97656
Angelique,S05,40,t40,-1.2553,0.83594
Angelique,S05,41,t41,-0.9644,0.78906
Angelique,S05,42,t42,-0.5789,0.69531
Angelique,S05,43,t43,0.0319,0.47656
Angelique,S05,44,t44,0.3217,0.38281
Angelique,S05,45,t45,0.1903,0.46094
Angelique,S05,46,t46,0.0115,0.49219
Angelique,S05,47,t47,-0.0623,0.52344
Angelique,S05,48,t48,0.0912,0.44531
Angelique,S05,49,t49,0.49,0.30469
Angelique,S05,50,t50,0.4586,0.32031
Angelique,S05,51,t51,-0.1494,0.55469
Angelique,S05,52,t52,-0.4815,0.66406
Angelique,S05,53,t53,-0.1871,0.55469
Angelique,S05,54,t54,0.2566,0.41406
Angelique,S05,55,t55,0.6564,0.27344
Angelique,S05,56,t56,0.9183,0.19531
Angelique,S05,57,t57,0.8322,0.22656
Angelique,S05,58,t58,0.2673,0.38281
Angelique,S05,59,t59,-0.8718,0.78906
Angelique,S05,60,t60,-1.7897,0.97656
Angelique,S05,61,t61,-2.1556,0.99219
Angelique,S05,62,t62,-2.1435,0.99219
Angelique,S05,63,t63,-2.0258,0.99219
Angelique,S07,0,t00,1.6535,0.03906
Angelique,S07,1,t01,1.7664,0.02344
Angelique,S07,2,t02,1.7584,0.00781
Angelique,S07,3,t03,1.7148,0.00781
Angelique,S07,4,t04,1.6658,0.02344
Angelique,S07,5,t05,1.6594,0.05469
Angelique,S07,6,t06,1.6217,0.08594
Angelique,S07,7,t07,1.5405,0.08594
Angelique,S07,8,t08,1.4954,0.07031
Angelique,S07,9,t09,1.421,0.08594
Angelique,S07,10,t10,1.3934,0.08594
Angelique,S07,11,t11,1.4971,0.05469
Angelique,S07,12,t12,1.6603,0.03906
Angelique,S07,13,t13,1.6226,0.02344
Angelique,S07,14,t14,1.2746,0.11719
Angelique,S07,15,t15,0.9341,0.21094
Angelique,S07,16,t16,0.8684,0.22656
Angelique,S07,17,t17,0.9247,0.22656
Angelique,S07,18,t18,0.9488,0.17969
Angelique,S07,19,t19,0.6552,0.27344
Angelique,S07,20,t20,0.4779,0.33594
Angelique,S07,21,t21,0.3379,0.39844
Angelique,S07,22,t22,0.2063,0.42969
Angelique,S07,23,t23,0.0795,0.47656
Angelique,S07,24,t24,0.325,0.38281
Angelique,S07,25,t25,1.0389,0.16406
Angelique,S07,26,t26,1.4274,0.07031
Angelique,S07,27,t27,1.5101,0.08594
Angelique,S07,28,t28,1.5309,0.05469
Angelique,S07,29,t29,1.6164,0.05469
Angelique,S07,30,t30,1.7912,0.03906
Angelique,S07,31,t31,1.8796,0.03906
Angelique,S07,32,t32,1.9121,0.03906
Angelique,S07,33,t33,1.8511,0.03906
Angelique,S07,34,t34,1.7243,0.05469
Angelique,S07,35,t35,1.6811,0.05469
Angelique,S07,36,t36,1.6314,0.05469
Angelique,S07,37,t37,1.5624,0.05469
Angelique,S07,38,t38,1.415,0.07031
Angelique,S07,39,t39,1.1393,0.13281
Angelique,S07,40,t40,1.0488,0.17969
Angelique,S07,41,t41,1.1393,0.14844
Angelique,S07,42,t42,0.8812,0.21094
Angelique,S07,43,t43,0.3485,0.36719
Angelique,S07,44,t44,0.0845,0.46094
Angelique,S07,45,t45,0.1843,0.41406
Angelique,S07,46,t46,0.556,0.32031
Angelique,S07,47,t47,0.8834,0.22656
Angelique,S07,48,t48,1.0054,0.17969
Angelique,S07,49,t49,0.9587,0.19531
Angelique,S07,50,t50,0.8667,0.22656
Angelique,S07,51,t51,0.7997,0.25781
Angelique,S07,52,t52,0.8056,0.25781
Angelique,S07,53,t53,0.9268,0.21094
Angelique,S07,54,t54,1.118,0.13281
Angelique,S07,55,t55,1.219,0.10156
Angelique,S07,56,t56,1.2276,0.11719
Angelique,S07,57,t57,1.2229,0.10156
Angelique,S07,58,t58,1.224,0.11719
Angelique,S07,59,t59,1.2076,0.11719
Angelique,S07,60,t60,1.2331,0.11719
Angelique,S07,61,t61,1.2887,0.11719
Angelique,S07,62,t62,1.3237,0.11719
Angelique,S07,63,t63,1.4416,0.08594
Angelique,S08,0,t00,-0.2536,0.61719
Angelique,S08,1,t01,0.0623,0.47656
Angelique,S08,2,t02,0.3591,0.44531
Angelique,S08,3,t03,0.6179,0.24219
Angelique,S08,4,t04,0.6863,0.25781
Angelique,S08,5,t05,0.2117,0.42969
Angelique,S08,6,t06,-0.0841,0.53906
Angelique,S08,7,t07,-0.0546,0.55469
Angelique,S08,8,t08,0.2991,0.39844
Angelique,S08,9,t09,0.5837,0.30469
Angelique,S08,10,t10,0.5398,0.33594
Angelique,S08,11,t11,0.7015,0.24219
Angelique,S08,12,t12,0.9649,0.16406
Angelique,S08,13,t13,0.9246,0.19531
Angelique,S08,14,t14,0.6601,0.24219
Angelique,S08,15,t15,0.3629,0.35156
Angelique,S08,16,t16,0.0326,0.47656
Angelique,S08,17,t17,-0.2448,0.58594
Angelique,S08,18,t18,-0.412,0.69531
Angelique,S08,19,t19,-0.4058,0.64844
Angelique,S08,20,t20,-0.2211,0.58594
Angelique,S08,21,t21,0.145,0.41406
Angelique,S08,22,t22,0.4005,0.36719
Angelique,S08,23,t23,0.572,0.30469
Angelique,S08,24,t24,0.3443,0.35156
Angelique,S08,25,t25,-0.0772,0.53906
Angelique,S08,26,t26,-0.3056,0.58594
Angelique,S08,27,t27,-0.3481,0.61719
Angelique,S08,28,t28,-0.4075,0.63281
Angelique,S08,29,t29,-0.5671,0.69531
Angelique,S08,30,t30,-0.7905,0.77344
Angelique,S08,31,t31,-0.9554,0.77344
Angelique,S08,32,t32,-1.1266,0.80469
Angelique,S08,33,t33,-1.2937,0.85156
Angelique,S08,34,t34,-1.301,0.86719
Angelique,S08,35,t35,-1.1234,0.86719
Angelique,S08,36,t36,-0.9617,0.83594
Angelique,S08,37,t37,-0.9138,0.82031
Angelique,S08,38,t38,-0.8108,0.78906
Angelique,S08,39,t39,-0.549,0.69531
Angelique,S08,40,t40,-0.1401,0.58594
Angelique,S08,41,t41,0.4944,0.35156
Angelique,S08,42,t42,1.1515,0.13281
Angelique,S08,43,t43,1.4238,0.05469
Angelique,S08,44,t44,1.4963,0.05469
Angelique,S08,45,t45,1.5232,0.03906
Angelique,S08,46,t46,1.5068,0.03906
Angelique,S08,47,t47,1.5354,0.03906
Angelique,S08,48,t48,1.6902,0.03906
Angelique,S08,49,t49,1.8632,0.02344
Angelique,S08,50,t50,1.9601,0.00781
Angelique,S08,51,t51,1.9611,0.02344
Angelique,S08,52,t52,1.8815,0.02344
Angelique,S08,53,t53,1.7985,0.03906
Angelique,S08,54,t54,1.7658,0.03906
Angelique,S08,55,t55,1.7751,0.00781
Angelique,S08,56,t56,1.845,0.00781
Angelique,S08,57,t57,1.7878,0.00781
Angelique,S08,58,t58,1.4655,0.07031
Angelique,S08,59,t59,1.2623,0.03906
Angelique,S08,60,t60,1.2467,0.08594
Angelique,S08,61,t61,1.1192,0.16406
Angelique,S08,62,t62,0.7483,0.24219
Angelique,S08,63,t63,0.2071,0.41406
Angelique,S09,0,t00,1.7504,0.03906
Angelique,S09,1,t01,1.7158,0.05469
Angelique,S09,2,t02,1.2418,0.11719
Angelique,S09,3,t03,0.8168,0.19531
Angelique,S09,4,t04,0.6362,0.27344
Angelique,S09,5,t05,0.917,0.19531
Angelique,S09,6,t06,1.1648,0.10156
Angelique,S09,7,t07,0.8917,0.21094
Angelique,S09,8,t08,0.5829,0.28906
Angelique,S09,9,t09,0.7656,0.22656
Angelique,S09,10,t10,1.1371,0.13281
Angelique,S09,11,t11,1.5538,0.07031
Angelique,S09,12,t12,1.9596,0.00781
Angelique,S09,13,t13,2.0442,0.02344
Angelique,S09,14,t14,1.9993,0.02344
Angelique,S09,15,t15,1.9912,0.00781
Angelique,S09,16,t16,1.8151,0.00781
Angelique,S09,17,t17,1.595,0.03906
Angelique,S09,18,t18,-0.0598,0.52344
Angelique,S09,19,t19,-0.1116,0.52344
Angelique,S09,20,t20,-0.2337,0.58594
Angelique,S09,21,t21,-0.3215,0.61719
Angelique,S09,22,t22,0.2058,0.42969
Angelique,S09,23,t23,0.6821,0.27344
Angelique,S09,24,t24,0.9435,0.19531
Angelique,S09,25,t25,1.5409,0.10156
Angelique,S09,26,t26,1.9162,0.02344
Angelique,S09,27,t27,1.2992,0.13281
Angelique,S09,28,t28,-0.2564,0.64844
Angelique,S09,29,t29,-1.7034,0.94531
Angelique,S09,30,t30,-0.2052,0.57031
Angelique,S09,31,t31,0.9484,0.17969
Angelique,S09,32,t32,1.6588,0.07031
Angelique,S09,33,t33,2.2143,0.00781
Angelique,S09,34,t34,2.15,0.00781
Angelique,S09,35,t35,1.178,0.13281
Angelique,S09,36,t36,-0.2595,0.58594
Angelique,S09,37,t37,-0.4646,0.66406
Angelique,S09,38,t38,0.3935,0.30469
Angelique,S09,39,t39,0.7568,0.25781
Angelique,S09,40,t40,0.4303,0.36719
Angelique,S09,41,t41,0.1531,0.42969
Angelique,S09,42,t42,0.3395,0.36719
Angelique,S09,43,t43,0.4777,0.36719
Angelique,S09,44,t44,0.4735,0.35156
Angelique,S09,45,t45,0.1078,0.44531
Angelique,S09,46,t46,-0.5697,0.69531
Angelique,S09,47,t47,-0.4929,0.66406
Angelique,S09,48,t48,-0.2337,0.57031
Angelique,S09,49,t49,-0.0328,0.52344
Angelique,S09,50,t50,0.2363,0.41406
Angelique,S09,51,t51,0.1895,0.42969
Angelique,S09,52,t52,-0.054,0.50781
Angelique,S09,53,t53,-0.3015,0.64844
Angelique,S09,54,t54,-0.4096,0.64844
Angelique,S09,55,t55,-0.5033,0.66406
Angelique,S09,56,t56,-0.8997,0.83594
Angelique,S09,57,t57,-1.3756,0.91406
Angelique,S09,58,t58,-1.6164,0.96094
Angelique,S09,59,t59,-1.6664,0.96094
Angelique,S09,60,t60,-1.2813,0.89844
Angelique,S09,61,t61,0.1319,0.42969
Angelique,S09,62,t62,1.2523,0.10156
Angelique,S09,63,t63,1.6367,0.05469
Angelique,S10,0,t00,1.2465,0.10156
Angelique,S10,1,t01,1.1608,0.14844
Angelique,S10,2,t02,1.1978,0.13281
Angelique,S10,3,t03,1.2646,0.14844
Angelique,S10,4,t04,1.2278,0.14844
Angelique,S10,5,t05,1.0239,0.16406
Angelique,S10,6,t06,0.7273,0.25781
Angelique,S10,7,t07,0.4384,0.38281
Angelique,S10,8,t08,0.1486,0.47656
Angelique,S10,9,t09,-0.1888,0.55469
Angelique,S10,10,t10,-0.4833,0.64844
Angelique,S10,11,t11,-0.4516,0.67969
Angelique,S10,12,t12,-0.1092,0.52344
Angelique,S10,13,t13,0.1798,0.49219
Angelique,S10,14,t14,0.0678,0.46094
Angelique,S10,15,t15,-0.4103,0.64844
Angelique,S10,16,t16,-0.8617,0.78906
Angelique,S10,17,t17,-1.066,0.85156
Angelique,S10,18,t18,-1.0615,0.85156
Angelique,S10,19,t19,-1.1465,0.85156
Angelique,S10,20,t20,-1.2887,0.86719
Angelique,S10,21,t21,-1.1889,0.85156
Angelique,S10,22,t22,-1.0188,0.85156
Angelique,S10,23,t23,-1.0161,0.82031
Angelique,S10,24,t24,-1.1807,0.85156
Angelique,S10,25,t25,-1.2703,0.85156
Angelique,S10,26,t26,-1.1593,0.85156
Angelique,S10,27,t27,-0.9637,0.80469
Angelique,S10,28,t28,-0.888,0.75781
Angelique,S10,29,t29,-0.9693,0.80469
Angelique,S10,30,t30,-1.1412,0.86719
Angelique,S10,31,t31,-1.1904,0.83594
Angelique,S10,32,t32,-0.7287,0.82031
Angelique,S10,33,t33,-0.2437,0.58594
Angelique,S10,34,t34,-0.1649,0.55469
Angelique,S10,35,t35,-0.4594,0.64844
Angelique,S10,36,t36,-0.7363,0.74219
Angelique,S10,37,t37,-0.636,0.74219
Angelique,S10,38,t38,-0.2884,0.60156
Angelique,S10,39,t39,0.0756,0.46094
Angelique,S10,40,t40,0.3832,0.36719
Angelique,S10,41,t41,0.6786,0.27344
Angelique,S10,42,t42,0.9493,0.21094
Angelique,S10,43,t43,1.0297,0.16406
Angelique,S10,44,t44,0.827,0.22656
Angelique,S10,45,t45,0.4755,0.32031
Angelique,S10,46,t46,0.1997,0.41406
Angelique,S10,47,t47,-0.0401,0.55469
Angelique,S10,48,t48,-0.2312,0.60156
Angelique,S10,49,t49,-0.3197,0.61719
Angelique,S10,50,t50,-0.4406,0.64844
Angelique,S10,51,t51,-0.6854,0.69531
Angelique,S10,52,t52,-0.9578,0.78906
Angelique,S10,53,t53,-1.2214,0.88281
Angelique,S10,54,t54,-1.5108,0.96094
Angelique,S10,55,t55,-1.6684,0.96094
Angelique,S10,56,t56,-1.717,0.96094
Angelique,S10,57,t57,-1.7164,0.96094
Angelique,S10,58,t58,-1.0948,0.83594
Angelique,S10,59,t59,0.402,0.35156
Angelique,S10,60,t60,0.9797,0.19531
Angelique,S10,61,t61,1.1944,0.13281
Angelique,S10,62,t62,1.2248,0.10156
Angelique,S10,63,t63,1.1873,0.11719
Angelique,S11,0,t00,-0.3714,0.61719
Angelique,S11,1,t01,-0.1938,0.57031
Angelique,S11,2,t02,-0.3271,0.61719
Angelique,S11,3,t03,-0.454,0.64844
Angelique,S11,4,t04,-0.2743,0.53906
Angelique,S11,5,t05,0.1884,0.44531
Angelique,S11,6,t06,1.2661,0.11719
Angelique,S11,7,t07,1.8644,0.02344
Angelique,S11,8,t08,1.4598,0.07031
Angelique,S11,9,t09,0.7948,0.19531
Angelique,S11,10,t10,0.4494,0.32031
Angelique,S11,11,t11,0.7168,0.24219
Angelique,S11,12,t12,1.4818,0.07031
Angelique,S11,13,t13,1.6846,0.03906
Angelique,S11,14,t14,1.2485,0.10156
Angelique,S11,15,t15,0.6026,0.28906
Angelique,S11,16,t16,0.8567,0.27344
Angelique,S11,17,t17,1.5842,0.02344
Angelique,S11,18,t18,1.6226,0.00781
Angelique,S11,19,t19,1.5429,0.00781
Angelique,S11,20,t20,1.7253,0.00781
Angelique,S11,21,t21,1.635,0.03906
Angelique,S11,22,t22,1.1829,0.13281
Angelique,S11,23,t23,0.7522,0.24219
Angelique,S11,24,t24,0.5582,0.32031
Angelique,S11,25,t25,0.9478,0.21094
Angelique,S11,26,t26,1.4694,0.10156
Angelique,S11,27,t27,1.7354,0.03906
Angelique,S11,28,t28,1.8348,0.00781
Angelique,S11,29,t29,1.619,0.05469
Angelique,S11,30,t30,1.1822,0.10156
Angelique,S11,31,t31,0.8042,0.25781
Angelique,S11,32,t32,0.9304,0.17969
Angelique,S11,33,t33,0.9164,0.22656
Angelique,S11,34,t34,0.3608,0.38281
Angelique,S11,35,t35,-0.3821,0.64844
Angelique,S11,36,t36,-0.5859,0.64844
Angelique,S11,37,t37,-0.1666,0.55469
Angelique,S11,38,t38,0.1446,0.46094
Angelique,S11,39,t39,-0.1425,0.58594
Angelique,S11,40,t40,-0.6175,0.67969
Angelique,S11,41,t41,-0.5854,0.63281
Angelique,S11,42,t42,-0.6534,0.58594
Angelique,S11,43,t43,-1.0944,0.80469
Angelique,S11,44,t44,-1.2034,0.86719
Angelique,S11,45,t45,-0.8645,0.75781
Angelique,S11,46,t46,-0.6595,0.66406
Angelique,S11,47,t47,-0.6754,0.66406
Angelique,S11,48,t48,-0.6766,0.69531
Angelique,S11,49,t49,-0.7674,0.66406
Angelique,S11,50,t50,-0.9841,0.80469
Angelique,S11,51,t51,-1.0606,0.82031
Angelique,S11,52,t52,-0.908,0.74219
Angelique,S11,53,t53,-1.121,0.83594
Angelique,S11,54,t54,-1.6973,0.96094
Angelique,S11,55,t55,-1.8778,0.97656
Angelique,S11,56,t56,-1.7846,0.99219
Angelique,S11,57,t57,-1.723,0.99219
Angelique,S11,58,t58,-1.6789,0.94531
Angelique,S11,59,t59,-1.5521,0.91406
Angelique,S11,60,t60,-1.0622,0.83594
Angelique,S11,61,t61,-0.3454,0.64844
Angelique,S11,62,t62,-0.1802,0.53906
Angelique,S11,63,t63,-0.5293,0.64844
Angelique,S13,0,t00,2.0775,0.00781
Angelique,S13,1,t01,2.1797,0.02344
Angelique,S13,2,t02,2.4106,0.00781
Angelique,S13,3,t03,2.3348,0.00781
Angelique,S13,4,t04,2.36,0.00781
Angelique,S13,5,t05,2.3054,0.00781
Angelique,S13,6,t06,1.0994,0.14844
Angelique,S13,7,t07,-0.031,0.50781
Angelique,S13,8,t08,-0.092,0.53906
Angelique,S13,9,t09,-0.2568,0.60156
Angelique,S13,10,t10,-0.1612,0.55469
Angelique,S13,11,t11,0.4469,0.33594
Angelique,S13,12,t12,0.8463,0.21094
Angelique,S13,13,t13,0.9103,0.21094
Angelique,S13,14,t14,1.4396,0.08594
Angelique,S13,15,t15,1.8744,0.03906
Angelique,S13,16,t16,1.8131,0.05469
Angelique,S13,17,t17,1.4066,0.08594
Angelique,S13,18,t18,0.9243,0.17969
Angelique,S13,19,t19,0.6955,0.25781
Angelique,S13,20,t20,1.1208,0.11719
Angelique,S13,21,t21,1.6936,0.05469
Angelique,S13,22,t22,1.8893,0.02344
Angelique,S13,23,t23,1.9567,0.02344
Angelique,S13,24,t24,1.6965,0.03906
Angelique,S13,25,t25,1.3077,0.14844
Angelique,S13,26,t26,1.2044,0.11719
Angelique,S13,27,t27,0.6768,0.25781
Angelique,S13,28,t28,0.1847,0.42969
Angelique,S13,29,t29,-0.241,0.61719
Angelique,S13,30,t30,-0.5075,0.69531
Angelique,S13,31,t31,-0.6402,0.72656
Angelique,S13,32,t32,-0.7436,0.72656
Angelique,S13,33,t33,-0.8976,0.80469
Angelique,S13,34,t34,-1.0216,0.82031
Angelique,S13,35,t35,-0.9485,0.80469
Angelique,S13,36,t36,-0.8196,0.75781
Angelique,S13,37,t37,-1.3037,0.89844
Angelique,S13,38,t38,-1.4751,0.91406
Angelique,S13,39,t39,-0.5676,0.69531
Angelique,S13,40,t40,0.3166,0.42969
Angelique,S13,41,t41,0.671,0.39844
Angelique,S13,42,t42,0.8374,0.28906
Angelique,S13,43,t43,0.9463,0.22656
Angelique,S13,44,t44,0.8454,0.25781
Angelique,S13,45,t45,0.6271,0.30469
Angelique,S13,46,t46,0.455,0.36719
Angelique,S13,47,t47,0.4304,0.33594
Angelique,S13,48,t48,-0.1919,0.50781
Angelique,S13,49,t49,-0.5939,0.64844
Angelique,S13,50,t50,-0.2196,0.60156
Angelique,S13,51,t51,-0.0779,0.53906
Angelique,S13,52,t52,-0.1152,0.57031
Angelique,S13,53,t53,0.2144,0.42969
Angelique,S13,54,t54,0.4432,0.32031
Angelique,S13,55,t55,0.6273,0.39844
Angelique,S13,56,t56,0.8723,0.35156
Angelique,S13,57,t57,1.4738,0.02344
Angelique,S13,58,t58,1.7908,0.02344
Angelique,S13,59,t59,1.854,0.02344
Angelique,S13,60,t60,1.779,0.03906
Angelique,S13,61,t61,1.8392,0.03906
Angelique,S13,62,t62,2.1819,0.00781
Angelique,S13,63,t63,2.1534,0.00781
Angelique,S15,0,t00,1.305,0.10156
Angelique,S15,1,t01,1.3519,0.10156
Angelique,S15,2,t02,1.3495,0.08594
Angelique,S15,3,t03,0.8651,0.21094
Angelique,S15,4,t04,0.3517,0.38281
Angelique,S15,5,t05,0.415,0.35156
Angelique,S15,6,t06,0.9637,0.19531
Angelique,S15,7,t07,1.3452,0.17969
Angelique,S15,8,t08,1.1185,0.14844
Angelique,S15,9,t09,0.8212,0.21094
Angelique,S15,10,t10,0.6842,0.25781
Angelique,S15,11,t11,0.4091,0.33594
Angelique,S15,12,t12,-0.1006,0.53906
Angelique,S15,13,t13,-0.3034,0.61719
Angelique,S15,14,t14,0.3784,0.35156
Angelique,S15,15,t15,1.307,0.08594
Angelique,S15,16,t16,1.492,0.10156
Angelique,S15,17,t17,1.2457,0.10156
Angelique,S15,18,t18,0.8616,0.24219
Angelique,S15,19,t19,1.8558,0.02344
Angelique,S15,20,t20,1.988,0.02344
Angelique,S15,21,t21,1.6453,0.05469
Angelique,S15,22,t22,1.5937,0.07031
Angelique,S15,23,t23,1.4719,0.08594
Angelique,S15,24,t24,1.3735,0.10156
Angelique,S15,25,t25,1.2495,0.11719
Angelique,S15,26,t26,1.0035,0.19531
Angelique,S15,27,t27,0.7928,0.22656
Angelique,S15,28,t28,0.9546,0.17969
Angelique,S15,29,t29,1.5567,0.02344
Angelique,S15,30,t30,1.8659,0.02344
Angelique,S15,31,t31,2.0315,0.00781
Angelique,S15,32,t32,2.1755,0.00781
Angelique,S15,33,t33,2.0103,0.00781
Angelique,S15,34,t34,1.0371,0.19531
Angelique,S15,35,t35,0.3703,0.42969
Angelique,S15,36,t36,0.7212,0.28906
Angelique,S15,37,t37,1.2527,0.11719
Angelique,S15,38,t38,1.5661,0.03906
Angelique,S15,39,t39,1.5674,0.00781
Angelique,S15,40,t40,1.7145,0.02344
Angelique,S15,41,t41,2.0438,0.00781
Angelique,S15,42,t42,2.1999,0.00781
Angelique,S15,43,t43,1.9311,0.00781
Angelique,S15,44,t44,1.7531,0.00781
Angelique,S15,45,t45,1.7553,0.03906
Angelique,S15,46,t46,1.309,0.08594
Angelique,S15,47,t47,0.8264,0.17969
Angelique,S15,48,t48,0.8946,0.21094
Angelique,S15,49,t49,1.3279,0.11719
Angelique,S15,50,t50,1.6501,0.00781
Angelique,S15,51,t51,1.7629,0.00781
Angelique,S15,52,t52,1.919,0.00781
Angelique,S15,53,t53,2.0448,0.00781
Angelique,S15,54,t54,1.4814,0.07031
Angelique,S15,55,t55,0.8083,0.21094
Angelique,S15,56,t56,0.662,0.25781
Angelique,S15,57,t57,0.4646,0.33594
Angelique,S15,58,t58,0.6336,0.27344
Angelique,S15,59,t59,0.9125,0.16406
Angelique,S15,60,t60,0.5836,0.32031
Angelique,S15,61,t61,0.1612,0.44531
Angelique,S15,62,t62,0.4589,0.33594
Angelique,S15,63,t63,0.9924,0.17969
Angelique,S16,0,t00,0.5517,0.29688
Angelique,S16,1,t01,0.4002,0.35938
Angelique,S16,2,t02,0.3927,0.39062
Angelique,S16,3,t03,0.4107,0.35938
Angelique,S16,4,t04,0.3721,0.35938
Angelique,S16,5,t05,0.4434,0.32812
Angelique,S16,6,t06,0.7435,0.29688
Angelique,S16,7,t07,1.0894,0.17188
Angelique,S16,8,t08,1.388,0.04688
Angelique,S16,9,t09,1.8155,0.01562
Angelique,S16,10,t10,1.873,0.01562
Angelique,S16,11,t11,1.6042,0.04688
Angelique,S16,12,t12,1.686,0.01562
Angelique,S16,13,t13,2.0807,0.01562
Angelique,S16,14,t14,2.1192,0.01562
Angelique,S16,15,t15,1.911,0.01562
Angelique,S16,16,t16,1.6138,0.01562
Angelique,S16,17,t17,1.4228,0.07812
Angelique,S16,18,t18,1.3537,0.10938
Angelique,S16,19,t19,1.1096,0.10938
Angelique,S16,20,t20,0.7592,0.23438
Angelique,S16,21,t21,0.4657,0.32812
Angelique,S16,22,t22,0.3634,0.35938
Angelique,S16,23,t23,0.428,0.35938
Angelique,S16,24,t24,0.5397,0.29688
Angelique,S16,25,t25,0.5773,0.29688
Angelique,S16,26,t26,0.5359,0.29688
Angelique,S16,27,t27,0.6158,0.26562
Angelique,S16,28,t28,0.7979,0.23438
Angelique,S16,29,t29,0.9272,0.23438
Angelique,S16,30,t30,0.9378,0.23438
Angelique,S16,31,t31,0.9464,0.20312
Angelique,S16,32,t32,1.0639,0.17188
Angelique,S16,33,t33,1.1356,0.17188
Angelique,S16,34,t34,1.1171,0.17188
Angelique,S16,35,t35,1.2602,0.20312
Angelique,S16,36,t36,1.5037,0.04688
Angelique,S16,37,t37,1.6057,0.04688
Angelique,S16,38,t38,1.6003,0.04688
Angelique,S16,39,t39,1.5752,0.07812
Angelique,S16,40,t40,1.3933,0.07812
Angelique,S16,41,t41,1.1574,0.14062
Angelique,S16,42,t42,0.9198,0.17188
Angelique,S16,43,t43,0.7027,0.26562
Angelique,S16,44,t44,0.4029,0.35938
Angelique,S16,45,t45,0.1165,0.48438
Angelique,S16,46,t46,0.0173,0.48438
Angelique,S16,47,t47,0.2295,0.39062
Angelique,S16,48,t48,0.514,0.29688
Angelique,S16,49,t49,0.5026,0.26562
Angelique,S16,50,t50,0.3428,0.39062
Angelique,S16,51,t51,0.1652,0.42188
Angelique,S16,52,t52,0.0298,0.48438
Angelique,S16,53,t53,0.0063,0.48438
Angelique,S16,54,t54,0.0543,0.48438
Angelique,S16,55,t55,0.0934,0.45312
Angelique,S16,56,t56,0.0816,0.48438
Angelique,S16,57,t57,0.0872,0.42188
Angelique,S16,58,t58,0.1386,0.39062
Angelique,S16,59,t59,0.245,0.45312
Angelique,S16,60,t60,0.4617,0.45312
Angelique,S16,61,t61,0.7423,0.32812
Angelique,S16,62,t62,0.8092,0.26562
Angelique,S16,63,t63,0.5974,0.26562
Angelique,S18,0,t00,0.3288,0.36719
Angelique,S18,1,t01,0.6343,0.27344
Angelique,S18,2,t02,0.7883,0.22656
Angelique,S18,3,t03,0.831,0.22656
Angelique,S18,4,t04,0.812,0.22656
Angelique,S18,5,t05,0.8334,0.24219
Angelique,S18,6,t06,0.628,0.28906
Angelique,S18,7,t07,0.1439,0.44531
Angelique,S18,8,t08,-0.1403,0.57031
Angelique,S18,9,t09,-0.1826,0.63281
Angelique,S18,10,t10,-0.122,0.58594
Angelique,S18,11,t11,-0.0818,0.55469
Angelique,S18,12,t12,-0.1196,0.50781
Angelique,S18,13,t13,-0.1209,0.55469
Angelique,S18,14,t14,-0.0612,0.52344
Angelique,S18,15,t15,-0.0459,0.50781
Angelique,S18,16,t16,-0.2029,0.57031
Angelique,S18,17,t17,-0.5496,0.77344
Angelique,S18,18,t18,-0.9162,0.80469
Angelique,S18,19,t19,-1.0519,0.83594
Angelique,S18,20,t20,-0.8348,0.78906
Angelique,S18,21,t21,-0.5483,0.67969
Angelique,S18,22,t22,-0.3937,0.63281
Angelique,S18,23,t23,-0.3659,0.60156
Angelique,S18,24,t24,-0.381,0.63281
Angelique,S18,25,t25,-0.362,0.63281
Angelique,S18,26,t26,-0.4288,0.66406
Angelique,S18,27,t27,-0.5903,0.69531
Angelique,S18,28,t28,-0.8149,0.80469
Angelique,S18,29,t29,-1.1103,0.83594
Angelique,S18,30,t30,-1.2932,0.88281
Angelique,S18,31,t31,-1.3301,0.89844
Angelique,S18,32,t32,-1.303,0.88281
Angelique,S18,33,t33,-1.2601,0.88281
Angelique,S18,34,t34,-1.1909,0.85156
Angelique,S18,35,t35,-0.9767,0.82031
Angelique,S18,36,t36,-0.7805,0.74219
Angelique,S18,37,t37,-0.5009,0.66406
Angelique,S18,38,t38,-0.2527,0.55469
Angelique,S18,39,t39,-0.1645,0.55469
Angelique,S18,40,t40,-0.2403,0.53906
Angelique,S18,41,t41,-0.2329,0.50781
Angelique,S18,42,t42,0.039,0.49219
Angelique,S18,43,t43,0.2334,0.44531
Angelique,S18,44,t44,0.1911,0.44531
Angelique,S18,45,t45,0.0713,0.47656
Angelique,S18,46,t46,-0.1055,0.52344
Angelique,S18,47,t47,-0.5174,0.60156
Angelique,S18,48,t48,-1.0494,0.80469
Angelique,S18,49,t49,-1.2248,0.91406
Angelique,S18,50,t50,-1.0381,0.82031
Angelique,S18,51,t51,-0.8717,0.72656
Angelique,S18,52,t52,-0.8554,0.71094
Angelique,S18,53,t53,-0.6261,0.71094
Angelique,S18,54,t54,-0.462,0.64844
Angelique,S18,55,t55,-0.3549,0.61719
Angelique,S18,56,t56,-0.2794,0.61719
Angelique,S18,57,t57,-0.3024,0.61719
Angelique,S18,58,t58,-0.4837,0.64844
Angelique,S18,59,t59,-0.7955,0.77344
Angelique,S18,60,t60,-1.264,0.83594
Angelique,S18,61,t61,-1.6892,0.97656
Angelique,S18,62,t62,-1.4288,0.89844
Angelique,S18,63,t63,-0.7692,0.75781
Angelique,S19,0,t00,0.9361,0.17969
Angelique,S19,1,t01,0.779,0.21094
Angelique,S19,2,t02,0.3125,0.36719
Angelique,S19,3,t03,0.2187,0.42969
Angelique,S19,4,t04,0.8069,0.24219
Angelique,S19,5,t05,1.1073,0.14844
Angelique,S19,6,t06,0.7687,0.24219
Angelique,S19,7,t07,0.3774,0.33594
Angelique,S19,8,t08,-0.161,0.55469
Angelique,S19,9,t09,-0.7227,0.69531
Angelique,S19,10,t10,-0.8634,0.80469
Angelique,S19,11,t11,-0.6931,0.74219
Angelique,S19,12,t12,-0.5367,0.69531
Angelique,S19,13,t13,-0.8924,0.80469
Angelique,S19,14,t14,-1.3467,0.88281
Angelique,S19,15,t15,-1.378,0.89844
Angelique,S19,16,t16,-1.1257,0.77344
Angelique,S19,17,t17,-0.9111,0.77344
Angelique,S19,18,t18,-1.1176,0.78906
Angelique,S19,19,t19,-1.9479,0.97656
Angelique,S19,20,t20,-2.057,0.97656
Angelique,S19,21,t21,-2.1422,0.99219
Angelique,S19,22,t22,-2.2364,0.99219
Angelique,S19,23,t23,-2.2316,0.99219
Angelique,S19,24,t24,-2.1303,0.99219
Angelique,S19,25,t25,-2.0155,0.97656
Angelique,S19,26,t26,-1.7758,0.96094
Angelique,S19,27,t27,-1.1705,0.88281
Angelique,S19,28,t28,-0.5572,0.72656
Angelique,S19,29,t29,-0.1905,0.57031
Angelique,S19,30,t30,-0.0024,0.50781
Angelique,S19,31,t31,0.1074,0.46094
Angelique,S19,32,t32,0.3145,0.39844
Angelique,S19,33,t33,0.5003,0.28906
Angelique,S19,34,t34,0.5103,0.35156
Angelique,S19,35,t35,0.5279,0.33594
Angelique,S19,36,t36,0.7239,0.25781
Angelique,S19,37,t37,0.8576,0.21094
Angelique,S19,38,t38,0.7748,0.24219
Angelique,S19,39,t39,0.7173,0.25781
Angelique,S19,40,t40,0.4201,0.33594
Angelique,S19,41,t41,-0.237,0.60156
Angelique,S19,42,t42,-0.3643,0.64844
Angelique,S19,43,t43,0.0887,0.46094
Angelique,S19,44,t44,0.5437,0.30469
Angelique,S19,45,t45,0.69,0.27344
Angelique,S19,46,t46,0.4091,0.33594
Angelique,S19,47,t47,-0.0456,0.50781
Angelique,S19,48,t48,-0.3467,0.61719
Angelique,S19,49,t49,-0.4788,0.64844
Angelique,S19,50,t50,-0.282,0.60156
Angelique,S19,51,t51,0.1184,0.41406
Angelique,S19,52,t52,0.4184,0.35156
Angelique,S19,53,t53,0.6705,0.25781
Angelique,S19,54,t54,0.9078,0.21094
Angelique,S19,55,t55,1.0467,0.16406
Angelique,S19,56,t56,0.6755,0.25781
Angelique,S19,57,t57,0.3174,0.38281
Angelique,S19,58,t58,0.35,0.38281
Angelique,S19,59,t59,0.3034,0.38281
Angelique,S19,60,t60,-0.0814,0.53906
Angelique,S19,61,t61,-0.6371,0.72656
Angelique,S19,62,t62,-0.1245,0.53906
Angelique,S19,63,t63,1.0305,0.16406
Angelique,S21,0,t00,-1.5947,0.94531
Angelique,S21,1,t01,-2.0206,0.97656
Angelique,S21,2,t02,-2.0461,0.99219
Angelique,S21,3,t03,-2.0537,0.99219
Angelique,S21,4,t04,-1.9416,0.99219
Angelique,S21,5,t05,-1.0052,0.75781
Angelique,S21,6,t06,-0.2515,0.63281
Angelique,S21,7,t07,-0.0962,0.52344
Angelique,S21,8,t08,-0.3842,0.63281
Angelique,S21,9,t09,-0.9685,0.83594
Angelique,S21,10,t10,-1.0789,0.83594
Angelique,S21,11,t11,-0.2783,0.60156
Angelique,S21,12,t12,0.3387,0.36719
Angelique,S21,13,t13,0.4347,0.32031
Angelique,S21,14,t14,0.2775,0.39844
Angelique,S21,15,t15,-0.0614,0.52344
Angelique,S21,16,t16,-0.372,0.57031
Angelique,S21,17,t17,-0.5131,0.58594
Angelique,S21,18,t18,-0.5571,0.58594
Angelique,S21,19,t19,-0.6084,0.60156
Angelique,S21,20,t20,-0.5719,0.63281
Angelique,S21,21,t21,-0.4098,0.57031
Angelique,S21,22,t22,-0.2928,0.53906
Angelique,S21,23,t23,-0.3563,0.57031
Angelique,S21,24,t24,-0.5328,0.61719
Angelique,S21,25,t25,-0.6223,0.66406
Angelique,S21,26,t26,-0.5099,0.66406
Angelique,S21,27,t27,-0.3334,0.61719
Angelique,S21,28,t28,-0.3881,0.61719
Angelique,S21,29,t29,-0.4928,0.64844
Angelique,S21,30,t30,-0.4127,0.71094
Angelique,S21,31,t31,-0.4326,0.74219
Angelique,S21,32,t32,-0.5335,0.71094
Angelique,S21,33,t33,-0.3424,0.61719
Angelique,S21,34,t34,-0.0573,0.53906
Angelique,S21,35,t35,-0.1108,0.52344
Angelique,S21,36,t36,-0.3591,0.63281
Angelique,S21,37,t37,-0.4704,0.67969
Angelique,S21,38,t38,-0.3796,0.63281
Angelique,S21,39,t39,-0.0651,0.50781
Angelique,S21,40,t40,0.2438,0.42969
Angelique,S21,41,t41,0.3261,0.38281
Angelique,S21,42,t42,0.3018,0.36719
Angelique,S21,43,t43,0.3168,0.38281
Angelique,S21,44,t44,0.408,0.38281
Angelique,S21,45,t45,0.5157,0.42969
Angelique,S21,46,t46,0.3534,0.46094
Angelique,S21,47,t47,-0.0356,0.52344
Angelique,S21,48,t48,-0.1402,0.50781
Angelique,S21,49,t49,-0.0219,0.50781
Angelique,S21,50,t50,-0.172,0.58594
Angelique,S21,51,t51,-0.7399,0.77344
Angelique,S21,52,t52,-1.2219,0.86719
Angelique,S21,53,t53,-1.3593,0.92969
Angelique,S21,54,t54,-1.3694,0.91406
Angelique,S21,55,t55,-1.3656,0.91406
Angelique,S21,56,t56,-1.2316,0.86719
Angelique,S21,57,t57,-0.9609,0.82031
Angelique,S21,58,t58,-0.977,0.86719
Angelique,S21,59,t59,-1.5781,0.92969
Angelique,S21,60,t60,-1.6108,0.94531
Angelique,S21,61,t61,-1.0549,0.83594
Angelique,S21,62,t62,-0.8321,0.77344
Angelique,S21,63,t63,-1.036,0.78906
Angelique,S22,0,t00,-0.4805,0.63281
Angelique,S22,1,t01,-0.2274,0.57031
Angelique,S22,2,t02,0.0239,0.47656
Angelique,S22,3,t03,0.0633,0.47656
Angelique,S22,4,t04,-0.141,0.57031
Angelique,S22,5,t05,-0.5964,0.67969
Angelique,S22,6,t06,-1.3161,0.89844
Angelique,S22,7,t07,-1.675,0.96094
Angelique,S22,8,t08,-1.6318,0.91406
Angelique,S22,9,t09,-1.5493,0.96094
Angelique,S22,10,t10,-1.4658,0.92969
Angelique,S22,11,t11,-1.4268,0.91406
Angelique,S22,12,t12,-1.4213,0.89844
Angelique,S22,13,t13,-1.4735,0.88281
Angelique,S22,14,t14,-1.6515,0.94531
Angelique,S22,15,t15,-1.9519,0.97656
Angelique,S22,16,t16,-1.9327,0.97656
Angelique,S22,17,t17,-1.5153,0.96094
Angelique,S22,18,t18,-1.1762,0.86719
Angelique,S22,19,t19,-1.0144,0.85156
Angelique,S22,20,t20,-1.0886,0.83594
Angelique,S22,21,t21,-1.3444,0.91406
Angelique,S22,22,t22,-1.522,0.94531
Angelique,S22,23,t23,-1.6042,0.94531
Angelique,S22,24,t24,-1.6265,0.94531
Angelique,S22,25,t25,-1.5676,0.96094
Angelique,S22,26,t26,-1.4258,0.96094
Angelique,S22,27,t27,-1.2626,0.89844
Angelique,S22,28,t28,-1.1274,0.83594
Angelique,S22,29,t29,-1.046,0.78906
Angelique,S22,30,t30,-0.5751,0.71094
Angelique,S22,31,t31,0.1919,0.42969
Angelique,S22,32,t32,0.2229,0.39844
Angelique,S22,33,t33,0.0701,0.49219
Angelique,S22,34,t34,-0.2818,0.60156
Angelique,S22,35,t35,-0.7758,0.74219
Angelique,S22,36,t36,-0.928,0.80469
Angelique,S22,37,t37,-0.2151,0.57031
Angelique,S22,38,t38,0.4087,0.33594
Angelique,S22,39,t39,0.8186,0.25781
Angelique,S22,40,t40,0.5943,0.25781
Angelique,S22,41,t41,0.2259,0.39844
Angelique,S22,42,t42,0.2947,0.38281
Angelique,S22,43,t43,0.596,0.27344
Angelique,S22,44,t44,0.7152,0.27344
Angelique,S22,45,t45,0.6053,0.28906
Angelique,S22,46,t46,0.4366,0.32031
Angelique,S22,47,t47,0.3232,0.38281
Angelique,S22,48,t48,0.1472,0.44531
Angelique,S22,49,t49,-0.1597,0.55469
Angelique,S22,50,t50,0.0233,0.49219
Angelique,S22,51,t51,0.2123,0.42969
Angelique,S22,52,t52,0.919,0.17969
Angelique,S22,53,t53,1.724,0.03906
Angelique,S22,54,t54,0.4939,0.33594
Angelique,S22,55,t55,-0.0488,0.50781
Angelique,S22,56,t56,0.145,0.44531
Angelique,S22,57,t57,0.9418,0.19531
Angelique,S22,58,t58,0.2723,0.42969
Angelique,S22,59,t59,-0.121,0.52344
Angelique,S22,60,t60,-0.1054,0.57031
Angelique,S22,61,t61,0.1484,0.44531
Angelique,S22,62,t62,0.1464,0.46094
Angelique,S22,63,t63,-0.3171,0.63281
Angelique,S23,0,t00,2.1704,0.00781
Angelique,S23,1,t01,1.7301,0.05469
Angelique,S23,2,t02,1.3533,0.08594
Angelique,S23,3,t03,1.1172,0.14844
Angelique,S23,4,t04,0.8122,0.30469
Angelique,S23,5,t05,0.4166,0.32031
Angelique,S23,6,t06,-0.132,0.55469
Angelique,S23,7,t07,-0.4935,0.64844
Angelique,S23,8,t08,-0.8307,0.78906
Angelique,S23,9,t09,-0.9193,0.80469
Angelique,S23,10,t10,-0.2455,0.60156
Angelique,S23,11,t11,0.1138,0.46094
Angelique,S23,12,t12,-0.5802,0.72656
Angelique,S23,13,t13,-0.552,0.69531
Angelique,S23,14,t14,0.5545,0.36719
Angelique,S23,15,t15,1.6795,0.03906
Angelique,S23,16,t16,2.3236,0.00781
Angelique,S23,17,t17,2.2297,0.00781
Angelique,S23,18,t18,1.6791,0.05469
Angelique,S23,19,t19,1.2544,0.13281
Angelique,S23,20,t20,1.1016,0.21094
Angelique,S23,21,t21,0.7831,0.22656
Angelique,S23,22,t22,0.5314,0.33594
Angelique,S23,23,t23,0.7554,0.19531
Angelique,S23,24,t24,1.494,0.07031
Angelique,S23,25,t25,1.7897,0.03906
Angelique,S23,26,t26,1.766,0.03906
Angelique,S23,27,t27,1.509,0.07031
Angelique,S23,28,t28,1.028,0.14844
Angelique,S23,29,t29,0.5925,0.32031
Angelique,S23,30,t30,0.5396,0.32031
Angelique,S23,31,t31,0.4562,0.32031
Angelique,S23,32,t32,0.368,0.38281
Angelique,S23,33,t33,0.4865,0.32031
Angelique,S23,34,t34,0.2912,0.39844
Angelique,S23,35,t35,-1.03,0.82031
Angelique,S23,36,t36,-2.0945,0.99219
Angelique,S23,37,t37,-1.4751,0.91406
Angelique,S23,38,t38,-0.8739,0.80469
Angelique,S23,39,t39,-0.9252,0.82031
Angelique,S23,40,t40,-1.7864,0.94531
Angelique,S23,41,t41,-1.8695,0.97656
Angelique,S23,42,t42,-1.6846,0.96094
Angelique,S23,43,t43,-0.7651,0.75781
Angelique,S23,44,t44,-0.4251,0.64844
Angelique,S23,45,t45,-1.0281,0.80469
Angelique,S23,46,t46,-1.6767,0.96094
Angelique,S23,47,t47,-1.6931,0.96094
Angelique,S23,48,t48,-1.8424,0.96094
Angelique,S23,49,t49,-1.8074,0.97656
Angelique,S23,50,t50,-1.363,0.88281
Angelique,S23,51,t51,-1.2152,0.85156
Angelique,S23,52,t52,-1.5556,0.91406
Angelique,S23,53,t53,-0.3934,0.52344
Angelique,S23,54,t54,1.5486,0.05469
Angelique,S23,55,t55,1.9497,0.02344
Angelique,S23,56,t56,2.052,0.00781
Angelique,S23,57,t57,2.0145,0.00781
Angelique,S23,58,t58,1.8191,0.00781
Angelique,S23,59,t59,1.4715,0.08594
Angelique,S23,60,t60,1.1148,0.13281
Angelique,S23,61,t61,1.0142,0.19531
Angelique,S23,62,t62,1.1725,0.11719
Angelique,S23,63,t63,1.8639,0.02344
Angelique,S24,0,t00,0.3186,0.42969
Angelique,S24,1,t01,0.5672,0.28906
Angelique,S24,2,t02,1.7651,0.02344
Angelique,S24,3,t03,2.0558,0.02344
Angelique,S24,4,t04,2.1857,0.00781
Angelique,S24,5,t05,1.6928,0.05469
Angelique,S24,6,t06,0.9929,0.14844
Angelique,S24,7,t07,0.6825,0.24219
Angelique,S24,8,t08,0.3632,0.36719
Angelique,S24,9,t09,0.1978,0.41406
Angelique,S24,10,t10,0.1202,0.49219
Angelique,S24,11,t11,0.0117,0.49219
Angelique,S24,12,t12,0.2534,0.41406
Angelique,S24,13,t13,0.7644,0.22656
Angelique,S24,14,t14,1.0962,0.13281
Angelique,S24,15,t15,1.2751,0.08594
Angelique,S24,16,t16,1.4772,0.07031
Angelique,S24,17,t17,1.4427,0.10156
Angelique,S24,18,t18,1.2335,0.10156
Angelique,S24,19,t19,1.3078,0.11719
Angelique,S24,20,t20,1.6644,0.08594
Angelique,S24,21,t21,1.8079,0.02344
Angelique,S24,22,t22,1.5777,0.07031
Angelique,S24,23,t23,0.9661,0.21094
Angelique,S24,24,t24,0.3681,0.33594
Angelique,S24,25,t25,0.0977,0.44531
Angelique,S24,26,t26,0.056,0.47656
Angelique,S24,27,t27,0.167,0.41406
Angelique,S24,28,t28,0.1928,0.42969
Angelique,S24,29,t29,-0.0287,0.50781
Angelique,S24,30,t30,-0.1803,0.53906
Angelique,S24,31,t31,-0.0383,0.50781
Angelique,S24,32,t32,0.1927,0.42969
Angelique,S24,33,t33,0.444,0.36719
Angelique,S24,34,t34,0.4797,0.36719
Angelique,S24,35,t35,0.2358,0.42969
Angelique,S24,36,t36,-0.023,0.50781
Angelique,S24,37,t37,-0.0838,0.52344
Angelique,S24,38,t38,-0.0903,0.53906
Angelique,S24,39,t39,-0.1838,0.57031
Angelique,S24,40,t40,-0.0042,0.50781
Angelique,S24,41,t41,0.3621,0.36719
Angelique,S24,42,t42,0.6287,0.24219
Angelique,S24,43,t43,0.8196,0.22656
Angelique,S24,44,t44,0.5267,0.32031
Angelique,S24,45,t45,-0.2484,0.57031
Angelique,S24,46,t46,-0.3601,0.58594
Angelique,S24,47,t47,0.2504,0.39844
Angelique,S24,48,t48,0.7767,0.24219
Angelique,S24,49,t49,1.3818,0.08594
Angelique,S24,50,t50,1.8746,0.02344
Angelique,S24,51,t51,1.928,0.00781
Angelique,S24,52,t52,1.8657,0.00781
Angelique,S24,53,t53,1.9325,0.02344
Angelique,S24,54,t54,1.8456,0.02344
Angelique,S24,55,t55,1.5065,0.05469
Angelique,S24,56,t56,1.2532,0.13281
Angelique,S24,57,t57,1.2883,0.11719
Angelique,S24,58,t58,1.452,0.08594
Angelique,S24,59,t59,1.4511,0.07031
Angelique,S24,60,t60,1.4001,0.07031
Angelique,S24,61,t61,1.3303,0.11719
Angelique,S24,62,t62,1.3337,0.10156
Angelique,S24,63,t63,1.0278,0.19531
Angelique,S25,0,t00,0.2654,0.47656
Angelique,S25,1,t01,-0.0913,0.55469
Angelique,S25,2,t02,-0.549,0.69531
Angelique,S25,3,t03,-0.7214,0.74219
Angelique,S25,4,t04,-0.7718,0.77344
Angelique,S25,5,t05,-1.0575,0.82031
Angelique,S25,6,t06,-1.1902,0.88281
Angelique,S25,7,t07,-0.8015,0.74219
Angelique,S25,8,t08,-0.4981,0.67969
Angelique,S25,9,t09,-0.5614,0.71094
Angelique,S25,10,t10,-1.1341,0.88281
Angelique,S25,11,t11,-1.6293,0.92969
Angelique,S25,12,t12,-1.3458,0.89844
Angelique,S25,13,t13,-0.6769,0.74219
Angelique,S25,14,t14,-0.4635,0.66406
Angelique,S25,15,t15,-0.6361,0.71094
Angelique,S25,16,t16,-0.782,0.77344
Angelique,S25,17,t17,-0.6914,0.74219
Angelique,S25,18,t18,-0.6139,0.74219
Angelique,S25,19,t19,-0.742,0.75781
Angelique,S25,20,t20,-0.9868,0.83594
Angelique,S25,21,t21,-1.2238,0.88281
Angelique,S25,22,t22,-1.468,0.91406
Angelique,S25,23,t23,-1.6076,0.92969
Angelique,S25,24,t24,-1.4109,0.91406
Angelique,S25,25,t25,-0.9302,0.80469
Angelique,S25,26,t26,-0.7152,0.74219
Angelique,S25,27,t27,-0.7729,0.75781
Angelique,S25,28,t28,-0.7312,0.77344
Angelique,S25,29,t29,-0.5403,0.69531
Angelique,S25,30,t30,-0.2633,0.61719
Angelique,S25,31,t31,-0.0909,0.57031
Angelique,S25,32,t32,0.0994,0.44531
Angelique,S25,33,t33,0.295,0.39844
Angelique,S25,34,t34,-0.295,0.60156
Angelique,S25,35,t35,-0.6935,0.77344
Angelique,S25,36,t36,-0.2004,0.58594
Angelique,S25,37,t37,0.5378,0.30469
Angelique,S25,38,t38,0.7757,0.25781
Angelique,S25,39,t39,0.4154,0.35156
Angelique,S25,40,t40,0.2622,0.41406
Angelique,S25,41,t41,0.5124,0.30469
Angelique,S25,42,t42,0.4697,0.33594
Angelique,S25,43,t43,0.0367,0.47656
Angelique,S25,44,t44,-0.4829,0.67969
Angelique,S25,45,t45,-0.7847,0.75781
Angelique,S25,46,t46,-0.7722,0.77344
Angelique,S25,47,t47,-0.1958,0.58594
Angelique,S25,48,t48,0.221,0.39844
Angelique,S25,49,t49,0.0376,0.49219
Angelique,S25,50,t50,-0.1204,0.53906
Angelique,S25,51,t51,-0.33,0.61719
Angelique,S25,52,t52,-0.611,0.71094
Angelique,S25,53,t53,-0.9074,0.80469
Angelique,S25,54,t54,-0.4755,0.66406
Angelique,S25,55,t55,0.4746,0.41406
Angelique,S25,56,t56,0.6877,0.42969
Angelique,S25,57,t57,0.2509,0.44531
Angelique,S25,58,t58,-0.3554,0.63281
Angelique,S25,59,t59,-0.3391,0.64844
Angelique,S25,60,t60,0.2193,0.39844
Angelique,S25,61,t61,0.719,0.28906
Angelique,S25,62,t62,0.5035,0.39844
Angelique,S25,63,t63,0.2412,0.42969
Angelique,S26,0,t00,-1.3151,0.86719
Angelique,S26,1,t01,-0.9861,0.85156
Angelique,S26,2,t02,-0.5719,0.66406
Angelique,S26,3,t03,-0.172,0.60156
Angelique,S26,4,t04,0.1425,0.44531
Angelique,S26,5,t05,0.114,0.44531
Angelique,S26,6,t06,-0.0083,0.50781
Angelique,S26,7,t07,0.0794,0.44531
Angelique,S26,8,t08,0.169,0.42969
Angelique,S26,9,t09,0.1165,0.46094
Angelique,S26,10,t10,0.0914,0.47656
Angelique,S26,11,t11,0.0594,0.44531
Angelique,S26,12,t12,-0.289,0.60156
Angelique,S26,13,t13,-0.7362,0.75781
Angelique,S26,14,t14,-0.7775,0.77344
Angelique,S26,15,t15,-0.6768,0.72656
Angelique,S26,16,t16,-0.5816,0.67969
Angelique,S26,17,t17,-0.3858,0.67969
Angelique,S26,18,t18,-0.4191,0.64844
Angelique,S26,19,t19,-0.5186,0.63281
Angelique,S26,20,t20,-0.5383,0.69531
Angelique,S26,21,t21,-0.7518,0.74219
Angelique,S26,22,t22,-0.8969,0.74219
Angelique,S26,23,t23,-0.6259,0.63281
Angelique,S26,24,t24,-0.1609,0.55469
Angelique,S26,25,t25,0.1382,0.46094
Angelique,S26,26,t26,0.1982,0.42969
Angelique,S26,27,t27,0.1476,0.41406
Angelique,S26,28,t28,0.1486,0.41406
Angelique,S26,29,t29,0.215,0.44531
Angelique,S26,30,t30,0.4658,0.27344
Angelique,S26,31,t31,0.838,0.24219
Angelique,S26,32,t32,0.4613,0.32031
Angelique,S26,33,t33,0.1743,0.44531
Angelique,S26,34,t34,0.4335,0.35156
Angelique,S26,35,t35,0.7423,0.22656
Angelique,S26,36,t36,1.0566,0.17969
Angelique,S26,37,t37,1.2479,0.16406
Angelique,S26,38,t38,1.2103,0.14844
Angelique,S26,39,t39,0.9607,0.19531
Angelique,S26,40,t40,0.8631,0.24219
Angelique,S26,41,t41,1.1123,0.16406
Angelique,S26,42,t42,1.3346,0.11719
Angelique,S26,43,t43,1.3694,0.08594
Angelique,S26,44,t44,1.3843,0.11719
Angelique,S26,45,t45,1.5305,0.07031
Angelique,S26,46,t46,1.5899,0.05469
Angelique,S26,47,t47,1.4871,0.07031
Angelique,S26,48,t48,1.4164,0.08594
Angelique,S26,49,t49,1.4524,0.07031
Angelique,S26,50,t50,1.4869,0.07031
Angelique,S26,51,t51,0.3837,0.38281
Angelique,S26,52,t52,-0.5589,0.67969
Angelique,S26,53,t53,-0.8626,0.77344
Angelique,S26,54,t54,-1.2377,0.92969
Angelique,S26,55,t55,-1.3015,0.88281
Angelique,S26,56,t56,-1.0852,0.83594
Angelique,S26,57,t57,-1.2625,0.83594
Angelique,S26,58,t58,-1.4197,0.89844
Angelique,S26,59,t59,-1.3081,0.88281
Angelique,S26,60,t60,-1.1502,0.85156
Angelique,S26,61,t61,-1.1954,0.88281
Angelique,S26,62,t62,-1.2071,0.88281
Angelique,S26,63,t63,-1.1885,0.86719
Angelique,S27,0,t00,0.3693,0.36719
Angelique,S27,1,t01,-0.2757,0.60156
Angelique,S27,2,t02,-0.0599,0.50781
Angelique,S27,3,t03,0.5405,0.36719
Angelique,S27,4,t04,0.4732,0.44531
Angelique,S27,5,t05,-0.1496,0.53906
Angelique,S27,6,t06,-0.8881,0.77344
Angelique,S27,7,t07,-1.6041,0.96094
Angelique,S27,8,t08,-1.75,0.97656
Angelique,S27,9,t09,-1.2025,0.89844
Angelique,S27,10,t10,-0.6609,0.74219
Angelique,S27,11,t11,-0.7547,0.72656
Angelique,S27,12,t12,-1.1161,0.86719
Angelique,S27,13,t13,-1.0988,0.85156
Angelique,S27,14,t14,-0.9247,0.82031
Angelique,S27,15,t15,-0.782,0.75781
Angelique,S27,16,t16,-0.6919,0.74219
Angelique,S27,17,t17,-0.5376,0.69531
Angelique,S27,18,t18,-0.4636,0.67969
Angelique,S27,19,t19,-1.0886,0.85156
Angelique,S27,20,t20,-1.4019,0.89844
Angelique,S27,21,t21,-1.2597,0.89844
Angelique,S27,22,t22,-1.2873,0.89844
Angelique,S27,23,t23,-1.2189,0.88281
Angelique,S27,24,t24,-0.9102,0.78906
Angelique,S27,25,t25,0.0048,0.49219
Angelique,S27,26,t26,0.1135,0.46094
Angelique,S27,27,t27,-0.107,0.53906
Angelique,S27,28,t28,0.2267,0.42969
Angelique,S27,29,t29,0.6797,0.35156
Angelique,S27,30,t30,1.2478,0.14844
Angelique,S27,31,t31,1.4863,0.08594
Angelique,S27,32,t32,1.4213,0.10156
Angelique,S27,33,t33,1.385,0.07031
Angelique,S27,34,t34,1.4571,0.08594
Angelique,S27,35,t35,1.4435,0.08594
Angelique,S27,36,t36,1.2905,0.11719
Angelique,S27,37,t37,1.4001,0.07031
Angelique,S27,38,t38,1.8408,0.03906
Angelique,S27,39,t39,2.1379,0.00781
Angelique,S27,40,t40,2.1475,0.00781
Angelique,S27,41,t41,2.0469,0.00781
Angelique,S27,42,t42,1.487,0.08594
Angelique,S27,43,t43,0.5883,0.27344
Angelique,S27,44,t44,0.3935,0.38281
Angelique,S27,45,t45,1.28,0.11719
Angelique,S27,46,t46,1.4579,0.08594
Angelique,S27,47,t47,1.3147,0.11719
Angelique,S27,48,t48,0.9595,0.19531
Angelique,S27,49,t49,0.3983,0.35156
Angelique,S27,50,t50,-0.0772,0.52344
Angelique,S27,51,t51,-0.6061,0.69531
Angelique,S27,52,t52,-0.3606,0.64844
Angelique,S27,53,t53,0.2804,0.35156
Angelique,S27,54,t54,0.3263,0.38281
Angelique,S27,55,t55,0.2488,0.41406
Angelique,S27,56,t56,0.7381,0.25781
Angelique,S27,57,t57,1.3796,0.10156
Angelique,S27,58,t58,1.5319,0.07031
Angelique,S27,59,t59,1.6219,0.07031
Angelique,S27,60,t60,1.7229,0.03906
Angelique,S27,61,t61,1.7275,0.03906
Angelique,S27,62,t62,1.6768,0.05469
Angelique,S27,63,t63,1.5063,0.07031
Angelique,S28,0,t00,-0.3009,0.57031
Angelique,S28,1,t01,0.0674,0.49219
Angelique,S28,2,t02,0.2848,0.38281
Angelique,S28,3,t03,0.4144,0.33594
Angelique,S28,4,t04,0.3526,0.36719
Angelique,S28,5,t05,0.0615,0.47656
Angelique,S28,6,t06,0.0921,0.49219
Angelique,S28,7,t07,0.6486,0.27344
Angelique,S28,8,t08,0.9731,0.17969
Angelique,S28,9,t09,0.7932,0.19531
Angelique,S28,10,t10,0.6343,0.27344
Angelique,S28,11,t11,0.7417,0.24219
Angelique,S28,12,t12,0.8316,0.21094
Angelique,S28,13,t13,0.6809,0.28906
Angelique,S28,14,t14,0.5258,0.30469
Angelique,S28,15,t15,0.645,0.25781
Angelique,S28,16,t16,0.6873,0.25781
Angelique,S28,17,t17,0.7306,0.24219
Angelique,S28,18,t18,0.9577,0.14844
Angelique,S28,19,t19,1.1508,0.13281
Angelique,S28,20,t20,1.2202,0.13281
Angelique,S28,21,t21,1.217,0.13281
Angelique,S28,22,t22,1.1456,0.14844
Angelique,S28,23,t23,0.9096,0.17969
Angelique,S28,24,t24,0.4984,0.30469
Angelique,S28,25,t25,0.1483,0.42969
Angelique,S28,26,t26,0.1008,0.44531
Angelique,S28,27,t27,0.22,0.39844
Angelique,S28,28,t28,0.2048,0.41406
Angelique,S28,29,t29,-0.065,0.50781
Angelique,S28,30,t30,-0.3836,0.63281
Angelique,S28,31,t31,-0.3595,0.64844
Angelique,S28,32,t32,-0.2373,0.58594
Angelique,S28,33,t33,-0.2607,0.58594
Angelique,S28,34,t34,-0.3282,0.67969
Angelique,S28,35,t35,-0.3434,0.72656
Angelique,S28,36,t36,-0.3644,0.66406
Angelique,S28,37,t37,-0.3478,0.64844
Angelique,S28,38,t38,-0.3074,0.61719
Angelique,S28,39,t39,-0.3198,0.61719
Angelique,S28,40,t40,-0.2867,0.61719
Angelique,S28,41,t41,-0.1354,0.50781
Angelique,S28,42,t42,0.0418,0.49219
Angelique,S28,43,t43,0.2172,0.39844
Angelique,S28,44,t44,0.484,0.28906
Angelique,S28,45,t45,0.6415,0.27344
Angelique,S28,46,t46,0.6858,0.25781
Angelique,S28,47,t47,0.6587,0.25781
Angelique,S28,48,t48,0.3621,0.35156
Angelique,S28,49,t49,-0.3579,0.60156
Angelique,S28,50,t50,-0.8077,0.66406
Angelique,S28,51,t51,-0.5427,0.63281
Angelique,S28,52,t52,0.0435,0.46094
Angelique,S28,53,t53,0.421,0.39844
Angelique,S28,54,t54,0.457,0.33594
Angelique,S28,55,t55,0.1855,0.42969
Angelique,S28,56,t56,-0.3447,0.60156
Angelique,S28,57,t57,-0.8397,0.74219
Angelique,S28,58,t58,-1.2788,0.88281
Angelique,S28,59,t59,-1.5831,0.92969
Angelique,S28,60,t60,-1.5079,0.92969
Angelique,S28,61,t61,-1.1214,0.82031
Angelique,S28,62,t62,-0.8211,0.78906
Angelique,S28,63,t63,-0.7293,0.74219
Angelique,S29,0,t00,1.4361,0.08594
Angelique,S29,1,t01,1.2892,0.10156
Angelique,S29,2,t02,1.0257,0.19531
Angelique,S29,3,t03,0.8633,0.22656
Angelique,S29,4,t04,0.7553,0.25781
Angelique,S29,5,t05,0.6839,0.27344
Angelique,S29,6,t06,0.5739,0.32031
Angelique,S29,7,t07,0.3903,0.33594
Angelique,S29,8,t08,0.221,0.38281
Angelique,S29,9,t09,0.1417,0.46094
Angelique,S29,10,t10,0.096,0.46094
Angelique,S29,11,t11,0.0139,0.49219
Angelique,S29,12,t12,-0.1012,0.53906
Angelique,S29,13,t13,-0.1669,0.50781
Angelique,S29,14,t14,-0.1736,0.50781
Angelique,S29,15,t15,-0.2966,0.50781
Angelique,S29,16,t16,-0.5864,0.58594
Angelique,S29,17,t17,-0.9292,0.75781
Angelique,S29,18,t18,-1.2345,0.86719
Angelique,S29,19,t19,-1.4243,0.92969
Angelique,S29,20,t20,-1.4737,0.92969
Angelique,S29,21,t21,-1.4381,0.92969
Angelique,S29,22,t22,-1.3785,0.88281
Angelique,S29,23,t23,-1.3049,0.89844
Angelique,S29,24,t24,-1.1931,0.88281
Angelique,S29,25,t25,-1.1233,0.85156
Angelique,S29,26,t26,-1.1308,0.85156
Angelique,S29,27,t27,-1.1258,0.86719
Angelique,S29,28,t28,-1.0827,0.82031
Angelique,S29,29,t29,-1.0211,0.80469
Angelique,S29,30,t30,-0.8952,0.77344
Angelique,S29,31,t31,-0.6981,0.72656
Angelique,S29,32,t32,-0.4361,0.66406
Angelique,S29,33,t33,-0.1193,0.52344
Angelique,S29,34,t34,0.3912,0.35156
Angelique,S29,35,t35,0.8824,0.17969
Angelique,S29,36,t36,1.0297,0.17969
Angelique,S29,37,t37,1.0634,0.14844
Angelique,S29,38,t38,1.2319,0.11719
Angelique,S29,39,t39,1.4602,0.08594
Angelique,S29,40,t40,1.4878,0.05469
Angelique,S29,41,t41,1.4099,0.07031
Angelique,S29,42,t42,1.3654,0.07031
Angelique,S29,43,t43,1.2894,0.11719
Angelique,S29,44,t44,1.0691,0.17969
Angelique,S29,45,t45,0.7508,0.24219
Angelique,S29,46,t46,0.6004,0.27344
Angelique,S29,47,t47,0.5247,0.30469
Angelique,S29,48,t48,0.3263,0.38281
Angelique,S29,49,t49,0.0391,0.49219
Angelique,S29,50,t50,-0.189,0.55469
Angelique,S29,51,t51,-0.2374,0.58594
Angelique,S29,52,t52,-0.1475,0.55469
Angelique,S29,53,t53,-0.0228,0.50781
Angelique,S29,54,t54,0.1127,0.46094
Angelique,S29,55,t55,0.244,0.42969
Angelique,S29,56,t56,0.3327,0.35156
Angelique,S29,57,t57,0.3886,0.33594
Angelique,S29,58,t58,0.4409,0.33594
Angelique,S29,59,t59,0.5134,0.30469
Angelique,S29,60,t60,0.6068,0.28906
Angelique,S29,61,t61,0.6959,0.28906
Angelique,S29,62,t62,0.8108,0.24219
Angelique,S29,63,t63,0.8428,0.16406
Angelique,S31,0,t00,1.463,0.07031
Angelique,S31,1,t01,1.5045,0.08594
Angelique,S31,2,t02,1.594,0.05469
Angelique,S31,3,t03,1.5186,0.07031
Angelique,S31,4,t04,1.3373,0.10156
Angelique,S31,5,t05,1.1135,0.14844
Angelique,S31,6,t06,0.7448,0.24219
Angelique,S31,7,t07,0.2558,0.42969
Angelique,S31,8,t08,-0.1528,0.57031
Angelique,S31,9,t09,-0.3996,0.67969
Angelique,S31,10,t10,-0.4621,0.67969
Angelique,S31,11,t11,-0.3149,0.64844
Angelique,S31,12,t12,-0.0254,0.52344
Angelique,S31,13,t13,0.2508,0.36719
Angelique,S31,14,t14,0.3683,0.35156
Angelique,S31,15,t15,0.2487,0.39844
Angelique,S31,16,t16,0.0213,0.49219
Angelique,S31,17,t17,-0.0603,0.52344
Angelique,S31,18,t18,0.1544,0.42969
Angelique,S31,19,t19,0.5861,0.30469
Angelique,S31,20,t20,0.8949,0.19531
Angelique,S31,21,t21,0.9399,0.19531
Angelique,S31,22,t22,0.789,0.25781
Angelique,S31,23,t23,0.6977,0.28906
Angelique,S31,24,t24,0.7428,0.28906
Angelique,S31,25,t25,0.7466,0.32031
Angelique,S31,26,t26,0.635,0.33594
Angelique,S31,27,t27,0.454,0.35156
Angelique,S31,28,t28,0.32,0.38281
Angelique,S31,29,t29,0.377,0.36719
Angelique,S31,30,t30,0.6151,0.27344
Angelique,S31,31,t31,0.888,0.24219
Angelique,S31,32,t32,1.001,0.22656
Angelique,S31,33,t33,0.8863,0.22656
Angelique,S31,34,t34,0.7166,0.24219
Angelique,S31,35,t35,0.7323,0.25781
Angelique,S31,36,t36,0.9225,0.22656
Angelique,S31,37,t37,1.0924,0.17969
Angelique,S31,38,t38,1.1051,0.14844
Angelique,S31,39,t39,0.9558,0.24219
Angelique,S31,40,t40,0.6791,0.36719
Angelique,S31,41,t41,0.2894,0.42969
Angelique,S31,42,t42,-0.0908,0.50781
Angelique,S31,43,t43,-0.2991,0.63281
Angelique,S31,44,t44,-0.3081,0.61719
Angelique,S31,45,t45,-0.1671,0.57031
Angelique,S31,46,t46,0.041,0.49219
Angelique,S31,47,t47,0.2232,0.42969
Angelique,S31,48,t48,0.3344,0.38281
Angelique,S31,49,t49,0.3789,0.35156
Angelique,S31,50,t50,0.3935,0.33594
Angelique,S31,51,t51,0.4232,0.30469
Angelique,S31,52,t52,0.5023,0.33594
Angelique,S31,53,t53,0.629,0.36719
Angelique,S31,54,t54,0.7651,0.39844
Angelique,S31,55,t55,0.8455,0.27344
Angelique,S31,56,t56,0.805,0.24219
Angelique,S31,57,t57,0.7105,0.24219
Angelique,S31,58,t58,0.7298,0.24219
Angelique,S31,59,t59,0.9198,0.19531
Angelique,S31,60,t60,1.1793,0.13281
Angelique,S31,61,t61,1.3894,0.10156
Angelique,S31,62,t62,1.4821,0.07031
Angelique,S31,63,t63,1.4733,0.05469
Angelique,S32,0,t00,0.7182,0.30469
Angelique,S32,1,t01,0.5185,0.36719
Angelique,S32,2,t02,0.2814,0.39844
Angelique,S32,3,t03,0.0357,0.49219
Angelique,S32,4,t04,-0.1019,0.57031
Angelique,S32,5,t05,-0.1005,0.50781
Angelique,S32,6,t06,-0.0541,0.52344
Angelique,S32,7,t07,-0.0481,0.53906
Angelique,S32,8,t08,-0.0657,0.55469
Angelique,S32,9,t09,-0.0675,0.52344
Angelique,S32,10,t10,-0.0785,0.53906
Angelique,S32,11,t11,-0.0607,0.52344
Angelique,S32,12,t12,0.0453,0.44531
Angelique,S32,13,t13,0.315,0.39844
Angelique,S32,14,t14,0.6639,0.27344
Angelique,S32,15,t15,0.8751,0.17969
Angelique,S32,16,t16,0.9837,0.16406
Angelique,S32,17,t17,1.0559,0.14844
Angelique,S32,18,t18,1.0483,0.16406
Angelique,S32,19,t19,1.0342,0.16406
Angelique,S32,20,t20,1.0442,0.17969
Angelique,S32,21,t21,1.0851,0.16406
Angelique,S32,22,t22,1.0624,0.17969
Angelique,S32,23,t23,0.9175,0.27344
Angelique,S32,24,t24,0.8305,0.30469
Angelique,S32,25,t25,0.9335,0.24219
Angelique,S32,26,t26,0.7635,0.21094
Angelique,S32,27,t27,0.4739,0.33594
Angelique,S32,28,t28,0.398,0.33594
Angelique,S32,29,t29,0.4288,0.35156
Angelique,S32,30,t30,0.4954,0.32031
Angelique,S32,31,t31,0.6338,0.27344
Angelique,S32,32,t32,0.6824,0.27344
Angelique,S32,33,t33,0.4645,0.32031
Angelique,S32,34,t34,0.1635,0.42969
Angelique,S32,35,t35,-0.0258,0.50781
Angelique,S32,36,t36,-0.2751,0.61719
Angelique,S32,37,t37,-0.3715,0.64844
Angelique,S32,38,t38,0.4154,0.36719
Angelique,S32,39,t39,0.9338,0.19531
Angelique,S32,40,t40,1.2958,0.11719
Angelique,S32,41,t41,1.6379,0.03906
Angelique,S32,42,t42,1.7955,0.00781
Angelique,S32,43,t43,1.7851,0.03906
Angelique,S32,44,t44,1.7689,0.03906
Angelique,S32,45,t45,1.7249,0.05469
Angelique,S32,46,t46,1.6837,0.05469
Angelique,S32,47,t47,1.6801,0.05469
Angelique,S32,48,t48,1.6625,0.03906
Angelique,S32,49,t49,1.7255,0.05469
Angelique,S32,50,t50,1.9458,0.02344
Angelique,S32,51,t51,2.0514,0.00781
Angelique,S32,52,t52,1.9659,0.00781
Angelique,S32,53,t53,1.9006,0.00781
Angelique,S32,54,t54,1.8946,0.00781
Angelique,S32,55,t55,1.87,0.02344
Angelique,S32,56,t56,1.7625,0.05469
Angelique,S32,57,t57,1.6056,0.05469
Angelique,S32,58,t58,1.5935,0.05469
Angelique,S32,59,t59,1.5669,0.02344
Angelique,S32,60,t60,1.4665,0.00781
Angelique,S32,61,t61,1.2919,0.05469
Angelique,S32,62,t62,1.0971,0.14844
Angelique,S32,63,t63,0.9688,0.22656
Angelique,S33,0,t00,-0.3606,0.60156
Angelique,S33,1,t01,-0.2078,0.57031
Angelique,S33,2,t02,0.0507,0.44531
Angelique,S33,3,t03,0.1839,0.41406
Angelique,S33,4,t04,0.0743,0.46094
Angelique,S33,5,t05,-0.1421,0.57031
Angelique,S33,6,t06,-0.2117,0.60156
Angelique,S33,7,t07,0.3122,0.39844
Angelique,S33,8,t08,0.5477,0.32031
Angelique,S33,9,t09,0.307,0.38281
Angelique,S33,10,t10,-0.1278,0.57031
Angelique,S33,11,t11,-0.0556,0.50781
Angelique,S33,12,t12,0.0201,0.49219
Angelique,S33,13,t13,-0.022,0.50781
Angelique,S33,14,t14,0.0797,0.46094
Angelique,S33,15,t15,0.455,0.32031
Angelique,S33,16,t16,0.8309,0.19531
Angelique,S33,17,t17,1.0918,0.14844
Angelique,S33,18,t18,1.1921,0.07031
Angelique,S33,19,t19,0.8526,0.19531
Angelique,S33,20,t20,0.2407,0.41406
Angelique,S33,21,t21,-0.138,0.58594
Angelique,S33,22,t22,-0.1742,0.55469
Angelique,S33,23,t23,-0.0848,0.55469
Angelique,S33,24,t24,-0.3614,0.64844
Angelique,S33,25,t25,-0.7384,0.74219
Angelique,S33,26,t26,-0.5319,0.71094
Angelique,S33,27,t27,0.2771,0.41406
Angelique,S33,28,t28,0.6614,0.25781
Angelique,S33,29,t29,0.675,0.25781
Angelique,S33,30,t30,0.5363,0.28906
Angelique,S33,31,t31,0.2609,0.44531
Angelique,S33,32,t32,0.0635,0.49219
Angelique,S33,33,t33,0.0789,0.46094
Angelique,S33,34,t34,-0.1754,0.57031
Angelique,S33,35,t35,-0.6649,0.69531
Angelique,S33,36,t36,-0.7608,0.72656
Angelique,S33,37,t37,-0.6701,0.69531
Angelique,S33,38,t38,-0.5275,0.64844
Angelique,S33,39,t39,-0.4523,0.63281
Angelique,S33,40,t40,-0.3319,0.63281
Angelique,S33,41,t41,0.0162,0.49219
Angelique,S33,42,t42,0.6934,0.28906
Angelique,S33,43,t43,1.6313,0.07031
Angelique,S33,44,t44,2.2188,0.00781
Angelique,S33,45,t45,2.283,0.00781
Angelique,S33,46,t46,2.2765,0.00781
Angelique,S33,47,t47,2.215,0.00781
Angelique,S33,48,t48,1.7501,0.03906
Angelique,S33,49,t49,1.4145,0.07031
Angelique,S33,50,t50,1.7361,0.02344
Angelique,S33,51,t51,1.8636,0.00781
Angelique,S33,52,t52,1.7427,0.05469
Angelique,S33,53,t53,1.5571,0.08594
Angelique,S33,54,t54,1.5648,0.08594
Angelique,S33,55,t55,1.642,0.07031
Angelique,S33,56,t56,1.4688,0.08594
Angelique,S33,57,t57,1.0753,0.17969
Angelique,S33,58,t58,0.8108,0.27344
Angelique,S33,59,t59,0.6864,0.32031
Angelique,S33,60,t60,0.5544,0.39844
Angelique,S33,61,t61,0.4397,0.41406
Angelique,S33,62,t62,0.3515,0.38281
Angelique,S33,63,t63,0.2817,0.41406
Angelique,S34,0,t00,0.0427,0.49219
Angelique,S34,1,t01,-0.3267,0.58594
Angelique,S34,2,t02,-0.6209,0.72656
Angelique,S34,3,t03,-0.9022,0.80469
Angelique,S34,4,t04,-1.3735,0.91406
Angelique,S34,5,t05,-1.6516,0.94531
Angelique,S34,6,t06,-1.4969,0.96094
Angelique,S34,7,t07,-1.3141,0.92969
Angelique,S34,8,t08,-1.2774,0.92969
Angelique,S34,9,t09,-1.3898,0.91406
Angelique,S34,10,t10,-1.4216,0.89844
Angelique,S34,11,t11,-1.2738,0.88281
Angelique,S34,12,t12,-1.1428,0.86719
Angelique,S34,13,t13,-1.1873,0.86719
Angelique,S34,14,t14,-1.2705,0.89844
Angelique,S34,15,t15,-1.3487,0.91406
Angelique,S34,16,t16,-1.4668,0.92969
Angelique,S34,17,t17,-1.6125,0.94531
Angelique,S34,18,t18,-1.3362,0.89844
Angelique,S34,19,t19,-0.1228,0.58594
Angelique,S34,20,t20,0.5583,0.36719
Angelique,S34,21,t21,0.5987,0.36719
Angelique,S34,22,t22,0.8534,0.25781
Angelique,S34,23,t23,1.4462,0.08594
Angelique,S34,24,t24,1.9017,0.00781
Angelique,S34,25,t25,2.2468,0.00781
Angelique,S34,26,t26,2.219,0.00781
Angelique,S34,27,t27,1.9089,0.02344
Angelique,S34,28,t28,1.4995,0.08594
Angelique,S34,29,t29,0.7473,0.22656
Angelique,S34,30,t30,-0.2835,0.63281
Angelique,S34,31,t31,-0.859,0.77344
Angelique,S34,32,t32,-1.2017,0.88281
Angelique,S34,33,t33,-1.1736,0.86719
Angelique,S34,34,t34,-1.0533,0.85156
Angelique,S34,35,t35,-0.9449,0.80469
Angelique,S34,36,t36,-0.876,0.77344
Angelique,S34,37,t37,-0.9445,0.82031
Angelique,S34,38,t38,-0.9798,0.82031
Angelique,S34,39,t39,-1.2173,0.85156
Angelique,S34,40,t40,-1.6353,0.96094
Angelique,S34,41,t41,-1.6701,0.96094
Angelique,S34,42,t42,-1.3216,0.88281
Angelique,S34,43,t43,-0.8115,0.80469
Angelique,S34,44,t44,-0.3958,0.64844
Angelique,S34,45,t45,-0.1617,0.57031
Angelique,S34,46,t46,0.001,0.49219
Angelique,S34,47,t47,0.2827,0.38281
Angelique,S34,48,t48,0.7665,0.28906
Angelique,S34,49,t49,1.1735,0.13281
Angelique,S34,50,t50,1.3384,0.10156
Angelique,S34,51,t51,1.32,0.13281
Angelique,S34,52,t52,1.136,0.14844
Angelique,S34,53,t53,0.9163,0.19531
Angelique,S34,54,t54,0.7413,0.21094
Angelique,S34,55,t55,0.5409,0.32031
Angelique,S34,56,t56,0.3039,0.38281
Angelique,S34,57,t57,0.2011,0.44531
Angelique,S34,58,t58,0.3367,0.33594
Angelique,S34,59,t59,0.5216,0.32031
Angelique,S34,60,t60,0.546,0.30469
Angelique,S34,61,t61,0.3709,0.33594
Angelique,S34,62,t62,0.1455,0.47656
Angelique,S34,63,t63,-0.034,0.53906
Angelique,S35,0,t00,-0.1689,0.57031
Angelique,S35,1,t01,0.0389,0.47656
Angelique,S35,2,t02,0.3717,0.46094
Angelique,S35,3,t03,0.7725,0.14844
Angelique,S35,4,t04,0.9921,0.13281
Angelique,S35,5,t05,1.041,0.13281
Angelique,S35,6,t06,1.0804,0.17969
Angelique,S35,7,t07,1.1769,0.13281
Angelique,S35,8,t08,1.2078,0.10156
Angelique,S35,9,t09,1.2184,0.13281
Angelique,S35,10,t10,1.375,0.05469
Angelique,S35,11,t11,1.5121,0.00781
Angelique,S35,12,t12,1.4694,0.05469
Angelique,S35,13,t13,1.3714,0.05469
Angelique,S35,14,t14,1.1822,0.08594
Angelique,S35,15,t15,0.9009,0.32031
Angelique,S35,16,t16,0.6975,0.42969
Angelique,S35,17,t17,0.5969,0.39844
Angelique,S35,18,t18,0.6219,0.36719
Angelique,S35,19,t19,0.7341,0.32031
Angelique,S35,20,t20,0.8518,0.27344
Angelique,S35,21,t21,0.9516,0.24219
Angelique,S35,22,t22,0.9108,0.35156
Angelique,S35,23,t23,0.6885,0.38281
Angelique,S35,24,t24,0.6022,0.38281
Angelique,S35,25,t25,0.8951,0.21094
Angelique,S35,26,t26,1.0898,0.16406
Angelique,S35,27,t27,0.992,0.21094
Angelique,S35,28,t28,0.7596,0.32031
Angelique,S35,29,t29,0.7153,0.36719
Angelique,S35,30,t30,0.8582,0.30469
Angelique,S35,31,t31,0.881,0.27344
Angelique,S35,32,t32,0.6425,0.30469
Angelique,S35,33,t33,0.29,0.36719
Angelique,S35,34,t34,-0.0321,0.52344
Angelique,S35,35,t35,-0.3724,0.61719
Angelique,S35,36,t36,-0.4796,0.66406
Angelique,S35,37,t37,-0.1855,0.57031
Angelique,S35,38,t38,-0.1749,0.55469
Angelique,S35,39,t39,-0.7166,0.72656
Angelique,S35,40,t40,-1.0627,0.75781
Angelique,S35,41,t41,-1.0261,0.85156
Angelique,S35,42,t42,-0.799,0.74219
Angelique,S35,43,t43,-0.3117,0.61719
Angelique,S35,44,t44,0.0453,0.44531
Angelique,S35,45,t45,-0.0667,0.50781
Angelique,S35,46,t46,-0.4228,0.66406
Angelique,S35,47,t47,-0.8571,0.80469
Angelique,S35,48,t48,-1.1557,0.86719
Angelique,S35,49,t49,-0.9992,0.82031
Angelique,S35,50,t50,-1.0023,0.83594
Angelique,S35,51,t51,-1.2322,0.86719
Angelique,S35,52,t52,-1.181,0.86719
Angelique,S35,53,t53,-0.8559,0.78906
Angelique,S35,54,t54,-0.2099,0.61719
Angelique,S35,55,t55,0.2914,0.36719
Angelique,S35,56,t56,0.3746,0.33594
Angelique,S35,57,t57,0.3238,0.39844
Angelique,S35,58,t58,0.071,0.46094
Angelique,S35,59,t59,-0.2705,0.58594
Angelique,S35,60,t60,-0.354,0.58594
Angelique,S35,61,t61,-0.1868,0.53906
Angelique,S35,62,t62,-0.1637,0.57031
Angelique,S35,63,t63,-0.2491,0.60156
Angelique,S37,0,t00,-1.1501,0.85156
Angelique,S37,1,t01,-0.3882,0.60156
Angelique,S37,2,t02,-0.0687,0.55469
Angelique,S37,3,t03,-0.0149,0.50781
Angelique,S37,4,t04,0.224,0.42969
Angelique,S37,5,t05,0.5319,0.33594
Angelique,S37,6,t06,0.3541,0.35156
Angelique,S37,7,t07,-0.0328,0.52344
Angelique,S37,8,t08,-0.321,0.57031
Angelique,S37,9,t09,-0.3791,0.63281
Angelique,S37,10,t10,-0.2434,0.60156
Angelique,S37,11,t11,-0.0321,0.52344
Angelique,S37,12,t12,0.1492,0.42969
Angelique,S37,13,t13,0.1842,0.44531
Angelique,S37,14,t14,0.2105,0.44531
Angelique,S37,15,t15,0.2923,0.47656
Angelique,S37,16,t16,0.397,0.46094
Angelique,S37,17,t17,0.496,0.36719
Angelique,S37,18,t18,0.5556,0.33594
Angelique,S37,19,t19,0.6128,0.28906
Angelique,S37,20,t20,0.5992,0.28906
Angelique,S37,21,t21,0.4223,0.32031
Angelique,S37,22,t22,0.2085,0.41406
Angelique,S37,23,t23,0.0788,0.44531
Angelique,S37,24,t24,0.0113,0.49219
Angelique,S37,25,t25,-0.0233,0.52344
Angelique,S37,26,t26,-0.0281,0.52344
Angelique,S37,27,t27,-0.0537,0.52344
Angelique,S37,28,t28,-0.0404,0.50781
Angelique,S37,29,t29,0.0486,0.49219
Angelique,S37,30,t30,0.1219,0.44531
Angelique,S37,31,t31,0.1378,0.36719
Angelique,S37,32,t32,-0.073,0.55469
Angelique,S37,33,t33,-0.5466,0.67969
Angelique,S37,34,t34,-0.784,0.82031
Angelique,S37,35,t35,-0.6273,0.69531
Angelique,S37,36,t36,-0.2719,0.61719
Angelique,S37,37,t37,-0.0781,0.55469
Angelique,S37,38,t38,0.0223,0.49219
Angelique,S37,39,t39,0.0034,0.49219
Angelique,S37,40,t40,-0.1583,0.50781
Angelique,S37,41,t41,-0.2072,0.55469
Angelique,S37,42,t42,-0.2928,0.61719
Angelique,S37,43,t43,-0.5784,0.71094
Angelique,S37,44,t44,-0.8904,0.78906
Angelique,S37,45,t45,-1.2935,0.86719
Angelique,S37,46,t46,-1.6899,0.96094
Angelique,S37,47,t47,-1.7189,0.94531
Angelique,S37,48,t48,-1.6008,0.96094
Angelique,S37,49,t49,-1.5423,0.92969
Angelique,S37,50,t50,-1.5009,0.91406
Angelique,S37,51,t51,-1.6431,0.88281
Angelique,S37,52,t52,-1.8555,0.99219
Angelique,S37,53,t53,-1.9862,0.99219
Angelique,S37,54,t54,-2.0115,0.99219
Angelique,S37,55,t55,-1.991,0.99219
Angelique,S37,56,t56,-1.8677,0.97656
Angelique,S37,57,t57,-1.6258,0.94531
Angelique,S37,58,t58,-1.5454,0.96094
Angelique,S37,59,t59,-1.6236,0.94531
Angelique,S37,60,t60,-1.7691,0.97656
Angelique,S37,61,t61,-1.9119,0.97656
Angelique,S37,62,t62,-1.9229,0.97656
Angelique,S37,63,t63,-1.7891,0.94531
Angelique,S38,0,t00,-1.004,0.80469
Angelique,S38,1,t01,-0.9222,0.75781
Angelique,S38,2,t02,-0.823,0.74219
Angelique,S38,3,t03,-0.695,0.69531
Angelique,S38,4,t04,-0.4389,0.63281
Angelique,S38,5,t05,0.0815,0.47656
Angelique,S38,6,t06,0.453,0.42969
Angelique,S38,7,t07,0.5039,0.39844
Angelique,S38,8,t08,0.4703,0.33594
Angelique,S38,9,t09,0.5507,0.28906
Angelique,S38,10,t10,0.7036,0.25781
Angelique,S38,11,t11,0.7299,0.27344
Angelique,S38,12,t12,0.647,0.28906
Angelique,S38,13,t13,0.5016,0.35156
Angelique,S38,14,t14,0.3917,0.35156
Angelique,S38,15,t15,0.5054,0.33594
Angelique,S38,16,t16,0.8053,0.22656
Angelique,S38,17,t17,1.1107,0.17969
Angelique,S38,18,t18,1.2409,0.14844
Angelique,S38,19,t19,0.6408,0.28906
Angelique,S38,20,t20,0.4833,0.35156
Angelique,S38,21,t21,0.9995,0.21094
Angelique,S38,22,t22,0.9166,0.19531
Angelique,S38,23,t23,-0.0801,0.50781
Angelique,S38,24,t24,-0.7257,0.61719
Angelique,S38,25,t25,-0.6653,0.64844
Angelique,S38,26,t26,-0.5967,0.66406
Angelique,S38,27,t27,-0.688,0.71094
Angelique,S38,28,t28,-0.5113,0.66406
Angelique,S38,29,t29,-0.7543,0.72656
Angelique,S38,30,t30,-1.5197,0.94531
Angelique,S38,31,t31,-1.9472,0.99219
Angelique,S38,32,t32,-1.7208,0.96094
Angelique,S38,33,t33,-1.2851,0.89844
Angelique,S38,34,t34,-1.119,0.85156
Angelique,S38,35,t35,-1.2227,0.88281
Angelique,S38,36,t36,-1.29,0.91406
Angelique,S38,37,t37,-1.1046,0.83594
Angelique,S38,38,t38,-0.8481,0.71094
Angelique,S38,39,t39,-0.9815,0.78906
Angelique,S38,40,t40,-1.3687,0.91406
Angelique,S38,41,t41,-0.9092,0.80469
Angelique,S38,42,t42,-1.1607,0.86719
Angelique,S38,43,t43,-1.3842,0.91406
Angelique,S38,44,t44,-0.8682,0.77344
Angelique,S38,45,t45,0.0748,0.46094
Angelique,S38,46,t46,1.0401,0.17969
Angelique,S38,47,t47,1.1956,0.08594
Angelique,S38,48,t48,0.9088,0.27344
Angelique,S38,49,t49,0.5474,0.36719
Angelique,S38,50,t50,0.2357,0.42969
Angelique,S38,51,t51,0.3633,0.41406
Angelique,S38,52,t52,0.8471,0.33594
Angelique,S38,53,t53,1.1408,0.10156
Angelique,S38,54,t54,1.189,0.08594
Angelique,S38,55,t55,0.8308,0.24219
Angelique,S38,56,t56,-0.4401,0.67969
Angelique,S38,57,t57,-1.1098,0.86719
Angelique,S38,58,t58,-1.2828,0.89844
Angelique,S38,59,t59,-1.2775,0.86719
Angelique,S38,60,t60,-1.3461,0.89844
Angelique,S38,61,t61,-1.5498,0.94531
Angelique,S38,62,t62,-1.4943,0.92969
Angelique,S38,63,t63,-1.1551,0.83594
Talia,S01,0,t00,1.3541,0.09375
Talia,S01,1,t01,1.4039,0.09375
Talia,S01,2,t02,1.4123,0.09375
Talia,S01,3,t03,1.2932,0.15625
Talia,S01,4,t04,1.1406,0.15625
Talia,S01,5,t05,1.0341,0.15625
Talia,S01,6,t06,0.9224,0.21875
Talia,S01,7,t07,0.7253,0.28125
Talia,S01,8,t08,0.3193,0.40625
Talia,S01,9,t09,-0.0445,0.53125
Talia,S01,10,t10,-0.0953,0.59375
Talia,S01,11,t11,0.0726,0.40625
Talia,S01,12,t12,0.2951,0.34375
Talia,S01,13,t13,0.423,0.34375
Talia,S01,14,t14,0.5133,0.34375
Talia,S01,15,t15,0.6165,0.28125
Talia,S01,16,t16,0.5978,0.28125
Talia,S01,17,t17,0.422,0.34375
Talia,S01,18,t18,0.1395,0.46875
Talia,S01,19,t19,-0.1999,0.53125
Talia,S01,20,t20,-0.4179,0.53125
Talia,S01,21,t21,-0.4845,0.53125
Talia,S01,22,t22,-0.5448,0.53125
Talia,S01,23,t23,-0.63,0.59375
Talia,S01,24,t24,-0.6409,0.65625
Talia,S01,25,t25,-0.6076,0.65625
Talia,S01,26,t26,-0.6485,0.65625
Talia,S01,27,t27,-0.6509,0.65625
Talia,S01,28,t28,-0.3647,0.65625
Talia,S01,29,t29,0.0816,0.40625
Talia,S01,30,t30,0.4628,0.34375
Talia,S01,31,t31,0.8025,0.34375
Talia,S01,32,t32,1.0173,0.21875
Talia,S01,33,t33,1.0195,0.21875
Talia,S01,34,t34,1.1253,0.15625
Talia,S01,35,t35,1.3428,0.09375
Talia,S01,36,t36,1.4383,0.09375
Talia,S01,37,t37,1.3951,0.09375
Talia,S01,38,t38,1.3087,0.09375
Talia,S01,39,t39,1.273,0.09375
Talia,S01,40,t40,1.2936,0.09375
Talia,S01,41,t41,1.3101,0.09375
Talia,S01,42,t42,1.3058,0.09375
Talia,S01,43,t43,1.3364,0.09375
Talia,S01,44,t44,1.3683,0.09375
Talia,S01,45,t45,1.2835,0.09375
Talia,S01,46,t46,1.034,0.21875
Talia,S01,47,t47,0.7651,0.21875
Talia,S01,48,t48,0.6217,0.28125
Talia,S01,49,t49,0.6032,0.28125
Talia,S01,50,t50,0.6848,0.34375
Talia,S01,51,t51,0.8203,0.28125
Talia,S01,52,t52,0.9532,0.21875
Talia,S01,53,t53,1.0692,0.21875
Talia,S01,54,t54,1.1149,0.21875
Talia,S01,55,t55,1.0343,0.21875
Talia,S01,56,t56,0.949,0.21875
Talia,S01,57,t57,1.0516,0.15625
Talia,S01,58,t58,1.32,0.03125
Talia,S01,59,t59,1.5824,0.03125
Talia,S01,60,t60,1.5414,0.09375
Talia,S01,61,t61,1.1739,0.15625
Talia,S01,62,t62,0.9515,0.15625
Talia,S01,63,t63,1.0241,0.15625
Talia,S02,0,t00,1.1553,0.09375
Talia,S02,1,t01,0.9684,0.21875
Talia,S02,2,t02,1.0738,0.15625
Talia,S02,3,t03,1.1245,0.15625
Talia,S02,4,t04,1.164,0.15625
Talia,S02,5,t05,1.1784,0.15625
Talia,S02,6,t06,0.9146,0.28125
Talia,S02,7,t07,0.7888,0.21875
Talia,S02,8,t08,0.765,0.15625
Talia,S02,9,t09,0.9071,0.21875
Talia,S02,10,t10,1.1055,0.15625
Talia,S02,11,t11,1.1373,0.15625
Talia,S02,12,t12,1.0086,0.15625
Talia,S02,13,t13,0.999,0.15625
Talia,S02,14,t14,1.2116,0.09375
Talia,S02,15,t15,1.4943,0.09375
Talia,S02,16,t16,1.6323,0.09375
Talia,S02,17,t17,1.5447,0.09375
Talia,S02,18,t18,1.3725,0.09375
Talia,S02,19,t19,1.4017,0.09375
Talia,S02,20,t20,1.4223,0.09375
Talia,S02,21,t21,1.3452,0.09375
Talia,S02,22,t22,1.227,0.15625
Talia,S02,23,t23,1.0472,0.15625
Talia,S02,24,t24,0.9546,0.21875
Talia,S02,25,t25,0.9968,0.15625
Talia,S02,26,t26,1.0585,0.21875
Talia,S02,27,t27,0.9537,0.21875
Talia,S02,28,t28,0.7443,0.34375
Talia,S02,29,t29,0.6101,0.46875
Talia,S02,30,t30,0.398,0.46875
Talia,S02,31,t31,-0.1529,0.59375
Talia,S02,32,t32,-0.5232,0.71875
Talia,S02,33,t33,-0.1873,0.71875
Talia,S02,34,t34,0.9654,0.21875
Talia,S02,35,t35,1.4424,0.09375
Talia,S02,36,t36,1.3971,0.09375
Talia,S02,37,t37,1.1949,0.15625
Talia,S02,38,t38,0.8812,0.21875
Talia,S02,39,t39,0.6756,0.28125
Talia,S02,40,t40,0.7495,0.28125
Talia,S02,41,t41,0.8921,0.28125
Talia,S02,42,t42,0.8241,0.40625
Talia,S02,43,t43,0.5833,0.46875
Talia,S02,44,t44,0.276,0.46875
Talia,S02,45,t45,-0.0086,0.53125
Talia,S02,46,t46,-0.1961,0.53125
Talia,S02,47,t47,-0.3237,0.59375
Talia,S02,48,t48,-0.4409,0.71875
Talia,S02,49,t49,-0.5953,0.65625
Talia,S02,50,t50,-0.5451,0.65625
Talia,S02,51,t51,-0.2707,0.59375
Talia,S02,52,t52,0.0796,0.46875
Talia,S02,53,t53,0.6264,0.21875
Talia,S02,54,t54,1.0713,0.15625
Talia,S02,55,t55,1.1827,0.15625
Talia,S02,56,t56,1.169,0.15625
Talia,S02,57,t57,1.3322,0.03125
Talia,S02,58,t58,1.4971,0.03125
Talia,S02,59,t59,1.425,0.09375
Talia,S02,60,t60,1.3293,0.15625
Talia,S02,61,t61,1.3197,0.09375
Talia,S02,62,t62,1.3419,0.09375
Talia,S02,63,t63,1.4507,0.09375
Talia,S03,0,t00,0.1432,0.46875
Talia,S03,1,t01,0.3283,0.40625
Talia,S03,2,t02,0.3722,0.34375
Talia,S03,3,t03,0.4078,0.34375
Talia,S03,4,t04,0.5399,0.28125
Talia,S03,5,t05,0.7342,0.21875
Talia,S03,6,t06,0.8722,0.21875
Talia,S03,7,t07,0.9065,0.21875
Talia,S03,8,t08,0.7902,0.34375
Talia,S03,9,t09,0.5961,0.28125
Talia,S03,10,t10,0.5306,0.34375
Talia,S03,11,t11,0.5984,0.28125
Talia,S03,12,t12,0.7175,0.28125
Talia,S03,13,t13,0.801,0.15625
Talia,S03,14,t14,0.8076,0.15625
Talia,S03,15,t15,0.724,0.15625
Talia,S03,16,t16,0.5164,0.40625
Talia,S03,17,t17,0.2808,0.40625
Talia,S03,18,t18,0.2024,0.40625
Talia,S03,19,t19,0.2649,0.40625
Talia,S03,20,t20,0.3966,0.34375
Talia,S03,21,t21,0.5313,0.34375
Talia,S03,22,t22,0.5292,0.28125
Talia,S03,23,t23,0.2567,0.46875
Talia,S03,24,t24,-0.1559,0.59375
Talia,S03,25,t25,-0.4748,0.65625
Talia,S03,26,t26,-0.5633,0.71875
Talia,S03,27,t27,-0.4933,0.65625
Talia,S03,28,t28,-0.4067,0.59375
Talia,S03,29,t29,-0.4172,0.59375
Talia,S03,30,t30,-0.5638,0.65625
Talia,S03,31,t31,-0.6675,0.59375
Talia,S03,32,t32,-0.5376,0.65625
Talia,S03,33,t33,-0.3407,0.65625
Talia,S03,34,t34,-0.3263,0.65625
Talia,S03,35,t35,-0.5522,0.65625
Talia,S03,36,t36,-0.8091,0.78125
Talia,S03,37,t37,-0.8066,0.78125
Talia,S03,38,t38,-0.6983,0.78125
Talia,S03,39,t39,-0.7359,0.84375
Talia,S03,40,t40,-0.8721,0.84375
Talia,S03,41,t41,-1.0184,0.84375
Talia,S03,42,t42,-1.1111,0.84375
Talia,S03,43,t43,-1.0594,0.84375
Talia,S03,44,t44,-0.8748,0.65625
Talia,S03,45,t45,-0.6195,0.59375
Talia,S03,46,t46,-0.3053,0.59375
Talia,S03,47,t47,-0.0624,0.53125
Talia,S03,48,t48,-0.1587,0.53125
Talia,S03,49,t49,-0.7317,0.78125
Talia,S03,50,t50,-1.2752,0.84375
Talia,S03,51,t51,-1.4391,0.90625
Talia,S03,52,t52,-1.3558,0.90625
Talia,S03,53,t53,-1.2184,0.84375
Talia,S03,54,t54,-1.1433,0.84375
Talia,S03,55,t55,-1.1426,0.84375
Talia,S03,56,t56,-1.2983,0.84375
Talia,S03,57,t57,-1.3309,0.90625
Talia,S03,58,t58,-0.8949,0.78125
Talia,S03,59,t59,-0.7226,0.65625
Talia,S03,60,t60,-0.6965,0.65625
Talia,S03,61,t61,-0.6781,0.59375
Talia,S03,62,t62,-0.519,0.59375
Talia,S03,63,t63,-0.1851,0.59375
Talia,S04,0,t00,0.1009,0.46875
Talia,S04,1,t01,-0.3672,0.65625
Talia,S04,2,t02,-0.5352,0.59375
Talia,S04,3,t03,-0.2629,0.65625
Talia,S04,4,t04,-0.0787,0.59375
Talia,S04,5,t05,-0.0881,0.53125
Talia,S04,6,t06,-0.2954,0.53125
Talia,S04,7,t07,-0.5876,0.71875
Talia,S04,8,t08,-0.7993,0.71875
Talia,S04,9,t09,-0.7114,0.71875
Talia,S04,10,t10,-0.4734,0.59375
Talia,S04,11,t11,-0.7421,0.84375
Talia,S04,12,t12,-1.5062,0.96875
Talia,S04,13,t13,-1.4846,0.90625
Talia,S04,14,t14,-1.3398,0.90625
Talia,S04,15,t15,-1.2938,0.90625
Talia,S04,16,t16,-1.0302,0.78125
Talia,S04,17,t17,0.0438,0.46875
Talia,S04,18,t18,0.4223,0.28125
Talia,S04,19,t19,0.4833,0.28125
Talia,S04,20,t20,0.6374,0.28125
Talia,S04,21,t21,1.0401,0.21875
Talia,S04,22,t22,0.8947,0.28125
Talia,S04,23,t23,0.275,0.40625
Talia,S04,24,t24,-0.2107,0.53125
Talia,S04,25,t25,-0.2718,0.71875
Talia,S04,26,t26,0.2809,0.40625
Talia,S04,27,t27,1.0569,0.15625
Talia,S04,28,t28,1.0362,0.15625
Talia,S04,29,t29,0.7496,0.28125
Talia,S04,30,t30,0.866,0.28125
Talia,S04,31,t31,1.0318,0.15625
Talia,S04,32,t32,0.1339,0.40625
Talia,S04,33,t33,-1.4445,0.90625
Talia,S04,34,t34,-1.807,0.96875
Talia,S04,35,t35,-1.3078,0.90625
Talia,S04,36,t36,0.9619,0.15625
Talia,S04,37,t37,1.0841,0.15625
Talia,S04,38,t38,0.9692,0.21875
Talia,S04,39,t39,1.3596,0.09375
Talia,S04,40,t40,1.8258,0.03125
Talia,S04,41,t41,1.8221,0.03125
Talia,S04,42,t42,1.62,0.09375
Talia,S04,43,t43,1.5704,0.09375
Talia,S04,44,t44,1.4524,0.09375
Talia,S04,45,t45,1.423,0.09375
Talia,S04,46,t46,1.2179,0.09375
Talia,S04,47,t47,0.8286,0.28125
Talia,S04,48,t48,0.75,0.28125
Talia,S04,49,t49,1.0869,0.21875
Talia,S04,50,t50,1.4878,0.09375
Talia,S04,51,t51,1.6748,0.03125
Talia,S04,52,t52,1.2054,0.09375
Talia,S04,53,t53,0.3336,0.46875
Talia,S04,54,t54,-0.941,0.78125
Talia,S04,55,t55,-1.6069,0.96875
Talia,S04,56,t56,-1.6058,0.96875
Talia,S04,57,t57,-0.8578,0.78125
Talia,S04,58,t58,1.6602,0.03125
Talia,S04,59,t59,1.5101,0.09375
Talia,S04,60,t60,1.0479,0.21875
Talia,S04,61,t61,1.1783,0.09375
Talia,S04,62,t62,1.0663,0.21875
Talia,S04,63,t63,0.8233,0.28125
Talia,S05,0,t00,0.7678,0.28125
Talia,S05,1,t01,0.7928,0.34375
Talia,S05,2,t02,0.7051,0.34375
Talia,S05,3,t03,0.671,0.34375
Talia,S05,4,t04,0.7087,0.34375
Talia,S05,5,t05,0.8242,0.28125
Talia,S05,6,t06,0.8197,0.21875
Talia,S05,7,t07,0.4873,0.34375
Talia,S05,8,t08,0.0838,0.46875
Talia,S05,9,t09,-0.2897,0.53125
Talia,S05,10,t10,-0.7085,0.65625
Talia,S05,11,t11,-1.0741,0.78125
Talia,S05,12,t12,-1.2748,0.84375
Talia,S05,13,t13,-1.3392,0.96875
Talia,S05,14,t14,-1.3228,0.84375
Talia,S05,15,t15,-1.3241,0.84375
Talia,S05,16,t16,-1.3153,0.84375
Talia,S05,17,t17,-1.2304,0.84375
Talia,S05,18,t18,-1.1498,0.84375
Talia,S05,19,t19,-1.197,0.84375
Talia,S05,20,t20,-1.3379,0.96875
Talia,S05,21,t21,-1.4726,0.96875
Talia,S05,22,t22,-1.7081,0.96875
Talia,S05,23,t23,-1.7185,0.96875
Talia,S05,24,t24,-1.0529,0.78125
Talia,S05,25,t25,-0.9786,0.78125
Talia,S05,26,t26,-1.1786,0.78125
Talia,S05,27,t27,-1.4208,0.90625
Talia,S05,28,t28,-1.6416,0.96875
Talia,S05,29,t29,-1.7832,0.96875
Talia,S05,30,t30,-1.8385,0.96875
Talia,S05,31,t31,-1.8061,0.96875
Talia,S05,32,t32,-1.6662,0.96875
Talia,S05,33,t33,-1.4685,0.90625
Talia,S05,34,t34,-1.3137,0.90625
Talia,S05,35,t35,-1.2343,0.90625
Talia,S05,36,t36,-1.2079,0.90625
Talia,S05,37,t37,-1.1552,0.90625
Talia,S05,38,t38,-1.0438,0.78125
Talia,S05,39,t39,-0.9063,0.78125
Talia,S05,40,t40,-0.6784,0.71875
Talia,S05,41,t41,-0.1665,0.53125
Talia,S05,42,t42,0.3691,0.40625
Talia,S05,43,t43,0.6095,0.28125
Talia,S05,44,t44,0.8468,0.21875
Talia,S05,45,t45,1.1085,0.15625
Talia,S05,46,t46,0.8415,0.21875
Talia,S05,47,t47,-0.3714,0.65625
Talia,S05,48,t48,-0.9943,0.84375
Talia,S05,49,t49,-1.279,0.84375
Talia,S05,50,t50,-1.3212,0.84375
Talia,S05,51,t51,-1.1399,0.84375
Talia,S05,52,t52,-0.7907,0.84375
Talia,S05,53,t53,-0.4107,0.53125
Talia,S05,54,t54,-0.1692,0.53125
Talia,S05,55,t55,-0.0704,0.53125
Talia,S05,56,t56,-0.0378,0.59375
Talia,S05,57,t57,-0.0709,0.59375
Talia,S05,58,t58,-0.184,0.59375
Talia,S05,59,t59,-0.3069,0.59375
Talia,S05,60,t60,-0.3208,0.65625
Talia,S05,61,t61,-0.148,0.59375
Talia,S05,62,t62,0.1724,0.46875
Talia,S05,63,t63,0.5145,0.28125
Talia,S06,0,t00,-1.4646,0.96875
Talia,S06,1,t01,-1.3659,0.96875
Talia,S06,2,t02,-1.3442,0.96875
Talia,S06,3,t03,-1.412,0.96875
Talia,S06,4,t04,-1.387,0.90625
Talia,S06,5,t05,-1.1143,0.84375
Talia,S06,6,t06,-0.6762,0.71875
Talia,S06,7,t07,-0.3427,0.59375
Talia,S06,8,t08,-0.1189,0.59375
Talia,S06,9,t09,-0.0383,0.59375
Talia,S06,10,t10,-0.3752,0.65625
Talia,S06,11,t11,-1.059,0.84375
Talia,S06,12,t12,-1.3647,0.96875
Talia,S06,13,t13,-1.4307,0.96875
Talia,S06,14,t14,-1.5172,0.96875
Talia,S06,15,t15,-1.6341,0.96875
Talia,S06,16,t16,-1.6917,0.96875
Talia,S06,17,t17,-1.629,0.96875
Talia,S06,18,t18,-1.4061,0.96875
Talia,S06,19,t19,-0.8395,0.65625
Talia,S06,20,t20,-0.4695,0.53125
Talia,S06,21,t21,-0.3222,0.65625
Talia,S06,22,t22,-0.3424,0.59375
Talia,S06,23,t23,-0.3522,0.59375
Talia,S06,24,t24,-0.293,0.59375
Talia,S06,25,t25,-0.2971,0.65625
Talia,S06,26,t26,-0.2408,0.65625
Talia,S06,27,t27,-0.1181,0.59375
Talia,S06,28,t28,-0.1432,0.59375
Talia,S06,29,t29,-0.3114,0.71875
Talia,S06,30,t30,-0.6117,0.71875
Talia,S06,31,t31,-1.0004,0.84375
Talia,S06,32,t32,-1.2092,0.78125
Talia,S06,33,t33,-1.2552,0.84375
Talia,S06,34,t34,-1.3393,0.90625
Talia,S06,35,t35,-1.5392,0.90625
Talia,S06,36,t36,-1.5987,0.90625
Talia,S06,37,t37,-1.4447,0.90625
Talia,S06,38,t38,-0.6533,0.71875
Talia,S06,39,t39,0.222,0.40625
Talia,S06,40,t40,0.1801,0.40625
Talia,S06,41,t41,0.032,0.46875
Talia,S06,42,t42,-0.0643,0.53125
Talia,S06,43,t43,-0.5969,0.71875
Talia,S06,44,t44,-1.0471,0.84375
Talia,S06,45,t45,-1.0268,0.78125
Talia,S06,46,t46,-0.5133,0.59375
Talia,S06,47,t47,0.0874,0.46875
Talia,S06,48,t48,0.5885,0.28125
Talia,S06,49,t49,0.8175,0.21875
Talia,S06,50,t50,0.5282,0.28125
Talia,S06,51,t51,-0.1823,0.59375
Talia,S06,52,t52,-0.5312,0.65625
Talia,S06,53,t53,-0.5253,0.65625
Talia,S06,54,t54,-0.5897,0.71875
Talia,S06,55,t55,-1.0028,0.78125
Talia,S06,56,t56,-1.5875,0.96875
Talia,S06,57,t57,-1.7952,0.96875
Talia,S06,58,t58,-1.8624,0.96875
Talia,S06,59,t59,-1.8444,0.96875
Talia,S06,60,t60,-1.751,0.96875
Talia,S06,61,t61,-1.6658,0.96875
Talia,S06,62,t62,-1.587,0.96875
Talia,S06,63,t63,-1.4889,0.96875
Talia,S07,0,t00,-0.0396,0.53125
Talia,S07,1,t01,-0.1458,0.53125
Talia,S07,2,t02,-0.052,0.53125
Talia,S07,3,t03,0.4745,0.34375
Talia,S07,4,t04,0.8662,0.21875
Talia,S07,5,t05,0.9698,0.15625
Talia,S07,6,t06,1.0229,0.21875
Talia,S07,7,t07,1.1027,0.21875
Talia,S07,8,t08,1.1757,0.15625
Talia,S07,9,t09,1.1675,0.15625
Talia,S07,10,t10,0.939,0.15625
Talia,S07,11,t11,0.4214,0.40625
Talia,S07,12,t12,0.1106,0.40625
Talia,S07,13,t13,0.5551,0.40625
Talia,S07,14,t14,0.8185,0.28125
Talia,S07,15,t15,0.9058,0.15625
Talia,S07,16,t16,1.0726,0.15625
Talia,S07,17,t17,1.1608,0.21875
Talia,S07,18,t18,1.0323,0.21875
Talia,S07,19,t19,0.7998,0.21875
Talia,S07,20,t20,0.5765,0.28125
Talia,S07,21,t21,0.1895,0.46875
Talia,S07,22,t22,0.1202,0.40625
Talia,S07,23,t23,0.6289,0.28125
Talia,S07,24,t24,1.0397,0.21875
Talia,S07,25,t25,1.1912,0.15625
Talia,S07,26,t26,1.2948,0.15625
Talia,S07,27,t27,1.4414,0.09375
Talia,S07,28,t28,1.6,0.03125
Talia,S07,29,t29,1.6466,0.03125
Talia,S07,30,t30,1.6821,0.03125
Talia,S07,31,t31,1.735,0.03125
Talia,S07,32,t32,1.7548,0.03125
Talia,S07,33,t33,1.6867,0.03125
Talia,S07,34,t34,1.3186,0.09375
Talia,S07,35,t35,0.8715,0.21875
Talia,S07,36,t36,0.9935,0.15625
Talia,S07,37,t37,1.4851,0.09375
Talia,S07,38,t38,1.2475,0.15625
Talia,S07,39,t39,0.7399,0.21875
Talia,S07,40,t40,0.1958,0.40625
Talia,S07,41,t41,-0.1123,0.59375
Talia,S07,42,t42,1.1181,0.15625
Talia,S07,43,t43,1.5928,0.03125
Talia,S07,44,t44,1.8104,0.03125
Talia,S07,45,t45,1.8951,0.03125
Talia,S07,46,t46,1.297,0.09375
Talia,S07,47,t47,0.6178,0.21875
Talia,S07,48,t48,0.7613,0.15625
Talia,S07,49,t49,1.4575,0.09375
Talia,S07,50,t50,1.585,0.03125
Talia,S07,51,t51,1.3793,0.09375
Talia,S07,52,t52,1.1652,0.09375
Talia,S07,53,t53,0.8511,0.21875
Talia,S07,54,t54,0.8067,0.34375
Talia,S07,55,t55,0.5115,0.34375
Talia,S07,56,t56,0.4815,0.34375
Talia,S07,57,t57,1.0505,0.21875
Talia,S07,58,t58,1.0888,0.15625
Talia,S07,59,t59,0.6079,0.28125
Talia,S07,60,t60,0.3869,0.34375
Talia,S07,61,t61,0.198,0.40625
Talia,S07,62,t62,0.1265,0.46875
Talia,S07,63,t63,0.1163,0.40625
Talia,S08,0,t00,1.3358,0.09375
Talia,S08,1,t01,1.3211,0.09375
Talia,S08,2,t02,1.1809,0.15625
Talia,S08,3,t03,0.9653,0.21875
Talia,S08,4,t04,0.7949,0.34375
Talia,S08,5,t05,0.7513,0.40625
Talia,S08,6,t06,0.7569,0.40625
Talia,S08,7,t07,0.7112,0.34375
Talia,S08,8,t08,0.5785,0.40625
Talia,S08,9,t09,0.3642,0.40625
Talia,S08,10,t10,0.1162,0.46875
Talia,S08,11,t11,-0.076,0.53125
Talia,S08,12,t12,-0.177,0.53125
Talia,S08,13,t13,-0.2589,0.59375
Talia,S08,14,t14,-0.4036,0.59375
Talia,S08,15,t15,-0.5657,0.71875
Talia,S08,16,t16,-0.6742,0.71875
Talia,S08,17,t17,-0.7422,0.78125
Talia,S08,18,t18,-0.8202,0.78125
Talia,S08,19,t19,-0.9104,0.84375
Talia,S08,20,t20,-0.9743,0.84375
Talia,S08,21,t21,-1.0127,0.78125
Talia,S08,22,t22,-1.0569,0.84375
Talia,S08,23,t23,-1.1023,0.84375
Talia,S08,24,t24,-1.1761,0.90625
Talia,S08,25,t25,-1.222,0.90625
Talia,S08,26,t26,-1.1665,0.84375
Talia,S08,27,t27,-1.0656,0.84375
Talia,S08,28,t28,-1.0128,0.84375
Talia,S08,29,t29,-1.0183,0.84375
Talia,S08,30,t30,-1.053,0.78125
Talia,S08,31,t31,-1.1067,0.78125
Talia,S08,32,t32,-1.2081,0.78125
Talia,S08,33,t33,-1.3493,0.78125
Talia,S08,34,t34,-1.4682,0.96875
Talia,S08,35,t35,-1.5195,0.96875
Talia,S08,36,t36,-1.4871,0.90625
Talia,S08,37,t37,-1.4138,0.90625
Talia,S08,38,t38,-1.3662,0.90625
Talia,S08,39,t39,-1.3696,0.90625
Talia,S08,40,t40,-1.3703,0.90625
Talia,S08,41,t41,-1.3105,0.84375
Talia,S08,42,t42,-1.2276,0.84375
Talia,S08,43,t43,-1.1519,0.84375
Talia,S08,44,t44,-1.0816,0.84375
Talia,S08,45,t45,-1.0181,0.84375
Talia,S08,46,t46,-1.008,0.84375
Talia,S08,47,t47,-1.146,0.84375
Talia,S08,48,t48,-1.3628,0.90625
Talia,S08,49,t49,-1.3819,0.90625
Talia,S08,50,t50,-1.2403,0.90625
Talia,S08,51,t51,-1.0763,0.84375
Talia,S08,52,t52,-0.8808,0.78125
Talia,S08,53,t53,-0.6609,0.71875
Talia,S08,54,t54,-0.4085,0.65625
Talia,S08,55,t55,-0.1744,0.59375
Talia,S08,56,t56,-0.0667,0.53125
Talia,S08,57,t57,-0.0415,0.53125
Talia,S08,58,t58,-0.0011,0.53125
Talia,S08,59,t59,0.0918,0.46875
Talia,S08,60,t60,0.2743,0.40625
Talia,S08,61,t61,0.5766,0.28125
Talia,S08,62,t62,0.9229,0.21875
Talia,S08,63,t63,1.1724,0.09375
Talia,S09,0,t00,1.272,0.09375
Talia,S09,1,t01,1.2771,0.09375
Talia,S09,2,t02,1.2378,0.15625
Talia,S09,3,t03,1.1815,0.15625
Talia,S09,4,t04,1.1805,0.15625
Talia,S09,5,t05,1.2243,0.15625
Talia,S09,6,t06,1.2791,0.09375
Talia,S09,7,t07,1.3099,0.09375
Talia,S09,8,t08,1.3521,0.09375
Talia,S09,9,t09,1.3858,0.09375
Talia,S09,10,t10,1.3739,0.09375
Talia,S09,11,t11,1.3633,0.09375
Talia,S09,12,t12,1.3859,0.09375
Talia,S09,13,t13,1.4305,0.09375
Talia,S09,14,t14,1.4655,0.09375
Talia,S09,15,t15,1.4427,0.09375
Talia,S09,16,t16,1.3576,0.09375
Talia,S09,17,t17,1.2817,0.15625
Talia,S09,18,t18,1.275,0.21875
Talia,S09,19,t19,1.3144,0.21875
Talia,S09,20,t20,1.3673,0.09375
Talia,S09,21,t21,1.4241,0.09375
Talia,S09,22,t22,1.46,0.09375
Talia,S09,23,t23,1.4855,0.03125
Talia,S09,24,t24,1.5723,0.03125
Talia,S09,25,t25,1.6579,0.03125
Talia,S09,26,t26,1.6588,0.03125
Talia,S09,27,t27,1.5688,0.03125
Talia,S09,28,t28,1.4542,0.09375
Talia,S09,29,t29,1.3735,0.09375
Talia,S09,30,t30,1.2863,0.09375
Talia,S09,31,t31,1.251,0.09375
Talia,S09,32,t32,1.2157,0.15625
Talia,S09,33,t33,1.0025,0.15625
Talia,S09,34,t34,0.8183,0.21875
Talia,S09,35,t35,0.9718,0.21875
Talia,S09,36,t36,1.2954,0.09375
Talia,S09,37,t37,1.3463,0.09375
Talia,S09,38,t38,1.1778,0.21875
Talia,S09,39,t39,1.1566,0.21875
Talia,S09,40,t40,1.374,0.09375
Talia,S09,41,t41,1.5504,0.03125
Talia,S09,42,t42,1.5883,0.03125
Talia,S09,43,t43,1.5232,0.03125
Talia,S09,44,t44,1.4161,0.03125
Talia,S09,45,t45,1.1797,0.15625
Talia,S09,46,t46,0.6385,0.28125
Talia,S09,47,t47,-0.2132,0.59375
Talia,S09,48,t48,-0.4867,0.65625
Talia,S09,49,t49,-0.4208,0.65625
Talia,S09,50,t50,-0.2111,0.59375
Talia,S09,51,t51,0.2536,0.40625
Talia,S09,52,t52,0.6363,0.34375
Talia,S09,53,t53,0.81,0.34375
Talia,S09,54,t54,0.9979,0.21875
Talia,S09,55,t55,1.3411,0.03125
Talia,S09,56,t56,1.6516,0.03125
Talia,S09,57,t57,1.5819,0.03125
Talia,S09,58,t58,1.2951,0.09375
Talia,S09,59,t59,1.3677,0.03125
Talia,S09,60,t60,1.4622,0.09375
Talia,S09,61,t61,1.3337,0.09375
Talia,S09,62,t62,1.213,0.09375
Talia,S09,63,t63,1.1918,0.09375
Talia,S10,0,t00,1.1422,0.15625
Talia,S10,1,t01,1.2498,0.15625
Talia,S10,2,t02,1.0005,0.21875
Talia,S10,3,t03,0.8052,0.40625
Talia,S10,4,t04,1.2465,0.09375
Talia,S10,5,t05,1.541,0.03125
Talia,S10,6,t06,1.2938,0.09375
Talia,S10,7,t07,0.7823,0.40625
Talia,S10,8,t08,0.3773,0.34375
Talia,S10,9,t09,0.7783,0.34375
Talia,S10,10,t10,0.7859,0.28125
Talia,S10,11,t11,0.2339,0.40625
Talia,S10,12,t12,0.1429,0.40625
Talia,S10,13,t13,0.2904,0.34375
Talia,S10,14,t14,0.2483,0.46875
Talia,S10,15,t15,-0.2093,0.53125
Talia,S10,16,t16,-0.5992,0.71875
Talia,S10,17,t17,-0.8527,0.71875
Talia,S10,18,t18,-0.9132,0.84375
Talia,S10,19,t19,-0.3625,0.59375
Talia,S10,20,t20,0.2675,0.40625
Talia,S10,21,t21,1.0964,0.15625
Talia,S10,22,t22,1.6775,0.03125
Talia,S10,23,t23,1.4691,0.03125
Talia,S10,24,t24,1.2748,0.21875
Talia,S10,25,t25,1.1604,0.21875
Talia,S10,26,t26,0.6824,0.21875
Talia,S10,27,t27,0.416,0.34375
Talia,S10,28,t28,0.2774,0.40625
Talia,S10,29,t29,0.4846,0.34375
Talia,S10,30,t30,0.9264,0.28125
Talia,S10,31,t31,1.1378,0.15625
Talia,S10,32,t32,0.0601,0.46875
Talia,S10,33,t33,-0.9306,0.84375
Talia,S10,34,t34,-0.9457,0.84375
Talia,S10,35,t35,-0.6094,0.71875
Talia,S10,36,t36,-0.202,0.53125
Talia,S10,37,t37,0.0271,0.46875
Talia,S10,38,t38,-0.1411,0.59375
Talia,S10,39,t39,-0.3517,0.59375
Talia,S10,40,t40,-0.3564,0.59375
Talia,S10,41,t41,-0.4165,0.53125
Talia,S10,42,t42,-0.2932,0.59375
Talia,S10,43,t43,0.1859,0.40625
Talia,S10,44,t44,0.1055,0.40625
Talia,S10,45,t45,-0.598,0.71875
Talia,S10,46,t46,-0.8818,0.71875
Talia,S10,47,t47,-0.3241,0.59375
Talia,S10,48,t48,0.0069,0.46875
Talia,S10,49,t49,-0.1659,0.59375
Talia,S10,50,t50,-0.3079,0.65625
Talia,S10,51,t51,-0.3373,0.65625
Talia,S10,52,t52,-0.4121,0.59375
Talia,S10,53,t53,-0.6109,0.59375
Talia,S10,54,t54,-0.5495,0.59375
Talia,S10,55,t55,-0.2519,0.59375
Talia,S10,56,t56,-0.3389,0.59375
Talia,S10,57,t57,-0.5876,0.71875
Talia,S10,58,t58,-0.0166,0.53125
Talia,S10,59,t59,0.2075,0.46875
Talia,S10,60,t60,0.0891,0.40625
Talia,S10,61,t61,0.0184,0.46875
Talia,S10,62,t62,0.4283,0.34375
Talia,S10,63,t63,0.8158,0.28125
Talia,S11,0,t00,1.0507,0.15625
Talia,S11,1,t01,1.1157,0.15625
Talia,S11,2,t02,1.0252,0.15625
Talia,S11,3,t03,0.8916,0.21875
Talia,S11,4,t04,0.6827,0.28125
Talia,S11,5,t05,0.2566,0.40625
Talia,S11,6,t06,-0.23,0.53125
Talia,S11,7,t07,-0.329,0.65625
Talia,S11,8,t08,-0.0729,0.59375
Talia,S11,9,t09,0.1561,0.40625
Talia,S11,10,t10,0.1628,0.40625
Talia,S11,11,t11,0.417,0.34375
Talia,S11,12,t12,1.1163,0.15625
Talia,S11,13,t13,1.299,0.03125
Talia,S11,14,t14,1.0514,0.15625
Talia,S11,15,t15,0.7686,0.40625
Talia,S11,16,t16,0.6633,0.40625
Talia,S11,17,t17,0.5064,0.46875
Talia,S11,18,t18,0.1147,0.46875
Talia,S11,19,t19,-0.2612,0.59375
Talia,S11,20,t20,-0.4279,0.71875
Talia,S11,21,t21,-0.4508,0.65625
Talia,S11,22,t22,-0.5177,0.65625
Talia,S11,23,t23,-0.7957,0.71875
Talia,S11,24,t24,-1.1474,0.84375
Talia,S11,25,t25,-1.3457,0.90625
Talia,S11,26,t26,-1.3327,0.84375
Talia,S11,27,t27,-1.0352,0.84375
Talia,S11,28,t28,-0.6151,0.71875
Talia,S11,29,t29,-0.3515,0.71875
Talia,S11,30,t30,-0.0972,0.53125
Talia,S11,31,t31,-0.0511,0.59375
Talia,S11,32,t32,-0.1811,0.59375
Talia,S11,33,t33,-0.2377,0.65625
Talia,S11,34,t34,-0.1667,0.59375
Talia,S11,35,t35,0.1447,0.46875
Talia,S11,36,t36,0.9876,0.15625
Talia,S11,37,t37,1.6966,0.03125
Talia,S11,38,t38,1.8633,0.03125
Talia,S11,39,t39,1.8538,0.03125
Talia,S11,40,t40,1.7376,0.03125
Talia,S11,41,t41,1.6632,0.09375
Talia,S11,42,t42,1.6035,0.09375
Talia,S11,43,t43,1.4416,0.09375
Talia,S11,44,t44,1.2425,0.15625
Talia,S11,45,t45,1.0571,0.15625
Talia,S11,46,t46,0.7799,0.21875
Talia,S11,47,t47,0.444,0.28125
Talia,S11,48,t48,0.3224,0.34375
Talia,S11,49,t49,0.3868,0.34375
Talia,S11,50,t50,0.5705,0.28125
Talia,S11,51,t51,0.7318,0.21875
Talia,S11,52,t52,0.7106,0.28125
Talia,S11,53,t53,0.5424,0.28125
Talia,S11,54,t54,0.4264,0.34375
Talia,S11,55,t55,0.572,0.34375
Talia,S11,56,t56,0.8989,0.28125
Talia,S11,57,t57,1.1302,0.09375
Talia,S11,58,t58,1.2778,0.09375
Talia,S11,59,t59,1.3227,0.09375
Talia,S11,60,t60,1.3595,0.09375
Talia,S11,61,t61,1.3989,0.03125
Talia,S11,62,t62,1.2545,0.09375
Talia,S11,63,t63,1.1148,0.09375
Talia,S12,0,t00,-1.0473,0.84375
Talia,S12,1,t01,-1.1251,0.78125
Talia,S12,2,t02,-1.1483,0.84375
Talia,S12,3,t03,-1.175,0.84375
Talia,S12,4,t04,-1.1583,0.84375
Talia,S12,5,t05,-1.0184,0.84375
Talia,S12,6,t06,-0.9862,0.84375
Talia,S12,7,t07,-1.0806,0.84375
Talia,S12,8,t08,-1.0864,0.78125
Talia,S12,9,t09,-0.857,0.71875
Talia,S12,10,t10,-0.3397,0.59375
Talia,S12,11,t11,0.0691,0.40625
Talia,S12,12,t12,0.1415,0.40625
Talia,S12,13,t13,0.0938,0.46875
Talia,S12,14,t14,0.3076,0.40625
Talia,S12,15,t15,0.6851,0.21875
Talia,S12,16,t16,0.9127,0.21875
Talia,S12,17,t17,0.9247,0.21875
Talia,S12,18,t18,0.8235,0.28125
Talia,S12,19,t19,0.8399,0.34375
Talia,S12,20,t20,1.1343,0.21875
Talia,S12,21,t21,1.3727,0.09375
Talia,S12,22,t22,1.2291,0.15625
Talia,S12,23,t23,0.7566,0.21875
Talia,S12,24,t24,0.4884,0.34375
Talia,S12,25,t25,0.5513,0.28125
Talia,S12,26,t26,0.6218,0.28125
Talia,S12,27,t27,0.7739,0.28125
Talia,S12,28,t28,1.0886,0.15625
Talia,S12,29,t29,1.3561,0.09375
Talia,S12,30,t30,1.4543,0.09375
Talia,S12,31,t31,1.4173,0.03125
Talia,S12,32,t32,1.315,0.03125
Talia,S12,33,t33,1.1874,0.09375
Talia,S12,34,t34,1.1527,0.09375
Talia,S12,35,t35,1.2649,0.09375
Talia,S12,36,t36,1.2408,0.15625
Talia,S12,37,t37,1.1701,0.15625
Talia,S12,38,t38,1.2058,0.09375
Talia,S12,39,t39,1.2693,0.09375
Talia,S12,40,t40,1.3245,0.09375
Talia,S12,41,t41,1.3604,0.03125
Talia,S12,42,t42,1.3656,0.09375
Talia,S12,43,t43,1.3401,0.09375
Talia,S12,44,t44,1.3925,0.09375
Talia,S12,45,t45,1.5424,0.09375
Talia,S12,46,t46,1.6757,0.03125
Talia,S12,47,t47,1.6846,0.03125
Talia,S12,48,t48,1.5925,0.09375
Talia,S12,49,t49,1.3962,0.09375
Talia,S12,50,t50,0.4657,0.34375
Talia,S12,51,t51,-0.4313,0.53125
Talia,S12,52,t52,-0.5391,0.65625
Talia,S12,53,t53,-0.3248,0.59375
Talia,S12,54,t54,-0.0341,0.53125
Talia,S12,55,t55,0.1304,0.46875
Talia,S12,56,t56,0.4048,0.34375
Talia,S12,57,t57,0.5886,0.28125
Talia,S12,58,t58,0.3992,0.34375
Talia,S12,59,t59,-0.4054,0.65625
Talia,S12,60,t60,-0.8309,0.78125
Talia,S12,61,t61,-0.7208,0.71875
Talia,S12,62,t62,-0.605,0.71875
Talia,S12,63,t63,-0.8099,0.71875
Talia,S13,0,t00,0.647,0.28125
Talia,S13,1,t01,0.6682,0.21875
Talia,S13,2,t02,0.6973,0.21875
Talia,S13,3,t03,0.6945,0.21875
Talia,S13,4,t04,0.6572,0.21875
Talia,S13,5,t05,0.694,0.21875
Talia,S13,6,t06,0.9202,0.21875
Talia,S13,7,t07,1.2195,0.09375
Talia,S13,8,t08,1.2549,0.09375
Talia,S13,9,t09,1.2266,0.09375
Talia,S13,10,t10,1.4424,0.03125
Talia,S13,11,t11,1.732,0.03125
Talia,S13,12,t12,1.6649,0.03125
Talia,S13,13,t13,1.0777,0.21875
Talia,S13,14,t14,0.6292,0.28125
Talia,S13,15,t15,0.5757,0.34375
Talia,S13,16,t16,0.4675,0.28125
Talia,S13,17,t17,0.1793,0.46875
Talia,S13,18,t18,-0.2409,0.65625
Talia,S13,19,t19,-0.6597,0.71875
Talia,S13,20,t20,-0.9731,0.78125
Talia,S13,21,t21,-1.1472,0.84375
Talia,S13,22,t22,-1.0269,0.84375
Talia,S13,23,t23,-0.4547,0.71875
Talia,S13,24,t24,0.1811,0.40625
Talia,S13,25,t25,0.6627,0.28125
Talia,S13,26,t26,1.0219,0.15625
Talia,S13,27,t27,1.2514,0.09375
Talia,S13,28,t28,1.3126,0.09375
Talia,S13,29,t29,1.2175,0.15625
Talia,S13,30,t30,1.1439,0.15625
Talia,S13,31,t31,1.1889,0.15625
Talia,S13,32,t32,1.3373,0.09375
Talia,S13,33,t33,1.4161,0.09375
Talia,S13,34,t34,1.256,0.09375
Talia,S13,35,t35,0.9529,0.15625
Talia,S13,36,t36,0.8337,0.21875
Talia,S13,37,t37,1.036,0.15625
Talia,S13,38,t38,1.202,0.21875
Talia,S13,39,t39,1.2738,0.15625
Talia,S13,40,t40,1.2278,0.15625
Talia,S13,41,t41,0.9416,0.21875
Talia,S13,42,t42,0.921,0.21875
Talia,S13,43,t43,1.1242,0.15625
Talia,S13,44,t44,1.1055,0.15625
Talia,S13,45,t45,0.8332,0.34375
Talia,S13,46,t46,0.6587,0.46875
Talia,S13,47,t47,0.5498,0.46875
Talia,S13,48,t48,-0.8866,0.78125
Talia,S13,49,t49,-1.5477,0.90625
Talia,S13,50,t50,-1.8828,0.96875
Talia,S13,51,t51,-1.5924,0.90625
Talia,S13,52,t52,-0.8226,0.71875
Talia,S13,53,t53,-0.3738,0.65625
Talia,S13,54,t54,-0.0888,0.53125
Talia,S13,55,t55,0.021,0.46875
Talia,S13,56,t56,0.0762,0.46875
Talia,S13,57,t57,0.1488,0.34375
Talia,S13,58,t58,0.2222,0.28125
Talia,S13,59,t59,0.2694,0.28125
Talia,S13,60,t60,0.3,0.28125
Talia,S13,61,t61,0.3557,0.28125
Talia,S13,62,t62,0.4763,0.28125
Talia,S13,63,t63,0.5844,0.34375
Talia,S14,0,t00,0.035,0.46875
Talia,S14,1,t01,-0.7462,0.78125
Talia,S14,2,t02,-1.1029,0.84375
Talia,S14,3,t03,-0.9068,0.84375
Talia,S14,4,t04,-0.8806,0.84375
Talia,S14,5,t05,-0.8871,0.84375
Talia,S14,6,t06,-0.9188,0.78125
Talia,S14,7,t07,-1.1468,0.84375
Talia,S14,8,t08,-1.1312,0.84375
Talia,S14,9,t09,-0.9107,0.84375
Talia,S14,10,t10,-0.821,0.78125
Talia,S14,11,t11,-1.4401,0.90625
Talia,S14,12,t12,-1.5302,0.96875
Talia,S14,13,t13,-1.1009,0.84375
Talia,S14,14,t14,-0.918,0.78125
Talia,S14,15,t15,-0.4122,0.59375
Talia,S14,16,t16,-0.1927,0.53125
Talia,S14,17,t17,-0.3862,0.65625
Talia,S14,18,t18,-0.557,0.65625
Talia,S14,19,t19,-0.2799,0.59375
Talia,S14,20,t20,-0.0706,0.53125
Talia,S14,21,t21,-0.127,0.53125
Talia,S14,22,t22,-0.2297,0.59375
Talia,S14,23,t23,-0.223,0.53125
Talia,S14,24,t24,-0.3152,0.53125
Talia,S14,25,t25,-0.5807,0.71875
Talia,S14,26,t26,-0.6491,0.71875
Talia,S14,27,t27,-0.5125,0.65625
Talia,S14,28,t28,-0.3231,0.65625
Talia,S14,29,t29,-0.2655,0.65625
Talia,S14,30,t30,-0.4996,0.65625
Talia,S14,31,t31,-0.8047,0.78125
Talia,S14,32,t32,-0.8715,0.84375
Talia,S14,33,t33,-0.8402,0.84375
Talia,S14,34,t34,-1.0635,0.84375
Talia,S14,35,t35,-1.5379,0.96875
Talia,S14,36,t36,-1.6217,0.96875
Talia,S14,37,t37,-1.4971,0.90625
Talia,S14,38,t38,-1.2587,0.90625
Talia,S14,39,t39,-0.7935,0.84375
Talia,S14,40,t40,-0.3869,0.59375
Talia,S14,41,t41,-0.6182,0.78125
Talia,S14,42,t42,-0.9003,0.78125
Talia,S14,43,t43,-1.29,0.96875
Talia,S14,44,t44,-1.4408,0.90625
Talia,S14,45,t45,-1.5059,0.90625
Talia,S14,46,t46,-1.5943,0.96875
Talia,S14,47,t47,-1.6666,0.96875
Talia,S14,48,t48,-0.5287,0.59375
Talia,S14,49,t49,0.1211,0.34375
Talia,S14,50,t50,0.5637,0.28125
Talia,S14,51,t51,0.497,0.28125
Talia,S14,52,t52,0.2929,0.40625
Talia,S14,53,t53,0.5615,0.28125
Talia,S14,54,t54,0.8478,0.15625
Talia,S14,55,t55,-0.1863,0.59375
Talia,S14,56,t56,-0.6849,0.71875
Talia,S14,57,t57,-0.2419,0.53125
Talia,S14,58,t58,0.2061,0.46875
Talia,S14,59,t59,0.1403,0.46875
Talia,S14,60,t60,-0.0975,0.59375
Talia,S14,61,t61,-0.1018,0.59375
Talia,S14,62,t62,-0.0197,0.53125
Talia,S14,63,t63,-0.107,0.53125
Talia,S15,0,t00,0.3258,0.46875
Talia,S15,1,t01,0.68,0.28125
Talia,S15,2,t02,1.1612,0.09375
Talia,S15,3,t03,1.5203,0.09375
Talia,S15,4,t04,1.4389,0.09375
Talia,S15,5,t05,1.0464,0.21875
Talia,S15,6,t06,0.8046,0.28125
Talia,S15,7,t07,0.6066,0.34375
Talia,S15,8,t08,-0.4405,0.59375
Talia,S15,9,t09,-1.4632,0.90625
Talia,S15,10,t10,-1.3102,0.90625
Talia,S15,11,t11,-0.728,0.71875
Talia,S15,12,t12,0.232,0.40625
Talia,S15,13,t13,0.298,0.40625
Talia,S15,14,t14,-0.145,0.53125
Talia,S15,15,t15,-0.4898,0.65625
Talia,S15,16,t16,-0.546,0.65625
Talia,S15,17,t17,-0.3786,0.71875
Talia,S15,18,t18,-0.0902,0.53125
Talia,S15,19,t19,-0.0827,0.53125
Talia,S15,20,t20,-0.142,0.59375
Talia,S15,21,t21,0.4637,0.40625
Talia,S15,22,t22,1.2846,0.09375
Talia,S15,23,t23,1.3628,0.15625
Talia,S15,24,t24,1.1163,0.21875
Talia,S15,25,t25,0.9967,0.15625
Talia,S15,26,t26,1.2261,0.15625
Talia,S15,27,t27,1.4451,0.09375
Talia,S15,28,t28,0.9346,0.21875
Talia,S15,29,t29,0.2833,0.40625
Talia,S15,30,t30,0.0211,0.46875
Talia,S15,31,t31,0.112,0.46875
Talia,S15,32,t32,0.4092,0.34375
Talia,S15,33,t33,0.7647,0.28125
Talia,S15,34,t34,0.9369,0.21875
Talia,S15,35,t35,1.1403,0.15625
Talia,S15,36,t36,1.285,0.15625
Talia,S15,37,t37,1.1255,0.15625
Talia,S15,38,t38,0.7209,0.34375
Talia,S15,39,t39,0.2926,0.40625
Talia,S15,40,t40,0.2879,0.40625
Talia,S15,41,t41,0.4995,0.40625
Talia,S15,42,t42,0.3797,0.34375
Talia,S15,43,t43,0.222,0.34375
Talia,S15,44,t44,0.4316,0.34375
Talia,S15,45,t45,0.603,0.34375
Talia,S15,46,t46,0.7392,0.28125
Talia,S15,47,t47,0.8454,0.21875
Talia,S15,48,t48,0.7832,0.21875
Talia,S15,49,t49,0.6775,0.28125
Talia,S15,50,t50,0.7499,0.34375
Talia,S15,51,t51,0.8398,0.34375
Talia,S15,52,t52,0.7926,0.28125
Talia,S15,53,t53,0.7318,0.28125
Talia,S15,54,t54,0.7627,0.28125
Talia,S15,55,t55,0.6518,0.21875
Talia,S15,56,t56,0.2558,0.40625
Talia,S15,57,t57,-0.2077,0.59375
Talia,S15,58,t58,-0.3289,0.59375
Talia,S15,59,t59,-0.0422,0.53125
Talia,S15,60,t60,0.7091,0.21875
Talia,S15,61,t61,1.088,0.21875
Talia,S15,62,t62,0.6394,0.34375
Talia,S15,63,t63,0.2871,0.46875
