dataset,subject,elec_idx,elec,z,p
Angelique,S02,0,Fp1,0.7541,0.27344
Angelique,S02,1,AF7,0.1295,0.36719
Angelique,S02,2,AF3,-0.791,0.67969
Angelique,S02,3,F1,0.9477,0.24219
Angelique,S02,4,F3,0.8601,0.17969
Angelique,S02,5,F5,-1.0202,0.78906
Angelique,S02,6,F7,-0.5552,0.63281
Angelique,S02,7,FT7,0.5348,0.36719
Angelique,S02,8,FC5,-0.8591,0.66406
Angelique,S02,9,FC3,-0.7291,0.64844
Angelique,S02,10,FC1,1.0492,0.19531
Angelique,S02,11,C1,1.7356,0.05469
Angelique,S02,12,C3,-0.7624,0.67969
Angelique,S02,13,C5,-1.2192,0.96094
Angelique,S02,14,T7,-1.4671,0.89844
Angelique,S02,15,TP7,-1.6199,0.96094
Angelique,S02,16,CP5,-1.1415,0.88281
Angelique,S02,17,CP3,1.7434,0.02344
Angelique,S02,18,CP1,1.2492,0.13281
Angelique,S02,19,P1,1.2016,0.11719
Angelique,S02,20,P3,1.509,0.03906
Angelique,S02,21,P5,-1.1501,0.85156
Angelique,S02,22,P7,0.271,0.47656
Angelique,S02,23,P9,-0.3725,0.63281
Angelique,S02,24,PO7,1.1003,0.10156
Angelique,S02,25,PO3,1.4197,0.11719
Angelique,S02,26,O1,1.4061,0.00781
Angelique,S02,27,Iz,-1.5826,0.94531
Angelique,S02,28,Oz,-0.9874,0.75781
Angelique,S02,29,POz,0.0292,0.47656
Angelique,S02,30,Pz,0.6264,0.35156
Angelique,S02,31,CPz,1.7014,0.00781
Angelique,S02,32,Fpz,1.2018,0.14844
Angelique,S02,33,Fp2,0.8881,0.19531
Angelique,S02,34,AF8,0.1564,0.46094
Angelique,S02,35,AF4,1.1042,0.17969
Angelique,S02,36,AFz,0.9318,0.22656
Angelique,S02,37,Fz,-0.0746,0.53906
Angelique,S02,38,F2,1.4738,0.07031
Angelique,S02,39,F4,0.7373,0.38281
Angelique,S02,40,F6,-1.2513,0.88281
Angelique,S02,41,F8,1.3509,0.11719
Angelique,S02,42,FT8,-0.3347,0.55469
Angelique,S02,43,FC6,-0.1,0.58594
Angelique,S02,44,FC4,-0.9936,0.75781
Angelique,S02,45,FC2,-0.7722,0.67969
Angelique,S02,46,FCz,1.1543,0.13281
Angelique,S02,47,Cz,1.9249,0.03906
Angelique,S02,48,C2,1.7576,0.00781
Angelique,S02,49,C4,0.0839,0.44531
Angelique,S02,50,C6,0.8769,0.25781
Angelique,S02,51,T8,0.7739,0.32031
Angelique,S02,52,TP8,0.9625,0.25781
Angelique,S02,53,CP6,0.1536,0.49219
Angelique,S02,54,CP4,0.1342,0.38281
Angelique,S02,55,CP2,1.5084,0.07031
Angelique,S02,56,P2,-0.1249,0.55469
Angelique,S02,57,P4,-1.4445,0.91406
Angelique,S02,58,P6,-0.0625,0.58594
Angelique,S02,59,P8,0.7668,0.24219
Angelique,S02,60,P10,1.2842,0.11719
Angelique,S02,61,PO8,0.6432,0.38281
Angelique,S02,62,PO4,-0.4845,0.67969
Angelique,S02,63,O2,0.1691,0.44531
Angelique,S02,64,PO9,1.032,0.14844
Angelique,S02,65,I1,-1.0253,0.80469
Angelique,S02,66,I2,1.0744,0.05469
Angelique,S02,67,PO10,1.3901,0.10156
Angelique,S03,0,Fp1,1.7004,0.02344
Angelique,S03,1,AF7,0.974,0.33594
Angelique,S03,2,AF3,1.0248,0.11719
Angelique,S03,3,F1,0.1532,0.28906
Angelique,S03,4,F3,0.0315,0.49219
Angelique,S03,5,F5,-1.1068,0.83594
Angelique,S03,6,F7,0.9167,0.30469
Angelique,S03,7,FT7,-0.6048,0.64844
Angelique,S03,8,FC5,-0.7167,0.72656
Angelique,S03,9,FC3,1.4068,0.00781
Angelique,S03,10,FC1,0.7884,0.49219
Angelique,S03,11,C1,0.8318,0.25781
Angelique,S03,12,C3,-0.2061,0.53906
Angelique,S03,13,C5,1.1455,0.24219
Angelique,S03,14,T7,-1.0423,0.91406
Angelique,S03,15,TP7,-1.2631,0.94531
Angelique,S03,16,CP5,0.6325,0.49219
Angelique,S03,17,CP3,0.6371,0.30469
Angelique,S03,18,CP1,-0.739,0.67969
Angelique,S03,19,P1,-0.9882,0.86719
Angelique,S03,20,P3,-1.1854,0.89844
Angelique,S03,21,P5,-1.0934,0.96094
Angelique,S03,22,P7,-0.9801,0.69531
Angelique,S03,23,P9,-1.6017,0.94531
Angelique,S03,24,PO7,-0.8843,0.80469
Angelique,S03,25,PO3,-0.7356,0.57031
Angelique,S03,26,O1,1.0674,0.19531
Angelique,S03,27,Iz,1.0758,0.00781
Angelique,S03,28,Oz,0.0577,0.41406
Angelique,S03,29,POz,1.0966,0.16406
Angelique,S03,30,Pz,-1.2235,0.91406
Angelique,S03,31,CPz,-0.9206,0.64844
Angelique,S03,32,Fpz,1.556,0.00781
Angelique,S03,33,Fp2,1.2331,0.07031
Angelique,S03,34,AF8,-0.1922,0.60156
Angelique,S03,35,AF4,-1.1786,0.77344
Angelique,S03,36,AFz,0.8498,0.21094
Angelique,S03,37,Fz,-1.3186,0.92969
Angelique,S03,38,F2,-0.8379,0.53906
Angelique,S03,39,F4,-0.8451,0.64844
Angelique,S03,40,F6,0.404,0.33594
Angelique,S03,41,F8,-1.1702,0.80469
Angelique,S03,42,FT8,-0.0236,0.50781
Angelique,S03,43,FC6,0.3897,0.36719
Angelique,S03,44,FC4,-0.3876,0.63281
Angelique,S03,45,FC2,-1.0396,0.82031
Angelique,S03,46,FCz,-1.0257,0.78906
Angelique,S03,47,Cz,-0.995,0.86719
Angelique,S03,48,C2,-1.9011,0.99219
Angelique,S03,49,C4,-1.5917,0.94531
Angelique,S03,50,C6,1.0757,0.21094
Angelique,S03,51,T8,1.4373,0.10156
Angelique,S03,52,TP8,1.2856,0.21094
Angelique,S03,53,CP6,1.2256,0.16406
Angelique,S03,54,CP4,0.9856,0.17969
Angelique,S03,55,CP2,0.9702,0.32031
Angelique,S03,56,P2,-0.6311,0.67969
Angelique,S03,57,P4,1.42,0.08594
Angelique,S03,58,P6,-1.4337,0.96094
Angelique,S03,59,P8,1.2011,0.00781
Angelique,S03,60,P10,1.7193,0.03906
Angelique,S03,61,PO8,-0.7767,0.50781
Angelique,S03,62,PO4,-0.8621,0.63281
Angelique,S03,63,O2,0.2287,0.38281
Angelique,S03,64,PO9,0.6801,0.28906
Angelique,S03,65,I1,0.9155,0.47656
Angelique,S03,66,I2,1.2881,0.14844
Angelique,S03,67,PO10,0.9331,0.22656
Angelique,S04,0,Fp1,-1.029,0.96094
Angelique,S04,1,AF7,-1.5461,0.96094
Angelique,S04,2,AF3,-1.432,0.97656
Angelique,S04,3,F1,-1.2147,0.86719
Angelique,S04,4,F3,-1.997,0.97656
Angelique,S04,5,F5,0.0986,0.47656
Angelique,S04,6,F7,-1.2572,0.82031
Angelique,S04,7,FT7,-1.3672,0.96094
Angelique,S04,8,FC5,-0.5815,0.57031
Angelique,S04,9,FC3,-0.9474,0.64844
Angelique,S04,10,FC1,-0.9898,0.67969
Angelique,S04,11,C1,-1.1409,0.86719
Angelique,S04,12,C3,-0.8614,0.66406
Angelique,S04,13,C5,-0.6948,0.63281
Angelique,S04,14,T7,-0.4862,0.66406
Angelique,S04,15,TP7,-0.9588,0.77344
Angelique,S04,16,CP5,0.8962,0.35156
Angelique,S04,17,CP3,-1.0229,0.92969
Angelique,S04,18,CP1,-1.637,0.99219
Angelique,S04,19,P1,0.7412,0.24219
Angelique,S04,20,P3,-1.2172,0.99219
Angelique,S04,21,P5,-0.9228,0.72656
Angelique,S04,22,P7,-1.4761,0.97656
Angelique,S04,23,P9,-1.2637,0.89844
Angelique,S04,24,PO7,-1.2214,0.96094
Angelique,S04,25,PO3,-1.2272,0.86719
Angelique,S04,26,O1,-1.2523,0.88281
Angelique,S04,27,Iz,0.6131,0.44531
Angelique,S04,28,Oz,-1.1705,0.86719
Angelique,S04,29,POz,-1.1647,0.86719
Angelique,S04,30,Pz,-0.9869,0.77344
Angelique,S04,31,CPz,-1.3986,0.99219
Angelique,S04,32,Fpz,-1.0943,0.96094
Angelique,S04,33,Fp2,-1.0292,0.96094
Angelique,S04,34,AF8,0.9428,0.46094
Angelique,S04,35,AF4,-1.637,0.97656
Angelique,S04,36,AFz,-1.0693,0.96094
Angelique,S04,37,Fz,-2.0616,0.97656
Angelique,S04,38,F2,-1.6857,0.99219
Angelique,S04,39,F4,-1.7279,0.97656
Angelique,S04,40,F6,-1.4928,0.96094
Angelique,S04,41,F8,0.0754,0.49219
Angelique,S04,42,FT8,-1.1963,0.91406
Angelique,S04,43,FC6,-0.9329,0.74219
Angelique,S04,44,FC4,-1.0872,0.89844
Angelique,S04,45,FC2,-1.0009,0.85156
Angelique,S04,46,FCz,-0.9968,0.83594
Angelique,S04,47,Cz,-1.2138,0.97656
Angelique,S04,48,C2,-1.1202,0.88281
Angelique,S04,49,C4,-1.0447,0.99219
Angelique,S04,50,C6,-1.6709,0.94531
Angelique,S04,51,T8,0.7273,0.33594
Angelique,S04,52,TP8,0.3858,0.38281
Angelique,S04,53,CP6,-1.0422,0.82031
Angelique,S04,54,CP4,-1.8605,0.99219
Angelique,S04,55,CP2,-0.5877,0.74219
Angelique,S04,56,P2,-1.1274,0.99219
Angelique,S04,57,P4,-1.6791,0.97656
Angelique,S04,58,P6,-1.9292,0.97656
Angelique,S04,59,P8,-1.2129,0.85156
Angelique,S04,60,P10,-1.6513,0.99219
Angelique,S04,61,PO8,-1.5735,0.97656
Angelique,S04,62,PO4,-1.4711,0.97656
Angelique,S04,63,O2,-1.1485,0.99219
Angelique,S04,64,PO9,-1.0799,0.96094
Angelique,S04,65,I1,-0.298,0.63281
Angelique,S04,66,I2,-1.1447,0.92969
Angelique,S04,67,PO10,-1.2804,0.99219
Angelique,S05,0,Fp1,1.3171,0.03906
Angelique,S05,1,AF7,0.8138,0.36719
Angelique,S05,2,AF3,-1.4389,0.89844
Angelique,S05,3,F1,-1.9924,0.99219
Angelique,S05,4,F3,0.197,0.42969
Angelique,S05,5,F5,-1.481,0.91406
Angelique,S05,6,F7,0.0555,0.41406
Angelique,S05,7,FT7,-0.1245,0.55469
Angelique,S05,8,FC5,-0.8481,0.74219
Angelique,S05,9,FC3,-0.1477,0.50781
Angelique,S05,10,FC1,-1.0986,0.83594
Angelique,S05,11,C1,-1.2963,0.88281
Angelique,S05,12,C3,0.7397,0.35156
Angelique,S05,13,C5,-0.9761,0.75781
Angelique,S05,14,T7,-1.202,0.83594
Angelique,S05,15,TP7,-0.0524,0.57031
Angelique,S05,16,CP5,-0.9306,0.75781
Angelique,S05,17,CP3,1.4176,0.05469
Angelique,S05,18,CP1,0.9909,0.32031
Angelique,S05,19,P1,-1.3181,0.88281
Angelique,S05,20,P3,0.3836,0.39844
Angelique,S05,21,P5,0.6244,0.25781
Angelique,S05,22,P7,-0.9728,0.78906
Angelique,S05,23,P9,-1.2266,0.83594
Angelique,S05,24,PO7,0.6288,0.39844
Angelique,S05,25,PO3,-0.2167,0.55469
Angelique,S05,26,O1,0.1276,0.41406
Angelique,S05,27,Iz,1.0641,0.19531
Angelique,S05,28,Oz,-0.8836,0.57031
Angelique,S05,29,POz,0.0333,0.47656
Angelique,S05,30,Pz,-1.0233,0.77344
Angelique,S05,31,CPz,-0.2031,0.58594
Angelique,S05,32,Fpz,-1.3393,0.91406
Angelique,S05,33,Fp2,-1.1116,0.89844
Angelique,S05,34,AF8,-0.9871,0.72656
Angelique,S05,35,AF4,-1.0776,0.82031
Angelique,S05,36,AFz,-1.5344,0.94531
Angelique,S05,37,Fz,-1.5425,0.91406
Angelique,S05,38,F2,-0.4087,0.64844
Angelique,S05,39,F4,-0.7944,0.66406
Angelique,S05,40,F6,-0.7447,0.58594
Angelique,S05,41,F8,-1.0999,0.78906
Angelique,S05,42,FT8,-0.7189,0.52344
Angelique,S05,43,FC6,-1.0186,0.78906
Angelique,S05,44,FC4,-0.2293,0.50781
Angelique,S05,45,FC2,0.0439,0.46094
Angelique,S05,46,FCz,-0.9448,0.78906
Angelique,S05,47,Cz,-1.0025,0.88281
Angelique,S05,48,C2,-1.3071,0.75781
Angelique,S05,49,C4,-1.159,0.75781
Angelique,S05,50,C6,-0.9896,0.75781
Angelique,S05,51,T8,-0.6857,0.78906
Angelique,S05,52,TP8,-0.993,0.77344
Angelique,S05,53,CP6,0.1544,0.42969
Angelique,S05,54,CP4,0.786,0.22656
Angelique,S05,55,CP2,0.2047,0.36719
Angelique,S05,56,P2,-0.0682,0.58594
Angelique,S05,57,P4,-0.1205,0.50781
Angelique,S05,58,P6,-0.6951,0.71094
Angelique,S05,59,P8,-0.6491,0.55469
Angelique,S05,60,P10,-0.9683,0.61719
Angelique,S05,61,PO8,-1.1834,0.86719
Angelique,S05,62,PO4,-1.1777,0.89844
Angelique,S05,63,O2,-1.1057,0.86719
Angelique,S05,64,PO9,-0.5273,0.63281
Angelique,S05,65,I1,-0.3241,0.61719
Angelique,S05,66,I2,-0.3328,0.63281
Angelique,S05,67,PO10,-0.4927,0.55469
Angelique,S07,0,Fp1,-0.9433,0.67969
Angelique,S07,1,AF7,0.4145,0.33594
Angelique,S07,2,AF3,1.0143,0.21094
Angelique,S07,3,F1,1.1988,0.17969
Angelique,S07,4,F3,1.3404,0.14844
Angelique,S07,5,F5,0.843,0.38281
Angelique,S07,6,F7,1.3244,0.14844
Angelique,S07,7,FT7,1.8406,0.00781
Angelique,S07,8,FC5,0.1203,0.41406
Angelique,S07,9,FC3,1.0422,0.16406
Angelique,S07,10,FC1,1.1647,0.13281
Angelique,S07,11,C1,0.8914,0.42969
Angelique,S07,12,C3,0.362,0.38281
Angelique,S07,13,C5,1.6073,0.02344
Angelique,S07,14,T7,0.6863,0.28906
Angelique,S07,15,TP7,1.0089,0.21094
Angelique,S07,16,CP5,0.9735,0.41406
Angelique,S07,17,CP3,1.0658,0.03906
Angelique,S07,18,CP1,0.9589,0.33594
Angelique,S07,19,P1,-0.7597,0.77344
Angelique,S07,20,P3,-0.9949,0.88281
Angelique,S07,21,P5,-1.0724,0.86719
Angelique,S07,22,P7,-0.9543,0.61719
Angelique,S07,23,P9,0.2281,0.38281
Angelique,S07,24,PO7,0.9772,0.27344
Angelique,S07,25,PO3,0.0267,0.49219
Angelique,S07,26,O1,1.0817,0.24219
Angelique,S07,27,Iz,0.0833,0.47656
Angelique,S07,28,Oz,-0.1436,0.52344
Angelique,S07,29,POz,-1.3875,0.88281
Angelique,S07,30,Pz,-1.051,0.94531
Angelique,S07,31,CPz,-0.4742,0.60156
Angelique,S07,32,Fpz,-0.3978,0.64844
Angelique,S07,33,Fp2,-1.131,0.75781
Angelique,S07,34,AF8,-0.9234,0.63281
Angelique,S07,35,AF4,0.9934,0.21094
Angelique,S07,36,AFz,0.988,0.33594
Angelique,S07,37,Fz,1.0712,0.21094
Angelique,S07,38,F2,1.2013,0.19531
Angelique,S07,39,F4,1.0701,0.21094
Angelique,S07,40,F6,-0.4374,0.57031
Angelique,S07,41,F8,-0.938,0.66406
Angelique,S07,42,FT8,-0.5035,0.66406
Angelique,S07,43,FC6,1.1247,0.16406
Angelique,S07,44,FC4,1.1015,0.07031
Angelique,S07,45,FC2,1.0158,0.24219
Angelique,S07,46,FCz,1.0003,0.19531
Angelique,S07,47,Cz,0.5582,0.44531
Angelique,S07,48,C2,1.219,0.08594
Angelique,S07,49,C4,1.0009,0.00781
Angelique,S07,50,C6,1.0514,0.10156
Angelique,S07,51,T8,1.1714,0.14844
Angelique,S07,52,TP8,1.3087,0.13281
Angelique,S07,53,CP6,-1.0709,0.78906
Angelique,S07,54,CP4,1.0071,0.21094
Angelique,S07,55,CP2,-0.6839,0.57031
Angelique,S07,56,P2,-0.9598,0.77344
Angelique,S07,57,P4,-0.9061,0.85156
Angelique,S07,58,P6,1.3145,0.11719
Angelique,S07,59,P8,1.7152,0.02344
Angelique,S07,60,P10,1.5794,0.08594
Angelique,S07,61,PO8,1.5928,0.03906
Angelique,S07,62,PO4,1.1336,0.11719
Angelique,S07,63,O2,1.3679,0.03906
Angelique,S07,64,PO9,0.0878,0.42969
Angelique,S07,65,I1,-0.4307,0.57031
Angelique,S07,66,I2,1.2043,0.16406
Angelique,S07,67,PO10,1.4956,0.03906
Angelique,S08,0,Fp1,1.0095,0.05469
Angelique,S08,1,AF7,0.3043,0.38281
Angelique,S08,2,AF3,-0.3667,0.63281
Angelique,S08,3,F1,-1.2687,0.89844
Angelique,S08,4,F3,0.2881,0.30469
Angelique,S08,5,F5,0.351,0.36719
Angelique,S08,6,F7,1.1713,0.00781
Angelique,S08,7,FT7,-0.4,0.64844
Angelique,S08,8,FC5,-0.5623,0.55469
Angelique,S08,9,FC3,-0.4583,0.60156
Angelique,S08,10,FC1,-0.001,0.50781
Angelique,S08,11,C1,0.1621,0.44531
Angelique,S08,12,C3,-0.6651,0.53906
Angelique,S08,13,C5,-0.702,0.52344
Angelique,S08,14,T7,0.5422,0.35156
Angelique,S08,15,TP7,1.1819,0.13281
Angelique,S08,16,CP5,1.0237,0.14844
Angelique,S08,17,CP3,1.3735,0.16406
Angelique,S08,18,CP1,-1.6413,0.96094
Angelique,S08,19,P1,0.9475,0.46094
Angelique,S08,20,P3,1.3926,0.11719
Angelique,S08,21,P5,-0.4764,0.66406
Angelique,S08,22,P7,1.727,0.03906
Angelique,S08,23,P9,-0.5476,0.55469
Angelique,S08,24,PO7,0.9667,0.49219
Angelique,S08,25,PO3,-1.6156,0.94531
Angelique,S08,26,O1,-1.1478,0.85156
Angelique,S08,27,Iz,-0.984,0.72656
Angelique,S08,28,Oz,0.3878,0.35156
Angelique,S08,29,POz,-1.3549,0.92969
Angelique,S08,30,Pz,-1.0933,0.80469
Angelique,S08,31,CPz,-0.9921,0.67969
Angelique,S08,32,Fpz,-1.0321,0.83594
Angelique,S08,33,Fp2,-0.6395,0.66406
Angelique,S08,34,AF8,1.1367,0.17969
Angelique,S08,35,AF4,0.4217,0.39844
Angelique,S08,36,AFz,0.5287,0.32031
Angelique,S08,37,Fz,-0.7721,0.71094
Angelique,S08,38,F2,0.4838,0.35156
Angelique,S08,39,F4,0.8278,0.24219
Angelique,S08,40,F6,1.1585,0.13281
Angelique,S08,41,F8,1.2861,0.14844
Angelique,S08,42,FT8,0.991,0.36719
Angelique,S08,43,FC6,0.5015,0.39844
Angelique,S08,44,FC4,1.0091,0.22656
Angelique,S08,45,FC2,0.9158,0.35156
Angelique,S08,46,FCz,0.3768,0.39844
Angelique,S08,47,Cz,0.7264,0.36719
Angelique,S08,48,C2,0.7016,0.30469
Angelique,S08,49,C4,-1.3388,0.88281
Angelique,S08,50,C6,-0.2994,0.60156
Angelique,S08,51,T8,0.2852,0.47656
Angelique,S08,52,TP8,-0.9795,0.86719
Angelique,S08,53,CP6,-0.9557,0.69531
Angelique,S08,54,CP4,-0.9379,0.64844
Angelique,S08,55,CP2,1.0109,0.16406
Angelique,S08,56,P2,-0.8029,0.69531
Angelique,S08,57,P4,-0.5111,0.67969
Angelique,S08,58,P6,0.0463,0.44531
Angelique,S08,59,P8,-0.6283,0.55469
Angelique,S08,60,P10,-1.2013,0.99219
Angelique,S08,61,PO8,-0.0922,0.60156
Angelique,S08,62,PO4,0.469,0.42969
Angelique,S08,63,O2,-0.1984,0.55469
Angelique,S08,64,PO9,-1.0489,0.83594
Angelique,S08,65,I1,-0.8302,0.69531
Angelique,S08,66,I2,-0.0369,0.52344
Angelique,S08,67,PO10,-0.8053,0.50781
Angelique,S09,0,Fp1,0.944,0.28906
Angelique,S09,1,AF7,-0.9794,0.71094
Angelique,S09,2,AF3,0.6691,0.30469
Angelique,S09,3,F1,-0.1088,0.61719
Angelique,S09,4,F3,-0.5506,0.63281
Angelique,S09,5,F5,0.3088,0.44531
Angelique,S09,6,F7,-0.3716,0.71094
Angelique,S09,7,FT7,0.9363,0.30469
Angelique,S09,8,FC5,-0.8493,0.72656
Angelique,S09,9,FC3,1.0664,0.14844
Angelique,S09,10,FC1,1.2202,0.05469
Angelique,S09,11,C1,1.4719,0.00781
Angelique,S09,12,C3,1.0294,0.03906
Angelique,S09,13,C5,-0.099,0.52344
Angelique,S09,14,T7,-1.5851,0.91406
Angelique,S09,15,TP7,-1.4682,0.92969
Angelique,S09,16,CP5,0.9475,0.33594
Angelique,S09,17,CP3,0.419,0.28906
Angelique,S09,18,CP1,-0.7387,0.55469
Angelique,S09,19,P1,0.4287,0.33594
Angelique,S09,20,P3,0.3806,0.36719
Angelique,S09,21,P5,0.9586,0.21094
Angelique,S09,22,P7,-0.5397,0.63281
Angelique,S09,23,P9,-1.1671,0.82031
Angelique,S09,24,PO7,-0.9859,0.72656
Angelique,S09,25,PO3,-1.2308,0.85156
Angelique,S09,26,O1,0.5174,0.32031
Angelique,S09,27,Iz,1.023,0.21094
Angelique,S09,28,Oz,1.2188,0.13281
Angelique,S09,29,POz,-0.5353,0.69531
Angelique,S09,30,Pz,-0.2876,0.60156
Angelique,S09,31,CPz,0.6766,0.28906
Angelique,S09,32,Fpz,-0.6981,0.78906
Angelique,S09,33,Fp2,-0.9541,0.66406
Angelique,S09,34,AF8,0.8745,0.27344
Angelique,S09,35,AF4,-0.4029,0.55469
Angelique,S09,36,AFz,-0.5955,0.63281
Angelique,S09,37,Fz,1.195,0.16406
Angelique,S09,38,F2,0.6238,0.33594
Angelique,S09,39,F4,-0.157,0.50781
Angelique,S09,40,F6,-0.1973,0.55469
Angelique,S09,41,F8,-0.4055,0.58594
Angelique,S09,42,FT8,1.1806,0.19531
Angelique,S09,43,FC6,0.8103,0.42969
Angelique,S09,44,FC4,-0.3107,0.58594
Angelique,S09,45,FC2,0.8929,0.22656
Angelique,S09,46,FCz,1.5776,0.03906
Angelique,S09,47,Cz,1.0908,0.02344
Angelique,S09,48,C2,1.2698,0.11719
Angelique,S09,49,C4,-1.2138,0.88281
Angelique,S09,50,C6,0.4784,0.35156
Angelique,S09,51,T8,0.0804,0.44531
Angelique,S09,52,TP8,1.1803,0.24219
Angelique,S09,53,CP6,0.6975,0.38281
Angelique,S09,54,CP4,1.397,0.05469
Angelique,S09,55,CP2,-1.1818,0.92969
Angelique,S09,56,P2,-0.9778,0.66406
Angelique,S09,57,P4,-0.0258,0.55469
Angelique,S09,58,P6,-0.9913,0.58594
Angelique,S09,59,P8,-0.896,0.66406
Angelique,S09,60,P10,1.1423,0.10156
Angelique,S09,61,PO8,0.5445,0.33594
Angelique,S09,62,PO4,-0.9713,0.63281
Angelique,S09,63,O2,-0.592,0.72656
Angelique,S09,64,PO9,-0.6668,0.69531
Angelique,S09,65,I1,0.9765,0.19531
Angelique,S09,66,I2,1.4732,0.03906
Angelique,S09,67,PO10,0.2464,0.42969
Angelique,S10,0,Fp1,1.1637,0.03906
Angelique,S10,1,AF7,1.2283,0.21094
Angelique,S10,2,AF3,0.9935,0.07031
Angelique,S10,3,F1,-0.9979,0.77344
Angelique,S10,4,F3,0.0264,0.41406
Angelique,S10,5,F5,1.6324,0.07031
Angelique,S10,6,F7,0.9744,0.24219
Angelique,S10,7,FT7,0.7779,0.21094
Angelique,S10,8,FC5,0.0682,0.49219
Angelique,S10,9,FC3,-0.3283,0.50781
Angelique,S10,10,FC1,1.4906,0.05469
Angelique,S10,11,C1,-0.859,0.58594
Angelique,S10,12,C3,-0.0741,0.50781
Angelique,S10,13,C5,-0.8959,0.75781
Angelique,S10,14,T7,0.2868,0.38281
Angelique,S10,15,TP7,-0.1346,0.52344
Angelique,S10,16,CP5,-1.0499,0.75781
Angelique,S10,17,CP3,-0.0856,0.52344
Angelique,S10,18,CP1,-0.5874,0.64844
Angelique,S10,19,P1,-0.0864,0.52344
Angelique,S10,20,P3,0.0989,0.46094
Angelique,S10,21,P5,-1.0,0.77344
Angelique,S10,22,P7,1.1503,0.19531
Angelique,S10,23,P9,2.154,0.00781
Angelique,S10,24,PO7,1.5143,0.03906
Angelique,S10,25,PO3,0.5855,0.49219
Angelique,S10,26,O1,0.2159,0.42969
Angelique,S10,27,Iz,-1.0229,0.89844
Angelique,S10,28,Oz,-0.93,0.74219
Angelique,S10,29,POz,-1.278,0.96094
Angelique,S10,30,Pz,-0.2884,0.58594
Angelique,S10,31,CPz,1.4396,0.10156
Angelique,S10,32,Fpz,1.0254,0.03906
Angelique,S10,33,Fp2,0.8005,0.21094
Angelique,S10,34,AF8,-0.4128,0.66406
Angelique,S10,35,AF4,0.2166,0.44531
Angelique,S10,36,AFz,0.9858,0.33594
Angelique,S10,37,Fz,-0.4845,0.58594
Angelique,S10,38,F2,-0.9085,0.77344
Angelique,S10,39,F4,-0.5086,0.64844
Angelique,S10,40,F6,-0.5289,0.52344
Angelique,S10,41,F8,0.1449,0.47656
Angelique,S10,42,FT8,-0.494,0.61719
Angelique,S10,43,FC6,-0.2593,0.60156
Angelique,S10,44,FC4,-0.9093,0.55469
Angelique,S10,45,FC2,-1.0031,0.78906
Angelique,S10,46,FCz,-0.8325,0.52344
Angelique,S10,47,Cz,1.5276,0.00781
Angelique,S10,48,C2,1.0034,0.17969
Angelique,S10,49,C4,1.3855,0.11719
Angelique,S10,50,C6,-1.1695,0.82031
Angelique,S10,51,T8,1.0041,0.19531
Angelique,S10,52,TP8,-0.2832,0.60156
Angelique,S10,53,CP6,0.9206,0.28906
Angelique,S10,54,CP4,-0.0207,0.50781
Angelique,S10,55,CP2,-0.8121,0.77344
Angelique,S10,56,P2,-1.0282,0.86719
Angelique,S10,57,P4,-0.7239,0.64844
Angelique,S10,58,P6,1.5043,0.05469
Angelique,S10,59,P8,0.8633,0.21094
Angelique,S10,60,P10,0.9915,0.47656
Angelique,S10,61,PO8,1.1155,0.13281
Angelique,S10,62,PO4,-0.3782,0.55469
Angelique,S10,63,O2,1.3577,0.05469
Angelique,S10,64,PO9,2.1286,0.00781
Angelique,S10,65,I1,1.3942,0.02344
Angelique,S10,66,I2,-0.9924,0.75781
Angelique,S10,67,PO10,0.5582,0.49219
Angelique,S11,0,Fp1,1.1658,0.05469
Angelique,S11,1,AF7,0.9307,0.28906
Angelique,S11,2,AF3,0.0047,0.49219
Angelique,S11,3,F1,-1.5547,0.96094
Angelique,S11,4,F3,-1.9216,0.97656
Angelique,S11,5,F5,0.2087,0.49219
Angelique,S11,6,F7,0.5518,0.38281
Angelique,S11,7,FT7,1.0729,0.14844
Angelique,S11,8,FC5,0.7501,0.41406
Angelique,S11,9,FC3,-1.2781,0.86719
Angelique,S11,10,FC1,-1.7225,0.97656
Angelique,S11,11,C1,-1.8485,0.97656
Angelique,S11,12,C3,-0.484,0.63281
Angelique,S11,13,C5,1.094,0.21094
Angelique,S11,14,T7,-0.9602,0.74219
Angelique,S11,15,TP7,-0.8145,0.60156
Angelique,S11,16,CP5,1.0178,0.21094
Angelique,S11,17,CP3,0.2408,0.42969
Angelique,S11,18,CP1,-1.2329,0.97656
Angelique,S11,19,P1,-1.1452,0.86719
Angelique,S11,20,P3,-0.8744,0.60156
Angelique,S11,21,P5,1.0823,0.14844
Angelique,S11,22,P7,0.5029,0.36719
Angelique,S11,23,P9,0.7599,0.41406
Angelique,S11,24,PO7,0.9219,0.24219
Angelique,S11,25,PO3,-0.9939,0.83594
Angelique,S11,26,O1,1.2457,0.19531
Angelique,S11,27,Iz,-1.6586,0.96094
Angelique,S11,28,Oz,-1.4473,0.99219
Angelique,S11,29,POz,-1.1385,0.97656
Angelique,S11,30,Pz,-0.4485,0.69531
Angelique,S11,31,CPz,-0.4448,0.64844
Angelique,S11,32,Fpz,0.5019,0.35156
Angelique,S11,33,Fp2,0.1793,0.46094
Angelique,S11,34,AF8,-1.5132,0.97656
Angelique,S11,35,AF4,-0.2351,0.58594
Angelique,S11,36,AFz,-0.6547,0.71094
Angelique,S11,37,Fz,-1.2765,0.88281
Angelique,S11,38,F2,-0.3176,0.64844
Angelique,S11,39,F4,-0.6941,0.69531
Angelique,S11,40,F6,-1.3187,0.82031
Angelique,S11,41,F8,0.3355,0.35156
Angelique,S11,42,FT8,-0.6649,0.66406
Angelique,S11,43,FC6,0.0613,0.46094
Angelique,S11,44,FC4,-0.0492,0.50781
Angelique,S11,45,FC2,-0.842,0.77344
Angelique,S11,46,FCz,-1.0209,0.80469
Angelique,S11,47,Cz,-1.2262,0.89844
Angelique,S11,48,C2,-0.6015,0.66406
Angelique,S11,49,C4,-0.9293,0.57031
Angelique,S11,50,C6,0.7694,0.24219
Angelique,S11,51,T8,0.9039,0.32031
Angelique,S11,52,TP8,1.5365,0.03906
Angelique,S11,53,CP6,1.1206,0.02344
Angelique,S11,54,CP4,0.5934,0.28906
Angelique,S11,55,CP2,0.3284,0.41406
Angelique,S11,56,P2,1.3635,0.08594
Angelique,S11,57,P4,0.6617,0.44531
Angelique,S11,58,P6,-0.1362,0.57031
Angelique,S11,59,P8,-1.0845,0.83594
Angelique,S11,60,P10,-0.933,0.78906
Angelique,S11,61,PO8,1.22,0.14844
Angelique,S11,62,PO4,0.5676,0.44531
Angelique,S11,63,O2,-0.1161,0.52344
Angelique,S11,64,PO9,0.3145,0.35156
Angelique,S11,65,I1,0.989,0.22656
Angelique,S11,66,I2,-1.1023,0.82031
Angelique,S11,67,PO10,-0.8221,0.63281
Angelique,S13,0,Fp1,-0.0503,0.52344
Angelique,S13,1,AF7,1.2061,0.13281
Angelique,S13,2,AF3,-1.1918,0.86719
Angelique,S13,3,F1,0.7182,0.24219
Angelique,S13,4,F3,1.1219,0.14844
Angelique,S13,5,F5,0.433,0.32031
Angelique,S13,6,F7,-1.2933,0.86719
Angelique,S13,7,FT7,-1.4817,0.89844
Angelique,S13,8,FC5,-1.0402,0.80469
Angelique,S13,9,FC3,0.5475,0.32031
Angelique,S13,10,FC1,0.1964,0.41406
Angelique,S13,11,C1,-0.7052,0.71094
Angelique,S13,12,C3,0.8008,0.41406
Angelique,S13,13,C5,0.386,0.39844
Angelique,S13,14,T7,-1.9692,0.96094
Angelique,S13,15,TP7,-1.0745,0.96094
Angelique,S13,16,CP5,-0.4882,0.67969
Angelique,S13,17,CP3,0.1551,0.44531
Angelique,S13,18,CP1,0.211,0.42969
Angelique,S13,19,P1,-0.4114,0.63281
Angelique,S13,20,P3,-0.2335,0.55469
Angelique,S13,21,P5,1.2558,0.14844
Angelique,S13,22,P7,-1.0105,0.75781
Angelique,S13,23,P9,-1.0407,0.88281
Angelique,S13,24,PO7,-0.2438,0.53906
Angelique,S13,25,PO3,0.9376,0.16406
Angelique,S13,26,O1,0.126,0.47656
Angelique,S13,27,Iz,-0.6034,0.53906
Angelique,S13,28,Oz,-0.544,0.67969
Angelique,S13,29,POz,-0.8099,0.77344
Angelique,S13,30,Pz,0.4868,0.33594
Angelique,S13,31,CPz,1.1143,0.22656
Angelique,S13,32,Fpz,0.7471,0.24219
Angelique,S13,33,Fp2,0.5994,0.35156
Angelique,S13,34,AF8,0.7017,0.25781
Angelique,S13,35,AF4,1.2143,0.11719
Angelique,S13,36,AFz,-0.9872,0.75781
Angelique,S13,37,Fz,0.2474,0.38281
Angelique,S13,38,F2,-0.3833,0.53906
Angelique,S13,39,F4,-0.3768,0.52344
Angelique,S13,40,F6,-1.2486,0.82031
Angelique,S13,41,F8,1.8456,0.00781
Angelique,S13,42,FT8,1.3883,0.10156
Angelique,S13,43,FC6,1.4773,0.03906
Angelique,S13,44,FC4,1.3104,0.08594
Angelique,S13,45,FC2,0.1957,0.38281
Angelique,S13,46,FCz,0.7681,0.25781
Angelique,S13,47,Cz,-0.6033,0.63281
Angelique,S13,48,C2,-0.0281,0.50781
Angelique,S13,49,C4,1.2587,0.07031
Angelique,S13,50,C6,-1.3661,0.86719
Angelique,S13,51,T8,0.0296,0.46094
Angelique,S13,52,TP8,1.602,0.00781
Angelique,S13,53,CP6,-0.7581,0.64844
Angelique,S13,54,CP4,0.8374,0.33594
Angelique,S13,55,CP2,-1.3633,0.96094
Angelique,S13,56,P2,-0.1875,0.57031
Angelique,S13,57,P4,-0.8756,0.77344
Angelique,S13,58,P6,1.133,0.14844
Angelique,S13,59,P8,0.7096,0.33594
Angelique,S13,60,P10,1.4483,0.05469
Angelique,S13,61,PO8,1.1583,0.11719
Angelique,S13,62,PO4,0.9697,0.27344
Angelique,S13,63,O2,0.065,0.47656
Angelique,S13,64,PO9,-0.9949,0.92969
Angelique,S13,65,I1,-0.9008,0.61719
Angelique,S13,66,I2,-0.6216,0.57031
Angelique,S13,67,PO10,0.1467,0.42969
Angelique,S15,0,Fp1,0.2905,0.39844
Angelique,S15,1,AF7,0.7815,0.24219
Angelique,S15,2,AF3,1.1177,0.14844
Angelique,S15,3,F1,-1.2106,0.94531
Angelique,S15,4,F3,0.8187,0.28906
Angelique,S15,5,F5,1.4315,0.08594
Angelique,S15,6,F7,-0.6145,0.63281
Angelique,S15,7,FT7,-0.866,0.67969
Angelique,S15,8,FC5,2.0016,0.02344
Angelique,S15,9,FC3,-1.0779,0.77344
Angelique,S15,10,FC1,-0.6336,0.71094
Angelique,S15,11,C1,0.3836,0.36719
Angelique,S15,12,C3,-1.0932,0.75781
Angelique,S15,13,C5,1.197,0.08594
Angelique,S15,14,T7,-0.6074,0.63281
Angelique,S15,15,TP7,0.5518,0.39844
Angelique,S15,16,CP5,1.1727,0.11719
Angelique,S15,17,CP3,-0.8464,0.63281
Angelique,S15,18,CP1,0.7295,0.32031
Angelique,S15,19,P1,0.2632,0.41406
Angelique,S15,20,P3,-0.0264,0.50781
Angelique,S15,21,P5,0.9141,0.27344
Angelique,S15,22,P7,-0.3003,0.61719
Angelique,S15,23,P9,1.0551,0.00781
Angelique,S15,24,PO7,1.1599,0.13281
Angelique,S15,25,PO3,1.9027,0.02344
Angelique,S15,26,O1,1.9092,0.02344
Angelique,S15,27,Iz,0.4141,0.33594
Angelique,S15,28,Oz,1.7225,0.03906
Angelique,S15,29,POz,1.1838,0.11719
Angelique,S15,30,Pz,0.6591,0.25781
Angelique,S15,31,CPz,0.8062,0.24219
Angelique,S15,32,Fpz,1.0838,0.21094
Angelique,S15,33,Fp2,-1.2243,0.88281
Angelique,S15,34,AF8,-0.3629,0.63281
Angelique,S15,35,AF4,1.3097,0.07031
Angelique,S15,36,AFz,1.2321,0.03906
Angelique,S15,37,Fz,0.3496,0.44531
Angelique,S15,38,F2,-1.1988,0.94531
Angelique,S15,39,F4,0.3535,0.47656
Angelique,S15,40,F6,0.6066,0.42969
Angelique,S15,41,F8,0.8799,0.42969
Angelique,S15,42,FT8,-1.1933,0.86719
Angelique,S15,43,FC6,-0.8669,0.80469
Angelique,S15,44,FC4,1.0157,0.22656
Angelique,S15,45,FC2,-1.1421,0.77344
Angelique,S15,46,FCz,-1.6294,0.97656
Angelique,S15,47,Cz,-1.0344,0.80469
Angelique,S15,48,C2,0.3193,0.42969
Angelique,S15,49,C4,-1.7955,0.96094
Angelique,S15,50,C6,-0.6863,0.74219
Angelique,S15,51,T8,1.4674,0.10156
Angelique,S15,52,TP8,1.1541,0.13281
Angelique,S15,53,CP6,0.888,0.25781
Angelique,S15,54,CP4,0.4387,0.47656
Angelique,S15,55,CP2,-0.3826,0.61719
Angelique,S15,56,P2,0.9828,0.30469
Angelique,S15,57,P4,-0.9567,0.63281
Angelique,S15,58,P6,-0.9978,0.77344
Angelique,S15,59,P8,1.5723,0.05469
Angelique,S15,60,P10,1.4162,0.10156
Angelique,S15,61,PO8,-0.7528,0.50781
Angelique,S15,62,PO4,0.7202,0.33594
Angelique,S15,63,O2,-1.4938,0.92969
Angelique,S15,64,PO9,0.895,0.27344
Angelique,S15,65,I1,-0.6475,0.72656
Angelique,S15,66,I2,0.8812,0.22656
Angelique,S15,67,PO10,1.7099,0.03906
Angelique,S16,0,Fp1,0.8964,0.35938
Angelique,S16,1,AF7,0.9597,0.29688
Angelique,S16,2,AF3,-1.8051,0.98438
Angelique,S16,3,F1,-1.2651,0.92188
Angelique,S16,4,F3,0.6581,0.26562
Angelique,S16,5,F5,1.7662,0.01562
Angelique,S16,6,F7,-0.9188,0.51562
Angelique,S16,7,FT7,1.2305,0.07812
Angelique,S16,8,FC5,1.0758,0.10938
Angelique,S16,9,FC3,1.1767,0.01562
Angelique,S16,10,FC1,1.1008,0.10938
Angelique,S16,11,C1,1.7216,0.04688
Angelique,S16,12,C3,1.4809,0.10938
Angelique,S16,13,C5,1.0339,0.14062
Angelique,S16,14,T7,0.0292,0.48438
Angelique,S16,15,TP7,-0.1796,0.51562
Angelique,S16,16,CP5,-1.5105,0.98438
Angelique,S16,17,CP3,-1.2941,0.79688
Angelique,S16,18,CP1,-1.1629,0.79688
Angelique,S16,19,P1,-1.1952,0.89062
Angelique,S16,20,P3,-1.724,0.98438
Angelique,S16,21,P5,-0.3446,0.67188
Angelique,S16,22,P7,1.8055,0.04688
Angelique,S16,23,P9,1.0457,0.07812
Angelique,S16,24,PO7,1.1997,0.10938
Angelique,S16,25,PO3,-1.5271,0.95312
Angelique,S16,26,O1,1.0374,0.14062
Angelique,S16,27,Iz,0.9645,0.29688
Angelique,S16,28,Oz,0.9395,0.29688
Angelique,S16,29,POz,-1.349,0.85938
Angelique,S16,30,Pz,-1.0297,0.76562
Angelique,S16,31,CPz,-0.6254,0.60938
Angelique,S16,32,Fpz,1.3854,0.20312
Angelique,S16,33,Fp2,-0.6319,0.54688
Angelique,S16,34,AF8,-1.1289,0.89062
Angelique,S16,35,AF4,-1.0242,0.98438
Angelique,S16,36,AFz,-1.2403,0.98438
Angelique,S16,37,Fz,-1.4948,0.98438
Angelique,S16,38,F2,-0.8139,0.70312
Angelique,S16,39,F4,-1.1669,0.76562
Angelique,S16,40,F6,-0.4752,0.64062
Angelique,S16,41,F8,-0.5934,0.60938
Angelique,S16,42,FT8,-1.036,0.79688
Angelique,S16,43,FC6,0.1168,0.48438
Angelique,S16,44,FC4,1.2106,0.10938
Angelique,S16,45,FC2,0.6188,0.26562
Angelique,S16,46,FCz,0.3088,0.42188
Angelique,S16,47,Cz,1.7473,0.04688
Angelique,S16,48,C2,1.1036,0.07812
Angelique,S16,49,C4,0.9901,0.17188
Angelique,S16,50,C6,-1.0261,0.85938
Angelique,S16,51,T8,0.9877,0.14062
Angelique,S16,52,TP8,0.6809,0.26562
Angelique,S16,53,CP6,-0.9701,0.73438
Angelique,S16,54,CP4,-1.2134,0.79688
Angelique,S16,55,CP2,-0.9454,0.67188
Angelique,S16,56,P2,-1.2789,0.89062
Angelique,S16,57,P4,-0.5322,0.67188
Angelique,S16,58,P6,0.8133,0.26562
Angelique,S16,59,P8,1.569,0.10938
Angelique,S16,60,P10,0.6309,0.29688
Angelique,S16,61,PO8,-1.344,0.89062
Angelique,S16,62,PO4,0.4054,0.42188
Angelique,S16,63,O2,-0.9359,0.76562
Angelique,S16,64,PO9,1.1271,0.01562
Angelique,S16,65,I1,1.1481,0.07812
Angelique,S16,66,I2,1.3824,0.07812
Angelique,S16,67,PO10,-0.7696,0.64062
Angelique,S18,0,Fp1,1.2992,0.07031
Angelique,S18,1,AF7,1.1778,0.08594
Angelique,S18,2,AF3,0.9231,0.19531
Angelique,S18,3,F1,1.43,0.10156
Angelique,S18,4,F3,-1.2376,0.83594
Angelique,S18,5,F5,-0.8947,0.53906
Angelique,S18,6,F7,1.344,0.02344
Angelique,S18,7,FT7,-1.2232,0.89844
Angelique,S18,8,FC5,-0.8474,0.69531
Angelique,S18,9,FC3,0.9825,0.27344
Angelique,S18,10,FC1,1.2078,0.24219
Angelique,S18,11,C1,0.4669,0.47656
Angelique,S18,12,C3,0.5529,0.35156
Angelique,S18,13,C5,-1.3057,0.83594
Angelique,S18,14,T7,-1.0122,0.88281
Angelique,S18,15,TP7,-1.6468,0.94531
Angelique,S18,16,CP5,0.4052,0.42969
Angelique,S18,17,CP3,-0.7923,0.69531
Angelique,S18,18,CP1,-0.0348,0.50781
Angelique,S18,19,P1,0.5308,0.27344
Angelique,S18,20,P3,-0.113,0.61719
Angelique,S18,21,P5,0.7804,0.28906
Angelique,S18,22,P7,-0.9629,0.78906
Angelique,S18,23,P9,-1.9156,0.97656
Angelique,S18,24,PO7,-0.4552,0.63281
Angelique,S18,25,PO3,0.4301,0.38281
Angelique,S18,26,O1,-1.3738,0.91406
Angelique,S18,27,Iz,-1.064,0.92969
Angelique,S18,28,Oz,-0.8791,0.61719
Angelique,S18,29,POz,0.3427,0.38281
Angelique,S18,30,Pz,1.6096,0.05469
Angelique,S18,31,CPz,-0.9831,0.67969
Angelique,S18,32,Fpz,-1.1581,0.83594
Angelique,S18,33,Fp2,-0.443,0.66406
Angelique,S18,34,AF8,0.2485,0.33594
Angelique,S18,35,AF4,0.4498,0.30469
Angelique,S18,36,AFz,0.8144,0.30469
Angelique,S18,37,Fz,-0.3351,0.60156
Angelique,S18,38,F2,0.7685,0.32031
Angelique,S18,39,F4,-1.3201,0.94531
Angelique,S18,40,F6,-1.1197,0.85156
Angelique,S18,41,F8,-0.3939,0.53906
Angelique,S18,42,FT8,-0.6677,0.69531
Angelique,S18,43,FC6,0.904,0.32031
Angelique,S18,44,FC4,-1.5099,0.99219
Angelique,S18,45,FC2,0.9534,0.32031
Angelique,S18,46,FCz,0.8683,0.41406
Angelique,S18,47,Cz,-0.386,0.64844
Angelique,S18,48,C2,1.0817,0.21094
Angelique,S18,49,C4,0.763,0.32031
Angelique,S18,50,C6,0.8847,0.21094
Angelique,S18,51,T8,-1.418,0.94531
Angelique,S18,52,TP8,1.3059,0.24219
Angelique,S18,53,CP6,0.9239,0.16406
Angelique,S18,54,CP4,-1.4965,0.92969
Angelique,S18,55,CP2,-0.2948,0.57031
Angelique,S18,56,P2,-0.9095,0.74219
Angelique,S18,57,P4,-0.2115,0.53906
Angelique,S18,58,P6,0.3949,0.38281
Angelique,S18,59,P8,0.7733,0.35156
Angelique,S18,60,P10,-1.0254,0.80469
Angelique,S18,61,PO8,-0.8328,0.67969
Angelique,S18,62,PO4,-0.9048,0.61719
Angelique,S18,63,O2,-0.96,0.78906
Angelique,S18,64,PO9,-1.1055,0.82031
Angelique,S18,65,I1,-0.6876,0.61719
Angelique,S18,66,I2,-0.9797,0.60156
Angelique,S18,67,PO10,-0.0289,0.53906
Angelique,S19,0,Fp1,0.3318,0.38281
Angelique,S19,1,AF7,-1.0576,0.83594
Angelique,S19,2,AF3,-0.8385,0.74219
Angelique,S19,3,F1,-1.09,0.82031
Angelique,S19,4,F3,1.0448,0.22656
Angelique,S19,5,F5,0.2095,0.39844
Angelique,S19,6,F7,0.9927,0.16406
Angelique,S19,7,FT7,1.1383,0.08594
Angelique,S19,8,FC5,0.9154,0.36719
Angelique,S19,9,FC3,0.6092,0.44531
Angelique,S19,10,FC1,0.1292,0.49219
Angelique,S19,11,C1,-1.0441,0.94531
Angelique,S19,12,C3,-0.9443,0.69531
Angelique,S19,13,C5,-1.1245,0.86719
Angelique,S19,14,T7,-0.7081,0.77344
Angelique,S19,15,TP7,-1.0132,0.78906
Angelique,S19,16,CP5,-1.1602,0.85156
Angelique,S19,17,CP3,-1.1851,0.89844
Angelique,S19,18,CP1,-0.8777,0.63281
Angelique,S19,19,P1,-0.922,0.64844
Angelique,S19,20,P3,-1.3714,0.96094
Angelique,S19,21,P5,-1.713,0.96094
Angelique,S19,22,P7,-0.773,0.66406
Angelique,S19,23,P9,0.6383,0.27344
Angelique,S19,24,PO7,1.5011,0.02344
Angelique,S19,25,PO3,-0.9919,0.69531
Angelique,S19,26,O1,-0.8382,0.57031
Angelique,S19,27,Iz,0.0588,0.44531
Angelique,S19,28,Oz,-0.8813,0.69531
Angelique,S19,29,POz,-1.2302,0.78906
Angelique,S19,30,Pz,-0.7952,0.67969
Angelique,S19,31,CPz,1.0533,0.22656
Angelique,S19,32,Fpz,1.049,0.22656
Angelique,S19,33,Fp2,0.41,0.49219
Angelique,S19,34,AF8,-0.9582,0.77344
Angelique,S19,35,AF4,0.4661,0.39844
Angelique,S19,36,AFz,-0.0917,0.55469
Angelique,S19,37,Fz,-0.9623,0.75781
Angelique,S19,38,F2,-0.0053,0.50781
Angelique,S19,39,F4,-0.3642,0.71094
Angelique,S19,40,F6,0.3074,0.46094
Angelique,S19,41,F8,-0.9968,0.88281
Angelique,S19,42,FT8,-0.0945,0.53906
Angelique,S19,43,FC6,-0.5365,0.66406
Angelique,S19,44,FC4,-0.9958,0.77344
Angelique,S19,45,FC2,-1.0091,0.82031
Angelique,S19,46,FCz,-0.9043,0.74219
Angelique,S19,47,Cz,-1.0607,0.86719
Angelique,S19,48,C2,0.1798,0.41406
Angelique,S19,49,C4,0.2124,0.39844
Angelique,S19,50,C6,1.1016,0.11719
Angelique,S19,51,T8,1.5593,0.07031
Angelique,S19,52,TP8,0.8029,0.36719
Angelique,S19,53,CP6,-0.3087,0.52344
Angelique,S19,54,CP4,1.5216,0.07031
Angelique,S19,55,CP2,1.1551,0.11719
Angelique,S19,56,P2,0.967,0.42969
Angelique,S19,57,P4,1.3553,0.10156
Angelique,S19,58,P6,0.4915,0.32031
Angelique,S19,59,P8,0.9854,0.24219
Angelique,S19,60,P10,-1.4035,0.99219
Angelique,S19,61,PO8,-0.6694,0.53906
Angelique,S19,62,PO4,-0.5113,0.69531
Angelique,S19,63,O2,0.5681,0.41406
Angelique,S19,64,PO9,0.1204,0.49219
Angelique,S19,65,I1,1.0001,0.19531
Angelique,S19,66,I2,-0.2628,0.64844
Angelique,S19,67,PO10,0.5357,0.47656
Angelique,S21,0,Fp1,-0.3314,0.60156
Angelique,S21,1,AF7,0.7122,0.42969
Angelique,S21,2,AF3,-1.4146,0.97656
Angelique,S21,3,F1,-1.3506,0.94531
Angelique,S21,4,F3,-1.3466,0.97656
Angelique,S21,5,F5,-0.5785,0.50781
Angelique,S21,6,F7,0.7047,0.44531
Angelique,S21,7,FT7,0.8915,0.35156
Angelique,S21,8,FC5,0.505,0.49219
Angelique,S21,9,FC3,-1.9763,0.99219
Angelique,S21,10,FC1,-0.7349,0.74219
Angelique,S21,11,C1,-1.1762,0.86719
Angelique,S21,12,C3,0.9806,0.46094
Angelique,S21,13,C5,-1.1424,0.85156
Angelique,S21,14,T7,-0.7278,0.67969
Angelique,S21,15,TP7,0.6927,0.32031
Angelique,S21,16,CP5,-0.8369,0.75781
Angelique,S21,17,CP3,1.0588,0.21094
Angelique,S21,18,CP1,0.6185,0.30469
Angelique,S21,19,P1,1.4293,0.07031
Angelique,S21,20,P3,-0.46,0.69531
Angelique,S21,21,P5,-1.022,0.85156
Angelique,S21,22,P7,0.5078,0.36719
Angelique,S21,23,P9,0.9093,0.35156
Angelique,S21,24,PO7,0.3483,0.44531
Angelique,S21,25,PO3,-1.7402,0.94531
Angelique,S21,26,O1,0.5436,0.32031
Angelique,S21,27,Iz,-1.0978,0.92969
Angelique,S21,28,Oz,-1.1518,0.83594
Angelique,S21,29,POz,-0.7328,0.66406
Angelique,S21,30,Pz,0.873,0.21094
Angelique,S21,31,CPz,0.0583,0.49219
Angelique,S21,32,Fpz,-1.1333,0.92969
Angelique,S21,33,Fp2,-1.206,0.77344
Angelique,S21,34,AF8,-1.8399,0.97656
Angelique,S21,35,AF4,-1.0903,0.80469
Angelique,S21,36,AFz,-1.2771,0.88281
Angelique,S21,37,Fz,-0.7612,0.66406
Angelique,S21,38,F2,-1.282,0.86719
Angelique,S21,39,F4,-1.035,0.86719
Angelique,S21,40,F6,0.8039,0.33594
Angelique,S21,41,F8,0.8812,0.28906
Angelique,S21,42,FT8,0.989,0.42969
Angelique,S21,43,FC6,0.8973,0.49219
Angelique,S21,44,FC4,-0.8045,0.74219
Angelique,S21,45,FC2,-0.7237,0.60156
Angelique,S21,46,FCz,-0.6355,0.61719
Angelique,S21,47,Cz,-1.5777,0.92969
Angelique,S21,48,C2,-1.4453,0.94531
Angelique,S21,49,C4,0.8064,0.41406
Angelique,S21,50,C6,0.5544,0.32031
Angelique,S21,51,T8,2.037,0.02344
Angelique,S21,52,TP8,-0.91,0.63281
Angelique,S21,53,CP6,-1.25,0.86719
Angelique,S21,54,CP4,-0.9726,0.57031
Angelique,S21,55,CP2,0.9764,0.41406
Angelique,S21,56,P2,0.4762,0.32031
Angelique,S21,57,P4,-0.75,0.71094
Angelique,S21,58,P6,-0.4042,0.63281
Angelique,S21,59,P8,-0.1626,0.66406
Angelique,S21,60,P10,-0.7321,0.55469
Angelique,S21,61,PO8,0.1842,0.44531
Angelique,S21,62,PO4,0.9205,0.25781
Angelique,S21,63,O2,0.237,0.30469
Angelique,S21,64,PO9,0.8981,0.30469
Angelique,S21,65,I1,0.7505,0.32031
Angelique,S21,66,I2,-1.1766,0.91406
Angelique,S21,67,PO10,-0.8778,0.61719
Angelique,S22,0,Fp1,1.6896,0.03906
Angelique,S22,1,AF7,1.0014,0.16406
Angelique,S22,2,AF3,0.8904,0.25781
Angelique,S22,3,F1,0.1614,0.44531
Angelique,S22,4,F3,0.564,0.25781
Angelique,S22,5,F5,1.3701,0.07031
Angelique,S22,6,F7,1.3248,0.08594
Angelique,S22,7,FT7,0.7845,0.33594
Angelique,S22,8,FC5,-0.9286,0.78906
Angelique,S22,9,FC3,0.3495,0.39844
Angelique,S22,10,FC1,-0.5704,0.52344
Angelique,S22,11,C1,-1.2523,0.89844
Angelique,S22,12,C3,0.5165,0.32031
Angelique,S22,13,C5,0.9886,0.27344
Angelique,S22,14,T7,-0.0517,0.53906
Angelique,S22,15,TP7,0.5162,0.28906
Angelique,S22,16,CP5,-0.938,0.57031
Angelique,S22,17,CP3,0.4615,0.42969
Angelique,S22,18,CP1,-0.9498,0.78906
Angelique,S22,19,P1,-1.6246,0.97656
Angelique,S22,20,P3,-1.8358,0.97656
Angelique,S22,21,P5,-0.7692,0.75781
Angelique,S22,22,P7,-1.3759,0.88281
Angelique,S22,23,P9,0.4134,0.39844
Angelique,S22,24,PO7,-1.088,0.92969
Angelique,S22,25,PO3,-1.1034,0.88281
Angelique,S22,26,O1,0.0528,0.46094
Angelique,S22,27,Iz,-1.1842,0.92969
Angelique,S22,28,Oz,-1.1233,0.82031
Angelique,S22,29,POz,-0.3728,0.64844
Angelique,S22,30,Pz,-1.3639,0.97656
Angelique,S22,31,CPz,0.7774,0.33594
Angelique,S22,32,Fpz,-1.7561,0.99219
Angelique,S22,33,Fp2,-0.6583,0.63281
Angelique,S22,34,AF8,-0.447,0.74219
Angelique,S22,35,AF4,-1.0516,0.80469
Angelique,S22,36,AFz,-0.7415,0.78906
Angelique,S22,37,Fz,-0.1885,0.50781
Angelique,S22,38,F2,-0.6568,0.64844
Angelique,S22,39,F4,1.3734,0.24219
Angelique,S22,40,F6,-0.8907,0.63281
Angelique,S22,41,F8,-1.0267,0.78906
Angelique,S22,42,FT8,-1.1484,0.91406
Angelique,S22,43,FC6,-1.2074,0.91406
Angelique,S22,44,FC4,0.8624,0.32031
Angelique,S22,45,FC2,0.6786,0.44531
Angelique,S22,46,FCz,-0.3519,0.52344
Angelique,S22,47,Cz,0.3707,0.27344
Angelique,S22,48,C2,-0.9349,0.55469
Angelique,S22,49,C4,-0.7241,0.77344
Angelique,S22,50,C6,0.312,0.49219
Angelique,S22,51,T8,-1.6684,0.96094
Angelique,S22,52,TP8,-0.3421,0.63281
Angelique,S22,53,CP6,0.3578,0.35156
Angelique,S22,54,CP4,-1.0218,0.83594
Angelique,S22,55,CP2,-1.0315,0.80469
Angelique,S22,56,P2,-0.9947,0.75781
Angelique,S22,57,P4,-0.6505,0.61719
Angelique,S22,58,P6,-0.8046,0.58594
Angelique,S22,59,P8,0.7362,0.22656
Angelique,S22,60,P10,-0.9961,0.77344
Angelique,S22,61,PO8,1.3855,0.07031
Angelique,S22,62,PO4,0.233,0.30469
Angelique,S22,63,O2,1.1145,0.16406
Angelique,S22,64,PO9,-0.9579,0.61719
Angelique,S22,65,I1,-1.2717,0.82031
Angelique,S22,66,I2,-0.0898,0.52344
Angelique,S22,67,PO10,-0.4576,0.60156
Angelique,S23,0,Fp1,-0.1336,0.55469
Angelique,S23,1,AF7,-0.997,0.78906
Angelique,S23,2,AF3,1.3606,0.21094
Angelique,S23,3,F1,1.0157,0.03906
Angelique,S23,4,F3,0.9723,0.21094
Angelique,S23,5,F5,0.4999,0.46094
Angelique,S23,6,F7,1.0205,0.21094
Angelique,S23,7,FT7,1.0838,0.22656
Angelique,S23,8,FC5,-0.6778,0.71094
Angelique,S23,9,FC3,1.4866,0.05469
Angelique,S23,10,FC1,0.6705,0.28906
Angelique,S23,11,C1,-0.8739,0.77344
Angelique,S23,12,C3,-0.9606,0.57031
Angelique,S23,13,C5,-1.0101,0.83594
Angelique,S23,14,T7,1.0259,0.13281
Angelique,S23,15,TP7,-0.1468,0.53906
Angelique,S23,16,CP5,1.2245,0.00781
Angelique,S23,17,CP3,-0.4271,0.63281
Angelique,S23,18,CP1,0.3085,0.32031
Angelique,S23,19,P1,-0.6557,0.72656
Angelique,S23,20,P3,1.0001,0.22656
Angelique,S23,21,P5,0.8881,0.44531
Angelique,S23,22,P7,0.6875,0.33594
Angelique,S23,23,P9,-1.4108,0.94531
Angelique,S23,24,PO7,0.9449,0.13281
Angelique,S23,25,PO3,-0.2822,0.69531
Angelique,S23,26,O1,1.273,0.08594
Angelique,S23,27,Iz,1.2499,0.24219
Angelique,S23,28,Oz,0.3161,0.49219
Angelique,S23,29,POz,-0.4488,0.71094
Angelique,S23,30,Pz,-1.1664,0.91406
Angelique,S23,31,CPz,-0.2504,0.55469
Angelique,S23,32,Fpz,-0.9723,0.71094
Angelique,S23,33,Fp2,1.3228,0.08594
Angelique,S23,34,AF8,0.6225,0.33594
Angelique,S23,35,AF4,1.4941,0.10156
Angelique,S23,36,AFz,1.3525,0.00781
Angelique,S23,37,Fz,1.0547,0.16406
Angelique,S23,38,F2,1.007,0.21094
Angelique,S23,39,F4,0.9098,0.13281
Angelique,S23,40,F6,0.8039,0.19531
Angelique,S23,41,F8,-1.0067,0.78906
Angelique,S23,42,FT8,0.4235,0.36719
Angelique,S23,43,FC6,-0.9406,0.82031
Angelique,S23,44,FC4,1.3095,0.02344
Angelique,S23,45,FC2,0.795,0.32031
Angelique,S23,46,FCz,-0.9384,0.60156
Angelique,S23,47,Cz,0.6947,0.35156
Angelique,S23,48,C2,1.4333,0.05469
Angelique,S23,49,C4,0.5851,0.32031
Angelique,S23,50,C6,0.7525,0.42969
Angelique,S23,51,T8,-0.4042,0.61719
Angelique,S23,52,TP8,0.9929,0.24219
Angelique,S23,53,CP6,-0.2753,0.63281
Angelique,S23,54,CP4,0.9542,0.42969
Angelique,S23,55,CP2,-1.6866,0.94531
Angelique,S23,56,P2,-0.5654,0.53906
Angelique,S23,57,P4,-0.2288,0.66406
Angelique,S23,58,P6,0.3099,0.39844
Angelique,S23,59,P8,1.3699,0.10156
Angelique,S23,60,P10,-0.7642,0.72656
Angelique,S23,61,PO8,1.0166,0.17969
Angelique,S23,62,PO4,-1.0029,0.83594
Angelique,S23,63,O2,-0.7019,0.71094
Angelique,S23,64,PO9,-0.3796,0.61719
Angelique,S23,65,I1,0.9599,0.22656
Angelique,S23,66,I2,-0.5024,0.57031
Angelique,S23,67,PO10,1.0222,0.21094
Angelique,S24,0,Fp1,0.995,0.21094
Angelique,S24,1,AF7,-0.9712,0.85156
Angelique,S24,2,AF3,-0.6663,0.67969
Angelique,S24,3,F1,-1.5562,0.91406
Angelique,S24,4,F3,-1.0681,0.86719
Angelique,S24,5,F5,-1.2701,0.96094
Angelique,S24,6,F7,-1.437,0.92969
Angelique,S24,7,FT7,0.5189,0.41406
Angelique,S24,8,FC5,-0.9526,0.75781
Angelique,S24,9,FC3,-0.7182,0.69531
Angelique,S24,10,FC1,-1.7943,0.97656
Angelique,S24,11,C1,0.8001,0.46094
Angelique,S24,12,C3,0.2495,0.44531
Angelique,S24,13,C5,-1.1435,0.80469
Angelique,S24,14,T7,0.8689,0.21094
Angelique,S24,15,TP7,-1.6879,0.99219
Angelique,S24,16,CP5,-0.7028,0.69531
Angelique,S24,17,CP3,-0.0469,0.52344
Angelique,S24,18,CP1,1.1015,0.13281
Angelique,S24,19,P1,1.1932,0.14844
Angelique,S24,20,P3,0.7132,0.28906
Angelique,S24,21,P5,0.152,0.49219
Angelique,S24,22,P7,-0.163,0.64844
Angelique,S24,23,P9,0.4573,0.47656
Angelique,S24,24,PO7,-0.9953,0.75781
Angelique,S24,25,PO3,0.9776,0.16406
Angelique,S24,26,O1,-0.9882,0.67969
Angelique,S24,27,Iz,-1.1735,0.85156
Angelique,S24,28,Oz,-0.99,0.72656
Angelique,S24,29,POz,0.6675,0.32031
Angelique,S24,30,Pz,0.1707,0.32031
Angelique,S24,31,CPz,0.212,0.38281
Angelique,S24,32,Fpz,0.9788,0.17969
Angelique,S24,33,Fp2,1.1818,0.16406
Angelique,S24,34,AF8,1.2312,0.13281
Angelique,S24,35,AF4,-0.9411,0.72656
Angelique,S24,36,AFz,-0.8981,0.74219
Angelique,S24,37,Fz,-1.2962,0.85156
Angelique,S24,38,F2,-1.3749,0.92969
Angelique,S24,39,F4,0.741,0.49219
Angelique,S24,40,F6,-1.1702,0.96094
Angelique,S24,41,F8,-0.4957,0.61719
Angelique,S24,42,FT8,-0.5366,0.57031
Angelique,S24,43,FC6,-0.8077,0.64844
Angelique,S24,44,FC4,-0.9752,0.78906
Angelique,S24,45,FC2,-0.5544,0.72656
Angelique,S24,46,FCz,-1.306,0.89844
Angelique,S24,47,Cz,-0.0716,0.50781
Angelique,S24,48,C2,-0.1701,0.57031
Angelique,S24,49,C4,-1.1149,0.85156
Angelique,S24,50,C6,-0.5041,0.64844
Angelique,S24,51,T8,0.9471,0.27344
Angelique,S24,52,TP8,-0.9636,0.64844
Angelique,S24,53,CP6,-0.9024,0.61719
Angelique,S24,54,CP4,-0.0235,0.52344
Angelique,S24,55,CP2,0.6791,0.24219
Angelique,S24,56,P2,-0.0596,0.50781
Angelique,S24,57,P4,-0.351,0.61719
Angelique,S24,58,P6,-1.2742,0.99219
Angelique,S24,59,P8,-1.6155,0.99219
Angelique,S24,60,P10,-0.9066,0.67969
Angelique,S24,61,PO8,-1.9835,0.97656
Angelique,S24,62,PO4,-1.0014,0.94531
Angelique,S24,63,O2,-1.7832,0.99219
Angelique,S24,64,PO9,-0.3309,0.58594
Angelique,S24,65,I1,-1.1246,0.85156
Angelique,S24,66,I2,-0.8565,0.72656
Angelique,S24,67,PO10,-0.8217,0.72656
Angelique,S25,0,Fp1,-1.7068,0.96094
Angelique,S25,1,AF7,-0.1078,0.55469
Angelique,S25,2,AF3,0.5652,0.33594
Angelique,S25,3,F1,-0.7574,0.58594
Angelique,S25,4,F3,1.2205,0.05469
Angelique,S25,5,F5,-0.928,0.74219
Angelique,S25,6,F7,0.9138,0.46094
Angelique,S25,7,FT7,0.0592,0.44531
Angelique,S25,8,FC5,0.4311,0.30469
Angelique,S25,9,FC3,-0.9763,0.83594
Angelique,S25,10,FC1,0.7739,0.27344
Angelique,S25,11,C1,-0.1758,0.53906
Angelique,S25,12,C3,-0.3156,0.63281
Angelique,S25,13,C5,-0.8432,0.74219
Angelique,S25,14,T7,-1.4058,0.94531
Angelique,S25,15,TP7,-1.1973,0.86719
Angelique,S25,16,CP5,-0.9702,0.77344
Angelique,S25,17,CP3,0.6382,0.25781
Angelique,S25,18,CP1,-1.2113,0.89844
Angelique,S25,19,P1,-0.8009,0.67969
Angelique,S25,20,P3,-1.5276,0.97656
Angelique,S25,21,P5,-1.131,0.86719
Angelique,S25,22,P7,-0.0808,0.53906
Angelique,S25,23,P9,-0.995,0.80469
Angelique,S25,24,PO7,0.1325,0.42969
Angelique,S25,25,PO3,-1.0684,0.88281
Angelique,S25,26,O1,-0.3475,0.64844
Angelique,S25,27,Iz,-1.3396,0.77344
Angelique,S25,28,Oz,-1.0207,0.99219
Angelique,S25,29,POz,-0.1842,0.55469
Angelique,S25,30,Pz,-1.5108,0.92969
Angelique,S25,31,CPz,-1.1738,0.83594
Angelique,S25,32,Fpz,-1.1212,0.82031
Angelique,S25,33,Fp2,0.9847,0.25781
Angelique,S25,34,AF8,-0.6605,0.71094
Angelique,S25,35,AF4,-0.2374,0.63281
Angelique,S25,36,AFz,-0.2897,0.55469
Angelique,S25,37,Fz,-0.9606,0.57031
Angelique,S25,38,F2,-1.1842,0.77344
Angelique,S25,39,F4,-0.6418,0.58594
Angelique,S25,40,F6,-1.0869,0.96094
Angelique,S25,41,F8,-0.2431,0.61719
Angelique,S25,42,FT8,0.7196,0.46094
Angelique,S25,43,FC6,-1.2342,0.99219
Angelique,S25,44,FC4,-1.0154,0.85156
Angelique,S25,45,FC2,0.95,0.33594
Angelique,S25,46,FCz,-0.1118,0.58594
Angelique,S25,47,Cz,-1.7998,0.96094
Angelique,S25,48,C2,-0.639,0.74219
Angelique,S25,49,C4,-0.0817,0.53906
Angelique,S25,50,C6,-0.7129,0.67969
Angelique,S25,51,T8,-0.3812,0.63281
Angelique,S25,52,TP8,0.3851,0.32031
Angelique,S25,53,CP6,-1.4584,0.99219
Angelique,S25,54,CP4,0.9511,0.39844
Angelique,S25,55,CP2,-0.9902,0.77344
Angelique,S25,56,P2,0.011,0.49219
Angelique,S25,57,P4,1.5871,0.02344
Angelique,S25,58,P6,1.6021,0.07031
Angelique,S25,59,P8,1.5464,0.05469
Angelique,S25,60,P10,1.6091,0.08594
Angelique,S25,61,PO8,1.7048,0.05469
Angelique,S25,62,PO4,1.1266,0.05469
Angelique,S25,63,O2,1.4307,0.10156
Angelique,S25,64,PO9,-0.093,0.57031
Angelique,S25,65,I1,-1.1988,0.88281
Angelique,S25,66,I2,1.3015,0.11719
Angelique,S25,67,PO10,0.8599,0.21094
Angelique,S26,0,Fp1,-1.7231,0.94531
Angelique,S26,1,AF7,-1.1258,0.83594
Angelique,S26,2,AF3,-1.5955,0.92969
Angelique,S26,3,F1,-1.4179,0.89844
Angelique,S26,4,F3,0.1858,0.46094
Angelique,S26,5,F5,-0.4022,0.67969
Angelique,S26,6,F7,0.7377,0.41406
Angelique,S26,7,FT7,0.9908,0.28906
Angelique,S26,8,FC5,0.979,0.24219
Angelique,S26,9,FC3,0.1242,0.41406
Angelique,S26,10,FC1,0.4713,0.41406
Angelique,S26,11,C1,0.7854,0.21094
Angelique,S26,12,C3,0.0126,0.49219
Angelique,S26,13,C5,1.0835,0.14844
Angelique,S26,14,T7,0.0802,0.49219
Angelique,S26,15,TP7,-0.9001,0.74219
Angelique,S26,16,CP5,0.6898,0.27344
Angelique,S26,17,CP3,-1.1045,0.89844
Angelique,S26,18,CP1,0.6961,0.21094
Angelique,S26,19,P1,1.0042,0.17969
Angelique,S26,20,P3,-1.2363,0.91406
Angelique,S26,21,P5,0.8744,0.44531
Angelique,S26,22,P7,0.6279,0.47656
Angelique,S26,23,P9,1.6248,0.03906
Angelique,S26,24,PO7,0.6456,0.41406
Angelique,S26,25,PO3,0.2238,0.46094
Angelique,S26,26,O1,-1.3644,0.88281
Angelique,S26,27,Iz,0.153,0.49219
Angelique,S26,28,Oz,0.2726,0.47656
Angelique,S26,29,POz,-1.0712,0.82031
Angelique,S26,30,Pz,1.0749,0.17969
Angelique,S26,31,CPz,0.9294,0.32031
Angelique,S26,32,Fpz,-1.5652,0.97656
Angelique,S26,33,Fp2,-1.8145,0.99219
Angelique,S26,34,AF8,-1.5923,0.97656
Angelique,S26,35,AF4,-1.2211,0.99219
Angelique,S26,36,AFz,-1.4497,0.96094
Angelique,S26,37,Fz,-1.0058,0.96094
Angelique,S26,38,F2,-0.9921,0.74219
Angelique,S26,39,F4,-0.9959,0.99219
Angelique,S26,40,F6,-1.56,0.97656
Angelique,S26,41,F8,0.2918,0.44531
Angelique,S26,42,FT8,-1.2043,0.97656
Angelique,S26,43,FC6,-1.3343,0.99219
Angelique,S26,44,FC4,-1.0144,0.83594
Angelique,S26,45,FC2,0.4527,0.42969
Angelique,S26,46,FCz,0.7571,0.42969
Angelique,S26,47,Cz,1.0741,0.19531
Angelique,S26,48,C2,1.0926,0.21094
Angelique,S26,49,C4,-1.0089,0.85156
Angelique,S26,50,C6,-1.5336,0.96094
Angelique,S26,51,T8,0.9633,0.24219
Angelique,S26,52,TP8,0.473,0.35156
Angelique,S26,53,CP6,-1.174,0.83594
Angelique,S26,54,CP4,1.0515,0.19531
Angelique,S26,55,CP2,0.0753,0.28906
Angelique,S26,56,P2,0.602,0.33594
Angelique,S26,57,P4,1.116,0.21094
Angelique,S26,58,P6,1.0229,0.17969
Angelique,S26,59,P8,1.6426,0.05469
Angelique,S26,60,P10,1.3857,0.11719
Angelique,S26,61,PO8,1.147,0.16406
Angelique,S26,62,PO4,-1.2678,0.85156
Angelique,S26,63,O2,0.6886,0.33594
Angelique,S26,64,PO9,0.4487,0.49219
Angelique,S26,65,I1,0.8468,0.30469
Angelique,S26,66,I2,0.5296,0.36719
Angelique,S26,67,PO10,1.6888,0.03906
Angelique,S27,0,Fp1,1.1364,0.14844
Angelique,S27,1,AF7,-0.8796,0.78906
Angelique,S27,2,AF3,-1.4467,0.88281
Angelique,S27,3,F1,-1.5353,0.91406
Angelique,S27,4,F3,-1.1227,0.94531
Angelique,S27,5,F5,-1.1015,0.75781
Angelique,S27,6,F7,-1.2703,0.94531
Angelique,S27,7,FT7,0.7031,0.27344
Angelique,S27,8,FC5,-0.4597,0.60156
Angelique,S27,9,FC3,-1.6406,0.94531
Angelique,S27,10,FC1,-1.4371,0.94531
Angelique,S27,11,C1,-1.1454,0.80469
Angelique,S27,12,C3,-1.3988,0.92969
Angelique,S27,13,C5,-1.7003,0.97656
Angelique,S27,14,T7,-0.2213,0.58594
Angelique,S27,15,TP7,0.6618,0.47656
Angelique,S27,16,CP5,-0.9677,0.77344
Angelique,S27,17,CP3,0.0135,0.49219
Angelique,S27,18,CP1,-0.4261,0.66406
Angelique,S27,19,P1,0.3207,0.36719
Angelique,S27,20,P3,-0.6472,0.53906
Angelique,S27,21,P5,0.7627,0.36719
Angelique,S27,22,P7,0.8149,0.28906
Angelique,S27,23,P9,0.6737,0.38281
Angelique,S27,24,PO7,-0.8117,0.71094
Angelique,S27,25,PO3,0.9741,0.49219
Angelique,S27,26,O1,1.3145,0.14844
Angelique,S27,27,Iz,1.0346,0.19531
Angelique,S27,28,Oz,0.8401,0.30469
Angelique,S27,29,POz,0.4341,0.47656
Angelique,S27,30,Pz,-1.2095,0.88281
Angelique,S27,31,CPz,-0.8581,0.63281
Angelique,S27,32,Fpz,-1.4237,0.89844
Angelique,S27,33,Fp2,-1.4443,0.92969
Angelique,S27,34,AF8,0.7712,0.25781
Angelique,S27,35,AF4,-1.577,0.94531
Angelique,S27,36,AFz,-1.634,0.94531
Angelique,S27,37,Fz,-1.4051,0.94531
Angelique,S27,38,F2,-1.6167,0.91406
Angelique,S27,39,F4,-1.2137,0.96094
Angelique,S27,40,F6,-1.2965,0.97656
Angelique,S27,41,F8,-1.5466,0.94531
Angelique,S27,42,FT8,-1.0499,0.83594
Angelique,S27,43,FC6,-0.7452,0.71094
Angelique,S27,44,FC4,-0.1645,0.58594
Angelique,S27,45,FC2,0.5045,0.46094
Angelique,S27,46,FCz,-0.7581,0.69531
Angelique,S27,47,Cz,-1.1006,0.82031
Angelique,S27,48,C2,-0.7783,0.72656
Angelique,S27,49,C4,-1.1711,0.85156
Angelique,S27,50,C6,-1.7875,0.99219
Angelique,S27,51,T8,-0.2985,0.69531
Angelique,S27,52,TP8,-1.7549,0.96094
Angelique,S27,53,CP6,-1.6755,0.96094
Angelique,S27,54,CP4,-1.8736,0.99219
Angelique,S27,55,CP2,-0.9698,0.66406
Angelique,S27,56,P2,-1.5621,0.99219
Angelique,S27,57,P4,-1.4729,0.97656
Angelique,S27,58,P6,-1.1832,0.88281
Angelique,S27,59,P8,0.3053,0.49219
Angelique,S27,60,P10,0.3776,0.46094
Angelique,S27,61,PO8,0.0044,0.49219
Angelique,S27,62,PO4,-1.3266,0.88281
Angelique,S27,63,O2,-1.1628,0.85156
Angelique,S27,64,PO9,1.1719,0.10156
Angelique,S27,65,I1,-0.2607,0.67969
Angelique,S27,66,I2,-0.9854,0.72656
Angelique,S27,67,PO10,-1.0953,0.82031
Angelique,S28,0,Fp1,0.8252,0.24219
Angelique,S28,1,AF7,-0.658,0.71094
Angelique,S28,2,AF3,-0.6262,0.72656
Angelique,S28,3,F1,-1.0163,0.77344
Angelique,S28,4,F3,-0.1559,0.55469
Angelique,S28,5,F5,-1.3678,0.92969
Angelique,S28,6,F7,-1.2528,0.86719
Angelique,S28,7,FT7,0.5319,0.33594
Angelique,S28,8,FC5,-0.9643,0.77344
Angelique,S28,9,FC3,-1.3338,0.92969
Angelique,S28,10,FC1,-0.4808,0.64844
Angelique,S28,11,C1,-0.4766,0.67969
Angelique,S28,12,C3,-0.7402,0.75781
Angelique,S28,13,C5,-1.0716,0.83594
Angelique,S28,14,T7,0.4536,0.42969
Angelique,S28,15,TP7,1.2293,0.11719
Angelique,S28,16,CP5,0.2134,0.47656
Angelique,S28,17,CP3,-1.2695,0.96094
Angelique,S28,18,CP1,-0.9233,0.64844
Angelique,S28,19,P1,-1.7574,0.96094
Angelique,S28,20,P3,-1.0582,0.97656
Angelique,S28,21,P5,0.7744,0.24219
Angelique,S28,22,P7,-0.9959,0.85156
Angelique,S28,23,P9,-0.3605,0.61719
Angelique,S28,24,PO7,0.595,0.44531
Angelique,S28,25,PO3,-1.3031,0.92969
Angelique,S28,26,O1,0.8031,0.21094
Angelique,S28,27,Iz,-1.4409,0.91406
Angelique,S28,28,Oz,-1.3926,0.91406
Angelique,S28,29,POz,0.1792,0.44531
Angelique,S28,30,Pz,-1.1283,0.88281
Angelique,S28,31,CPz,-0.9915,0.71094
Angelique,S28,32,Fpz,0.1535,0.42969
Angelique,S28,33,Fp2,-0.004,0.50781
Angelique,S28,34,AF8,1.5613,0.07031
Angelique,S28,35,AF4,-0.5255,0.71094
Angelique,S28,36,AFz,1.1091,0.13281
Angelique,S28,37,Fz,-0.5148,0.63281
Angelique,S28,38,F2,-0.7971,0.77344
Angelique,S28,39,F4,-1.1238,0.92969
Angelique,S28,40,F6,1.0507,0.13281
Angelique,S28,41,F8,-1.0058,0.83594
Angelique,S28,42,FT8,0.4277,0.38281
Angelique,S28,43,FC6,1.4287,0.08594
Angelique,S28,44,FC4,0.5861,0.38281
Angelique,S28,45,FC2,0.6827,0.49219
Angelique,S28,46,FCz,-0.7108,0.61719
Angelique,S28,47,Cz,0.2528,0.41406
Angelique,S28,48,C2,-1.4012,0.96094
Angelique,S28,49,C4,-1.0191,0.80469
Angelique,S28,50,C6,-1.4973,0.92969
Angelique,S28,51,T8,0.4846,0.49219
Angelique,S28,52,TP8,1.5684,0.00781
Angelique,S28,53,CP6,-0.7705,0.67969
Angelique,S28,54,CP4,-1.5057,0.92969
Angelique,S28,55,CP2,-1.0469,0.85156
Angelique,S28,56,P2,-1.6611,0.96094
Angelique,S28,57,P4,-1.2539,0.89844
Angelique,S28,58,P6,0.6572,0.36719
Angelique,S28,59,P8,0.4004,0.33594
Angelique,S28,60,P10,-1.2271,0.86719
Angelique,S28,61,PO8,1.3694,0.08594
Angelique,S28,62,PO4,1.922,0.03906
Angelique,S28,63,O2,-0.6651,0.63281
Angelique,S28,64,PO9,-0.9922,0.77344
Angelique,S28,65,I1,-1.0687,0.82031
Angelique,S28,66,I2,-0.7107,0.60156
Angelique,S28,67,PO10,-0.8384,0.78906
Angelique,S29,0,Fp1,-0.9911,0.75781
Angelique,S29,1,AF7,-1.4279,0.99219
Angelique,S29,2,AF3,-1.1485,0.92969
Angelique,S29,3,F1,-1.297,0.85156
Angelique,S29,4,F3,-1.3731,0.94531
Angelique,S29,5,F5,-1.3047,0.97656
Angelique,S29,6,F7,-1.131,0.86719
Angelique,S29,7,FT7,-1.9555,0.99219
Angelique,S29,8,FC5,-1.7387,0.97656
Angelique,S29,9,FC3,-1.4505,0.97656
Angelique,S29,10,FC1,-1.074,0.77344
Angelique,S29,11,C1,-0.8272,0.50781
Angelique,S29,12,C3,-0.7052,0.57031
Angelique,S29,13,C5,-1.9111,0.96094
Angelique,S29,14,T7,-1.1281,0.82031
Angelique,S29,15,TP7,0.4959,0.36719
Angelique,S29,16,CP5,-0.2364,0.64844
Angelique,S29,17,CP3,-0.9922,0.78906
Angelique,S29,18,CP1,-0.9323,0.57031
Angelique,S29,19,P1,2.1115,0.00781
Angelique,S29,20,P3,1.0803,0.22656
Angelique,S29,21,P5,1.6749,0.03906
Angelique,S29,22,P7,-0.0637,0.52344
Angelique,S29,23,P9,-1.1076,0.82031
Angelique,S29,24,PO7,-0.7652,0.53906
Angelique,S29,25,PO3,0.469,0.33594
Angelique,S29,26,O1,-1.0074,0.83594
Angelique,S29,27,Iz,-1.2869,0.78906
Angelique,S29,28,Oz,-1.0695,0.75781
Angelique,S29,29,POz,-0.0063,0.50781
Angelique,S29,30,Pz,1.7743,0.05469
Angelique,S29,31,CPz,-0.9231,0.58594
Angelique,S29,32,Fpz,-1.0363,0.85156
Angelique,S29,33,Fp2,-1.0992,0.88281
Angelique,S29,34,AF8,-1.0659,0.83594
Angelique,S29,35,AF4,-1.0594,0.89844
Angelique,S29,36,AFz,-0.9787,0.72656
Angelique,S29,37,Fz,-1.2287,0.80469
Angelique,S29,38,F2,-0.9386,0.77344
Angelique,S29,39,F4,-0.991,0.75781
Angelique,S29,40,F6,0.1957,0.41406
Angelique,S29,41,F8,0.763,0.32031
Angelique,S29,42,FT8,1.5642,0.07031
Angelique,S29,43,FC6,-0.8183,0.60156
Angelique,S29,44,FC4,-0.9604,0.77344
Angelique,S29,45,FC2,-0.4645,0.66406
Angelique,S29,46,FCz,-0.9948,0.77344
Angelique,S29,47,Cz,-0.8762,0.57031
Angelique,S29,48,C2,-0.91,0.58594
Angelique,S29,49,C4,0.1406,0.46094
Angelique,S29,50,C6,0.9865,0.25781
Angelique,S29,51,T8,-1.2658,0.86719
Angelique,S29,52,TP8,-1.3234,0.92969
Angelique,S29,53,CP6,-1.587,0.96094
Angelique,S29,54,CP4,-1.4162,0.88281
Angelique,S29,55,CP2,0.8153,0.32031
Angelique,S29,56,P2,1.012,0.22656
Angelique,S29,57,P4,-1.9841,0.97656
Angelique,S29,58,P6,-1.476,0.97656
Angelique,S29,59,P8,-1.6844,0.99219
Angelique,S29,60,P10,-0.7912,0.71094
Angelique,S29,61,PO8,-0.3095,0.60156
Angelique,S29,62,PO4,-1.4859,0.91406
Angelique,S29,63,O2,-0.9964,0.80469
Angelique,S29,64,PO9,0.927,0.25781
Angelique,S29,65,I1,-1.3593,0.83594
Angelique,S29,66,I2,-1.0959,0.86719
Angelique,S29,67,PO10,-0.3269,0.57031
Angelique,S31,0,Fp1,0.86,0.25781
Angelique,S31,1,AF7,-0.2033,0.55469
Angelique,S31,2,AF3,0.3565,0.39844
Angelique,S31,3,F1,-1.2318,0.88281
Angelique,S31,4,F3,-1.1871,0.91406
Angelique,S31,5,F5,-1.3407,0.99219
Angelique,S31,6,F7,-1.2976,0.85156
Angelique,S31,7,FT7,-1.5698,0.99219
Angelique,S31,8,FC5,-1.3117,0.99219
Angelique,S31,9,FC3,-1.3721,0.77344
Angelique,S31,10,FC1,-1.0624,0.96094
Angelique,S31,11,C1,0.445,0.38281
Angelique,S31,12,C3,-1.3206,0.89844
Angelique,S31,13,C5,-1.028,0.83594
Angelique,S31,14,T7,-0.665,0.74219
Angelique,S31,15,TP7,-1.4178,0.91406
Angelique,S31,16,CP5,1.1428,0.07031
Angelique,S31,17,CP3,0.7005,0.39844
Angelique,S31,18,CP1,0.6327,0.39844
Angelique,S31,19,P1,1.0366,0.14844
Angelique,S31,20,P3,1.1098,0.21094
Angelique,S31,21,P5,0.6943,0.41406
Angelique,S31,22,P7,1.2245,0.13281
Angelique,S31,23,P9,1.3519,0.11719
Angelique,S31,24,PO7,0.8765,0.24219
Angelique,S31,25,PO3,1.2925,0.14844
Angelique,S31,26,O1,1.1193,0.19531
Angelique,S31,27,Iz,0.2542,0.41406
Angelique,S31,28,Oz,-0.2529,0.58594
Angelique,S31,29,POz,0.7647,0.35156
Angelique,S31,30,Pz,0.9907,0.38281
Angelique,S31,31,CPz,0.814,0.44531
Angelique,S31,32,Fpz,1.0828,0.19531
Angelique,S31,33,Fp2,1.1899,0.14844
Angelique,S31,34,AF8,0.7893,0.27344
Angelique,S31,35,AF4,-0.2062,0.55469
Angelique,S31,36,AFz,0.0198,0.49219
Angelique,S31,37,Fz,-1.0821,0.82031
Angelique,S31,38,F2,-0.6943,0.71094
Angelique,S31,39,F4,-1.0375,0.83594
Angelique,S31,40,F6,-1.2021,0.82031
Angelique,S31,41,F8,0.2344,0.41406
Angelique,S31,42,FT8,-1.0683,0.97656
Angelique,S31,43,FC6,-0.7683,0.74219
Angelique,S31,44,FC4,-1.0039,0.88281
Angelique,S31,45,FC2,-1.5507,0.92969
Angelique,S31,46,FCz,-1.1518,0.96094
Angelique,S31,47,Cz,0.9866,0.25781
Angelique,S31,48,C2,-1.1341,0.82031
Angelique,S31,49,C4,-0.6657,0.69531
Angelique,S31,50,C6,-0.9187,0.63281
Angelique,S31,51,T8,0.9557,0.24219
Angelique,S31,52,TP8,1.2571,0.11719
Angelique,S31,53,CP6,-0.9374,0.60156
Angelique,S31,54,CP4,0.3546,0.36719
Angelique,S31,55,CP2,0.8813,0.33594
Angelique,S31,56,P2,0.8672,0.38281
Angelique,S31,57,P4,-1.3711,0.94531
Angelique,S31,58,P6,-0.9075,0.74219
Angelique,S31,59,P8,0.0265,0.49219
Angelique,S31,60,P10,0.4938,0.32031
Angelique,S31,61,PO8,-1.0945,0.78906
Angelique,S31,62,PO4,-0.8852,0.80469
Angelique,S31,63,O2,-1.3069,0.86719
Angelique,S31,64,PO9,-0.4411,0.72656
Angelique,S31,65,I1,1.1593,0.14844
Angelique,S31,66,I2,-0.3622,0.61719
Angelique,S31,67,PO10,-1.2728,0.89844
Angelique,S32,0,Fp1,1.1911,0.17969
Angelique,S32,1,AF7,0.8462,0.39844
Angelique,S32,2,AF3,1.0551,0.24219
Angelique,S32,3,F1,0.8585,0.22656
Angelique,S32,4,F3,1.1674,0.13281
Angelique,S32,5,F5,1.0613,0.21094
Angelique,S32,6,F7,0.3937,0.41406
Angelique,S32,7,FT7,-0.7773,0.63281
Angelique,S32,8,FC5,-0.6411,0.71094
Angelique,S32,9,FC3,-0.6176,0.64844
Angelique,S32,10,FC1,1.3666,0.08594
Angelique,S32,11,C1,-0.8924,0.75781
Angelique,S32,12,C3,-1.3122,0.80469
Angelique,S32,13,C5,-0.1178,0.57031
Angelique,S32,14,T7,-1.0848,0.83594
Angelique,S32,15,TP7,0.834,0.39844
Angelique,S32,16,CP5,0.8934,0.32031
Angelique,S32,17,CP3,0.2102,0.44531
Angelique,S32,18,CP1,-1.6981,0.96094
Angelique,S32,19,P1,-0.9941,0.78906
Angelique,S32,20,P3,-0.319,0.61719
Angelique,S32,21,P5,-0.9964,0.85156
Angelique,S32,22,P7,-1.2972,0.94531
Angelique,S32,23,P9,-0.6233,0.71094
Angelique,S32,24,PO7,-0.9689,0.77344
Angelique,S32,25,PO3,0.8741,0.21094
Angelique,S32,26,O1,-0.0354,0.52344
Angelique,S32,27,Iz,-1.1043,0.83594
Angelique,S32,28,Oz,-0.9016,0.71094
Angelique,S32,29,POz,-0.2248,0.69531
Angelique,S32,30,Pz,0.9509,0.30469
Angelique,S32,31,CPz,-1.2712,0.83594
Angelique,S32,32,Fpz,-0.6446,0.53906
Angelique,S32,33,Fp2,1.2078,0.14844
Angelique,S32,34,AF8,0.5455,0.33594
Angelique,S32,35,AF4,1.4545,0.10156
Angelique,S32,36,AFz,1.3986,0.11719
Angelique,S32,37,Fz,0.9596,0.24219
Angelique,S32,38,F2,-0.0466,0.52344
Angelique,S32,39,F4,0.8066,0.36719
Angelique,S32,40,F6,1.3619,0.10156
Angelique,S32,41,F8,0.7636,0.28906
Angelique,S32,42,FT8,1.1146,0.14844
Angelique,S32,43,FC6,1.2359,0.22656
Angelique,S32,44,FC4,1.0249,0.19531
Angelique,S32,45,FC2,1.118,0.16406
Angelique,S32,46,FCz,0.4718,0.30469
Angelique,S32,47,Cz,-0.5125,0.58594
Angelique,S32,48,C2,0.9871,0.25781
Angelique,S32,49,C4,-0.2145,0.58594
Angelique,S32,50,C6,0.2938,0.42969
Angelique,S32,51,T8,1.253,0.21094
Angelique,S32,52,TP8,-1.1648,0.85156
Angelique,S32,53,CP6,-0.2044,0.74219
Angelique,S32,54,CP4,-0.2814,0.64844
Angelique,S32,55,CP2,-0.1006,0.55469
Angelique,S32,56,P2,-0.2898,0.50781
Angelique,S32,57,P4,-0.131,0.55469
Angelique,S32,58,P6,-0.5559,0.53906
Angelique,S32,59,P8,0.1261,0.42969
Angelique,S32,60,P10,1.4842,0.05469
Angelique,S32,61,PO8,0.0754,0.46094
Angelique,S32,62,PO4,0.578,0.28906
Angelique,S32,63,O2,0.8509,0.16406
Angelique,S32,64,PO9,-0.9064,0.63281
Angelique,S32,65,I1,-1.1564,0.86719
Angelique,S32,66,I2,-0.545,0.58594
Angelique,S32,67,PO10,0.0298,0.47656
Angelique,S33,0,Fp1,-0.7084,0.69531
Angelique,S33,1,AF7,-0.8846,0.58594
Angelique,S33,2,AF3,-0.6994,0.71094
Angelique,S33,3,F1,-0.6566,0.67969
Angelique,S33,4,F3,-0.2872,0.72656
Angelique,S33,5,F5,1.0339,0.22656
Angelique,S33,6,F7,1.0941,0.24219
Angelique,S33,7,FT7,-1.0487,0.85156
Angelique,S33,8,FC5,1.0284,0.08594
Angelique,S33,9,FC3,-0.3115,0.74219
Angelique,S33,10,FC1,-1.0802,0.91406
Angelique,S33,11,C1,-0.8749,0.72656
Angelique,S33,12,C3,1.1463,0.19531
Angelique,S33,13,C5,-0.1226,0.64844
Angelique,S33,14,T7,-1.0031,0.75781
Angelique,S33,15,TP7,1.006,0.21094
Angelique,S33,16,CP5,-0.184,0.63281
Angelique,S33,17,CP3,0.2538,0.35156
Angelique,S33,18,CP1,-0.9396,0.72656
Angelique,S33,19,P1,0.1581,0.46094
Angelique,S33,20,P3,0.1919,0.38281
Angelique,S33,21,P5,-1.15,0.83594
Angelique,S33,22,P7,-0.112,0.53906
Angelique,S33,23,P9,0.2384,0.39844
Angelique,S33,24,PO7,1.4737,0.08594
Angelique,S33,25,PO3,0.7515,0.35156
Angelique,S33,26,O1,-1.3162,0.88281
Angelique,S33,27,Iz,0.019,0.49219
Angelique,S33,28,Oz,-1.1418,0.85156
Angelique,S33,29,POz,-0.2359,0.58594
Angelique,S33,30,Pz,1.2267,0.14844
Angelique,S33,31,CPz,-1.0709,0.83594
Angelique,S33,32,Fpz,-1.2625,0.83594
Angelique,S33,33,Fp2,-1.1576,0.82031
Angelique,S33,34,AF8,-1.297,0.82031
Angelique,S33,35,AF4,-0.5174,0.58594
Angelique,S33,36,AFz,-0.4632,0.57031
Angelique,S33,37,Fz,1.2951,0.16406
Angelique,S33,38,F2,-0.4171,0.58594
Angelique,S33,39,F4,0.208,0.49219
Angelique,S33,40,F6,0.4503,0.35156
Angelique,S33,41,F8,0.0901,0.46094
Angelique,S33,42,FT8,-1.289,0.96094
Angelique,S33,43,FC6,-0.9936,0.89844
Angelique,S33,44,FC4,-1.0605,0.86719
Angelique,S33,45,FC2,-0.8657,0.55469
Angelique,S33,46,FCz,-0.9878,0.64844
Angelique,S33,47,Cz,-1.0614,0.85156
Angelique,S33,48,C2,1.3855,0.08594
Angelique,S33,49,C4,1.0063,0.21094
Angelique,S33,50,C6,1.2443,0.07031
Angelique,S33,51,T8,0.9526,0.30469
Angelique,S33,52,TP8,1.3119,0.13281
Angelique,S33,53,CP6,1.2431,0.03906
Angelique,S33,54,CP4,1.1095,0.17969
Angelique,S33,55,CP2,0.2209,0.38281
Angelique,S33,56,P2,1.1616,0.14844
Angelique,S33,57,P4,1.0087,0.22656
Angelique,S33,58,P6,1.543,0.05469
Angelique,S33,59,P8,1.2809,0.10156
Angelique,S33,60,P10,0.3866,0.38281
Angelique,S33,61,PO8,0.5223,0.27344
Angelique,S33,62,PO4,0.8766,0.35156
Angelique,S33,63,O2,0.0382,0.49219
Angelique,S33,64,PO9,-1.1095,0.92969
Angelique,S33,65,I1,-1.2759,0.88281
Angelique,S33,66,I2,1.047,0.05469
Angelique,S33,67,PO10,0.3527,0.35156
Angelique,S34,0,Fp1,0.9444,0.39844
Angelique,S34,1,AF7,0.9907,0.30469
Angelique,S34,2,AF3,0.9817,0.27344
Angelique,S34,3,F1,1.0568,0.17969
Angelique,S34,4,F3,0.794,0.33594
Angelique,S34,5,F5,1.016,0.22656
Angelique,S34,6,F7,0.9904,0.22656
Angelique,S34,7,FT7,-0.1683,0.53906
Angelique,S34,8,FC5,0.4878,0.32031
Angelique,S34,9,FC3,0.6912,0.25781
Angelique,S34,10,FC1,1.0498,0.14844
Angelique,S34,11,C1,-0.0278,0.52344
Angelique,S34,12,C3,-1.1462,0.86719
Angelique,S34,13,C5,0.5609,0.39844
Angelique,S34,14,T7,0.0519,0.47656
Angelique,S34,15,TP7,0.791,0.32031
Angelique,S34,16,CP5,1.2104,0.16406
Angelique,S34,17,CP3,-0.6679,0.69531
Angelique,S34,18,CP1,1.3098,0.07031
Angelique,S34,19,P1,0.1799,0.39844
Angelique,S34,20,P3,0.1978,0.47656
Angelique,S34,21,P5,-1.0116,0.75781
Angelique,S34,22,P7,-0.9235,0.72656
Angelique,S34,23,P9,1.0356,0.19531
Angelique,S34,24,PO7,-0.1848,0.55469
Angelique,S34,25,PO3,0.1584,0.36719
Angelique,S34,26,O1,-0.474,0.61719
Angelique,S34,27,Iz,1.1245,0.21094
Angelique,S34,28,Oz,0.9284,0.28906
Angelique,S34,29,POz,-0.7005,0.66406
Angelique,S34,30,Pz,0.9573,0.22656
Angelique,S34,31,CPz,-0.1383,0.53906
Angelique,S34,32,Fpz,0.0274,0.47656
Angelique,S34,33,Fp2,1.0484,0.16406
Angelique,S34,34,AF8,-0.6623,0.60156
Angelique,S34,35,AF4,0.9081,0.25781
Angelique,S34,36,AFz,0.0833,0.46094
Angelique,S34,37,Fz,0.3515,0.38281
Angelique,S34,38,F2,1.4652,0.02344
Angelique,S34,39,F4,-0.7338,0.61719
Angelique,S34,40,F6,-0.8455,0.66406
Angelique,S34,41,F8,0.2113,0.39844
Angelique,S34,42,FT8,0.7816,0.41406
Angelique,S34,43,FC6,0.7669,0.44531
Angelique,S34,44,FC4,-0.9537,0.58594
Angelique,S34,45,FC2,0.2894,0.41406
Angelique,S34,46,FCz,0.977,0.39844
Angelique,S34,47,Cz,1.0186,0.16406
Angelique,S34,48,C2,-1.2407,0.88281
Angelique,S34,49,C4,0.6572,0.49219
Angelique,S34,50,C6,0.7042,0.24219
Angelique,S34,51,T8,-0.9977,0.82031
Angelique,S34,52,TP8,-1.1378,0.83594
Angelique,S34,53,CP6,-0.1712,0.58594
Angelique,S34,54,CP4,1.0062,0.24219
Angelique,S34,55,CP2,1.5966,0.05469
Angelique,S34,56,P2,1.4864,0.08594
Angelique,S34,57,P4,1.1061,0.00781
Angelique,S34,58,P6,0.7774,0.35156
Angelique,S34,59,P8,-1.0688,0.82031
Angelique,S34,60,P10,1.1493,0.16406
Angelique,S34,61,PO8,1.2,0.13281
Angelique,S34,62,PO4,-0.9937,0.78906
Angelique,S34,63,O2,-0.064,0.57031
Angelique,S34,64,PO9,0.342,0.32031
Angelique,S34,65,I1,-1.1392,0.80469
Angelique,S34,66,I2,1.0587,0.17969
Angelique,S34,67,PO10,0.8069,0.22656
Angelique,S35,0,Fp1,1.3628,0.08594
Angelique,S35,1,AF7,1.3473,0.07031
Angelique,S35,2,AF3,1.6053,0.03906
Angelique,S35,3,F1,1.9606,0.02344
Angelique,S35,4,F3,1.523,0.08594
Angelique,S35,5,F5,1.774,0.02344
Angelique,S35,6,F7,1.0459,0.19531
Angelique,S35,7,FT7,1.255,0.16406
Angelique,S35,8,FC5,0.5422,0.30469
Angelique,S35,9,FC3,1.5932,0.08594
Angelique,S35,10,FC1,1.2759,0.08594
Angelique,S35,11,C1,0.4891,0.33594
Angelique,S35,12,C3,1.0686,0.14844
Angelique,S35,13,C5,1.64,0.05469
Angelique,S35,14,T7,1.4883,0.07031
Angelique,S35,15,TP7,1.0104,0.21094
Angelique,S35,16,CP5,1.1599,0.21094
Angelique,S35,17,CP3,0.7325,0.27344
Angelique,S35,18,CP1,0.999,0.21094
Angelique,S35,19,P1,0.8898,0.39844
Angelique,S35,20,P3,0.9773,0.24219
Angelique,S35,21,P5,0.9823,0.27344
Angelique,S35,22,P7,-0.3035,0.57031
Angelique,S35,23,P9,1.8653,0.02344
Angelique,S35,24,PO7,1.327,0.03906
Angelique,S35,25,PO3,-0.5605,0.52344
Angelique,S35,26,O1,0.8821,0.30469
Angelique,S35,27,Iz,1.9142,0.00781
Angelique,S35,28,Oz,1.1021,0.00781
Angelique,S35,29,POz,-0.2849,0.64844
Angelique,S35,30,Pz,-0.5079,0.52344
Angelique,S35,31,CPz,0.556,0.27344
Angelique,S35,32,Fpz,1.3549,0.08594
Angelique,S35,33,Fp2,1.5906,0.08594
Angelique,S35,34,AF8,1.7402,0.05469
Angelique,S35,35,AF4,1.8995,0.02344
Angelique,S35,36,AFz,1.8788,0.00781
Angelique,S35,37,Fz,1.8572,0.00781
Angelique,S35,38,F2,1.9425,0.00781
Angelique,S35,39,F4,1.7735,0.02344
Angelique,S35,40,F6,1.3206,0.03906
Angelique,S35,41,F8,1.046,0.19531
Angelique,S35,42,FT8,1.5535,0.03906
Angelique,S35,43,FC6,0.8928,0.27344
Angelique,S35,44,FC4,-0.2608,0.50781
Angelique,S35,45,FC2,1.5954,0.07031
Angelique,S35,46,FCz,0.5374,0.28906
Angelique,S35,47,Cz,1.1156,0.19531
Angelique,S35,48,C2,1.0035,0.19531
Angelique,S35,49,C4,0.8301,0.47656
Angelique,S35,50,C6,0.1478,0.32031
Angelique,S35,51,T8,0.9042,0.35156
Angelique,S35,52,TP8,1.2035,0.00781
Angelique,S35,53,CP6,1.7953,0.03906
Angelique,S35,54,CP4,1.5753,0.07031
Angelique,S35,55,CP2,0.3269,0.36719
Angelique,S35,56,P2,0.7291,0.39844
Angelique,S35,57,P4,0.9635,0.25781
Angelique,S35,58,P6,-0.244,0.58594
Angelique,S35,59,P8,2.0976,0.00781
Angelique,S35,60,P10,2.0906,0.00781
Angelique,S35,61,PO8,1.7894,0.03906
Angelique,S35,62,PO4,1.6071,0.07031
Angelique,S35,63,O2,1.9815,0.02344
Angelique,S35,64,PO9,-0.5194,0.58594
Angelique,S35,65,I1,1.3944,0.08594
Angelique,S35,66,I2,1.8282,0.02344
Angelique,S35,67,PO10,2.1937,0.00781
Angelique,S37,0,Fp1,-1.4182,0.92969
Angelique,S37,1,AF7,-0.2513,0.58594
Angelique,S37,2,AF3,0.6703,0.38281
Angelique,S37,3,F1,-0.8487,0.75781
Angelique,S37,4,F3,0.4458,0.38281
Angelique,S37,5,F5,0.965,0.35156
Angelique,S37,6,F7,0.0923,0.46094
Angelique,S37,7,FT7,-0.1976,0.57031
Angelique,S37,8,FC5,0.849,0.28906
Angelique,S37,9,FC3,-0.3065,0.61719
Angelique,S37,10,FC1,-1.2295,0.86719
Angelique,S37,11,C1,-1.2438,0.89844
Angelique,S37,12,C3,0.2195,0.47656
Angelique,S37,13,C5,0.7428,0.27344
Angelique,S37,14,T7,1.0091,0.21094
Angelique,S37,15,TP7,0.9113,0.19531
Angelique,S37,16,CP5,-0.6087,0.63281
Angelique,S37,17,CP3,0.9006,0.41406
Angelique,S37,18,CP1,-1.0604,0.96094
Angelique,S37,19,P1,1.2252,0.11719
Angelique,S37,20,P3,0.4026,0.47656
Angelique,S37,21,P5,-1.0622,0.83594
Angelique,S37,22,P7,-0.9994,0.77344
Angelique,S37,23,P9,-0.5465,0.64844
Angelique,S37,24,PO7,-0.8165,0.71094
Angelique,S37,25,PO3,-0.5102,0.67969
Angelique,S37,26,O1,-0.2882,0.60156
Angelique,S37,27,Iz,-0.5547,0.64844
Angelique,S37,28,Oz,0.1547,0.41406
Angelique,S37,29,POz,0.1563,0.42969
Angelique,S37,30,Pz,1.228,0.14844
Angelique,S37,31,CPz,-1.3801,0.88281
Angelique,S37,32,Fpz,0.9454,0.21094
Angelique,S37,33,Fp2,0.1909,0.44531
Angelique,S37,34,AF8,-1.1252,0.82031
Angelique,S37,35,AF4,0.8955,0.24219
Angelique,S37,36,AFz,1.4649,0.11719
Angelique,S37,37,Fz,-0.0315,0.50781
Angelique,S37,38,F2,1.1048,0.14844
Angelique,S37,39,F4,0.96,0.21094
Angelique,S37,40,F6,-0.3778,0.61719
Angelique,S37,41,F8,-0.5298,0.69531
Angelique,S37,42,FT8,0.8178,0.32031
Angelique,S37,43,FC6,0.8323,0.30469
Angelique,S37,44,FC4,1.3879,0.11719
Angelique,S37,45,FC2,0.7995,0.24219
Angelique,S37,46,FCz,-0.6703,0.67969
Angelique,S37,47,Cz,-1.0288,0.89844
Angelique,S37,48,C2,-0.9383,0.74219
Angelique,S37,49,C4,0.4465,0.41406
Angelique,S37,50,C6,-0.839,0.75781
Angelique,S37,51,T8,1.1998,0.13281
Angelique,S37,52,TP8,0.5437,0.30469
Angelique,S37,53,CP6,-0.5292,0.63281
Angelique,S37,54,CP4,-0.4683,0.64844
Angelique,S37,55,CP2,-1.796,0.97656
Angelique,S37,56,P2,0.6507,0.27344
Angelique,S37,57,P4,0.2071,0.42969
Angelique,S37,58,P6,0.4956,0.33594
Angelique,S37,59,P8,0.7389,0.25781
Angelique,S37,60,P10,1.1148,0.19531
Angelique,S37,61,PO8,-0.425,0.61719
Angelique,S37,62,PO4,0.1956,0.42969
Angelique,S37,63,O2,-0.3058,0.60156
Angelique,S37,64,PO9,-0.6042,0.71094
Angelique,S37,65,I1,-0.8639,0.78906
Angelique,S37,66,I2,-0.2534,0.55469
Angelique,S37,67,PO10,-0.7624,0.63281
Angelique,S38,0,Fp1,-0.6539,0.74219
Angelique,S38,1,AF7,-0.4871,0.66406
Angelique,S38,2,AF3,-1.0823,0.82031
Angelique,S38,3,F1,-1.281,0.99219
Angelique,S38,4,F3,-1.4165,0.92969
Angelique,S38,5,F5,-1.4583,0.94531
Angelique,S38,6,F7,-0.1227,0.55469
Angelique,S38,7,FT7,0.0216,0.47656
Angelique,S38,8,FC5,-1.0765,0.86719
Angelique,S38,9,FC3,-0.3576,0.72656
Angelique,S38,10,FC1,-0.0624,0.55469
Angelique,S38,11,C1,-0.3816,0.58594
Angelique,S38,12,C3,-1.057,0.75781
Angelique,S38,13,C5,-0.7135,0.71094
Angelique,S38,14,T7,0.2038,0.38281
Angelique,S38,15,TP7,-1.067,0.80469
Angelique,S38,16,CP5,-1.009,0.82031
Angelique,S38,17,CP3,-0.1479,0.57031
Angelique,S38,18,CP1,0.1557,0.38281
Angelique,S38,19,P1,1.0026,0.22656
Angelique,S38,20,P3,-0.8343,0.72656
Angelique,S38,21,P5,-0.8405,0.77344
Angelique,S38,22,P7,-0.9894,0.75781
Angelique,S38,23,P9,-0.8892,0.71094
Angelique,S38,24,PO7,0.8917,0.36719
Angelique,S38,25,PO3,-2.2712,0.99219
Angelique,S38,26,O1,0.6617,0.41406
Angelique,S38,27,Iz,-0.9729,0.71094
Angelique,S38,28,Oz,-1.6987,0.97656
Angelique,S38,29,POz,0.8175,0.47656
Angelique,S38,30,Pz,1.3159,0.07031
Angelique,S38,31,CPz,-0.8523,0.78906
Angelique,S38,32,Fpz,-1.5063,0.94531
Angelique,S38,33,Fp2,0.1636,0.47656
Angelique,S38,34,AF8,-1.7054,0.96094
Angelique,S38,35,AF4,-1.4604,0.92969
Angelique,S38,36,AFz,-1.2339,0.85156
Angelique,S38,37,Fz,-1.1748,0.97656
Angelique,S38,38,F2,-2.0595,0.99219
Angelique,S38,39,F4,-0.7511,0.75781
Angelique,S38,40,F6,-0.8464,0.77344
Angelique,S38,41,F8,-1.8958,0.99219
Angelique,S38,42,FT8,-1.155,0.89844
Angelique,S38,43,FC6,0.6153,0.33594
Angelique,S38,44,FC4,0.1426,0.46094
Angelique,S38,45,FC2,-0.3425,0.60156
Angelique,S38,46,FCz,-0.449,0.69531
Angelique,S38,47,Cz,0.7043,0.33594
Angelique,S38,48,C2,0.6878,0.22656
Angelique,S38,49,C4,1.3459,0.11719
Angelique,S38,50,C6,1.053,0.24219
Angelique,S38,51,T8,1.1023,0.17969
Angelique,S38,52,TP8,0.5894,0.36719
Angelique,S38,53,CP6,-1.3684,0.89844
Angelique,S38,54,CP4,0.8316,0.30469
Angelique,S38,55,CP2,-0.7721,0.69531
Angelique,S38,56,P2,1.1345,0.08594
Angelique,S38,57,P4,-0.7601,0.71094
Angelique,S38,58,P6,-0.9419,0.82031
Angelique,S38,59,P8,0.5929,0.42969
Angelique,S38,60,P10,0.9444,0.28906
Angelique,S38,61,PO8,0.8423,0.28906
Angelique,S38,62,PO4,-1.0038,0.85156
Angelique,S38,63,O2,0.8691,0.17969
Angelique,S38,64,PO9,-1.1085,0.80469
Angelique,S38,65,I1,-1.1112,0.97656
Angelique,S38,66,I2,-0.9365,0.63281
Angelique,S38,67,PO10,0.1673,0.41406
Talia,S01,0,Fp1,1.0459,0.15625
Talia,S01,1,AF7,1.3172,0.03125
Talia,S01,2,AF3,1.0943,0.15625
Talia,S01,3,F1,1.1292,0.15625
Talia,S01,4,F3,-0.3671,0.71875
Talia,S01,5,F5,0.6857,0.46875
Talia,S01,6,F7,-0.8056,0.78125
Talia,S01,7,FT7,-0.052,0.53125
Talia,S01,8,FC5,0.8244,0.28125
Talia,S01,9,FC3,1.0852,0.09375
Talia,S01,10,FC1,1.1644,0.09375
Talia,S01,11,C1,1.1536,0.03125
Talia,S01,12,C3,0.6886,0.28125
Talia,S01,13,C5,0.9117,0.15625
Talia,S01,14,T7,1.2209,0.03125
Talia,S01,15,TP7,-0.0549,0.53125
Talia,S01,16,CP5,1.3854,0.09375
Talia,S01,17,CP3,1.2292,0.15625
Talia,S01,18,CP1,0.4634,0.34375
Talia,S01,19,P1,1.0521,0.15625
Talia,S01,20,P3,0.9345,0.34375
Talia,S01,21,P5,-0.9934,0.84375
Talia,S01,22,P7,0.5112,0.40625
Talia,S01,23,P9,-0.2402,0.65625
Talia,S01,24,PO7,1.0711,0.15625
Talia,S01,25,PO3,0.8705,0.28125
Talia,S01,26,O1,-0.3666,0.65625
Talia,S01,27,Iz,1.7871,0.03125
Talia,S01,28,Oz,0.8743,0.28125
Talia,S01,29,POz,0.9176,0.46875
Talia,S01,30,Pz,0.8989,0.40625
Talia,S01,31,CPz,-1.1288,0.78125
Talia,S01,32,Fpz,1.1705,0.15625
Talia,S01,33,Fp2,1.2642,0.09375
Talia,S01,34,AF8,1.3296,0.09375
Talia,S01,35,AF4,1.3929,0.03125
Talia,S01,36,AFz,1.5231,0.03125
Talia,S01,37,Fz,1.1148,0.09375
Talia,S01,38,F2,0.6977,0.46875
Talia,S01,39,F4,0.8074,0.28125
Talia,S01,40,F6,-0.159,0.53125
Talia,S01,41,F8,0.1092,0.40625
Talia,S01,42,FT8,1.1364,0.15625
Talia,S01,43,FC6,-0.8283,0.53125
Talia,S01,44,FC4,0.8633,0.40625
Talia,S01,45,FC2,0.9864,0.21875
Talia,S01,46,FCz,1.1134,0.09375
Talia,S01,47,Cz,1.5618,0.03125
Talia,S01,48,C2,1.5178,0.03125
Talia,S01,49,C4,1.0679,0.15625
Talia,S01,50,C6,0.6138,0.28125
Talia,S01,51,T8,-0.4895,0.53125
Talia,S01,52,TP8,-0.4654,0.65625
Talia,S01,53,CP6,-0.8896,0.65625
Talia,S01,54,CP4,-0.5333,0.53125
Talia,S01,55,CP2,1.3482,0.09375
Talia,S01,56,P2,-0.7352,0.71875
Talia,S01,57,P4,-0.1262,0.59375
Talia,S01,58,P6,1.5113,0.09375
Talia,S01,59,P8,1.3448,0.09375
Talia,S01,60,P10,1.1954,0.21875
Talia,S01,61,PO8,0.8419,0.28125
Talia,S01,62,PO4,0.7295,0.40625
Talia,S01,63,O2,0.9992,0.03125
Talia,S01,64,PO9,0.4692,0.34375
Talia,S01,65,I1,0.9243,0.46875
Talia,S01,66,I2,1.6276,0.03125
Talia,S01,67,PO10,1.2053,0.15625
Talia,S02,0,Fp1,0.9912,0.09375
Talia,S02,1,AF7,-0.7677,0.65625
Talia,S02,2,AF3,1.2337,0.09375
Talia,S02,3,F1,0.821,0.34375
Talia,S02,4,F3,0.8331,0.28125
Talia,S02,5,F5,1.2873,0.09375
Talia,S02,6,F7,0.939,0.46875
Talia,S02,7,FT7,1.1674,0.09375
Talia,S02,8,FC5,-0.9551,0.53125
Talia,S02,9,FC3,-1.6326,0.96875
Talia,S02,10,FC1,-1.3595,0.90625
Talia,S02,11,C1,-0.9828,0.78125
Talia,S02,12,C3,-1.4058,0.90625
Talia,S02,13,C5,1.3082,0.09375
Talia,S02,14,T7,1.0948,0.15625
Talia,S02,15,TP7,1.342,0.21875
Talia,S02,16,CP5,0.9364,0.21875
Talia,S02,17,CP3,1.3898,0.03125
Talia,S02,18,CP1,-1.1617,0.84375
Talia,S02,19,P1,1.4473,0.03125
Talia,S02,20,P3,1.1029,0.15625
Talia,S02,21,P5,1.6246,0.09375
Talia,S02,22,P7,0.0545,0.46875
Talia,S02,23,P9,1.5523,0.03125
Talia,S02,24,PO7,1.38,0.09375
Talia,S02,25,PO3,0.9554,0.40625
Talia,S02,26,O1,-0.8681,0.78125
Talia,S02,27,Iz,0.8557,0.28125
Talia,S02,28,Oz,1.2628,0.15625
Talia,S02,29,POz,1.5159,0.09375
Talia,S02,30,Pz,1.1186,0.21875
Talia,S02,31,CPz,0.5263,0.34375
Talia,S02,32,Fpz,1.0596,0.03125
Talia,S02,33,Fp2,-1.2121,0.90625
Talia,S02,34,AF8,0.1202,0.46875
Talia,S02,35,AF4,-0.7038,0.59375
Talia,S02,36,AFz,0.5497,0.28125
Talia,S02,37,Fz,0.1063,0.46875
Talia,S02,38,F2,0.8272,0.34375
Talia,S02,39,F4,-0.5729,0.71875
Talia,S02,40,F6,1.0246,0.09375
Talia,S02,41,F8,1.0713,0.09375
Talia,S02,42,FT8,1.8191,0.03125
Talia,S02,43,FC6,1.1323,0.03125
Talia,S02,44,FC4,0.5667,0.34375
Talia,S02,45,FC2,-0.7527,0.84375
Talia,S02,46,FCz,-1.2401,0.96875
Talia,S02,47,Cz,0.9244,0.21875
Talia,S02,48,C2,-0.8246,0.71875
Talia,S02,49,C4,1.608,0.03125
Talia,S02,50,C6,1.1833,0.21875
Talia,S02,51,T8,-0.4227,0.59375
Talia,S02,52,TP8,0.7054,0.34375
Talia,S02,53,CP6,1.3391,0.03125
Talia,S02,54,CP4,1.6741,0.03125
Talia,S02,55,CP2,-0.2062,0.59375
Talia,S02,56,P2,0.4477,0.40625
Talia,S02,57,P4,0.4343,0.34375
Talia,S02,58,P6,1.6223,0.03125
Talia,S02,59,P8,0.1582,0.46875
Talia,S02,60,P10,1.6481,0.03125
Talia,S02,61,PO8,-1.6515,0.96875
Talia,S02,62,PO4,1.5212,0.09375
Talia,S02,63,O2,1.2119,0.09375
Talia,S02,64,PO9,1.7564,0.03125
Talia,S02,65,I1,0.4368,0.34375
Talia,S02,66,I2,-0.543,0.65625
Talia,S02,67,PO10,0.8325,0.28125
Talia,S03,0,Fp1,-0.8967,0.53125
Talia,S03,1,AF7,-0.9451,0.53125
Talia,S03,2,AF3,-0.8334,0.53125
Talia,S03,3,F1,-0.3024,0.65625
Talia,S03,4,F3,0.4532,0.34375
Talia,S03,5,F5,0.0214,0.46875
Talia,S03,6,F7,-0.4544,0.53125
Talia,S03,7,FT7,1.596,0.03125
Talia,S03,8,FC5,-1.0234,0.78125
Talia,S03,9,FC3,-0.285,0.53125
Talia,S03,10,FC1,-1.1238,0.84375
Talia,S03,11,C1,-0.7228,0.71875
Talia,S03,12,C3,-0.8989,0.71875
Talia,S03,13,C5,-0.8618,0.59375
Talia,S03,14,T7,0.756,0.28125
Talia,S03,15,TP7,0.9258,0.28125
Talia,S03,16,CP5,-1.1584,0.78125
Talia,S03,17,CP3,-1.4052,0.96875
Talia,S03,18,CP1,0.9808,0.21875
Talia,S03,19,P1,0.8905,0.46875
Talia,S03,20,P3,0.6665,0.34375
Talia,S03,21,P5,-0.1671,0.53125
Talia,S03,22,P7,0.1065,0.28125
Talia,S03,23,P9,0.8023,0.28125
Talia,S03,24,PO7,-0.673,0.65625
Talia,S03,25,PO3,0.5708,0.46875
Talia,S03,26,O1,0.4306,0.28125
Talia,S03,27,Iz,0.3057,0.40625
Talia,S03,28,Oz,0.9986,0.21875
Talia,S03,29,POz,0.2139,0.40625
Talia,S03,30,Pz,-0.9455,0.71875
Talia,S03,31,CPz,0.4938,0.28125
Talia,S03,32,Fpz,-0.9568,0.59375
Talia,S03,33,Fp2,-0.9261,0.78125
Talia,S03,34,AF8,-1.0456,0.84375
Talia,S03,35,AF4,-0.6103,0.59375
Talia,S03,36,AFz,-0.8295,0.59375
Talia,S03,37,Fz,-0.9584,0.84375
Talia,S03,38,F2,-0.9933,0.84375
Talia,S03,39,F4,-1.2351,0.84375
Talia,S03,40,F6,-1.0488,0.84375
Talia,S03,41,F8,-0.8266,0.71875
Talia,S03,42,FT8,-0.6975,0.71875
Talia,S03,43,FC6,-1.0387,0.84375
Talia,S03,44,FC4,-1.6514,0.96875
Talia,S03,45,FC2,-1.356,0.90625
Talia,S03,46,FCz,-1.729,0.96875
Talia,S03,47,Cz,-0.8831,0.71875
Talia,S03,48,C2,-0.9375,0.78125
Talia,S03,49,C4,0.682,0.34375
Talia,S03,50,C6,-1.6878,0.96875
Talia,S03,51,T8,-1.3013,0.96875
Talia,S03,52,TP8,-0.2208,0.59375
Talia,S03,53,CP6,-1.0946,0.90625
Talia,S03,54,CP4,-1.4884,0.90625
Talia,S03,55,CP2,0.0462,0.46875
Talia,S03,56,P2,1.4192,0.09375
Talia,S03,57,P4,0.9955,0.15625
Talia,S03,58,P6,-0.4541,0.53125
Talia,S03,59,P8,-0.2037,0.59375
Talia,S03,60,P10,0.4425,0.34375
Talia,S03,61,PO8,1.2761,0.09375
Talia,S03,62,PO4,-0.1296,0.53125
Talia,S03,63,O2,0.3503,0.46875
Talia,S03,64,PO9,-0.9569,0.78125
Talia,S03,65,I1,0.0814,0.46875
Talia,S03,66,I2,-0.8707,0.78125
Talia,S03,67,PO10,0.1687,0.46875
Talia,S04,0,Fp1,-0.7128,0.59375
Talia,S04,1,AF7,0.6582,0.21875
Talia,S04,2,AF3,-0.2746,0.53125
Talia,S04,3,F1,-0.962,0.71875
Talia,S04,4,F3,-1.329,0.78125
Talia,S04,5,F5,-0.9024,0.71875
Talia,S04,6,F7,-0.5006,0.65625
Talia,S04,7,FT7,0.9233,0.15625
Talia,S04,8,FC5,-0.9642,0.53125
Talia,S04,9,FC3,-0.8288,0.59375
Talia,S04,10,FC1,-0.9541,0.71875
Talia,S04,11,C1,0.6331,0.46875
Talia,S04,12,C3,0.3272,0.46875
Talia,S04,13,C5,-0.7457,0.65625
Talia,S04,14,T7,0.5288,0.40625
Talia,S04,15,TP7,-0.9811,0.78125
Talia,S04,16,CP5,0.7746,0.28125
Talia,S04,17,CP3,0.4105,0.34375
Talia,S04,18,CP1,1.0406,0.15625
Talia,S04,19,P1,0.0538,0.40625
Talia,S04,20,P3,-0.4628,0.65625
Talia,S04,21,P5,-0.0713,0.53125
Talia,S04,22,P7,-0.9317,0.78125
Talia,S04,23,P9,0.8227,0.34375
Talia,S04,24,PO7,0.2064,0.46875
Talia,S04,25,PO3,1.0026,0.15625
Talia,S04,26,O1,1.017,0.21875
Talia,S04,27,Iz,0.6021,0.28125
Talia,S04,28,Oz,-0.5984,0.53125
Talia,S04,29,POz,0.633,0.28125
Talia,S04,30,Pz,0.8074,0.28125
Talia,S04,31,CPz,-0.5457,0.59375
Talia,S04,32,Fpz,0.291,0.40625
Talia,S04,33,Fp2,-0.9855,0.78125
Talia,S04,34,AF8,-0.7641,0.65625
Talia,S04,35,AF4,0.899,0.28125
Talia,S04,36,AFz,-0.8093,0.59375
Talia,S04,37,Fz,1.24,0.21875
Talia,S04,38,F2,0.356,0.46875
Talia,S04,39,F4,0.9498,0.28125
Talia,S04,40,F6,0.9737,0.15625
Talia,S04,41,F8,0.3096,0.34375
Talia,S04,42,FT8,1.2725,0.15625
Talia,S04,43,FC6,-1.0486,0.78125
Talia,S04,44,FC4,-0.1829,0.53125
Talia,S04,45,FC2,0.8362,0.28125
Talia,S04,46,FCz,0.7408,0.40625
Talia,S04,47,Cz,1.3758,0.09375
Talia,S04,48,C2,0.957,0.34375
Talia,S04,49,C4,0.4141,0.46875
Talia,S04,50,C6,0.029,0.46875
Talia,S04,51,T8,0.7436,0.28125
Talia,S04,52,TP8,-0.6567,0.53125
Talia,S04,53,CP6,-1.0943,0.78125
Talia,S04,54,CP4,0.917,0.28125
Talia,S04,55,CP2,0.9358,0.28125
Talia,S04,56,P2,0.4305,0.40625
Talia,S04,57,P4,-0.983,0.78125
Talia,S04,58,P6,-0.4056,0.65625
Talia,S04,59,P8,-0.8209,0.65625
Talia,S04,60,P10,-0.9739,0.90625
Talia,S04,61,PO8,-0.5945,0.71875
Talia,S04,62,PO4,-1.0546,0.84375
Talia,S04,63,O2,-0.7804,0.84375
Talia,S04,64,PO9,-0.9385,0.78125
Talia,S04,65,I1,0.922,0.34375
Talia,S04,66,I2,-0.9878,0.84375
Talia,S04,67,PO10,-1.259,0.90625
Talia,S05,0,Fp1,1.2592,0.15625
Talia,S05,1,AF7,0.2154,0.40625
Talia,S05,2,AF3,-0.9366,0.84375
Talia,S05,3,F1,-1.1903,0.84375
Talia,S05,4,F3,-1.1686,0.90625
Talia,S05,5,F5,-1.1195,0.90625
Talia,S05,6,F7,1.5064,0.09375
Talia,S05,7,FT7,1.7566,0.03125
Talia,S05,8,FC5,1.0581,0.03125
Talia,S05,9,FC3,0.955,0.34375
Talia,S05,10,FC1,0.803,0.46875
Talia,S05,11,C1,1.1334,0.15625
Talia,S05,12,C3,-0.7708,0.65625
Talia,S05,13,C5,0.6992,0.21875
Talia,S05,14,T7,-0.3759,0.53125
Talia,S05,15,TP7,-1.1458,0.84375
Talia,S05,16,CP5,0.4886,0.28125
Talia,S05,17,CP3,0.7436,0.34375
Talia,S05,18,CP1,1.2875,0.09375
Talia,S05,19,P1,0.8023,0.40625
Talia,S05,20,P3,0.7116,0.21875
Talia,S05,21,P5,-0.8851,0.84375
Talia,S05,22,P7,-1.5466,0.90625
Talia,S05,23,P9,-1.4873,0.96875
Talia,S05,24,PO7,-1.1711,0.84375
Talia,S05,25,PO3,-0.238,0.71875
Talia,S05,26,O1,1.7292,0.03125
Talia,S05,27,Iz,0.9665,0.34375
Talia,S05,28,Oz,0.4616,0.28125
Talia,S05,29,POz,0.4112,0.40625
Talia,S05,30,Pz,0.9809,0.21875
Talia,S05,31,CPz,1.3184,0.03125
Talia,S05,32,Fpz,1.2471,0.09375
Talia,S05,33,Fp2,-0.2862,0.65625
Talia,S05,34,AF8,-1.3121,0.84375
Talia,S05,35,AF4,-1.0663,0.84375
Talia,S05,36,AFz,-0.5836,0.65625
Talia,S05,37,Fz,-0.9878,0.78125
Talia,S05,38,F2,-0.9806,0.90625
Talia,S05,39,F4,-1.5107,0.96875
Talia,S05,40,F6,-0.8329,0.59375
Talia,S05,41,F8,0.5911,0.28125
Talia,S05,42,FT8,1.5347,0.03125
Talia,S05,43,FC6,1.3816,0.09375
Talia,S05,44,FC4,-1.0395,0.90625
Talia,S05,45,FC2,-1.3706,0.96875
Talia,S05,46,FCz,-1.5248,0.96875
Talia,S05,47,Cz,-0.1611,0.53125
Talia,S05,48,C2,0.8034,0.40625
Talia,S05,49,C4,1.1411,0.21875
Talia,S05,50,C6,1.0145,0.21875
Talia,S05,51,T8,1.2201,0.09375
Talia,S05,52,TP8,-1.0493,0.84375
Talia,S05,53,CP6,-0.9611,0.78125
Talia,S05,54,CP4,1.0641,0.15625
Talia,S05,55,CP2,-0.4587,0.53125
Talia,S05,56,P2,0.9693,0.21875
Talia,S05,57,P4,0.5712,0.34375
Talia,S05,58,P6,-1.0558,0.84375
Talia,S05,59,P8,0.3239,0.34375
Talia,S05,60,P10,-1.642,0.96875
Talia,S05,61,PO8,0.9744,0.21875
Talia,S05,62,PO4,1.3375,0.09375
Talia,S05,63,O2,1.0859,0.15625
Talia,S05,64,PO9,-1.4826,0.96875
Talia,S05,65,I1,1.1592,0.21875
Talia,S05,66,I2,1.0665,0.09375
Talia,S05,67,PO10,0.0127,0.46875
Talia,S06,0,Fp1,0.1541,0.46875
Talia,S06,1,AF7,-0.5385,0.71875
Talia,S06,2,AF3,0.427,0.34375
Talia,S06,3,F1,-0.9686,0.78125
Talia,S06,4,F3,-1.0291,0.96875
Talia,S06,5,F5,-1.0066,0.78125
Talia,S06,6,F7,-1.1882,0.90625
Talia,S06,7,FT7,-0.8775,0.71875
Talia,S06,8,FC5,-1.0181,0.90625
Talia,S06,9,FC3,-0.763,0.71875
Talia,S06,10,FC1,-1.0142,0.84375
Talia,S06,11,C1,0.3362,0.40625
Talia,S06,12,C3,-1.1093,0.96875
Talia,S06,13,C5,-1.1361,0.84375
Talia,S06,14,T7,-0.4006,0.65625
Talia,S06,15,TP7,0.5134,0.40625
Talia,S06,16,CP5,-0.9748,0.78125
Talia,S06,17,CP3,-0.8272,0.78125
Talia,S06,18,CP1,0.6467,0.34375
Talia,S06,19,P1,-0.8168,0.71875
Talia,S06,20,P3,-0.7445,0.59375
Talia,S06,21,P5,0.9882,0.15625
Talia,S06,22,P7,0.2772,0.46875
Talia,S06,23,P9,0.5081,0.28125
Talia,S06,24,PO7,-1.2006,0.90625
Talia,S06,25,PO3,-1.4833,0.96875
Talia,S06,26,O1,-1.3616,0.90625
Talia,S06,27,Iz,-0.4676,0.71875
Talia,S06,28,Oz,-1.3225,0.90625
Talia,S06,29,POz,-1.2778,0.96875
Talia,S06,30,Pz,-0.0665,0.53125
Talia,S06,31,CPz,0.7565,0.28125
Talia,S06,32,Fpz,0.7345,0.34375
Talia,S06,33,Fp2,-0.3981,0.65625
Talia,S06,34,AF8,-0.9867,0.78125
Talia,S06,35,AF4,-0.3102,0.59375
Talia,S06,36,AFz,0.4013,0.46875
Talia,S06,37,Fz,-1.0546,0.78125
Talia,S06,38,F2,-0.482,0.65625
Talia,S06,39,F4,1.1041,0.15625
Talia,S06,40,F6,-0.9586,0.71875
Talia,S06,41,F8,-1.1038,0.90625
Talia,S06,42,FT8,0.644,0.46875
Talia,S06,43,FC6,-0.8272,0.78125
Talia,S06,44,FC4,1.5288,0.09375
Talia,S06,45,FC2,0.2749,0.46875
Talia,S06,46,FCz,-0.8918,0.78125
Talia,S06,47,Cz,0.193,0.40625
Talia,S06,48,C2,-0.2957,0.65625
Talia,S06,49,C4,-1.917,0.96875
Talia,S06,50,C6,-1.7073,0.96875
Talia,S06,51,T8,-1.5929,0.90625
Talia,S06,52,TP8,-0.9272,0.78125
Talia,S06,53,CP6,0.8908,0.46875
Talia,S06,54,CP4,-1.3238,0.96875
Talia,S06,55,CP2,-0.635,0.71875
Talia,S06,56,P2,-1.3747,0.96875
Talia,S06,57,P4,-1.7063,0.96875
Talia,S06,58,P6,-1.6083,0.96875
Talia,S06,59,P8,-1.296,0.84375
Talia,S06,60,P10,-1.3483,0.90625
Talia,S06,61,PO8,-1.8762,0.96875
Talia,S06,62,PO4,-1.6411,0.96875
Talia,S06,63,O2,-1.2464,0.90625
Talia,S06,64,PO9,-1.0611,0.78125
Talia,S06,65,I1,-0.5268,0.71875
Talia,S06,66,I2,0.7802,0.28125
Talia,S06,67,PO10,0.183,0.40625
Talia,S07,0,Fp1,-0.1633,0.59375
Talia,S07,1,AF7,-0.3657,0.59375
Talia,S07,2,AF3,1.1221,0.15625
Talia,S07,3,F1,0.8448,0.15625
Talia,S07,4,F3,-0.8089,0.53125
Talia,S07,5,F5,-0.0946,0.53125
Talia,S07,6,F7,-1.0911,0.96875
Talia,S07,7,FT7,0.8158,0.21875
Talia,S07,8,FC5,-1.2633,0.96875
Talia,S07,9,FC3,0.9681,0.15625
Talia,S07,10,FC1,-0.4649,0.53125
Talia,S07,11,C1,-0.9474,0.78125
Talia,S07,12,C3,-0.87,0.59375
Talia,S07,13,C5,0.9267,0.15625
Talia,S07,14,T7,1.4077,0.03125
Talia,S07,15,TP7,-0.5878,0.71875
Talia,S07,16,CP5,-0.6978,0.78125
Talia,S07,17,CP3,0.7697,0.34375
Talia,S07,18,CP1,-0.0096,0.53125
Talia,S07,19,P1,-0.9603,0.78125
Talia,S07,20,P3,-0.5128,0.59375
Talia,S07,21,P5,1.1062,0.09375
Talia,S07,22,P7,1.2484,0.03125
Talia,S07,23,P9,1.2957,0.03125
Talia,S07,24,PO7,1.1035,0.03125
Talia,S07,25,PO3,0.3879,0.28125
Talia,S07,26,O1,1.1161,0.09375
Talia,S07,27,Iz,-0.0039,0.53125
Talia,S07,28,Oz,-0.6269,0.65625
Talia,S07,29,POz,-0.7596,0.78125
Talia,S07,30,Pz,-0.7587,0.78125
Talia,S07,31,CPz,0.1299,0.40625
Talia,S07,32,Fpz,1.3147,0.09375
Talia,S07,33,Fp2,1.6265,0.03125
Talia,S07,34,AF8,-0.1948,0.59375
Talia,S07,35,AF4,-0.5872,0.71875
Talia,S07,36,AFz,1.126,0.15625
Talia,S07,37,Fz,0.9119,0.28125
Talia,S07,38,F2,0.9265,0.28125
Talia,S07,39,F4,0.9397,0.28125
Talia,S07,40,F6,1.2025,0.15625
Talia,S07,41,F8,-1.013,0.78125
Talia,S07,42,FT8,-0.8347,0.53125
Talia,S07,43,FC6,0.4172,0.46875
Talia,S07,44,FC4,0.8009,0.34375
Talia,S07,45,FC2,0.808,0.34375
Talia,S07,46,FCz,0.8121,0.34375
Talia,S07,47,Cz,1.0192,0.09375
Talia,S07,48,C2,0.9543,0.28125
Talia,S07,49,C4,0.9251,0.28125
Talia,S07,50,C6,1.1831,0.09375
Talia,S07,51,T8,0.7881,0.40625
Talia,S07,52,TP8,0.3759,0.34375
Talia,S07,53,CP6,0.8088,0.34375
Talia,S07,54,CP4,0.8867,0.40625
Talia,S07,55,CP2,0.5157,0.40625
Talia,S07,56,P2,0.5213,0.28125
Talia,S07,57,P4,-0.9941,0.78125
Talia,S07,58,P6,0.4655,0.46875
Talia,S07,59,P8,-0.4517,0.65625
Talia,S07,60,P10,-0.4231,0.65625
Talia,S07,61,PO8,1.6179,0.03125
Talia,S07,62,PO4,1.8914,0.03125
Talia,S07,63,O2,1.6528,0.03125
Talia,S07,64,PO9,1.2222,0.03125
Talia,S07,65,I1,1.4082,0.03125
Talia,S07,66,I2,0.9926,0.03125
Talia,S07,67,PO10,1.0907,0.15625
Talia,S08,0,Fp1,0.9198,0.40625
Talia,S08,1,AF7,0.8532,0.46875
Talia,S08,2,AF3,0.9489,0.28125
Talia,S08,3,F1,-0.5245,0.59375
Talia,S08,4,F3,-0.9063,0.71875
Talia,S08,5,F5,0.5114,0.40625
Talia,S08,6,F7,1.2281,0.09375
Talia,S08,7,FT7,0.8953,0.28125
Talia,S08,8,FC5,0.8679,0.34375
Talia,S08,9,FC3,1.201,0.15625
Talia,S08,10,FC1,-1.2223,0.84375
Talia,S08,11,C1,-0.7569,0.71875
Talia,S08,12,C3,-1.0192,0.96875
Talia,S08,13,C5,0.2323,0.40625
Talia,S08,14,T7,-0.1582,0.53125
Talia,S08,15,TP7,-0.9669,0.71875
Talia,S08,16,CP5,-0.8545,0.71875
Talia,S08,17,CP3,0.5499,0.46875
Talia,S08,18,CP1,0.9016,0.40625
Talia,S08,19,P1,0.5394,0.46875
Talia,S08,20,P3,0.0842,0.46875
Talia,S08,21,P5,0.4842,0.46875
Talia,S08,22,P7,1.1263,0.03125
Talia,S08,23,P9,0.7836,0.46875
Talia,S08,24,PO7,-0.9416,0.59375
Talia,S08,25,PO3,0.6688,0.40625
Talia,S08,26,O1,-1.1699,0.78125
Talia,S08,27,Iz,-0.9149,0.59375
Talia,S08,28,Oz,1.0692,0.09375
Talia,S08,29,POz,0.8977,0.40625
Talia,S08,30,Pz,-0.0572,0.53125
Talia,S08,31,CPz,0.8725,0.28125
Talia,S08,32,Fpz,-0.2646,0.65625
Talia,S08,33,Fp2,-1.02,0.78125
Talia,S08,34,AF8,-0.9716,0.84375
Talia,S08,35,AF4,0.713,0.40625
Talia,S08,36,AFz,0.9975,0.15625
Talia,S08,37,Fz,0.9475,0.15625
Talia,S08,38,F2,-0.3871,0.53125
Talia,S08,39,F4,0.9688,0.21875
Talia,S08,40,F6,0.9812,0.21875
Talia,S08,41,F8,0.8878,0.34375
Talia,S08,42,FT8,-0.6272,0.65625
Talia,S08,43,FC6,-0.1755,0.53125
Talia,S08,44,FC4,0.1862,0.40625
Talia,S08,45,FC2,-1.0584,0.78125
Talia,S08,46,FCz,-1.4801,0.90625
Talia,S08,47,Cz,-1.025,0.78125
Talia,S08,48,C2,-0.0216,0.53125
Talia,S08,49,C4,1.0555,0.21875
Talia,S08,50,C6,-1.0016,0.78125
Talia,S08,51,T8,-1.4039,0.96875
Talia,S08,52,TP8,-1.2389,0.84375
Talia,S08,53,CP6,1.2113,0.09375
Talia,S08,54,CP4,1.3931,0.09375
Talia,S08,55,CP2,0.165,0.40625
Talia,S08,56,P2,0.6967,0.28125
Talia,S08,57,P4,0.7535,0.28125
Talia,S08,58,P6,0.6884,0.28125
Talia,S08,59,P8,0.4643,0.28125
Talia,S08,60,P10,-0.6643,0.59375
Talia,S08,61,PO8,0.8054,0.21875
Talia,S08,62,PO4,0.1285,0.46875
Talia,S08,63,O2,0.3726,0.34375
Talia,S08,64,PO9,0.5607,0.40625
Talia,S08,65,I1,-0.2957,0.59375
Talia,S08,66,I2,-1.2347,0.90625
Talia,S08,67,PO10,0.3502,0.40625
Talia,S09,0,Fp1,0.73,0.28125
Talia,S09,1,AF7,-0.4792,0.53125
Talia,S09,2,AF3,0.7569,0.28125
Talia,S09,3,F1,0.4498,0.28125
Talia,S09,4,F3,0.3999,0.28125
Talia,S09,5,F5,0.7882,0.28125
Talia,S09,6,F7,1.3911,0.03125
Talia,S09,7,FT7,0.6264,0.28125
Talia,S09,8,FC5,-0.2403,0.59375
Talia,S09,9,FC3,1.3053,0.03125
Talia,S09,10,FC1,1.0067,0.09375
Talia,S09,11,C1,0.2744,0.28125
Talia,S09,12,C3,1.0386,0.15625
Talia,S09,13,C5,0.4309,0.34375
Talia,S09,14,T7,-0.8935,0.71875
Talia,S09,15,TP7,0.3222,0.34375
Talia,S09,16,CP5,0.7764,0.28125
Talia,S09,17,CP3,-1.1248,0.78125
Talia,S09,18,CP1,0.9433,0.21875
Talia,S09,19,P1,1.2793,0.09375
Talia,S09,20,P3,0.6088,0.34375
Talia,S09,21,P5,-0.0903,0.53125
Talia,S09,22,P7,1.4609,0.03125
Talia,S09,23,P9,0.4733,0.28125
Talia,S09,24,PO7,0.4398,0.40625
Talia,S09,25,PO3,0.9172,0.34375
Talia,S09,26,O1,1.0,0.09375
Talia,S09,27,Iz,-1.0735,0.84375
Talia,S09,28,Oz,0.4385,0.34375
Talia,S09,29,POz,0.9678,0.21875
Talia,S09,30,Pz,0.9899,0.15625
Talia,S09,31,CPz,1.0509,0.15625
Talia,S09,32,Fpz,0.8606,0.28125
Talia,S09,33,Fp2,0.919,0.28125
Talia,S09,34,AF8,-0.356,0.65625
Talia,S09,35,AF4,0.5123,0.40625
Talia,S09,36,AFz,0.5819,0.28125
Talia,S09,37,Fz,0.2433,0.34375
Talia,S09,38,F2,0.3262,0.28125
Talia,S09,39,F4,-0.3656,0.59375
Talia,S09,40,F6,-0.9384,0.78125
Talia,S09,41,F8,-0.9609,0.65625
Talia,S09,42,FT8,-1.1218,0.78125
Talia,S09,43,FC6,-0.892,0.65625
Talia,S09,44,FC4,1.0725,0.21875
Talia,S09,45,FC2,1.6717,0.09375
Talia,S09,46,FCz,1.334,0.21875
Talia,S09,47,Cz,1.3441,0.09375
Talia,S09,48,C2,1.2329,0.09375
Talia,S09,49,C4,-0.9983,0.90625
Talia,S09,50,C6,-1.1066,0.84375
Talia,S09,51,T8,0.2753,0.46875
Talia,S09,52,TP8,-1.1896,0.90625
Talia,S09,53,CP6,-1.6106,0.96875
Talia,S09,54,CP4,-0.9885,0.78125
Talia,S09,55,CP2,-1.1284,0.84375
Talia,S09,56,P2,-0.449,0.65625
Talia,S09,57,P4,-1.2955,0.90625
Talia,S09,58,P6,-1.0661,0.84375
Talia,S09,59,P8,-0.888,0.65625
Talia,S09,60,P10,-1.2091,0.84375
Talia,S09,61,PO8,1.095,0.09375
Talia,S09,62,PO4,0.019,0.46875
Talia,S09,63,O2,0.9727,0.15625
Talia,S09,64,PO9,1.6194,0.03125
Talia,S09,65,I1,0.5422,0.34375
Talia,S09,66,I2,0.4156,0.28125
Talia,S09,67,PO10,0.4422,0.34375
Talia,S10,0,Fp1,1.1339,0.15625
Talia,S10,1,AF7,0.5757,0.34375
Talia,S10,2,AF3,0.9419,0.21875
Talia,S10,3,F1,-0.8762,0.78125
Talia,S10,4,F3,0.1962,0.34375
Talia,S10,5,F5,-1.002,0.84375
Talia,S10,6,F7,-0.4713,0.71875
Talia,S10,7,FT7,-1.3473,0.90625
Talia,S10,8,FC5,-1.2217,0.78125
Talia,S10,9,FC3,-0.2516,0.59375
Talia,S10,10,FC1,-1.6626,0.96875
Talia,S10,11,C1,-0.7374,0.78125
Talia,S10,12,C3,1.1682,0.15625
Talia,S10,13,C5,0.6263,0.40625
Talia,S10,14,T7,0.8654,0.21875
Talia,S10,15,TP7,-0.8378,0.65625
Talia,S10,16,CP5,-0.9375,0.53125
Talia,S10,17,CP3,-0.2335,0.59375
Talia,S10,18,CP1,-0.0433,0.59375
Talia,S10,19,P1,1.1182,0.03125
Talia,S10,20,P3,0.9742,0.03125
Talia,S10,21,P5,1.3784,0.03125
Talia,S10,22,P7,-0.1702,0.53125
Talia,S10,23,P9,-0.8352,0.71875
Talia,S10,24,PO7,1.8097,0.03125
Talia,S10,25,PO3,1.1875,0.09375
Talia,S10,26,O1,1.3381,0.21875
Talia,S10,27,Iz,-1.6465,0.96875
Talia,S10,28,Oz,-0.9376,0.71875
Talia,S10,29,POz,-1.7705,0.96875
Talia,S10,30,Pz,0.9689,0.21875
Talia,S10,31,CPz,0.5302,0.28125
Talia,S10,32,Fpz,1.0982,0.15625
Talia,S10,33,Fp2,1.165,0.15625
Talia,S10,34,AF8,1.392,0.09375
Talia,S10,35,AF4,0.785,0.34375
Talia,S10,36,AFz,1.1637,0.21875
Talia,S10,37,Fz,0.2115,0.40625
Talia,S10,38,F2,-1.5218,0.96875
Talia,S10,39,F4,-1.0387,0.84375
Talia,S10,40,F6,1.3724,0.03125
Talia,S10,41,F8,0.2097,0.40625
Talia,S10,42,FT8,0.083,0.46875
Talia,S10,43,FC6,-0.4264,0.65625
Talia,S10,44,FC4,-0.6091,0.71875
Talia,S10,45,FC2,-0.8863,0.71875
Talia,S10,46,FCz,-0.9882,0.78125
Talia,S10,47,Cz,0.107,0.46875
Talia,S10,48,C2,-1.3442,0.90625
Talia,S10,49,C4,-1.0374,0.78125
Talia,S10,50,C6,-0.763,0.71875
Talia,S10,51,T8,-0.2232,0.59375
Talia,S10,52,TP8,1.0887,0.09375
Talia,S10,53,CP6,1.3111,0.15625
Talia,S10,54,CP4,-0.2726,0.53125
Talia,S10,55,CP2,1.4212,0.03125
Talia,S10,56,P2,-1.4143,0.90625
Talia,S10,57,P4,-1.8483,0.96875
Talia,S10,58,P6,-1.5746,0.96875
Talia,S10,59,P8,-1.3912,0.90625
Talia,S10,60,P10,1.2637,0.15625
Talia,S10,61,PO8,-1.6741,0.96875
Talia,S10,62,PO4,-1.742,0.96875
Talia,S10,63,O2,-1.604,0.96875
Talia,S10,64,PO9,1.2904,0.15625
Talia,S10,65,I1,0.574,0.40625
Talia,S10,66,I2,-0.8235,0.53125
Talia,S10,67,PO10,1.411,0.09375
Talia,S11,0,Fp1,0.6132,0.40625
Talia,S11,1,AF7,0.9335,0.28125
Talia,S11,2,AF3,-1.1603,0.84375
Talia,S11,3,F1,-0.9979,0.84375
Talia,S11,4,F3,-1.1975,0.96875
Talia,S11,5,F5,-1.1758,0.78125
Talia,S11,6,F7,-1.0615,0.84375
Talia,S11,7,FT7,1.221,0.03125
Talia,S11,8,FC5,-1.1942,0.78125
Talia,S11,9,FC3,-0.9285,0.71875
Talia,S11,10,FC1,-0.4619,0.59375
Talia,S11,11,C1,-0.4734,0.59375
Talia,S11,12,C3,-1.4396,0.96875
Talia,S11,13,C5,0.3949,0.28125
Talia,S11,14,T7,-0.7634,0.53125
Talia,S11,15,TP7,0.2821,0.46875
Talia,S11,16,CP5,0.8994,0.28125
Talia,S11,17,CP3,-0.5699,0.71875
Talia,S11,18,CP1,-0.991,0.78125
Talia,S11,19,P1,0.8465,0.21875
Talia,S11,20,P3,-0.4327,0.65625
Talia,S11,21,P5,1.2673,0.15625
Talia,S11,22,P7,1.3429,0.15625
Talia,S11,23,P9,-0.9873,0.84375
Talia,S11,24,PO7,0.3492,0.40625
Talia,S11,25,PO3,-0.3476,0.53125
Talia,S11,26,O1,0.9404,0.28125
Talia,S11,27,Iz,-1.9086,0.96875
Talia,S11,28,Oz,0.6072,0.15625
Talia,S11,29,POz,1.5192,0.09375
Talia,S11,30,Pz,-1.2498,0.90625
Talia,S11,31,CPz,1.353,0.15625
Talia,S11,32,Fpz,0.9324,0.28125
Talia,S11,33,Fp2,0.8874,0.46875
Talia,S11,34,AF8,-1.1519,0.90625
Talia,S11,35,AF4,0.842,0.46875
Talia,S11,36,AFz,-0.9922,0.78125
Talia,S11,37,Fz,0.655,0.40625
Talia,S11,38,F2,0.907,0.46875
Talia,S11,39,F4,0.4789,0.28125
Talia,S11,40,F6,0.9167,0.28125
Talia,S11,41,F8,-0.7594,0.59375
Talia,S11,42,FT8,0.9634,0.28125
Talia,S11,43,FC6,-1.3735,0.90625
Talia,S11,44,FC4,1.0695,0.21875
Talia,S11,45,FC2,1.3347,0.09375
Talia,S11,46,FCz,0.9749,0.09375
Talia,S11,47,Cz,0.4968,0.40625
Talia,S11,48,C2,0.3725,0.34375
Talia,S11,49,C4,1.036,0.15625
Talia,S11,50,C6,0.7882,0.34375
Talia,S11,51,T8,0.1651,0.28125
Talia,S11,52,TP8,0.9677,0.28125
Talia,S11,53,CP6,-0.9698,0.78125
Talia,S11,54,CP4,-0.5714,0.65625
Talia,S11,55,CP2,-0.9282,0.65625
Talia,S11,56,P2,-1.5511,0.96875
Talia,S11,57,P4,-1.2408,0.84375
Talia,S11,58,P6,1.4872,0.09375
Talia,S11,59,P8,1.2923,0.09375
Talia,S11,60,P10,1.0915,0.09375
Talia,S11,61,PO8,1.2009,0.09375
Talia,S11,62,PO4,-0.9648,0.71875
Talia,S11,63,O2,0.9487,0.28125
Talia,S11,64,PO9,-1.028,0.84375
Talia,S11,65,I1,-1.3992,0.90625
Talia,S11,66,I2,-0.8318,0.53125
Talia,S11,67,PO10,0.9995,0.15625
Talia,S12,0,Fp1,0.4887,0.34375
Talia,S12,1,AF7,-0.7617,0.78125
Talia,S12,2,AF3,0.4554,0.40625
Talia,S12,3,F1,0.4133,0.40625
Talia,S12,4,F3,-0.8722,0.71875
Talia,S12,5,F5,-1.3053,0.90625
Talia,S12,6,F7,-0.855,0.84375
Talia,S12,7,FT7,-0.5953,0.65625
Talia,S12,8,FC5,-0.2049,0.53125
Talia,S12,9,FC3,0.8856,0.28125
Talia,S12,10,FC1,0.9785,0.21875
Talia,S12,11,C1,0.5775,0.46875
Talia,S12,12,C3,0.3799,0.40625
Talia,S12,13,C5,0.8967,0.28125
Talia,S12,14,T7,-1.1419,0.96875
Talia,S12,15,TP7,-1.6365,0.96875
Talia,S12,16,CP5,-1.2944,0.90625
Talia,S12,17,CP3,1.2804,0.09375
Talia,S12,18,CP1,0.612,0.40625
Talia,S12,19,P1,-1.8613,0.96875
Talia,S12,20,P3,-1.3244,0.90625
Talia,S12,21,P5,0.2503,0.46875
Talia,S12,22,P7,0.3193,0.40625
Talia,S12,23,P9,0.1523,0.40625
Talia,S12,24,PO7,0.8063,0.21875
Talia,S12,25,PO3,-1.1737,0.90625
Talia,S12,26,O1,0.5748,0.28125
Talia,S12,27,Iz,1.3191,0.09375
Talia,S12,28,Oz,0.0609,0.46875
Talia,S12,29,POz,-1.1623,0.84375
Talia,S12,30,Pz,-0.8726,0.78125
Talia,S12,31,CPz,0.8293,0.28125
Talia,S12,32,Fpz,0.4837,0.28125
Talia,S12,33,Fp2,-0.2169,0.53125
Talia,S12,34,AF8,-1.4452,0.90625
Talia,S12,35,AF4,0.3049,0.40625
Talia,S12,36,AFz,0.8004,0.28125
Talia,S12,37,Fz,0.3056,0.40625
Talia,S12,38,F2,0.5805,0.40625
Talia,S12,39,F4,-0.1598,0.59375
Talia,S12,40,F6,-1.4244,0.96875
Talia,S12,41,F8,-0.9194,0.78125
Talia,S12,42,FT8,-1.0021,0.84375
Talia,S12,43,FC6,-1.2445,0.90625
Talia,S12,44,FC4,-0.9669,0.78125
Talia,S12,45,FC2,0.1701,0.46875
Talia,S12,46,FCz,0.7105,0.40625
Talia,S12,47,Cz,-0.416,0.71875
Talia,S12,48,C2,0.5085,0.34375
Talia,S12,49,C4,-1.3579,0.84375
Talia,S12,50,C6,-0.7522,0.65625
Talia,S12,51,T8,1.5452,0.09375
Talia,S12,52,TP8,0.1178,0.46875
Talia,S12,53,CP6,-0.9384,0.71875
Talia,S12,54,CP4,-1.1329,0.84375
Talia,S12,55,CP2,-0.9984,0.78125
Talia,S12,56,P2,-1.0669,0.78125
Talia,S12,57,P4,-1.0969,0.84375
Talia,S12,58,P6,-0.3373,0.59375
Talia,S12,59,P8,1.1258,0.15625
Talia,S12,60,P10,0.5625,0.34375
Talia,S12,61,PO8,0.1006,0.46875
Talia,S12,62,PO4,-1.2636,0.84375
Talia,S12,63,O2,-1.5847,0.96875
Talia,S12,64,PO9,0.5233,0.46875
Talia,S12,65,I1,1.0237,0.09375
Talia,S12,66,I2,0.1059,0.46875
Talia,S12,67,PO10,0.0077,0.46875
Talia,S13,0,Fp1,0.5694,0.28125
Talia,S13,1,AF7,0.9753,0.21875
Talia,S13,2,AF3,-0.8001,0.53125
Talia,S13,3,F1,-0.6932,0.53125
Talia,S13,4,F3,-0.696,0.53125
Talia,S13,5,F5,-0.7216,0.71875
Talia,S13,6,F7,1.092,0.15625
Talia,S13,7,FT7,1.1463,0.09375
Talia,S13,8,FC5,-0.9238,0.59375
Talia,S13,9,FC3,-0.5767,0.53125
Talia,S13,10,FC1,-0.7275,0.59375
Talia,S13,11,C1,1.0264,0.15625
Talia,S13,12,C3,0.6827,0.34375
Talia,S13,13,C5,0.3289,0.40625
Talia,S13,14,T7,0.4556,0.46875
Talia,S13,15,TP7,-1.5497,0.96875
Talia,S13,16,CP5,-1.033,0.90625
Talia,S13,17,CP3,-1.4331,0.96875
Talia,S13,18,CP1,-0.5987,0.71875
Talia,S13,19,P1,-0.863,0.53125
Talia,S13,20,P3,-0.9332,0.59375
Talia,S13,21,P5,-1.1262,0.84375
Talia,S13,22,P7,0.194,0.40625
Talia,S13,23,P9,-1.6176,0.96875
Talia,S13,24,PO7,-0.7786,0.53125
Talia,S13,25,PO3,-1.1939,0.78125
Talia,S13,26,O1,-0.0242,0.53125
Talia,S13,27,Iz,-1.0402,0.96875
Talia,S13,28,Oz,0.9122,0.40625
Talia,S13,29,POz,-1.0342,0.84375
Talia,S13,30,Pz,-0.8615,0.53125
Talia,S13,31,CPz,1.3324,0.09375
Talia,S13,32,Fpz,1.0825,0.15625
Talia,S13,33,Fp2,-0.7337,0.59375
Talia,S13,34,AF8,0.7668,0.21875
Talia,S13,35,AF4,0.9932,0.03125
Talia,S13,36,AFz,-0.8688,0.53125
Talia,S13,37,Fz,-0.9603,0.71875
Talia,S13,38,F2,-0.8854,0.53125
Talia,S13,39,F4,-0.9327,0.53125
Talia,S13,40,F6,-0.544,0.53125
Talia,S13,41,F8,0.2274,0.34375
Talia,S13,42,FT8,1.1839,0.09375
Talia,S13,43,FC6,1.2848,0.09375
Talia,S13,44,FC4,-0.9252,0.59375
Talia,S13,45,FC2,-0.8881,0.65625
Talia,S13,46,FCz,-0.8431,0.65625
Talia,S13,47,Cz,0.7124,0.28125
Talia,S13,48,C2,0.3474,0.34375
Talia,S13,49,C4,1.1839,0.21875
Talia,S13,50,C6,1.293,0.09375
Talia,S13,51,T8,-0.8248,0.71875
Talia,S13,52,TP8,-0.5592,0.65625
Talia,S13,53,CP6,-0.4135,0.65625
Talia,S13,54,CP4,-0.9109,0.65625
Talia,S13,55,CP2,0.1397,0.40625
Talia,S13,56,P2,0.087,0.34375
Talia,S13,57,P4,1.669,0.03125
Talia,S13,58,P6,1.3007,0.09375
Talia,S13,59,P8,1.2182,0.03125
Talia,S13,60,P10,0.548,0.28125
Talia,S13,61,PO8,1.3166,0.09375
Talia,S13,62,PO4,0.9785,0.15625
Talia,S13,63,O2,1.3824,0.03125
Talia,S13,64,PO9,-1.1549,0.90625
Talia,S13,65,I1,-1.0598,0.96875
Talia,S13,66,I2,-1.3143,0.84375
Talia,S13,67,PO10,-0.1672,0.59375
Talia,S14,0,Fp1,1.3701,0.09375
Talia,S14,1,AF7,0.936,0.21875
Talia,S14,2,AF3,0.4344,0.40625
Talia,S14,3,F1,0.0492,0.46875
Talia,S14,4,F3,0.1301,0.40625
Talia,S14,5,F5,0.3001,0.46875
Talia,S14,6,F7,-0.9495,0.71875
Talia,S14,7,FT7,-0.6491,0.53125
Talia,S14,8,FC5,0.4145,0.28125
Talia,S14,9,FC3,0.4441,0.28125
Talia,S14,10,FC1,0.8375,0.34375
Talia,S14,11,C1,-0.3475,0.59375
Talia,S14,12,C3,1.7081,0.03125
Talia,S14,13,C5,-0.9494,0.71875
Talia,S14,14,T7,-0.7649,0.53125
Talia,S14,15,TP7,0.0209,0.46875
Talia,S14,16,CP5,-1.5658,0.96875
Talia,S14,17,CP3,-0.0054,0.53125
Talia,S14,18,CP1,1.3608,0.09375
Talia,S14,19,P1,-0.5243,0.53125
Talia,S14,20,P3,-1.8425,0.96875
Talia,S14,21,P5,-0.1614,0.53125
Talia,S14,22,P7,0.9473,0.34375
Talia,S14,23,P9,1.7655,0.03125
Talia,S14,24,PO7,1.6288,0.03125
Talia,S14,25,PO3,-0.8835,0.78125
Talia,S14,26,O1,0.8103,0.28125
Talia,S14,27,Iz,-1.1554,0.90625
Talia,S14,28,Oz,0.9872,0.09375
Talia,S14,29,POz,-0.2602,0.59375
Talia,S14,30,Pz,-0.7508,0.78125
Talia,S14,31,CPz,1.0408,0.15625
Talia,S14,32,Fpz,1.1248,0.21875
Talia,S14,33,Fp2,1.1088,0.09375
Talia,S14,34,AF8,1.4796,0.09375
Talia,S14,35,AF4,1.1453,0.15625
Talia,S14,36,AFz,0.9206,0.28125
Talia,S14,37,Fz,0.4565,0.34375
Talia,S14,38,F2,0.9542,0.21875
Talia,S14,39,F4,1.4931,0.09375
Talia,S14,40,F6,1.0565,0.15625
Talia,S14,41,F8,0.7438,0.40625
Talia,S14,42,FT8,-1.0614,0.84375
Talia,S14,43,FC6,-1.4615,0.90625
Talia,S14,44,FC4,1.6937,0.03125
Talia,S14,45,FC2,-0.1224,0.53125
Talia,S14,46,FCz,-0.2997,0.53125
Talia,S14,47,Cz,-0.9743,0.78125
Talia,S14,48,C2,-0.7737,0.59375
Talia,S14,49,C4,-0.4318,0.53125
Talia,S14,50,C6,-0.4754,0.59375
Talia,S14,51,T8,-0.8341,0.71875
Talia,S14,52,TP8,-0.9988,0.78125
Talia,S14,53,CP6,-1.0499,0.90625
Talia,S14,54,CP4,-1.5952,0.90625
Talia,S14,55,CP2,-0.5776,0.71875
Talia,S14,56,P2,-0.6747,0.59375
Talia,S14,57,P4,-1.162,0.96875
Talia,S14,58,P6,-0.6594,0.71875
Talia,S14,59,P8,0.4761,0.40625
Talia,S14,60,P10,-0.5909,0.65625
Talia,S14,61,PO8,0.0339,0.46875
Talia,S14,62,PO4,-0.0655,0.65625
Talia,S14,63,O2,-0.4438,0.65625
Talia,S14,64,PO9,0.151,0.34375
Talia,S14,65,I1,0.1354,0.34375
Talia,S14,66,I2,-1.1843,0.96875
Talia,S14,67,PO10,-1.0289,0.78125
Talia,S15,0,Fp1,0.9659,0.21875
Talia,S15,1,AF7,0.7419,0.15625
Talia,S15,2,AF3,0.8074,0.15625
Talia,S15,3,F1,0.8944,0.21875
Talia,S15,4,F3,0.4688,0.34375
Talia,S15,5,F5,-1.1448,0.78125
Talia,S15,6,F7,-0.7838,0.53125
Talia,S15,7,FT7,-1.1331,0.90625
Talia,S15,8,FC5,-1.593,0.96875
Talia,S15,9,FC3,0.0263,0.46875
Talia,S15,10,FC1,-0.2505,0.59375
Talia,S15,11,C1,0.9033,0.40625
Talia,S15,12,C3,-0.9007,0.84375
Talia,S15,13,C5,-1.4158,0.90625
Talia,S15,14,T7,-1.1458,0.84375
Talia,S15,15,TP7,-0.2602,0.59375
Talia,S15,16,CP5,1.0527,0.21875
Talia,S15,17,CP3,-0.6629,0.65625
Talia,S15,18,CP1,-1.2596,0.90625
Talia,S15,19,P1,0.9586,0.34375
Talia,S15,20,P3,1.0408,0.21875
Talia,S15,21,P5,0.8922,0.40625
Talia,S15,22,P7,1.1778,0.21875
Talia,S15,23,P9,1.0927,0.15625
Talia,S15,24,PO7,0.7031,0.40625
Talia,S15,25,PO3,1.1844,0.15625
Talia,S15,26,O1,0.6658,0.28125
Talia,S15,27,Iz,0.7689,0.40625
Talia,S15,28,Oz,0.9246,0.15625
Talia,S15,29,POz,0.4527,0.34375
Talia,S15,30,Pz,-0.8169,0.65625
Talia,S15,31,CPz,0.8254,0.40625
Talia,S15,32,Fpz,0.9241,0.21875
Talia,S15,33,Fp2,0.7983,0.34375
Talia,S15,34,AF8,0.4315,0.46875
Talia,S15,35,AF4,0.8327,0.28125
Talia,S15,36,AFz,0.8634,0.21875
Talia,S15,37,Fz,1.3314,0.03125
Talia,S15,38,F2,1.2631,0.09375
Talia,S15,39,F4,1.1797,0.15625
Talia,S15,40,F6,0.735,0.46875
Talia,S15,41,F8,0.0048,0.46875
Talia,S15,42,FT8,0.3315,0.40625
Talia,S15,43,FC6,0.6393,0.40625
Talia,S15,44,FC4,0.8437,0.21875
Talia,S15,45,FC2,1.4272,0.09375
Talia,S15,46,FCz,0.8722,0.40625
Talia,S15,47,Cz,0.4508,0.46875
Talia,S15,48,C2,0.5111,0.46875
Talia,S15,49,C4,0.5727,0.28125
Talia,S15,50,C6,-0.8626,0.65625
Talia,S15,51,T8,-1.0682,0.84375
Talia,S15,52,TP8,-0.9369,0.71875
Talia,S15,53,CP6,-1.3881,0.90625
Talia,S15,54,CP4,-1.2239,0.96875
Talia,S15,55,CP2,0.9253,0.21875
Talia,S15,56,P2,-0.283,0.59375
Talia,S15,57,P4,-0.8032,0.78125
Talia,S15,58,P6,-0.8108,0.65625
Talia,S15,59,P8,0.3389,0.28125
Talia,S15,60,P10,1.5492,0.03125
Talia,S15,61,PO8,-0.2799,0.65625
Talia,S15,62,PO4,-1.0048,0.78125
Talia,S15,63,O2,-1.1937,0.78125
Talia,S15,64,PO9,-1.0508,0.78125
Talia,S15,65,I1,0.1718,0.46875
Talia,S15,66,I2,0.7108,0.28125
Talia,S15,67,PO10,0.8348,0.15625
