dataset,subject,block_id,Fp1,AF7,AF3,F1,F3,F5,F7,FT7,FC5,FC3,FC1,C1,C3,C5,T7,TP7,CP5,CP3,CP1,P1,P3,P5,P7,P9,PO7,PO3,O1,Iz,Oz,POz,Pz,CPz,Fpz,Fp2,AF8,AF4,AFz,Fz,F2,F4,F6,F8,FT8,FC6,FC4,FC2,FCz,Cz,C2,C4,C6,T8,TP8,CP6,CP4,CP2,P2,P4,P6,P8,P10,PO8,PO4,O2,PO9,I1,I2,PO10
Angelique,S02,epbin_Dig_1F_C1 21 rr icfilt ica ep1 but chanlocs chansel chanlabels S02.csv,-3.805649546120455,-9.416801657187182,2.2792834730232605,6.445680989110039,9.559756094920951,5.284121862669213,6.529056469069624,-2.9011796742950806,3.367521675985274,1.7147040752053033,3.3429106871961656,-1.7638835645402142,-1.7264635489627311,2.8643773010243883,5.857581722086496,-3.050469602737519,-4.07085634780563,-0.8488683098680181,-0.0268901638428701,1.6339682442231502,-4.379497187730097,-6.290626041703695,-13.569098738052656,-23.432279401870286,-24.600674493240554,-8.119282422333624,-29.422520440922217,-9.776896549284816,-6.5469166908517105,0.5416781828252902,1.6311305943066958,4.770309826246401,-4.653603915634206,-8.23902872822825,-6.64091857981052,0.8217292813783278,1.7029029292731859,4.368354936439632,0.056833293929153275,-1.5515553359846126,-3.5384942286292067,-13.166295607431044,-1.7230418791175912,-2.5150175099156296,-1.0518261107592213,2.1096966623474738,5.951425974400699,3.793399689555541,4.150489712167951,7.997548591400163,-1.7204612207072627,4.377758820673001,7.646063271536429,8.383550388862881,5.117939924214474,5.110314289185218,7.34870091887691,4.1187745453877875,10.515107443979545,17.325240745580754,28.976305748422078,21.172803264841274,3.881929568109455,-6.93022864877382,-37.27235483615233,-29.103817503650557,18.655945390026545,42.450596908684375
Angelique,S02,epbin_Dig_1F_Par 11 rr icfilt ica ep1 but chanlocs chansel chanlabels S02.csv,-6.699121889504891,-21.61288706456806,4.541527582507463,-4.602276354680954,1.1027180084339667,4.307204846492594,4.150770124437177,11.339065434828347,5.80893036897013,-1.5380014282518235,-6.3235113025814425,-3.289909452759082,-3.1148478326577314,3.1838775765096554,13.937171267056549,9.354778247261335,7.082882218865251,1.3280133321650762,-0.6984405269240717,1.5242789478366698,4.858573988728302,7.4584090164629115,5.508259787180156,-2.9212114118426897,1.5132713081128284,5.63333596912431,-6.874894084230972,-8.500292121178678,-3.5863298298930197,2.0731617851497086,0.19506140347806666,-0.5053581607525992,-14.634453319313097,-22.222033943258293,-21.72678029047092,-7.860124745658257,-7.191768519205382,-6.044475815070005,-9.642156304903072,-10.77203505169901,-9.302791800962531,-21.94880840303135,-9.118426697182638,-8.360327045800329,-9.291736802421926,-7.6217251940149,-4.478097426030927,-7.220606778782381,-6.112615100090099,-2.153679608019459,-7.536875603879938,-1.226113315051049,4.5510710847232145,5.067661114505335,0.5952194536187381,-1.7664094675641802,2.5943926088545406,2.9691876129299315,11.488110048687956,19.8872944519785,30.4834725421235,28.469337857930057,5.831074179814248,2.967270819916302,-10.10995164646156,-11.977751992303173,24.856452524516538,53.9249856832604
Angelique,S02,epbin_Dig_20F_Atp_C1 23 rr icfilt ica ep1 but chanlocs chansel chanlabels S02.csv,-7.085494468121119,13.431743145055268,-6.622742752171522,4.837984590175305,4.782091724161227,-1.3308159206011563,1.7810340116655363,-1.79706387711427,-4.609980174195476,7.817362321658718,13.455229746406784,12.098597013873869,9.924077718747016,-0.9979201807976543,-11.62118625785426,-8.930621025997604,-1.1342898951148135,6.960270513144765,10.773586987528121,5.983641543591852,0.3879142827935465,-2.4999819911440904,-5.431310702207803,-6.392803761693914,-3.078546248326829,-5.6081188641399615,5.433558991262953,-6.748524875695799,-4.042025689210296,-0.2602950136360935,7.345869790529851,10.582088619170102,5.262162980334342,11.61372254541093,8.422465311301893,2.8267279006521324,7.203678959318185,10.173137667707913,10.651907899329384,13.905275252967355,5.696477924397856,10.273938511668312,-1.0662757831727072,3.372753527878089,9.786078082060438,12.892175232998637,12.777617378083805,16.631505341411096,13.412885879393238,6.015241585674223,6.906843135449788,-2.777888473827172,-5.702544180800963,-1.5938268038178327,4.13462112688587,9.774175226230177,5.003906542483179,-0.014149954249124165,-9.411826299193898,-23.99784355289023,-33.126202606945334,-29.484687463471978,-4.405131881640433,-10.976098811608688,2.11478094926452,-2.560266018408723,-39.102765452221156,-62.03586776911775
Angelique,S02,epbin_Dig_20F_Atp_Par 13 rr icfilt ica ep1 but chanlocs chansel chanlabels S02.csv,-17.084459503423684,3.49135309390738,-10.112544039138598,2.8494418581953505,10.474833214852113,-9.332427665035825,0.27089803733994916,-11.297516532469757,-10.379195412979687,2.5490524059682707,15.379084476720678,9.927477160864415,1.5918180101636394,-8.828359291564752,-16.32386942790535,-21.260077389422147,-20.731514772787897,3.3075090572123167,10.710643662494997,9.162589486515385,-8.239517983636178,-15.24159022957413,-32.37226433023835,-46.12332109421883,-38.17281422439077,-17.034635515904544,-30.805319401576106,-21.467887746812824,-10.946699246338705,5.9488482021130125,12.181957414355907,16.90037264482021,0.9662218311578832,2.717562198887102,-2.3082549802788446,1.6791900286239696,9.962736999996931,11.738370930605377,9.686511540304108,13.20406946355195,6.466942063277003,-3.79957006219722,-2.4395939644410416,2.642250894595952,11.084609288945638,17.018625554274937,22.18358857790829,22.229537369101273,21.803650051299236,18.667155914238307,14.80441857201745,7.1354352515090955,12.168248733039755,18.05071704347779,15.887479552668891,18.140626500158355,22.556875200762917,12.505175137826994,16.190358716322347,12.065269146379539,11.734961120956996,16.933549033237895,9.251282107749457,-10.87432109135564,-51.681111431336696,-50.36949796934542,-7.236079377571239,10.241158361065063
Angelique,S02,epbin_Dig_20F_Std_C1 22 rr icfilt ica ep1 but chanlocs chansel chanlabels S02.csv,-3.002920575982524,-15.131248990402565,6.886619611454493,-3.6742677557709675,-0.07967880981097669,-1.0106188775560192,-3.9068568574813374,-1.8331764207540502,1.0048627949077873,-4.43384498580369,-9.05235468872224,-6.6539126613418516,-6.392488126295645,2.815557260405421,8.037844594192512,4.654154639367461,0.3494223211793291,-3.4461087909559933,-4.83035482740706,-1.4245622692766935,0.3062309542413241,2.4372424481665527,-1.9656445327382506,-4.53406911660202,-4.199049998160717,2.6064129075397107,-13.692235450360114,1.9870674880164274,2.719407685909865,2.3604597132440137,-3.020706019218434,-4.463508310601488,-6.15430671941141,-10.610673031379575,-11.544546162209349,-2.43707739768489,-3.85490093941992,-4.263516203073334,-6.935763782250682,-13.526198546108239,-2.7700669388473464,-10.990976571309938,-1.1404298999601674,-5.5650084933804695,-8.165574481788735,-6.90834004580366,-4.92029350903424,-8.583378604101012,-6.6277715580804895,-1.78074992741997,-7.931115698026692,1.8884551004188925,6.783542454341887,4.324483803387191,-0.4550514239179997,-2.374467680971506,1.5292780294686024,1.552707794528616,10.45331930936249,23.69398529306329,32.89141430214995,28.4581548064442,7.18323952746748,7.013704677473313,-15.497500742278225,-13.965850130726825,33.39713245231416,58.41644514025669
Angelique,S02,epbin_Dig_20F_Std_Par 12 rr icfilt ica ep1 but chanlocs chansel chanlabels S02.csv,-2.6435809955532976,18.963010497684046,-4.810400404700281,4.374026360607606,2.5856342715501426,-2.030771884312338,0.022565401804691385,-10.728569496906928,-6.304535443852981,3.4794403499785984,10.62837862397055,7.73920570523356,5.605906659491697,-7.073453172220959,-19.021554837574286,-14.393105818980107,-10.236673901786752,3.2204075627676945,7.246801460248066,5.283063590723723,-4.074090299719395,-9.501735831662023,-12.53045784252347,-11.985764609046617,-12.630783674767397,-12.685589305139285,-2.9589669073213005,-2.4493705498838843,0.4462839733975246,2.050580621904372,6.621438451650005,9.366731154381451,10.514919969126126,15.431367914993565,12.37324054914949,4.40435130196609,9.20330636926192,10.125885746883755,11.722237534437678,17.825986885532217,3.7800560817645796,15.70514390037729,-2.949918386353245,5.958082214175662,11.509046941854708,12.495313874162829,12.791093147891855,16.577989884011604,13.449868495277691,7.431413372937558,9.27898841324644,1.886370847637971,-1.5301649018517216,0.6079626476925246,6.498435001819625,9.014210950266808,8.546586902391875,3.240513530465818,-4.317167811163493,-17.979413715803897,-26.624108920772088,-21.731462131327156,-0.6549068825370987,-2.938883437503715,-4.902932593142339,-6.832248866284397,-30.08373202620953,-51.40148003280191
Angelique,S02,epbin_NumWoGE_1F_C1 24 rr icfilt ica ep1 but chanlocs chansel chanlabels S02.csv,-12.619612735737771,-14.330996267614204,0.17573161123004769,7.495764801100054,3.867995170699478,-6.368647778494996,-3.7426993557998527,-10.7568516679133,-2.9396288564248487,-2.0402394279169744,1.4282100304533034,-1.1343379146321664,-4.825748380889663,-4.334769842821469,2.588632930103771,-6.46062814256498,-5.398808543093287,-1.6803301858128055,0.09612101326576476,1.3961236734888827,-2.5149941948469254,-4.309667497935731,-11.775120541493079,-24.876615536908623,-12.546135382417328,0.626504537511669,-14.838271127909646,-0.8590433866071189,4.0727426815140895,5.568129297258274,2.3326233675741017,3.476102429590024,-11.808744212796839,-15.798068183706818,-16.883765343485283,-3.2222553159782685,-2.4585982990659727,1.9391531614327828,-3.5488437738864964,-8.400290888802052,-3.36914269515527,-22.03266840813265,-7.770853687697052,-6.433644686036077,-3.3003018400642476,0.6470906304703312,6.006391781544484,-0.08816050834420439,3.531918482112225,7.536957163428229,-2.346739259493909,3.314235190418553,8.276079288405729,9.678586276163696,6.698260615813653,5.6657141755919564,11.345443512053336,7.723125224137691,15.566775774772559,27.30075782315392,33.2202013561133,32.03249726654701,11.325864890462094,5.954490249959694,-29.379666817256794,-22.206671415314446,28.358959309014338,48.15438962052629
Angelique,S02,epbin_NumWoGE_1F_Par 14 rr icfilt ica ep1 but chanlocs chansel chanlabels S02.csv,-11.148322938844569,12.154104975745081,-6.572672929786514,5.69423991682142,5.407035045292213,-5.6425377056564985,-3.668506686724823,-11.02052046157132,-7.301825480862522,7.983816852076849,17.274363177578607,14.685208890172062,9.191792044034642,-5.02717367097796,-19.18672765798555,-15.608417691049521,-4.566256918185506,7.956423555285173,13.787840801817563,12.692745141190853,1.6602234393987283,-3.0516044122404034,-8.738062781424922,-17.035312970211443,-2.6857754376508702,-4.658763693719649,10.529577774470047,-2.377857095473173,1.7565429762942513,5.1835316295139755,11.252862536676375,13.593192218333066,2.711466062125405,10.000027642377018,3.567286375110927,2.897754498832011,6.943115823715823,13.075424666762979,11.65495774681084,15.146700742533383,8.996478461517947,6.88038536855516,-6.649300874173167,2.1775403353903133,14.411123093895474,17.020748798306442,18.44423068888059,22.490044997197845,18.49092518548086,9.89827071308307,5.471176680834029,-4.336087705157482,-8.172628800778803,-1.1353194880251816,6.276144090443617,12.100742244984032,9.197887890407419,2.9246573141312293,-9.310728652800835,-25.01742719207668,-37.66574537681209,-29.310595172780125,-6.282545536550368,-11.382370530319252,-4.7841560144616615,-2.443514586888237,-37.23134463284134,-59.56848660323085
Angelique,S02,epbin_NumWoGE_20F_Atp_C1 26 rr icfilt ica ep1 but chanlocs chansel chanlabels S02.csv,-17.49496647009866,10.058941294989244,-2.415153738229188,13.18865070248406,11.321800729266007,-2.7247677250346434,0.44089392227818436,-20.706132576442748,-3.609756716067392,7.230856878874153,19.738811351906364,13.55359045802954,6.075086350776277,-3.142279805224877,-10.134892950627597,-20.0343829373686,-18.702271598346726,7.021194798935584,12.924085499773199,12.459664581205795,-7.955305651944347,-14.368876629912805,-33.628284475075674,-46.88965176420188,-41.75826497838746,-19.280052985236367,-30.779601818028034,-15.385940553237209,-9.261123270170888,5.8150603537746335,12.089274495898911,19.273958850637687,3.461904333643102,3.471956391065331,-2.5604527761809157,2.2024991078813034,11.595509092096687,15.1953064181032,11.092203113044112,15.67355182274137,0.5471263240517886,-8.179258108306872,-5.578301355962766,-1.017841520510791,12.17323991773609,18.82330944234521,23.667961224352794,25.982211860842067,23.69060641460371,20.030811914127753,11.155319006690878,5.699965056792787,4.737095323496084,11.683515158096819,14.097621738987337,21.477874866233403,20.501112120564645,9.841880891824152,10.043236112321015,3.952799391599182,-0.2688204540898872,8.845378802078365,5.924853237821709,-8.656596466332209,-56.204098582096194,-50.013043577592164,-8.587426049636829,-7.42316733854115
Angelique,S02,epbin_NumWoGE_20F_Atp_Par 16 rr icfilt ica ep1 but chanlocs chansel chanlabels S02.csv,-20.524773687686263,-0.5493633094768826,-0.39069834984825086,4.8985408041435665,6.163311338430272,6.559924899980302,10.04127331391713,9.150925117711857,4.775591840013935,-0.34051771064171377,-5.008066554267575,-6.998779169180711,-5.04300960917254,3.18360693369512,11.034975641646533,3.2480391873202246,-0.12558102458437156,-3.613389344984552,-6.214933895613557,-3.2802273762548215,-5.572930417272668,-4.146827905688109,-7.756338811975728,-12.301959198365934,-20.176088072907802,-6.73718021828367,-29.04388436709427,-21.799983067625913,-13.382349660984126,-3.4634691607649426,-3.605147674446607,-0.8241948145412663,6.5412235818891755,2.4566647643276784,-0.13002488558179714,7.703893070905642,6.494566925452284,0.9978238765779995,-1.4358920422323107,-0.5483630594177562,3.229076615083379,-9.691276232599572,0.0829960359989072,-0.10889551206543069,-2.3216624865081457,-0.8986036397280652,-0.568228581715262,-4.506714951838607,-1.5330617674318154,4.213094425011584,-1.6785366944380884,3.4882680860310296,6.982851488627636,8.026299040390967,4.069717629250561,-0.6597245323302041,3.7638422929390796,2.975955172142074,11.254832229712775,21.19575390765428,28.215835508656706,23.31448576207527,4.35902059435785,1.8375911530196019,-26.52092916448878,-32.4602849797042,14.444021392108024,39.2578830105939
Angelique,S02,epbin_NumWoGE_20F_Std_C1 25 rr icfilt ica ep1 but chanlocs chansel chanlabels S02.csv,-0.8125326655552453,-9.525602249929932,1.373967898545772,11.324497051636044,6.388076133941468,-4.721516590480391,1.2167490570872486,-11.231602180734,-6.486721908396758,1.8181869356086333,10.008695900136063,7.403542436044884,-0.3663449597901384,-4.43951956889373,-7.172295999959981,-16.76632319738179,-16.006609269174017,2.73952258708861,8.355431899807227,9.13670481503795,-6.340391183619776,-12.393258036037363,-30.96214562398175,-45.228126198678076,-35.67887601301357,-10.300308597627652,-29.093399747192052,-12.912142716876495,-4.034258474723823,9.493507656838533,12.193898093992162,15.800788656905477,-12.419294726740564,-14.639320255667272,-15.366374955448006,-4.087133813087207,0.8524300340307531,6.537987350219573,3.2344146069605477,5.328587689079498,-5.797568240733112,-17.430548451017426,-2.356687273290414,-1.4583508358683757,5.1910289831560235,13.282851123589579,16.602737396356932,18.457867702235564,19.169749007831946,17.20196855024276,10.7779178732963,1.8491389952782407,9.02128211839074,16.415484028696465,16.03055736070657,19.171918353051307,21.630747711592697,15.160749410048393,17.94325158388896,19.165485481256425,18.597762784472128,24.58520814824467,12.241004682396355,-3.0896063793171558,-54.846531404803365,-47.79549547204858,13.136432014951952,24.918775683811074
Angelique,S02,epbin_NumWoGE_20F_Std_Par 15 rr icfilt ica ep1 but chanlocs chansel chanlabels S02.csv,-4.17335200334194,-19.55146041021041,1.2008665045921298,0.22221664493121387,3.4476459568546223,6.773993001714202,0.9918572616450989,8.1330019460956,6.638028546606935,0.7126049890782489,-2.601478909924828,-0.4264107316475175,-3.8883182293754945,6.513421829099255,12.855307500693478,8.963162793125198,5.347899730881922,-2.2916237404019104,-3.662560112569203,-3.9571743945699076,-0.17428683801367906,3.191019980416396,2.2513708677929487,2.0218658070723174,-4.529667112361614,2.430874161805629,-18.239996753868837,-15.828093450562145,-8.165299847739194,-1.9463745104021108,-3.7405270569942024,-2.5962668911238933,-8.24597764450358,-15.27685106829586,-13.629251712535865,1.6631360395349049,-1.0665301245981231,1.2736895105941237,-1.5293466280243424,-5.104261942595474,-1.5409362818348966,-15.972414615835387,1.816758497741648,-0.255680117142547,-3.4691100265430554,-0.7610679780106039,-1.6422853246493097,-6.845868879672058,-3.709081850676364,2.242916917229795,-5.198891612614327,-1.4942905401677358,2.3256995713444093,5.153298449115646,0.26446582074178954,-2.3944157293255084,-1.521290217990173,1.154149601288372,8.44754844436837,18.7289578218803,22.10784168568346,22.370573308123852,2.730899502010765,-0.22052189552528972,-12.40228123916636,-15.90848130959072,13.704795037395343,38.28187696130784
Angelique,S03,epbin_Dig_1F_C1 21 rr fixF8 ica ep1 but chanlocs chansel chanlabels S03.csv,-6.382238340194462,-1.338041398792643,-6.993542777730243,-4.564015991805395,-5.598164657268827,-12.383899937506785,7.526609702810155,-10.302186705124994,-7.503373491860561,-3.8242274653700012,-1.5894688679662476,-1.8816339197455823,-2.528984033807575,-1.8879071733909742,-8.104679502417328,-2.0558651082884647,-2.809387910349819,-0.2008914155582899,-1.2172974181703309,1.7719129285444828,2.7091933140364763,4.77789537928673,1.9432461601056579,-0.4619899478757611,9.722682306178074,8.438680628057899,7.2862729317998784,4.106611542564119,2.973961167921683,9.707546613847024,-0.4982821021135514,-1.4275193918010918,-5.720463054846202,-2.248182237081898,-5.9261576010116634,-3.14387903648892,-4.150599647751034,-2.8862180909645656,-3.82827577216698,-4.913170263353305,-3.774082960380298,-4.900277277014364,-5.0005925205451955,2.6837027863929785,1.7467695353571477,0.6093927205042056,-1.732306722060517,0.02457208231910435,4.160433676179498,-2.930836499180982,0.2867174496460783,0.5705668478187136,3.775778094801412,2.0376515791313987,-7.026195508759542,-0.218019523823372,-2.008533008013383,-3.415681229705021,6.877930759760769,2.892737174610442,7.5577668732507695,7.265463604229292,2.7872907014233896,9.820017509842097,12.053535398788087,2.660238125804704,11.290327394166338,7.31156044837653
Angelique,S03,epbin_Dig_1F_Par 11 rr fixF8 ica ep1 but chanlocs chansel chanlabels S03.csv,-15.925781846842904,-0.19585758530864197,-8.604148290098324,-2.0380903587041863,-5.205960019101299,-7.9691637557437875,12.474578995456977,-7.253174127091626,-3.3431342463971574,-0.6496725855277051,0.45246990484187344,-0.39938102064273745,-3.3079459684054453,1.0665316442133972,-3.419473449571396,-1.586876429003446,-1.3832004822402675,0.22480533188833735,-0.28490018286079744,1.3823823036351295,3.4054381351759395,2.7496165465356617,3.7320060770127976,4.591783964898678,8.345943476755629,7.5657572940232,6.600006734389149,3.213097966771835,2.856202314681312,2.5186516713136156,-2.156542160211725,0.33353396869830043,-0.8550084701815657,0.17420749155512752,-3.7912786410980885,-2.0844409677891074,-3.824942152935157,-4.26850310375805,-2.143049301674573,-3.037897452501266,-2.851970021585938,-3.383240019287947,-3.506472155664529,2.8277920250320334,-5.220138095174319,-1.0707901132937796,-2.3189647389616312,0.5130602220980808,1.16715866769979,-3.568816772956234,0.17510999637992383,-3.007929826828883,8.445973014462862,0.5016778984574501,-0.571605219978458,-1.5905690128674148,-4.149522831237575,-4.191987990449497,7.44081843391888,-2.807373563127975,6.265811391767627,3.818287472505035,-1.8906534417065062,7.451182373441121,5.663819751290402,3.6142948437574485,9.345353189214878,4.941103302014955
Angelique,S03,epbin_Dig_20F_Atp_C1 23 rr fixF8 ica ep1 but chanlocs chansel chanlabels S03.csv,-10.397953398365901,-2.7887912280559317,-5.216733326544729,-3.8931569816468463,-7.536189869189241,-11.525357785120681,-0.8019679846381591,-12.785925722997105,-8.053561220084287,-5.261473239407441,0.08017798184997882,-3.0973848002845115,-3.8263234134078816,-2.6348186718367317,-7.849310233041233,-5.182904454622845,-1.6081276155679285,-1.3214742652878304,-0.3150254874624503,2.20278894681256,2.0138043502221894,6.156828755701109,2.3001490524613017,2.688589552909046,11.643804853922877,8.618830001146318,8.66021973354646,7.046414330610076,6.885395219139597,6.7273565347202995,-0.1325920422566127,0.15912334395517516,-3.716976485044892,-0.7413560473685454,-7.266021240232222,-3.71430361109618,-5.3787411884068055,-4.238402222544748,-3.2829007257800042,-5.590763286783445,-4.873903932461826,-5.831951152286247,-5.355927463829715,2.523311595624534,-1.7662137025433549,-1.2728299752763081,-2.53042244387327,-0.4666222508842476,0.9608485797655573,-3.256145963800212,-0.1578366353310586,1.5046548447281003,9.349632831945641,1.7200896756066357,-7.610676380331993,-0.45240119592377903,-2.0345732783653574,-2.8020233552576643,7.365923565266356,3.746419627850429,11.582291120813585,10.705314029907367,1.0776332376686528,11.737992399464359,12.2867769521785,5.934696776854608,10.297388885322636,10.593606385966796
Angelique,S03,epbin_Dig_20F_Atp_Par 13 rr fixF8 ica ep1 but chanlocs chansel chanlabels S03.csv,-9.537823008290932,2.0021588015479437,-13.335027713595476,-2.98039671725633,-6.030807979164444,-7.593104891806173,5.9184034025165975,-8.839360790357885,-6.386309509351117,-3.537088213507644,-0.6511449172539928,-1.6964160438360596,-1.8868747355939681,-1.0786781338980425,-6.705667491562141,-3.8237489360736334,-2.0450311167435795,-0.006962881370572406,-0.4267382610766513,0.7577278529076824,3.3581166978289203,2.8988609612115805,1.3375728369848123,3.419409377051913,7.875401601565113,6.389865845997733,5.173688226959154,4.28267210614345,3.8330892077730554,5.69540321442073,-1.9330785365420387,-0.7796216395603214,-0.4253258675626988,1.094204572468628,-5.378300012760221,-2.389415589776008,-1.4011363284129152,-3.6924004487693556,-4.297048595903664,-4.729933716608147,-2.402034843278463,-2.1114051616864544,1.4461190101480705,2.3498257320978984,-1.7301409612840635,-0.18996412680730196,-1.6822175097163792,1.1028667817726698,1.3244121036697694,-1.6719779558303394,0.3189231106755055,-0.5446331701318463,9.06081628453646,0.40477970698247845,-6.53039018804369,-1.0249038622358388,-3.7521666558582156,-5.134257628930354,6.803026037491451,-1.99940081375891,8.86842099852883,5.705036438033629,-1.3385208039785244,8.846814301030062,10.786673771064205,2.861511441839433,11.222937515918563,6.560712817689528
Angelique,S03,epbin_Dig_20F_Std_C1 22 rr fixF8 ica ep1 but chanlocs chansel chanlabels S03.csv,-9.314137798307492,-2.686249101579604,-6.2010384427210266,-4.803735851590904,-7.3736082179768845,-12.022903411808548,8.467691427671909,-9.000627957544962,-8.230816107281854,-4.017923103089001,-2.7503964082787338,-3.9775360829108517,-4.867617467482792,-2.0024789292394427,-9.200680754637967,-3.0608047708623425,-3.205900406866194,-0.7059501475511353,-0.7524084864361364,1.992090032118757,3.485973854484828,5.871676314214551,1.7272328466619387,2.7635333917150797,8.191599144518122,6.993761562333716,6.754885626954252,4.963622698140696,3.820623633926177,9.034145202989958,-0.8738330351648241,-1.176520029860094,-5.646854925992834,-3.3187772463444336,-8.808100025803212,-3.94706389730635,-4.244367276203248,-4.362148916904099,-4.508671640553145,-3.7049271617605566,-4.632331134803109,-5.399245606109786,-2.757305462644341,3.2877445657571105,3.4556448189229036,-0.09543760216186942,-3.8437020908637862,1.157488209197347,1.955760959793825,-4.194464322553329,0.8383634354671088,0.7606986191569497,5.415869629537745,2.8585277889085603,-5.358820375524649,0.15871293303377984,-1.0171322845072688,-1.7537038413312456,6.59250495633396,4.270902850219854,9.881229672081421,10.404158763960416,3.453058705204966,12.256662986455597,11.083821193027623,2.0504659026719625,11.631271646400174,8.238494280433557
Angelique,S03,epbin_Dig_20F_Std_Par 12 rr fixF8 ica ep1 but chanlocs chansel chanlabels S03.csv,-6.5875158792686195,-0.35035545278688246,-9.061520831857448,-2.7814560456731807,-4.916734501611535,-10.636949463603075,9.860117336296684,-8.627486103882779,-7.010826257745374,-3.252857122878374,-1.3898321999667824,-3.724909395690335,-2.025646702509986,-1.5487611430870032,-8.43757258650672,-3.787073808186411,-3.9374710711885506,-1.702711218481306,-1.6051005631183783,0.24762271057451773,0.0036559718573127673,3.7062637217613372,0.35327715485880945,1.8265063565928237,6.728652273188837,5.494004388143124,3.359157632285785,2.41047184034414,1.3702130535555017,7.953153171795361,-1.5589323697681607,-1.1326400148368443,-0.003672016707133962,2.6065329702602793,-3.7969628098787913,-0.8848469602463641,-2.0065955990702378,-3.029156279342552,0.3529690569251764,-2.175986900949848,-1.8850188342080678,-1.942799695388786,-0.14641835062690514,4.455881932172772,1.7094001389044267,0.7376676080519052,-1.9312883847189872,0.912222578476872,4.368158536961748,-3.2532421595735506,0.8364809622776376,2.447394316257997,6.091856525891814,1.0528258278970497,-3.14700517596765,-1.717045567353333,-3.8746745505052895,-4.36111369655985,4.316360554145231,-0.3126124690072669,8.51505361211866,5.454183989498661,-0.7457479411688268,6.8951819738219635,8.724000563917281,1.456664883174175,9.795673307710723,5.2489367184377
Angelique,S03,epbin_NumWoGE_1F_C1 24 rr fixF8 ica ep1 but chanlocs chansel chanlabels S03.csv,-7.420486690391273,-1.0036091368002875,-9.618942730387147,-3.9901478416225094,-5.238505104665409,-10.702224881971059,9.933622486121218,-9.398161650625537,-6.23266741869734,-4.110564609807509,-1.5671499818871333,-5.369020765963243,-4.658273336774842,-1.886943283134078,-7.191313038331795,-2.735807542124843,-2.591479522916579,-0.5016221082228425,-1.1658890894360825,0.6038421930105564,1.1118611937854055,4.78793913114854,3.535236275124778,3.832770101368173,11.023385093962435,8.690918883095327,7.759829173851682,4.796267466913176,2.452565061001489,7.747581252956536,-2.3629010162179704,-1.9751004923071223,-3.4153432801875945,-0.14427893357822197,-5.497317774743818,-1.845122545592766,-2.8329648673074086,-4.22825376484962,-2.6583190950666675,-4.859353798147346,-2.604589355835548,-4.178491407985858,-4.433569561097547,3.95587828108345,-0.7776546704413722,-0.9896477197008198,-3.584225164048101,-0.9723014545430455,2.5359439534377097,-3.367712322245658,0.6306829130015323,2.394871079671225,6.219115010561591,1.8088677294408217,-6.021666129403543,-2.207867963115771,-3.2860086751185658,-3.419703054059072,6.266697365903487,0.8805217846915382,8.778082102270785,6.272635246082493,2.6029216591999575,7.148047367186977,12.356433073604714,4.19542159674501,11.79758731024093,6.925673673327658
Angelique,S03,epbin_NumWoGE_1F_Par 14 rr fixF8 ica ep1 but chanlocs chansel chanlabels S03.csv,-23.93076012459365,-2.1291257026382966,-9.492693721156115,-4.244223811468407,-8.385728461569903,-8.320426092361634,15.118847460098925,-5.694610508330056,-3.663294585870661,-0.7801327312623859,-0.8643929696917517,-0.7757076566819522,-3.0914235493786166,2.1569334798942292,-1.0646270766899188,-0.6821449820691446,-0.15621402939570994,0.03696154436794574,-1.0301696005895904,1.1486900781060156,2.1957781385982087,2.450186159877535,3.1807295354550096,5.992016408589963,8.657202845660837,5.217807695051232,7.082360960947547,5.9025892475680095,5.083912646312847,4.019590169679417,-2.7737511534601733,0.15343442956331213,-4.419171213836973,-3.160510802427316,-5.524477098216953,-4.4063135808658815,-7.034972348333607,-7.1899591917147205,-5.151844498771553,-5.497177378740394,-4.73842643456217,-3.184824989691605,0.7084279570785244,4.293879246713022,-5.093141833079172,-2.4414801125394274,-4.030919481619612,0.6859222488555334,-2.583184511564851,-2.008341235551565,0.9023212529109857,-4.555398501462476,12.290725278146047,1.967896293249517,-1.9870956540449698,-1.443350587990618,-4.1067096395553655,-2.6038949784170557,8.271833096802174,0.581692280332836,11.65074841792384,7.888100191015797,0.18191179913373323,2.2479276477926087,7.515740646104232,6.789998745023679,14.217639577888825,9.648818909520227
Angelique,S03,epbin_NumWoGE_20F_Atp_C1 26 rr fixF8 ica ep1 but chanlocs chansel chanlabels S03.csv,-3.5573742315001358,-3.4097537082721385,-5.945226338464034,-6.622887842147951,-7.6681712924721666,-13.800863462415231,9.319874559600024,-10.946957294577834,-8.975731696483393,-7.103584568923449,-3.8391152454772826,-3.745972177968337,-4.2193217125922065,-3.378974932935507,-9.821199276228942,-4.783361405034263,-4.826917910758312,-2.764207126742779,-2.3559366716397867,0.22180516777224582,0.7912834223851289,4.492616474303094,2.2910291218991095,4.314726612197308,10.55344539658164,6.482046959079261,7.447442116259023,4.72158629692632,4.222045476279622,7.1312633831610555,-2.766159899020636,-3.498865148005769,-4.009979203474254,-0.9824338730384666,-4.951446876721967,-2.6151450632552695,-3.2548002941335823,-5.486843087723214,-5.065209991294285,-4.5732399964639265,-2.0150948496742815,-3.4630839297683758,-3.422711611597852,2.7817423657294804,2.0397943511189247,-1.2014721940807283,-4.381603771092947,-2.0018683506450548,1.8885509784142418,-3.3984969444845947,1.715661808416247,6.394917372070153,5.480255113150417,3.5531094429457233,-8.045117205224894,-2.803896195884927,-1.6021029486378437,-0.8581989208533981,6.657973842855768,5.521290618163741,13.681600975555266,10.426955813199589,2.840991908100272,10.143421156690874,11.819182534626174,5.172113721519551,14.538027776707862,11.518571882911182
Angelique,S03,epbin_NumWoGE_20F_Atp_Par 16 rr fixF8 ica ep1 but chanlocs chansel chanlabels S03.csv,-5.853005561677193,1.2086954210889451,-10.426316691797943,-2.474865416200172,-5.880458506984465,-11.330931176490509,10.946086555481454,-12.697782644942937,-8.250686249452718,-5.148592357355331,-0.2818946706626919,-4.308243405468107,-4.601058571748945,-3.8434329400702083,-10.721594659211904,-7.701605359104609,-5.246398932141704,-1.3851566526068049,-3.7445615441119755,-0.2701618022699496,-0.6406785851504474,2.391307649905055,-0.1548624206843116,0.6288901122018175,5.295306759359014,3.1574402401278174,4.929371739116375,3.851018136581376,3.024515132982565,5.755431601988984,-2.853541249175026,-2.2305640554448525,1.5697323529737834,5.294224487170352,-2.469186788484408,0.5778049949827336,-0.7240257367642647,-2.6237558897004756,-2.2854091438842943,-2.6306449949733794,1.033024003985348,-1.1755431576354471,-2.090467970128246,4.238102760012374,1.2615682887048598,0.459533736734507,-2.053215290419175,0.2656505042443377,3.8258059048695503,-4.08676774296847,1.3569448325198792,0.9107612427936933,6.94618884491966,2.8098305246571917,-5.018327522346596,-1.6796092951016408,-3.24461027260229,-3.160159684749356,6.749073392162486,3.637312720048755,9.975252985252219,9.511246877645794,0.9977582613217354,10.486663226441593,9.030362478989902,0.22742292890773994,12.035807055220348,8.899979524569144
Angelique,S03,epbin_NumWoGE_20F_Std_C1 25 rr fixF8 ica ep1 but chanlocs chansel chanlabels S03.csv,-5.731049819043033,-1.0283518944688919,-8.278330310862527,-4.589504505811957,-5.2307467373913195,-11.465517651055004,8.148231480082679,-8.52801011386382,-7.505637372278775,-4.893938816153023,-2.6844594212444792,-5.819419395071212,-4.650619315369712,-3.078695845078907,-8.56670028518893,-3.768082647014547,-4.015086882852043,-1.4071313623306145,-1.6779431391353796,0.5311003289815716,1.2324502577916745,5.902937889128553,2.5372265008600223,3.1368046026475507,10.206995683427293,6.512276381135413,6.624225378445553,4.410845227833055,3.059968837769451,8.846354718458135,-1.971165427058265,-2.199914857108695,-3.8694911824581726,-0.9874620268158307,-4.948652107503543,-1.4674827550202372,-3.9722432166972577,-3.537357427415744,-2.4271456331790713,-2.244020867386039,-1.429238000752087,-2.880423949293554,-2.2633829644277834,6.459083939138422,2.349759942468942,-0.9006213126642099,-3.1876223300494333,-0.3769630912338265,1.581710159431308,-2.534760851745544,0.7758831511199741,3.085071849335926,4.10712591467087,2.4031286266119767,-6.73821027912172,-0.8429925573800041,-2.9817872804721786,-3.8989137345925147,3.529343954352038,1.6042558829636766,8.191418256513481,7.697479617460102,1.243927691537746,8.353453569108359,11.989254187745736,4.405403432474535,11.756674148827951,7.8966828211883735
Angelique,S03,epbin_NumWoGE_20F_Std_Par 15 rr fixF8 ica ep1 but chanlocs chansel chanlabels S03.csv,-18.559572843915824,-3.8720558187424583,-12.663369267246203,-4.792014852337066,-8.50889618044612,-10.12324387432759,13.209702558179416,-7.635768976212253,-4.992306150978834,-1.3809611140844351,-0.6851421099861624,-0.23313108857689271,-4.321594954918436,1.9219103414676093,-2.5750670074711928,-2.67251817887,-0.6551362140570794,-1.1005659553405238,0.9177367963652883,1.880946692698672,2.788502492081304,3.6176828464897723,3.1096749235756898,2.917459485661879,7.799746122195614,6.029833834952009,6.086939154402428,5.774509531309056,5.551149119367633,6.071694479914413,-0.8096070466788726,1.4149240627924504,-8.630535324351387,-7.920852398618318,-7.722878415732963,-6.040249878612131,-8.913274475938907,-6.580873259067523,-6.8929269977728165,-5.850970452326065,-4.469199634015398,-3.4554404215243824,1.8257558107864391,3.195557837315412,-2.862985077463873,-1.0000538071225165,-2.631762090284,2.5268832421068437,-1.2836338991260514,-1.7741523449690901,1.961824751573181,-0.9281349573776118,15.201692799662496,2.690608224582209,-0.19559046368843724,-0.214315090637706,-2.5089675755265537,-1.0546112837768353,8.226267828780482,2.20403966505862,12.415333177451789,8.001735226938472,0.08649654622644633,5.272210558450703,7.999219707899376,3.488901136720011,13.530920037459872,8.792500232759068
Angelique,S04,epbin_Dig_1F_C1 21 rr ica ep1 but chanlocs chansel chanlabels S04.csv,-6.241826164522639,6.851031017650291,-11.31291762228725,-2.28852729674862,0.6734998379559152,-4.64054363422709,-14.127304425522313,-9.230761722877189,-17.455860259586707,-14.430151031694853,-10.962796142220727,-11.013384185019175,-8.043319486266041,-15.429770001472688,-5.508354129499391,1.3569120514259432,-15.031002408545074,-8.135856053433969,-11.91986648201856,-8.775460832752866,-3.4892607349983384,-3.491301434822165,22.145575908889047,29.35310801724303,33.287618661957175,4.2972553847864745,22.587133037333032,38.84895002689695,4.240280467730558,-14.419833359384262,-13.782960337332673,-16.324562887114553,9.000634539515698,-3.822658693590719,-0.04344878346392109,5.689425458360166,3.570628624882305,2.8096408684683074,2.137495509599925,6.716591677994028,18.29439498110376,-5.193624102423345,-12.71091337930523,-6.516380283033722,-2.2861943070973707,-7.057176676100867,-6.733397235897551,-12.232012227630493,-10.283573683226527,-7.506038219668647,-14.70268502681714,-13.343261078424156,-9.044161820444941,-12.453400802642115,-10.273974422541299,-16.22035955497608,-12.850866340758817,-5.2515192217411535,-4.867116461116953,-1.1822325956782014,16.962608812447556,19.893095069781587,2.0775272326657395,-15.60230737734805,45.25285363926725,42.64817684774947,40.53084353532815,37.00765501205615
Angelique,S04,epbin_Dig_1F_Par 11 rr ica ep1 but chanlocs chansel chanlabels S04.csv,-5.657936412313937,31.232285470594498,-16.817144905826236,15.458139052591658,10.495687154049307,4.4650044917269165,41.581328322533096,19.90188120318751,15.302285813723731,10.458107518481388,12.920124267536126,3.569432921699979,2.300174395530144,12.084601713962904,9.094245366558994,6.3186566553983,7.44927204850041,0.17320129068630385,-0.7141395980597378,-8.583041457957,-7.871481712093201,0.41097107439692465,-19.761419359158463,-25.85738151293022,-40.23733873561504,-19.71354825574957,-37.20248101119567,-47.79450627961836,-28.197109813586824,-9.586836323303764,-7.37614837791288,4.553665151543936,28.580689639489123,40.20130180150558,20.43540114545753,17.535090254204626,18.241023388611865,11.924552219495766,13.40293965390472,5.83446857772926,-11.506684182911526,20.503455720610273,16.976808640335076,9.227664456619534,5.838844953436759,13.656369166427792,14.003477874931976,6.456250000469571,9.010490897190921,9.654984023047277,11.903837927914045,8.214886767571882,12.012708838684922,9.63738722255726,8.319807844786041,5.593889536741686,-2.6642476600529874,-6.277581156905148,0.3458675600036619,5.077336986869323,-19.29134905904984,-24.49943979933412,-11.594412315853212,-8.980618207963044,-41.14262535630946,-41.527969477047215,-49.81059683288273,-37.692570434604974
Angelique,S04,epbin_Dig_20F_Atp_C1 23 rr ica ep1 but chanlocs chansel chanlabels S04.csv,-7.107527230155784,-21.81949236985257,-10.37012983674291,-6.676183886391908,-5.257608343529009,-7.962156789191661,-28.639934791806386,-11.603932375520026,-18.61766668076149,-12.840511544332202,-9.665888480470526,-4.275476137820078,-3.836864894306553,-15.625246612518081,-8.67130575563342,-6.087306920101395,-15.564344495660261,-4.8032343613220885,-2.360994579530211,2.4696012912916,1.308307602794053,-5.40034477892198,17.462101178314875,14.73283874951264,26.114625949663314,9.058467071481376,24.133650074675707,41.15271436427889,20.559606540089675,2.8908666045051357,2.3947222492266462,-1.5084692204107897,-13.209138982798208,-23.37928993687531,-17.60405196945483,-7.777035604282518,-8.146924350720877,-2.376385680390622,-4.763289562439433,-1.5432196050411948,8.268134518165635,-15.66967506131003,-20.91342472839074,-6.847002220431129,-3.7896300484446943,-7.60967371228635,-7.671984671650874,-3.811653623454293,-8.102552806114986,-8.40388455253559,-15.06966803863726,-13.121105323301112,-12.825628082936909,-8.136632054944918,-7.206349130663195,-5.91892982948992,0.758714084857855,5.4827929176470205,1.370558419003371,3.2025324157750097,24.492036775558738,34.465249783202005,13.88186749936886,8.768080251600328,32.24819188604144,34.10477817567203,54.22244964144101,49.04883638589785
Angelique,S04,epbin_Dig_20F_Atp_Par 13 rr ica ep1 but chanlocs chansel chanlabels S04.csv,-3.7857787002372865,20.286909340885586,-9.665354766393445,16.034530403261222,13.331829259225382,23.38103441965288,25.133551436549567,7.058216251924787,15.57908574717985,10.18234293470439,8.688642448185723,3.075058932958027,-0.22672354160040814,8.391596908197695,5.040536085446641,-4.525913229516005,0.8671747521020875,-4.769343933427232,-3.0828787236555963,-10.153520030109533,-13.641680776567975,-9.22042817019635,-34.588966357111026,-36.625171998494295,-49.72488678206885,-20.675430655598284,-36.79745752694943,-42.90417770717118,-18.252534049976244,-4.706787549681947,-3.8329549793828392,5.086802845948029,33.99958834281547,42.509484638554746,16.773409317492607,23.191490535681673,22.47265216593639,11.398631062770189,13.106636147179307,12.026467538580727,8.445255307637655,17.91560113209705,11.630911235514107,18.896358947213823,10.657708547874641,10.644167277460133,4.971139490356509,4.49634895520516,5.24994577918888,10.779733088945086,19.230044258766455,15.830844449463743,12.661691813523914,11.1911598899497,5.675906669444483,7.087739550850503,-0.5506757483447889,-5.955398377481786,1.139940006559927,3.2067289564888446,-12.413490905083103,-19.823549186407266,-11.400301638403825,3.167157866086284,-51.81120416332293,-42.25034108303823,-38.88393326636474,-30.225198797094816
Angelique,S04,epbin_Dig_20F_Std_C1 22 rr ica ep1 but chanlocs chansel chanlabels S04.csv,33.531609666882574,18.17002528271926,22.338692607491165,9.801092851654198,6.498968276365537,6.951621789608185,16.42701253194596,0.32671495242002013,17.33945909758045,18.744677729025742,13.980804927858351,9.297515430075293,8.038235230438074,14.90280524560611,2.953691623694807,-3.0646840320458972,15.874349447488516,7.601930082253471,8.533853922245681,2.5130558508244722,0.33998539905900205,3.3454602021798125,-22.770994505202037,-25.844713641196144,-32.26762700954781,-6.366701013830656,-27.629188702517087,-47.25004840019708,-17.012676327514757,-1.2045471195651225,4.785669668076711,7.066331190688575,12.321404575574997,23.315196869723593,8.783063594142511,7.446723805478303,9.535579179710712,3.623696472996726,5.048697189572203,-2.4364775242296033,-15.156346393930052,11.537318858523603,15.274986647158512,4.460323476289512,4.799235353904997,8.767029319980685,13.70552881952762,6.952166761580867,10.987276528846623,9.612685721190442,16.575392751189813,13.747591479797242,4.383313395701896,9.383296071435336,7.624182279835142,10.390224862306228,5.400048431799508,-2.6082846768424703,-3.393281550194387,-6.018904438774012,-24.60702233831096,-34.65337630739392,-12.046138825956463,-0.6987892483650094,-42.29268259290291,-42.63998010603727,-54.13536382090548,-48.94071833637922
Angelique,S04,epbin_Dig_20F_Std_Par 12 rr ica ep1 but chanlocs chansel chanlabels S04.csv,-17.568927681391646,18.767009975349556,-14.240281492679356,-14.03111492023052,-7.695975681058243,-9.549652629564873,3.7068818442997085,7.635742419978612,-4.882050451173604,-11.376973020975415,-14.166612257691144,-12.981266795570496,-2.663121364085369,-1.3519622178540915,12.239332127791899,19.990853739195742,4.714695136865114,2.7491157644829958,-8.541228637918184,-0.6156678515673721,11.4499864812587,16.782497658837105,42.59090594102295,45.718851030599794,51.33211653894652,18.1148583442672,37.415661627129325,37.446776337744254,10.708660415897096,-4.949782649615713,-11.228018339801286,-21.852325281162916,-8.904555368765063,-16.97734949929892,3.4459726966963276,-14.386503908470244,-12.332369259520544,-10.979266162359592,-12.883300438504204,-14.167813801477772,-14.995001027888149,-12.25386592113551,-4.311122288718565,-21.332773788275404,-18.08014451874475,-18.468366923797166,-16.007243001266836,-18.75002353587289,-15.903662573343183,-15.696505466721696,-22.013239658161197,-16.470431987035933,-9.764298297546144,-12.928700395572895,-10.890883986351584,-18.266839743272364,-12.950158299710775,-3.810288019112971,-3.431099266937816,-2.1014951197254876,11.063118835868828,15.555077811120196,3.0133200367274244,-15.115146755868588,56.36539280492735,45.677267453965506,30.938397233669292,24.44490600248756
Angelique,S04,epbin_NumWoGE_1F_C1 24 rr ica ep1 but chanlocs chansel chanlabels S04.csv,5.381819961830825,63.486458783550646,-5.184588056573658,-6.048081083645186,-14.774200388630893,-27.978672474744123,42.4330896613664,23.015957301736364,4.268749162102216,-8.504087721038069,-5.32377732278535,-12.905565972485999,-7.422924253096475,7.457187958241683,14.52460707906889,19.084229406363736,14.515182175569036,0.5801694483309713,-12.293084107818576,-6.67450021090684,4.9228913809420725,21.700536290014412,22.477916957595,26.032976998241452,24.65307516526284,8.49759989412657,18.57625081545848,-7.969862221041238,-3.7625556263707205,-3.220375711808277,-21.29301579313357,-31.956227615592663,9.67946791805374,18.046136623362568,22.249717481837127,-2.882596693923495,0.5025656191469878,-6.348810367022546,-5.855264419891617,-13.454212784366263,-33.97811384491645,13.28495301927941,15.636403078321479,-14.43707369934711,-13.177270847516748,-8.73983023742221,-7.456846816916634,-17.679395596807552,-8.701251326694884,-3.5487330298358906,-3.764445044392209,-0.28129711574997196,7.658401003342106,-0.8545904208235002,-4.234455870625069,-15.91503779428382,-17.305197651353954,-10.165469003688232,-2.6487279505022903,0.3990794555205103,-4.84021427465835,-11.478554851164217,-8.535724337766434,-24.912270715195245,24.226718137742512,16.15483844335306,-19.02146523041088,-13.918613381126507
Angelique,S04,epbin_NumWoGE_1F_Par 14 rr ica ep1 but chanlocs chansel chanlabels S04.csv,-22.718168202850734,-2.699567381946569,-10.110620089244893,-20.753008665733514,-15.626164864690947,-30.708263472231124,-15.701212964887562,-0.46214697555974604,-21.486257059539863,-19.723598505249186,-22.48322580170558,-12.120858580300347,-7.552720246636182,-11.224704500700168,3.435173046130676,7.393678072156673,-9.867592193335883,-3.9894008905241836,-8.261135608393799,-0.05355717280974207,3.6277531821151836,3.9846003755680273,34.03638948833726,42.641793777792344,47.58028932881601,15.195247937804902,34.77151698656116,50.61793907202413,19.776865924512663,-2.1737910587610316,-4.637512984223201,-11.423567031084202,-23.69595095685383,-37.67701629153278,-5.173397517581348,-21.162611880437435,-22.222192841309326,-14.380049800655899,-15.491313699086982,-11.376416199508165,0.28960961920889516,-5.859206066714275,-0.8346705862230719,-10.120389836213153,-11.414021551128254,-16.847156983843192,-16.06156994781037,-12.423959684519298,-10.993420975077127,-10.805159024093953,-13.174097059291872,-4.234974865189899,1.4265841511031538,-5.169294033517528,-6.258233847419206,-11.107273563329176,-2.166379980250403,3.6262734107399277,3.98415278713884,6.191314034316731,32.03400891631709,25.960308546067182,10.555569620383443,3.390124981975204,54.09754006672309,51.266983420648884,47.282598629402706,39.259525178769586
Angelique,S04,epbin_NumWoGE_20F_Atp_C1 26 rr ica ep1 but chanlocs chansel chanlabels S04.csv,8.414808477537797,38.74020962856953,0.30184430033358334,8.64007891892501,3.560721464310474,-0.5697913301966453,36.28310686186164,12.883032745850553,11.122813797796613,6.451426719146748,9.505725419448618,-1.7479863815812917,-4.245548580085878,5.118125892469816,0.354989834615955,4.618728281750637,7.154492492791288,-1.4270278244506474,-2.6067110256771415,-5.401849419382846,-3.326337198751545,7.043366992778602,-9.166859966432664,-8.391119855291189,-16.261298436707413,-3.7188735820548207,-13.569346190086884,-37.153510786462014,-17.9853533477858,-1.2478597409487255,-6.356074786920504,-5.761221587836398,25.442486501519735,40.131965717228674,29.36174140375695,11.208487997482194,14.635566732264191,4.863103736004239,5.4512250962763895,0.4688859013857419,-17.80176921327255,17.32849403683509,14.348942621863863,2.371385130110918,2.855783359687602,6.885213954405038,8.413906775247284,-0.3692949832351669,6.281654793321897,7.927288136736202,11.055243965489778,6.885797764701015,9.89979068791848,5.404488389034654,4.386004055907304,2.842254888401344,-8.623636235654743,-8.223139144884932,-5.064249265211655,-2.9672228524736832,-20.21906858626482,-33.28812227466849,-13.296908797644726,-14.383995973201447,-20.74316805405903,-23.351330589620467,-49.07547835965807,-42.2990176488133
Angelique,S04,epbin_NumWoGE_20F_Atp_Par 16 rr ica ep1 but chanlocs chansel chanlabels S04.csv,31.533176545316934,-12.183950267531873,20.205461449059896,6.134140957236355,3.9575940018634355,4.211948806754641,5.691173930105573,2.9133556150950057,11.468168441362636,15.225716520306213,12.75858598475249,14.436686344690282,9.429525789498287,8.909424210150808,-2.910146387520228,-9.690287928704816,6.969355547972498,6.525554269166925,11.966647580798776,6.2890670569283955,-2.3652786198747515,-2.252447113383575,-33.54778875740787,-38.850065206078426,-41.82008970644304,-9.041524449038796,-31.778082737355003,-39.669527237182905,-11.908112212334354,5.419286438244078,13.842833716054917,21.470663350643054,3.7951170678049775,18.483823341331526,0.9536214853322524,5.746517053580853,4.414529408491207,2.4530865452302195,4.2440441787296015,-0.8024964547519525,-11.162138653683854,2.455100529489018,8.246123192757372,9.509495030256623,9.093283280496562,11.959115969608646,13.243595987093789,15.411572357610918,11.725488398739515,11.333795752734181,19.91321905198848,15.035257292848044,2.276288508331818,10.61993696908522,10.146439657044088,16.313684761500433,13.740937379134094,2.50391341777364,1.902820236277222,-2.4092327637058633,-17.606485808675014,-22.474329342314487,-3.8432758994742833,16.442027435241336,-52.46969875510022,-45.75198327581377,-39.28735869056872,-29.496899562744087
Angelique,S04,epbin_NumWoGE_20F_Std_C1 25 rr ica ep1 but chanlocs chansel chanlabels S04.csv,7.605482858149249,-38.7469499765142,18.76178577390744,-20.580094779190468,-17.70265593994878,-25.3726813987834,-35.78908210191243,-11.373021832299097,-16.89327809562501,-14.361331338586897,-11.000642273511192,-0.5961616526542207,-0.5197256157133042,-7.124331592808931,-5.24668264609093,3.8145786520792435,-3.0070223098748157,5.73418408878073,4.732577126446096,13.518213862682746,14.748194241712515,8.107277413600332,30.53636612600716,26.23272323116128,45.97136660246663,24.88858503309177,36.755791013272464,47.91292836878944,27.586413972127865,12.459152623054386,9.080835671853766,-1.0816587314057655,-49.192260863414894,-55.95967971994131,-26.28325427555103,-31.71457610033071,-31.36918847690879,-17.623617548926468,-17.72115333976376,-15.135355484394927,-9.787940477345217,-23.619369261736008,-13.709210397159918,-15.97614967445977,-8.872846932721744,-11.374147302252046,-9.362790172348685,-3.3368298244606462,-2.5235985345021135,-8.618416800502965,-15.132952270894,-14.86152894096685,-8.282670426272682,-5.916118388776556,-1.9240429139507873,-2.1026223153195707,8.908945833967321,12.77135504247872,7.028240689037095,-0.2500537809068737,17.701430265312315,29.26234212961574,20.13697796582878,11.938583411540733,42.52822603463583,39.298178424958095,46.75339164135175,35.27158439625753
Angelique,S04,epbin_NumWoGE_20F_Std_Par 15 rr ica ep1 but chanlocs chansel chanlabels S04.csv,-32.83122703014196,23.01760521649441,-25.837835174019908,4.715058505177633,11.023674924027432,1.577884460972389,-2.257289502443825,-0.5237528059384484,-11.379314512131804,-11.453944464576272,-11.140356249565402,-13.039802459957757,-9.3528616505937,-13.843944042585699,6.85845403137086,-2.381072121686759,-20.06934396524974,-12.561276153360424,-14.825147511375892,-15.53127898765594,-11.16837300584455,-14.845302627889913,14.376146659379076,25.642806500361313,15.002803796400894,-8.2005011591941,7.303578096840991,32.47636841728407,-0.9647822795007788,-19.05784057564492,-19.821639211578162,-16.17703459061617,28.904919511927474,14.886783384531785,21.301499398421473,17.89456524970998,17.17868683380022,10.236335383090639,7.256222076220686,12.508995990361198,27.013252791884874,5.851849977741653,-7.067405796809085,-0.7014957259292295,-1.689087636075304,-8.067704586524291,-9.882326035322672,-11.675370782226368,-15.315791204472179,-10.717081545600262,-13.31476015464039,-5.229075700686645,-4.370122260437319,-10.401215614161574,-13.955285401333924,-17.665129323543862,-15.714695435020563,-6.068124002071242,-5.974785714556324,1.5162816650920972,18.708862478403862,20.023827182971836,-3.7822088722031717,-20.778140296840714,29.204234353776457,29.970601441940428,36.318157313526505,28.864298538416612
Angelique,S05,epbin_Dig_1F_C1 21 rr icfilt ica ep1 but chanlocs chansel chanlabels S05.csv,-13.410023526198206,21.407925976596793,-1.2130599995783058,-11.77566351563253,-13.49205596404645,-7.666602287498442,-2.4750453246211,-12.412449697279866,-2.3542339809025945,-9.11600740022777,-10.634267859519714,-4.645929449753801,-2.310208626996735,1.1197607443070672,7.6026819560275305,15.155913726149237,13.751059054227303,2.3653167334531946,0.363855149409745,7.143809422765224,13.718013873438682,21.721847552586002,31.101804162578283,20.36403297813681,46.032286899144516,17.205383949754854,27.231956530605565,13.417861254013783,12.264162656230656,7.554291952194212,0.7150425541912994,-3.647858476445585,-10.88839304880382,-11.591528811992115,-18.233212643260416,-14.184140199097843,-11.91985294169337,-15.524073581155244,-16.632315840079496,-19.106727367151006,-16.314364751574722,-17.747821351879143,-15.825605982862001,-14.519403611521783,-14.422336690207901,-12.600797669398176,-14.173742614857536,-4.865431866788535,-12.650226541281425,-14.223698171930959,-18.049414917403276,-7.205223196785511,-1.898294265187631,-9.237341925778031,-11.188248813694768,-5.063264860416569,-2.886954943210599,-3.6466113127335484,3.320395640961851,5.243786595971918,6.683405744046406,13.150157278388496,5.05115996474519,16.347762532300354,31.654054916571994,25.164130765114642,14.740602894452307,8.159975892952561
Angelique,S05,epbin_Dig_1F_Par 11 rr icfilt ica ep1 but chanlocs chansel chanlabels S05.csv,-18.925346303324815,10.750132162111376,-7.939064195466068,-15.116258817639952,-17.67144181329399,-13.686519630407522,-9.496337280451911,-10.062264786438508,-6.7045961165213095,-13.659218383846179,-13.850587659644024,-6.9311419731413375,-4.1330475661376544,-1.2882961455932433,7.409106429866693,17.54718936955711,14.496841814977028,4.42557118957902,-0.22165551523364652,10.019213376341394,19.843396062299995,27.16572381652776,36.2293727908941,24.936411260333227,54.418566532392134,25.676212931166408,34.78931426488992,17.78473180163798,15.42953738743066,13.05731296505827,2.591588669524041,-4.643767086953338,-15.726764907043476,-16.892442561099514,-18.486077835033953,-18.662447807437474,-15.6136524099762,-18.486981938367087,-19.312601947700916,-19.853196103910754,-16.88604001025298,-19.534457316754775,-16.99619423314302,-17.529146851089155,-15.202677810667227,-14.55776917241807,-15.360159720790575,-7.189805293648549,-14.082643718827772,-14.365457335122684,-14.12645555297185,-4.235614293674721,-1.2861998333083824,-7.958949270398978,-12.630504915885831,-7.999446244394929,-1.2643199039514752,-5.541097806990389,4.317479081043824,7.2878034033105275,9.97444600133421,11.635627785617915,5.823994459152535,18.18056641006347,38.60047160404383,30.501318463509783,18.74447043257933,12.474232719576758
Angelique,S05,epbin_Dig_20F_Atp_C1 23 rr icfilt ica ep1 but chanlocs chansel chanlabels S05.csv,-18.08043075665984,15.692810839845764,-5.403127209107469,-14.717641099384828,-16.682360849844933,-11.606524615136488,-7.223949362754274,-10.90632535905723,-5.704782124843384,-12.98024264431246,-13.44916124095964,-7.101183974215082,-4.490227381888793,-1.2643740386379776,6.122179308990817,14.808917888751822,14.368427980964508,3.8179968657336145,-0.7859691124221595,8.82841607402102,16.566784365036682,24.139059391381245,33.45003151484061,21.742354780855635,51.993033359670896,23.400354290948943,33.184802296375125,17.647987222028487,16.746149625123426,12.397714604166167,2.650656236358498,-4.053446992386939,-13.973379577312658,-16.039234126294428,-20.72385981722323,-16.988841893801563,-14.901287774668864,-17.291422051534038,-18.49868032540979,-20.351091202033235,-16.5421934244823,-20.432749107554436,-16.910231489245863,-17.24204386245751,-16.730565577599503,-13.851156254966783,-15.131860094136181,-6.198048192085435,-14.21736946133649,-13.302036663782506,-18.20635902433099,-6.692797681172481,-0.75628437816689,-9.127079702510558,-11.56420871015847,-7.991509948908073,-0.861935677229555,-4.559757916074552,5.236398314260758,8.84159892072887,11.465892123220792,17.098153677505127,7.225506126413018,19.46312003740267,36.14709274077479,27.86234506903103,18.98001066257402,13.657950192829434
Angelique,S05,epbin_Dig_20F_Atp_Par 13 rr icfilt ica ep1 but chanlocs chansel chanlabels S05.csv,-15.828656947682374,16.618940015656182,-5.510679779824842,-12.949307835423474,-14.028847042067651,-9.800189827873236,-5.626881885470797,-11.125965389090057,-3.7628082563996803,-9.132743026019435,-11.293519102602936,-5.584061331626506,-3.176028027665065,-0.004830763950049266,7.360893537980614,15.14680769348029,15.105520202962756,2.972270532808873,-0.8155485058022658,7.606230657690761,14.7661817196154,22.422183846766885,31.26399857508111,18.636823417644802,47.501846548435616,19.228959809875615,27.965926669028327,13.882393800992265,13.056782687147416,9.190546360220324,0.7223113734914319,-4.393734721257842,-13.448780623177287,-13.458395040525392,-17.351230425551105,-14.066126064751716,-13.773833015869219,-16.398147013002173,-17.13051785785641,-19.572136622059496,-15.51053317455832,-16.230611327374977,-14.441117783742413,-15.643691305692919,-14.340111894309194,-13.715728943343615,-14.88221481882239,-6.741779256131885,-13.980632358251183,-13.012125060432922,-16.566357919114907,-5.276293523647812,0.7907111781514445,-8.777768188884915,-10.791049667287242,-8.345939715373062,-1.7268985645160357,-5.504370387471595,4.705046192585084,8.630438679918926,10.672829617078726,15.73648001291581,4.062329864349761,16.921805627329796,31.585781579562767,24.823366394443134,17.48104238537734,14.861738272255174
Angelique,S05,epbin_Dig_20F_Std_C1 22 rr icfilt ica ep1 but chanlocs chansel chanlabels S05.csv,-18.703296119026515,13.9818167275359,-7.31138892583475,-15.125916003646493,-16.32494469614874,-11.104285470484585,-5.9778575531965625,-8.749669328956205,-5.299327320975811,-11.923322631197058,-14.943478378891724,-7.452427834976599,-4.5549321148864035,-0.5633725022749357,8.139740784938757,15.29913570323139,15.86855542046306,3.1249363474876892,0.3896212749625021,10.636620405112712,18.179719923013458,25.48847054087093,35.91852514181333,24.322004996217128,51.92475563279913,26.06102279210844,35.84746128189907,18.64821780744436,20.146642552879413,15.385476241051045,4.322224917948865,-4.673013074806253,-16.01565291595588,-19.708828484194445,-21.65424385868215,-19.82173785222005,-17.16698215375703,-19.252083789194483,-21.330504818097886,-23.099820872869596,-18.208947688413062,-20.7087873756629,-17.78490870706129,-19.58944842873207,-17.35526827739494,-17.546408728173233,-17.908924076614525,-7.9896605784403425,-16.4459009022981,-15.425918079518395,-18.292849920794705,-7.30797251883486,-1.0008460535358816,-8.9889509808238,-11.475375645644323,-6.733708749271395,0.30253063630464994,-3.166901396646097,6.616912328983594,8.264867718506443,9.383632056190681,16.731705851744458,9.777901190331404,23.3881665922897,37.024902909405526,31.537841177392075,18.051515639646027,11.922943688363203
Angelique,S05,epbin_Dig_20F_Std_Par 12 rr icfilt ica ep1 but chanlocs chansel chanlabels S05.csv,-16.81369218392671,15.537402173379116,-6.764966269879108,-14.328676287285809,-15.552704332435457,-10.308773744680106,-5.231311310056053,-10.333191850937872,-3.9793465612227585,-10.565017535585262,-12.079686838216041,-6.320239543347209,-3.557251659615169,0.17872300862877352,6.654240966223323,13.458090397854185,15.085731104286495,2.335044670389516,-0.38765781539824135,7.033264192421751,17.748410669665695,23.116959708807492,33.077280366422166,20.441374791202104,47.763009072715604,19.218514132662847,29.66743920874627,15.477182125264706,15.4208209973033,10.141142762909091,1.650199811330782,-4.552555949309832,-13.667632188301814,-15.584785408163986,-18.10522696975881,-16.131703612917764,-15.41743835077533,-17.496753048415332,-18.356385316604094,-19.51857215540383,-17.14844612589403,-18.51404064672008,-16.23929445739484,-16.606578760317234,-14.447135153940213,-13.808901685668019,-15.037368399830402,-5.803982724981764,-14.100924284164439,-12.75303273377554,-19.881014296770022,-5.678285794753352,-0.9575133619459483,-8.648608463938233,-10.171271966215194,-7.139796779671171,-1.8984973220234191,-2.6855107747400933,6.221188782267886,11.141793360633823,11.32905773656367,16.891656402857794,6.350475217927069,18.827509741711783,34.06755083847155,25.95293324682292,18.006498000670454,13.780277645381249
Angelique,S05,epbin_NumWoGE_1F_C1 24 rr icfilt ica ep1 but chanlocs chansel chanlabels S05.csv,-11.512638756665863,21.552283381148154,-1.9592306133811104,-11.586979081282879,-11.72886108938504,-7.111074508879076,-2.4132263574521895,-8.923655402339108,-1.2589198478429378,-6.70013963311408,-8.508572936087823,-2.6678747791372026,-0.6340996431868087,1.3597478908951366,9.410004643351487,20.09597684670542,16.12598691339754,3.938167980975948,1.4024886096908438,7.573333329149684,16.058917225117945,22.701930204979497,32.780788478645796,23.266166189548866,45.58906263199698,18.707532408090486,24.747611544416998,12.523195793631942,10.761262100298097,7.613514237515666,2.139586806271405,-2.4071205612839632,-10.148029500666594,-11.581674841277525,-18.160484738021196,-14.171002222549152,-11.861129497481205,-15.103358520700075,-16.795075509823945,-19.692088668396732,-16.690112467962113,-18.8282236243166,-16.47505926372745,-16.544704767139677,-14.422638159881668,-11.819279238241423,-12.502597882864611,-2.515099110833311,-10.999411649588108,-12.950957501737422,-18.8801273037666,-8.89014338455127,-4.277269339030085,-12.544995605415071,-11.661187955061068,-7.359907853550124,-3.301462074278787,-5.75437516164829,0.05903293184310457,3.0794386995122616,4.8214024824627595,8.00613386369611,0.9857274500431237,11.104978757856253,32.83940342252602,24.322094942945853,12.169955435174021,5.607068828480102
Angelique,S05,epbin_NumWoGE_1F_Par 14 rr icfilt ica ep1 but chanlocs chansel chanlabels S05.csv,-17.996704281444092,14.087631986396227,-5.56437770710378,-14.189120938699656,-15.490094348626645,-12.915042225277205,-8.170029506559253,-12.886879163684878,-6.1600230225556905,-13.849700397369043,-13.255289380511519,-8.136381069948632,-5.336603287515083,-2.6088638464783616,5.305354189135194,13.747712366872669,14.832052550652914,1.4769881208244315,-2.583019847776284,7.688119696896507,16.589830082617976,24.680182376121948,31.90372687532267,18.492135560182568,47.98349663201221,21.81169769793121,30.82943713256293,16.428397359739176,16.425536973528413,12.16319131237143,1.4181383304360395,-6.06459293027238,-12.287837769603287,-15.087228193057378,-15.071683037721785,-13.791010929496892,-13.770104696481347,-17.017052884942217,-17.255081645339853,-18.133011023389724,-14.000850387679858,-15.433582734890734,-14.016186418451895,-16.884741424425794,-15.529952260940808,-14.426812845370849,-15.7723203125917,-8.778075828400329,-16.017805004523826,-14.063699261519874,-17.698952788192116,-3.6846021101283397,0.14390075789922074,-7.736216777450138,-10.10596531500256,-8.160531304104202,-0.24287975299884254,-3.0114266446114653,6.391792785009392,9.365567374292874,11.725202455312038,17.19480455369026,7.14937025687841,21.058096554285495,33.51406457164811,27.87638693390846,19.22730970430199,13.6742020807669
Angelique,S05,epbin_NumWoGE_20F_Atp_C1 26 rr icfilt ica ep1 but chanlocs chansel chanlabels S05.csv,-14.858928614574682,14.498218657263319,-7.018612036316758,-12.252330151986294,-12.90028924961248,-9.016847001528081,-4.867684969878221,-8.532495852857597,-2.7940232052350034,-8.302569613293619,-10.702817333413401,-5.835381195799477,-2.359601405141875,2.357009816207708,9.86950124354267,14.509200627926724,16.213316567901796,3.594171161478213,-1.1319329029745315,7.038973729244715,18.632847129225855,24.266083384836573,37.635871474925956,26.061593587966783,50.98004832580305,20.25856875411592,29.378895066260203,14.782915652640723,12.233326631632366,8.252113619187256,0.36765077207173635,-5.583269243383828,-11.527760503198763,-14.181357320301458,-17.669492396194695,-14.749165773736637,-12.50647442517925,-15.820271017988926,-16.894291951107885,-19.023979766695522,-15.991957328361737,-16.116504344797626,-15.519418229101777,-16.482337149439587,-16.95868163617283,-13.718013262718005,-14.020874421387454,-6.412835383054421,-15.041295616739289,-15.388566744070843,-15.205861530800922,-5.982927774821487,-1.5723103488822816,-9.238913697930881,-12.682245175794252,-10.260561907448473,-4.564836966063196,-7.2414374893094235,1.6453958661605426,5.041745566507165,7.730655819579851,9.13467945149417,1.159356591000503,13.919668755500412,38.51173241020762,29.189016821060964,14.25643268017407,9.410165814450568
Angelique,S05,epbin_NumWoGE_20F_Atp_Par 16 rr icfilt ica ep1 but chanlocs chansel chanlabels S05.csv,-18.536997766790382,5.522011681497787,-7.393134100971459,-14.261314706490687,-16.74313506481345,-11.10447165083154,-10.066150757947923,-8.468645075756626,-6.031138933314052,-11.149642075867439,-11.973808029498473,-5.6480297617204,-2.4281162327326347,-0.3912742581018659,6.831974642938662,16.05302750446143,16.390102319004313,4.142435423031981,0.3621660408711775,10.080795968718112,21.233403975145123,26.10872493272338,34.92977457150397,22.217517274428236,50.68637577652143,21.546248068897704,33.125571172622934,16.077926338897488,15.71047560542941,11.962587179053166,2.222735179282913,-4.461040151889684,-14.067363999808167,-16.22534230060046,-14.53698167478997,-15.17148730919603,-14.545892180222564,-17.431354514965687,-18.283883658122043,-17.744853748600466,-15.180414473006518,-14.380049786300459,-12.833847853330463,-15.324949243281985,-16.004395217610938,-13.959001783636309,-14.353811129885175,-6.494204839337737,-13.863197219226292,-13.866813976127618,-14.754258208507837,-3.088876408121714,-2.0567760416241874,-8.896713852517246,-12.734230131040176,-8.423060085167142,-1.4231985079167517,-5.5648287899958655,3.3749851864096567,5.764895077595253,5.809186731977436,7.75166988756262,4.466153932980471,17.924541751362504,36.14560181253716,28.081141630397855,15.68256423489683,9.662085628892008
Angelique,S05,epbin_NumWoGE_20F_Std_C1 25 rr icfilt ica ep1 but chanlocs chansel chanlabels S05.csv,-13.634761511441004,-10.396816691205645,-3.7375741649823344,-10.71714687986192,-13.191770278848306,-7.7740528488611265,-2.026242527866765,-4.590648783656309,-1.72195967124609,-9.967270245707631,-11.586073707521887,-4.999788093409536,-2.560321958836753,0.5934275563520276,8.512354876083613,13.050603132204907,14.025706317073698,2.206752897016686,-0.2416356971053071,6.623433352206188,13.617253366961974,21.782562604174515,31.057598975462266,21.826957138621044,45.47565028359745,18.17387054045967,26.407916568967558,15.559113590714023,12.76027504375002,7.201611367078837,0.0812634075046147,-4.283942998529412,-9.681493026751193,-11.230623318092206,-16.02914374151861,-12.144650591875324,-10.451462470596121,-13.958018476099573,-15.332341615640145,-17.75773733004126,-14.030790039757337,-15.45445279023587,-14.196937981832281,-14.77332309102458,-14.329526020564566,-11.563500436031937,-12.663213084744124,-5.031734571090489,-13.52956520384438,-13.14202674029665,-20.676009106901166,-4.577793351427052,-0.644289331408425,-9.769637059878754,-11.788182696459822,-7.5123279791138335,-3.5250273998921022,-5.686297637908905,3.084872877464553,7.9536095703472975,11.114891228709459,12.737667363039304,1.7304458128248283,14.595065419108733,33.06429444025629,26.290572874480187,17.04385424306334,14.338479772249492
Angelique,S05,epbin_NumWoGE_20F_Std_Par 15 rr icfilt ica ep1 but chanlocs chansel chanlabels S05.csv,-17.21628988475382,4.923335564457838,-6.288698730548022,-16.01259499026059,-16.513215038838602,-12.630456272312374,-10.734771948145957,-11.445847851255076,-6.328142795984077,-12.223814091003964,-12.336611269918201,-4.300607474827923,-2.566456848384377,0.07532186687184529,4.233065057835481,15.456926399579649,15.581405676906462,6.267088586233168,2.980532709332592,13.336537894973787,21.786915320595888,27.343955725832732,35.0520037874057,20.700475900117635,53.32096387100789,26.50273309914027,36.097515299712235,16.85155006617213,18.437871237141966,15.787964718252605,6.063678372440063,-1.2343270077439459,-17.16266787699492,-19.85266500445417,-21.82351196702848,-18.33982180902294,-16.835264210152307,-18.28372617948159,-19.929822249466106,-20.736224251238422,-17.7254405690753,-20.206815094778158,-16.87333908359866,-16.495434203402063,-16.80460920766074,-14.012544204491357,-14.428385387647209,-4.639665448672243,-12.443160633572694,-12.126511876326479,-15.924286584063795,-5.897955733517588,-3.477695810868896,-8.716372306466864,-10.868495955233682,-4.774428781242493,1.126684647473696,-2.9296563534718527,4.272935999628756,5.367373587579346,6.11399772025207,9.228607180247527,6.643085685336084,19.364151283832694,35.97276508515199,30.13269115211761,15.807431380760374,6.310773461395135
Angelique,S07,epbin_Dig_1F_C1 21 rr icfilt ica ep1 but chanlocs chansel chanlabels S07.csv,-1.970962258921023,-4.706078687728667,-4.327734771410515,-1.0365762338545363,-2.3463401075494197,-3.2783610125441127,-3.018248228950089,-2.320479704466802,-5.830008047955628,-5.371321693174253,-2.840129259609366,-1.8360660869598824,-4.195005897612123,-5.151282713127773,-3.4626182972957356,-1.718775024550906,-6.142916791587191,-5.062563092056037,0.013798421852038133,-1.490714228594586,-5.234076593430706,-9.262362239655,-8.484771978990207,-8.298304520187404,-6.0588214069320445,-0.9444815877539535,-8.635943044856965,4.191416068448229,2.4903031329664747,0.6343336715112045,0.10212809916412914,-0.8663378413702879,0.08645069261465987,-1.4412772520815298,-1.1114322281981988,-0.701623144843143,-0.6708534744080715,-1.8221317445393381,-1.6345212956876005,-1.5418551701927818,1.221551355930669,0.622654019085271,2.8757926365554276,1.470727878985732,-1.8226006876978957,-2.4866643728105755,0.5971845738222833,0.03669357310892374,0.5337393596976326,-0.17845395543328532,4.274497302445908,5.218722560341751,10.061963714852471,6.176327317303046,3.864609466622196,3.2643587355865136,4.744555339476673,5.6883906718561175,9.614091883165978,14.4033548326046,12.253523597892032,13.683693579906175,8.362580530176059,7.689164433804703,-12.109585423000985,-4.335989010875527,9.16422568341276,10.40743449135751
Angelique,S07,epbin_Dig_1F_Par 11 rr icfilt ica ep1 but chanlocs chansel chanlabels S07.csv,-1.603642213184628,-5.326191298108369,-4.7577015478825455,-2.6597744565237003,-3.2955267354331137,-3.912435799801328,-3.934020609312493,-4.031579092640615,-7.856556334462118,-6.2563352684979145,-2.1492292816859533,-0.9561513134063201,-6.077353421060961,-8.191776008226277,-6.211689472524163,-4.04297428327112,-9.740303995288066,-7.711394375112016,-1.4653735516767379,-3.296182311190647,-6.785030260004914,-11.596115934115023,-9.771907639970737,-8.805736254221513,-3.8696826925647434,-2.218058321210132,-4.562569065587917,7.008961834993197,3.629294703356632,0.12878612109624002,-2.517252379673215,-0.936207529738675,-0.6145467431378875,-1.6886663866164047,-2.2433703467124544,-1.0471635644362456,-0.7289219616171846,-1.4918802529657096,-1.3010474587380783,-1.3567155947172642,1.7595336658317158,0.7052929291035404,3.5549076455394517,3.4709554008996824,-0.9061303768632515,-0.27076212195266725,2.4861858800575822,1.939892382217543,2.1479159634116116,1.5610077445488455,4.084685402790709,4.643143999356069,10.126196909283811,6.088753196986364,4.07906139271618,3.674018601378515,3.842623693881341,5.6867367440128165,10.7153276799588,14.998643039247467,13.444145705101521,14.605835903562985,8.905854139467424,11.287030447945376,-11.381766087596269,-1.2105605430278827,11.500083180698669,12.705407388443769
Angelique,S07,epbin_Dig_20F_Atp_C1 23 rr icfilt ica ep1 but chanlocs chansel chanlabels S07.csv,-0.2391607692922318,-2.673396441613267,-3.5910539452951595,-3.7901889263277004,-2.317425795331835,-2.048910055164545,-2.8558039824482653,-2.025181327464801,-5.667690335974248,-5.03947113297295,-3.559245672932107,-2.9885184585837505,-6.078164946893781,-7.340205525190158,-3.2310173060077205,-2.817896226240663,-8.38450307928149,-8.030572654286674,-2.862906260428642,-3.9886088239750803,-6.974656796446973,-11.049275064163702,-9.607520918035839,-8.257654188501125,-4.96042587376797,-4.547455798930549,-7.167791319380207,6.8314582805923365,2.016000924809667,-1.6989967609625731,-0.6199767965176628,-2.9680119150132733,1.3983503991949031,-1.1254753164199889,-0.7072872555582247,0.5352167801739162,0.26248642417575524,-0.8440432561194433,-0.36081589921721224,-1.428569568711906,2.4675112510341117,1.3514331173050178,4.04601191748757,3.2856590463542825,-1.7426401152939333,-0.6743673302734344,1.156991626413724,-0.9142885373180676,-0.1865614197165579,-0.7469027666462483,3.7442652325471086,5.3906075761494545,10.75774754748691,6.342308528463535,2.9732895717643992,1.86473101035412,2.4829357526509974,4.729565790770197,9.749888335854394,15.316101334694572,14.327790705159975,15.745529293037457,7.460515724422006,9.574119479311497,-11.367534602556892,-2.4870767320653444,12.769440178081787,13.387294153124875
Angelique,S07,epbin_Dig_20F_Atp_Par 13 rr icfilt ica ep1 but chanlocs chansel chanlabels S07.csv,2.309382474046623,4.5066202850909844,4.629656613139467,4.130404366637562,2.6972549160998,2.534841335857809,2.953213814801593,3.104394552467485,7.236699519239285,8.614493195062783,3.3551803227122723,2.208675046978905,5.890082979442235,7.492521837680707,4.716978911770319,4.335241753955823,7.66523732220443,7.279758404855013,1.9234443332809275,3.8669848490943144,6.129220339691061,10.255156178831403,8.636227440804776,7.241993162860981,5.160840566868456,3.765120334203454,6.123130021575298,-7.9672101960761745,-4.405588023516122,1.0428957364254976,2.971631970752287,2.680853497423121,1.1765443050188495,2.786616888299351,2.4630500540361426,0.6109769749342085,0.6769156206734339,1.2304497798259122,1.067726284033308,0.7635957864159639,-1.8382408899577058,-0.6400045458789125,-3.509518264055246,-3.178092903922539,1.3533156128517307,0.6419050022129233,-1.5238128150196997,-0.07128507161681832,-0.41292632739859103,-0.27133359125361206,-3.982289636760287,-4.297003224369519,-11.010916609801642,-6.070419708204499,-2.3865935237545575,-1.9059393308547803,-1.9650347000067692,-4.816269798912403,-10.523063779421918,-17.020180164899568,-16.05742562574929,-17.022761592867298,-8.628554738648786,-11.177706001431794,9.921795276087563,0.5730111614347386,-13.058565712167214,-14.983307682162668
Angelique,S07,epbin_Dig_20F_Std_C1 22 rr icfilt ica ep1 but chanlocs chansel chanlabels S07.csv,-0.0985673083194891,3.5605773764168935,5.416073053186145,8.854988164548336,3.8614965524958507,3.5136643803061522,3.356794420741901,2.1139897095325466,7.0378601487052785,9.270410572184788,7.952811742992111,5.253912936399281,7.514383724031496,7.359938030435013,2.2962612015579738,1.6904007498883935,6.667737338357093,8.493826869624677,4.700119333499643,4.510281976260152,5.275656158474916,7.133880166879794,3.650275665225094,1.9945782531567064,-2.5371979232801976,2.1141530871018324,-6.71189677174066,-12.871022392060308,-8.186073535529102,0.04060637131050019,4.747020099879436,5.256088571196948,-0.05055484453107964,1.8597765203536423,2.146917548581011,1.5491318902690747,1.6481983692740554,2.8801953273073155,2.831850768011397,1.818440199208065,-0.07563364140563093,0.05817950382293467,-2.0007684353496407,-0.80975677951635,3.5299829926376654,4.328019779197977,0.19356137529194492,1.9876309081498098,1.769132809866093,1.1636564503860383,-1.393962575532726,-3.1413895370906353,-7.418938332258207,-5.122221346228372,-0.14962574125037226,1.1676965908719141,-0.38119082226737394,-2.6653070477137457,-9.541365637100126,-14.956604020262054,-13.66582236549385,-13.763016809543798,-6.556385450832363,-13.567663397273048,2.7748837249632605,-8.034409493924928,-17.12787860920425,-14.517785613870902
Angelique,S07,epbin_Dig_20F_Std_Par 12 rr icfilt ica ep1 but chanlocs chansel chanlabels S07.csv,-0.9787476407811936,-3.987669936414214,-3.2206326007293304,-2.873662549544811,-1.8839477382707202,-0.643369441977327,-3.4961475951278485,-3.1133338835961952,-6.131625835090558,-4.460412724330844,-3.6381075570278876,-3.293327266774625,-5.327483460315478,-6.6184058796131255,-4.473564238552706,-3.350391218012529,-8.340128769282467,-7.127271190799555,-2.4711456455916285,-3.972915872334861,-6.05580041016434,-10.494895976802487,-8.280056067559585,-6.643942455082239,-6.049285328405673,-3.3126890732433787,-8.020295663173034,8.897676207995378,5.139228167552324,-1.0313432127215028,-5.038406798378923,-3.041485973418893,-0.3814770146499456,-2.6757415478041295,-3.2644626998922575,-0.44920631732318267,0.22676554431684282,-0.7715936800764718,-0.653160929360889,-1.4789926844983743,2.086448140770647,-0.10487450724222908,2.257051575933293,2.821978216796018,-2.765516482320843,-1.8714395607078693,1.2321433010867537,-1.2442780095991761,-0.5043970915097832,-2.3179838407834197,3.2583768179518646,3.568074701980129,9.49729041663368,5.394959196900586,1.5394757880701586,0.7262939131705834,1.9071777276777,4.633561082723095,10.64205432510739,16.739052513601145,16.512787565644814,17.561007794404716,8.15087276880485,12.273110330906412,-9.60584187376443,-0.7790731429027539,14.873901106384176,16.299237931779853
Angelique,S07,epbin_NumWoGE_1F_C1 24 rr icfilt ica ep1 but chanlocs chansel chanlabels S07.csv,-3.1149541519317605,-6.128081801920607,-5.432273965636942,-6.1098271222994756,-3.8180825404186134,-3.9398523747895773,-5.097647066120374,-3.5643926015197724,-8.608700166319618,-6.960871619086525,-5.85606362051906,-4.008874154098567,-6.914212657649336,-8.079105644476533,-3.628224569973106,-2.601362650446605,-8.888243638537517,-8.753044740687159,-4.441285105741027,-5.548011395097742,-7.726578162327431,-10.76613314612953,-7.679111989826497,-3.734243516671601,-1.5092637850538952,-4.468336776548998,-2.7926604742698187,10.602634790266247,3.787565548980276,-2.52966204803805,-5.312834074831494,-4.684713276682374,-0.51108035507513,-3.3486937687408886,-2.8957118333182397,-1.0340036174840397,-1.634041857001491,-2.7104974857318953,-1.8144068059471885,-1.043159843150427,3.1702212935444667,1.112771494838342,4.840137495223002,4.810025871608905,-1.6428057507843004,-1.5844754324555284,0.547178282643761,-1.652858870238042,0.23599069693472524,0.6059087934305557,5.505971579341964,6.042022555961402,11.164180954892698,7.121057987001172,3.209479704388261,0.9940004499799642,1.563562579647068,4.593206881418681,11.259919883106974,17.484890659988498,18.54948180733213,15.354378908127211,6.755927414084335,10.753102384480863,-5.287129869412456,4.006769877415739,16.493680446089833,17.29144695515676
Angelique,S07,epbin_NumWoGE_1F_Par 14 rr icfilt ica ep1 but chanlocs chansel chanlabels S07.csv,-0.7470458742136656,-1.6935218858864445,-2.5320503278200626,-2.589865877121762,0.4352644677332938,-0.9394907485569702,-1.6545411547218418,-0.04336213520116316,-3.4248748482268825,-2.998245882640655,-2.617542420863047,-0.9520430102360486,-2.872007222293309,-2.924964755214027,-0.8331871556994062,-0.434078251110821,-4.933673720412145,-4.58609649193263,-0.46347560099140545,-3.3117297498344724,-4.1249910199996185,-9.312771300513518,-8.1596398359109,-6.723250931266126,-4.921950006808912,-3.169325532252029,-8.193705075683853,2.857529907071299,-1.6084707662756095,-3.5131068416476445,-3.569704043831389,-2.047321191472366,0.8466616143834822,-0.7451467292824964,-1.5487931482943262,0.5012494742311985,0.7056256509586751,0.8649373759551091,0.2047614218239335,-0.622116247811373,1.8188649411214217,1.1764824088566328,3.317870009506604,3.711243684299602,-1.1360857827103505,-0.8198205883775851,2.7946543793595207,0.982675296471313,0.29995574578423534,0.2800568650735281,2.9211393740736518,4.309463032466257,7.838793639484997,5.202104348758929,1.650167099945836,1.5486057521569498,1.5033089231662664,3.157366457947863,7.200547558940421,12.494335834657754,11.865383402816175,10.425872094619173,4.990930862607817,3.6208532388978263,-10.420186007659295,-4.654002420781055,6.905593145681727,9.40988598788727
Angelique,S07,epbin_NumWoGE_20F_Atp_C1 26 rr icfilt ica ep1 but chanlocs chansel chanlabels S07.csv,-3.210271000605268,-4.08622452064065,-7.694730682503249,-9.416714527100588,-5.376886793722615,-4.256568763039152,-4.211094632429058,-4.390660427054825,-7.660901545394881,-8.869679977697942,-8.362194223673875,-5.371053615399103,-6.625908591994118,-6.992208565098769,-2.1750072761620616,-0.5864177402748242,-7.7906553305580415,-8.940118395967051,-4.6955210825799485,-4.867347637982933,-6.131209605334408,-7.677511582800654,-4.155055117608462,-0.5999329872603439,4.861264891921494,-1.1685783429357686,3.7725109309802636,13.762870616128483,8.319002779694388,0.5865402089665069,-3.3239635685693076,-6.441954159501112,-2.7632725092428925,-3.932560973340168,-4.343024837432019,-3.583716179307329,-3.1570955561180396,-4.601085253986318,-4.184039598761946,-3.8554706922071804,-0.1330123531373547,-1.350834882183195,3.5328986431769627,2.5586699860203934,-3.397685317986261,-4.166932349340889,-2.248050619069681,-3.590488328257163,-2.2907460399554305,-1.3127921109451557,2.8591872936671385,4.7125646131933605,9.669475794526672,6.294258979547467,0.7530167784517615,-0.9523731475588687,0.14267905360417546,4.834770330966721,11.492989595721747,17.613037420295736,18.998582981595522,15.293707096663297,7.8227137156562705,13.121078787396003,-1.3994972696482102,7.088421221402576,19.52859368420487,18.72221162289148
Angelique,S07,epbin_NumWoGE_20F_Atp_Par 16 rr icfilt ica ep1 but chanlocs chansel chanlabels S07.csv,1.505526104150356,-0.48697610394062923,-2.0581330958674102,-1.2168539401173388,-0.08985982498579406,-0.18267647234930917,1.4858946305513685,0.1486391188775697,-2.5935315213108154,-4.565150530116752,-2.8112132132384158,-2.7503269447905825,-4.321801295837966,-4.130886599113554,-0.3281365376982544,-0.393539307988896,-4.5567669475930455,-5.892239975094276,-2.0969308940775355,-3.886867790853775,-5.18292528201165,-8.350531368158846,-7.284511362875018,-5.486984160403496,-4.300109030523509,-1.565575939554798,-7.377999484226296,4.897168480808459,0.18140045834470073,-2.653181821813363,-2.8135970600655997,-3.015218688418019,1.241544056420466,-0.4683214494199252,-1.379908493110907,0.39308828602110385,0.48389896802771054,-0.503612616385055,0.5916852665785564,-1.2165853940420628,3.324283371281616,1.2761579348244048,3.8868166456670146,3.5934007341484517,-1.8419480095023615,-0.987255035633615,1.099997779280538,-1.5854056549796196,-0.3543711275746583,-1.1989996940079468,3.604209254508713,5.751516291845002,7.878540255564783,4.288276191196684,1.0324682085962311,0.33175454224088646,0.45760736342894104,2.770698240990887,7.134835364397143,11.818317320276469,11.235353058785773,9.1901441032912,3.948649283274017,3.9813576701801865,-10.080856367534928,-3.3745072542288526,7.119808322213746,8.731252594694618
Angelique,S07,epbin_NumWoGE_20F_Std_C1 25 rr icfilt ica ep1 but chanlocs chansel chanlabels S07.csv,-2.556477757538302,-5.288284551709454,-7.21901204424474,-10.756792750706914,-6.292607349183785,-6.4142826351572575,-3.9513562311266517,-2.5318289031447607,-7.983578537988459,-10.057710587136864,-8.729597716929304,-6.0458584607250305,-7.158944083579855,-6.321530590688579,-1.79283731934528,-0.05795714524994002,-7.868186143526804,-8.909044348801645,-5.859420010594914,-5.585908527084162,-6.948412664743942,-7.642001239304778,-2.674304420088865,-0.5752445153045146,4.0154233290479455,-2.8706730669606007,4.608244403173897,14.619957144603527,7.0279347996687775,-1.3005054433740593,-6.114000439508462,-6.751041002657357,-1.2276846677589723,-2.970007594395384,-2.106109986011387,-3.0108898583646257,-2.828817065653187,-4.133522703816919,-3.085550601594099,-3.088500809080223,1.1394156334699475,1.2867653344179215,4.922092761380206,3.378864908368726,-2.687594228766487,-3.742494626408928,-0.8132817905815268,-2.7772716871569365,-3.084478790748647,-1.98399670890815,2.7159163153887387,5.052610584413752,10.098807071363105,5.940904214523398,-0.23327768675198435,-1.8489339954712218,-0.2645611746976051,2.025714573449814,9.275635121226456,17.213948123558584,18.708578114950118,15.413861579524276,7.5273501099792135,14.634004071611843,-0.7831380899933641,8.687186254797329,19.656282616261247,18.978018253107
Angelique,S07,epbin_NumWoGE_20F_Std_Par 15 rr icfilt ica ep1 but chanlocs chansel chanlabels S07.csv,-0.7946881239599363,1.2643705601270352,1.932396114661484,0.6395278718487882,-0.2599810361537004,-0.39796335267880656,-1.6872161284549434,-1.5005162088467565,1.9374409558520962,2.495384533544136,2.2912049593218056,3.2744713045196345,4.65731100023271,3.6439504434062666,-1.1439877607506073,0.24355535511495352,5.436632864285848,7.046820315344043,3.939433097250504,5.703404176282791,6.47520974969242,9.278253169487858,7.032605789828206,4.688783935801218,3.1634305507303284,5.522107010359536,7.098659728115899,-3.7173147313552097,1.400358837015023,5.279156508909379,5.447199209448861,5.430266864655348,-2.399703585865309,0.30745987118909984,0.2238641296009855,-1.2734731082917825,-1.8376354691150605,-0.5437849511909889,-0.8890964092299289,-1.0155747766236582,-4.149897978108789,-2.543890170015045,-5.599855799149645,-4.982877684650324,0.8842900713420321,1.4626247759814728,-1.6767380997558392,1.8283982881425234,0.24562455757289708,0.3438367885313407,-4.325576090762818,-6.505785281482247,-9.510814581167613,-4.879708784236657,-0.25574930260240614,0.7142972736025853,0.7151107447806719,-1.1365220962288138,-5.795676662580109,-12.735342227611222,-12.608950289576704,-8.83435327518648,-3.136712816892898,-1.8408073119703463,8.936182976397056,2.4831905748135554,-6.29524593845077,-9.191375877802352
Angelique,S08,epbin_Dig_1F_C1 21 rr fixPO8 icfilt ica ep1 but chanlocs chansel chanlabels S08.csv,0.984858346113385,-1.068033381905662,-7.299847380150432,-12.748559837378094,-6.5146659112669285,-14.965113646289671,-3.4165154921258503,-3.484430094647908,-3.1804447052945695,-13.512182205635828,-12.842987337352154,-9.772947620092543,-12.206024546335689,22.321148240260424,2.138989342683483,7.044921601339164,0.578041663437279,2.52274638347099,-6.0359064462911025,6.466058788169213,9.086032415425215,16.6829918026155,7.150221192922613,10.24896219572513,24.654754516178734,22.473192849872703,36.63697276365047,31.369320943006056,38.370176167934936,19.73156189492559,2.42341061053786,-12.08453505876658,-2.069150519751842,0.28338121806848837,-7.312593093444097,-11.459993494360141,-11.014339762760802,-14.952638444056305,-16.058415921699098,-33.04665471274787,-29.681674195701078,-2.1015311879205076,-4.232148418580034,-16.772424147135016,-15.667354361226304,-18.616814479035106,-21.149906104339887,-16.57348603042327,-20.224436509411937,-25.594147460227397,-8.318382321960824,-2.078719381864841,1.5926407082386287,-3.519172974899625,-11.88905745332933,-11.703471993771043,-0.9761527701476927,-0.10736687081068287,0.8923613073980459,7.2319596657762135,18.271032073283358,16.16907436028362,13.947285858639347,27.327976240877167,18.55579344033892,30.837294061739563,21.130182655406383,7.128882909870042
Angelique,S08,epbin_Dig_1F_Par 11 rr fixPO8 icfilt ica ep1 but chanlocs chansel chanlabels S08.csv,-4.273904484553171,-1.078574501813139,3.8732959356670342,7.565678310239486,1.4281517195274385,10.28048424561834,0.45941080684856095,-0.6774736396724639,-1.2061528499807055,10.941578308698055,8.152750768174483,6.369977733740605,8.936695916391358,-27.26478142658545,-3.701548536644076,-8.380918199096811,0.35843077385558914,-0.5336609214402216,6.158692879206375,-1.510838752176759,-8.121534157357553,-16.70554748156306,-6.347070822710549,-10.434459795796494,-17.5838314285047,-14.742363017502658,-25.82746940354118,-20.001296069517984,-22.012799707178218,-8.998756473622073,2.9247789305806675,10.539510495741228,-3.2501717173412343,-5.075350251926211,2.9552182037253045,6.065735528228856,6.920406818265741,10.292919351712303,11.68328703914478,25.609522591675624,22.375633524237813,-6.05310501726093,-2.3999947719240224,11.259249921251252,12.626511999985228,15.590302703886174,15.664580356278025,13.34415275171167,17.01081380775511,21.956658029752234,6.706539501584208,-3.0393827706156706,-2.8892840709124368,3.0582386135057003,14.65263826209047,11.372181576193112,6.740375730052875,5.630789802038079,3.0312529690972396,-2.4819476737296857,-19.621538543003272,-5.91939743208922,-2.8793470695791994,-12.396900043939144,-14.786779969038118,-21.340512775251913,-16.81160372839083,-4.188140309634635
Angelique,S08,epbin_Dig_20F_Atp_C1 23 rr fixPO8 icfilt ica ep1 but chanlocs chansel chanlabels S08.csv,-6.852948539042565,-2.77154686677378,0.16823569410316674,1.0460264225263998,-1.5393940964889559,-2.103426014172768,-2.8673977319808333,-7.181985696047348,0.9711425321934206,6.631665466260942,4.334932648851617,0.9450175421457084,4.689430652948669,-14.135026318915726,-1.3507087958282493,1.392611000097757,7.623271418174503,6.569029422662316,7.186696336102496,7.512583338205741,-0.26938560812426127,-1.4394694275068616,9.405796380714426,3.6160555450612484,1.5937428459082592,3.0029820781978342,-3.437337969902299,-2.6204832544077896,-4.802736281055091,1.3618025151282893,9.926052701168121,6.875399058601949,-10.285563609574005,-11.562834564365154,-6.143328161923971,-6.3907425556501085,-3.7049881176299158,0.9638120413613491,1.0244660574335605,10.929284963582049,9.74590974995782,-14.045163936048228,-12.130067768348722,-7.264658015049794,1.0517045059813908,6.660560585994177,6.773321354166885,7.503046090434701,8.405583780090035,3.426168979780296,-3.658162176081382,-11.262486903150576,-8.293478123617845,-3.0081773820582716,8.498412092903303,3.8278951300149413,5.691849472024673,3.447711858367396,-3.596979213579152,-1.2605597749847777,-13.342798089579,-0.27140500350819424,1.7573999274506098,-1.3110551704885636,2.5282371406000506,-3.2596415548651456,3.2658528054327554,1.810244178511169
Angelique,S08,epbin_Dig_20F_Atp_Par 13 rr fixPO8 icfilt ica ep1 but chanlocs chansel chanlabels S08.csv,-5.9071885504572155,-6.426086538529926,3.802897115898539,7.503311074678066,3.6601678050687765,-1.7755510744899778,-4.207026171662196,-3.1526737945244787,-2.7352805313152158,10.49707434219658,8.400697860861154,5.671194517690764,8.799429115698052,-19.901954372326237,-5.356678538742024,-7.374663067069419,2.7990199645249074,1.9189838956509553,6.615341174040262,-3.493199746602487,-6.642615570683867,-13.116150920135674,-3.4211414882690945,-10.147363866964058,-17.706335096988028,-14.091467362102563,-25.110906894469988,-22.53432363567061,-22.757176848286733,-9.458610313407059,2.913592783851466,12.408703126089383,-2.670986758181591,-5.306507159638303,7.243939202719637,4.400724495860531,4.593337534740076,9.64701881445989,10.442240471382155,25.775203081836075,24.134428610867122,-1.9268670918102322,0.9766728684581116,12.198557374961212,13.338834837235606,15.682896678106516,14.176161355555248,13.714545525663459,17.327435698535673,20.478628794697034,6.366189668937889,-0.9957400908140828,-2.1013822389750367,3.748424302262141,16.632907669103446,10.101913373365706,7.335152709464951,5.170846011368455,3.7421141703821372,-2.58567917863655,-17.041314997253394,-6.649003546957155,-3.59531016120837,-13.766025844844535,-13.930162034264885,-21.875557083560672,-19.666889674550614,-4.790759240157216
Angelique,S08,epbin_Dig_20F_Std_C1 22 rr fixPO8 icfilt ica ep1 but chanlocs chansel chanlabels S08.csv,-5.993970756265761,-3.647807420871011,0.14388378314266811,3.331930964012008,-0.040929975974140505,4.480536649738661,-2.4630561582313177,-7.4477682112941,-0.9494982355809847,7.97050728033372,6.363159861928219,3.5608863500731025,4.417214784830679,-18.98648300243407,-3.766681178932946,-2.217584409626031,4.017454683648919,5.971278283906596,7.10572909536196,2.874806274729104,-3.085274515462458,-7.879244749902253,2.0773773612846553,-2.9699723082327165,-8.895676171869079,-2.5283650918425193,-13.868671834333743,-8.998769867190111,-10.6297072936425,-3.813305417617479,8.026782983216718,7.877803646507911,-6.146726147031346,-7.1333597082584435,-0.04773318506309963,-0.9399597137813144,-0.44483449343346826,4.009903808918203,5.078671129764554,15.293741917658949,15.05737575280137,-8.293180889291792,-5.708909522208502,-0.047855032032920054,10.422130014682107,10.152927740260724,10.89611389421323,9.019442111085693,11.11178036656928,8.90314177638661,-0.6228958994188516,-7.000166166426724,-5.50744183063776,-0.8333084531441911,10.367963256189858,8.101676446879628,6.751236578398554,4.309437875006906,-2.3211679103588194,-2.4439601758910365,-12.668548676921164,-3.4414383122638568,-1.3919227645170928,-6.488431491171228,-5.248021236085862,-10.105862485093862,-3.5315919655973613,0.855188994431273
Angelique,S08,epbin_Dig_20F_Std_Par 12 rr fixPO8 icfilt ica ep1 but chanlocs chansel chanlabels S08.csv,-6.239407262020168,-3.0314251117723083,5.155005414822271,10.31689223777392,4.2975796589642306,8.525439442700792,-1.5116995222082732,-4.5630999820528,0.45920705553426017,9.847587749262605,11.652171657438496,7.291011553537788,11.738331061335039,-28.848568910047685,-4.866515101019426,-7.855684234354569,2.8756523681695736,1.7216669809204155,6.657604450494326,-1.5475852795560343,-6.383989446334579,-10.599249093002262,-7.75206697273069,-12.902569353973432,-18.92387627850512,-12.232980603676982,-23.832865605097673,-22.698422911592573,-22.94854847838773,-8.07716386170116,4.718952675517583,11.37799182056124,-3.664597994876153,-4.539409522687419,3.0387373096107084,4.321230217151874,6.765622792095632,11.513668658390674,12.86340075134036,27.488756712642775,18.597138962463244,-5.543956094009813,-2.3134140907291214,9.556873388499689,14.008130477807807,16.799194132164764,18.658364838646467,14.099697055192811,18.821965392056082,20.831591992969635,4.204243081639761,-4.093674689580392,-4.36856083254543,1.5733137208250427,13.676891991293319,10.788879161129715,6.082207797978157,6.401073690758284,0.8816664161020931,-1.46914215052163,-20.612776268342277,-5.859804606250718,-3.1935580192979742,-12.916718283999874,-17.565689585124748,-22.37458799672133,-17.101899020379395,-7.174238281245358
Angelique,S08,epbin_NumWoGE_1F_C1 24 rr fixPO8 icfilt ica ep1 but chanlocs chansel chanlabels S08.csv,-7.189314510236533,-3.786109887607061,0.701545575135434,4.484055134713017,0.4881497585861332,1.9121236561863946,0.1608999667531997,-3.2961956548484155,1.6483379684888144,7.19363572103986,6.852652891949083,4.086403217531213,7.806617519847482,-18.373607130583544,-1.182584169881741,-1.0944481125707683,7.211864924650362,6.576396928471066,7.377449747036467,2.184640425878315,-3.0786781448390874,-5.971521586457934,5.933857460518574,-1.8836525294532116,-6.633502659071168,-4.41129861822405,-15.015430693556787,-14.290444127650963,-15.678521142808053,-4.557380123257244,7.014130806536499,8.507781927354982,-6.54617036571719,-8.382298883260212,0.6319613507780842,-1.7746063542017643,-0.28961209014041217,5.435263394026604,5.54440203541935,16.143017379359293,15.435230938866173,-6.684746316339965,-3.8413058739208124,2.815265523979762,6.207899329685244,10.818538095356352,11.87642737891207,10.150378568010106,12.670817377859352,7.525033442637088,2.1565723847211182,-5.1546732010673475,-4.593076307133832,-1.2132459569833351,10.389106285829303,8.72767722441342,6.658761661660572,4.491318090742644,-1.4779068249096439,-3.165571587932884,-13.636533157127362,-5.312571302616089,-2.627259488843174,-10.144882704861168,-5.068830245530876,-13.642786352835897,-14.067939560828448,-3.7515001395352257
Angelique,S08,epbin_NumWoGE_1F_Par 14 rr fixPO8 icfilt ica ep1 but chanlocs chansel chanlabels S08.csv,-6.80251301318984,-9.086899441134312,1.9692904839182124,6.119275629942295,0.4165681286175108,3.8888833589686684,-4.681776478183143,-6.019837720541231,-2.4354328800856417,5.251227009112189,7.8893183317623405,4.629797690607906,9.013550551539943,-32.66386688955809,-6.331210650295472,-6.451046800268297,2.453908842250502,-0.12447326622911532,6.64173600786092,-2.1182421940411076,-7.697775705387584,-9.635868433587078,-3.4464810381476534,-7.460546202668833,-14.76916428566601,-13.422394599598631,-23.891242601748893,-21.30459725809107,-24.359693507916454,-10.470349478943783,2.6109305987358,8.87875331662781,-3.7428451167549484,-4.277866835313019,7.508404972105548,5.495967169838083,5.091617110350881,8.478670495227563,11.58518956019973,30.864495910930184,27.798422642977727,-0.42997110066137795,2.7331008611934315,13.973817121828892,13.804152486283172,15.597162456393942,15.164074708389846,12.957940991085332,17.142731044368404,21.492886381950022,6.746874333602698,1.7770908699788484,0.6198371314289505,4.182312068067784,15.283527421588216,9.05257272147678,4.900146828188386,5.348495646184804,1.5885372388464347,-1.6207952092770532,-11.71886289026924,-7.922389931928719,-7.141334228611111,-15.005043490738366,-12.081489572865808,-19.745646220548448,-17.17808514851019,-4.913522821410764
Angelique,S08,epbin_NumWoGE_20F_Atp_C1 26 rr fixPO8 icfilt ica ep1 but chanlocs chansel chanlabels S08.csv,-3.1528989546174957,1.0701016082595747,7.788315295573007,12.070690320236617,7.99739262255682,5.43718791996919,1.289676725866345,-2.7923017930671206,0.7888929280699648,11.204794838448407,14.010054092195293,9.02003397598076,10.59046439060615,-28.079000722501497,-4.747475216970511,-5.719782121517167,1.1292021624069242,2.4163312658245437,7.879262631460915,-3.161091089076794,-7.316308745847469,-14.495594231104786,-2.8147297262865587,-7.234175031409958,-18.614781848110972,-14.77431029747535,-25.711944944131414,-25.900241178389745,-27.932563782309874,-11.352228232576831,3.0059298099875287,9.38837560031634,-1.3729433631111723,-5.1616935343779415,0.3460680506268101,6.967729589162055,7.356563239221099,14.622521283577438,15.217449757393432,30.356839895985413,20.82113119027733,-8.014958602129408,-3.3490347179344426,10.772633974815584,15.068570622524172,19.843562406868795,20.776474006876775,17.325226213540326,20.14557833483017,21.990109758420893,5.299187673329133,-3.8116469252055767,-6.011459173147689,0.2980346514950647,12.297947522767462,10.925696573356095,4.323441348117138,4.109588363003522,-0.7616919232151315,-4.782300767399572,-18.52516786607641,-10.223606964574257,-8.584813503250652,-17.30371051975888,-13.324143052517297,-24.4418823163611,-21.395403691763896,-13.087170996273622
Angelique,S08,epbin_NumWoGE_20F_Atp_Par 16 rr fixPO8 icfilt ica ep1 but chanlocs chansel chanlabels S08.csv,-5.841654579316946,-3.530209774054033,1.342173239442186,4.361291660674619,0.6366846133307714,5.327231603077129,-0.7449715417204975,-5.392388050908927,1.793373118214998,8.981425000057966,7.519892657174727,5.536343452830994,7.0139339519275135,-27.22831271617955,-3.5893917916101366,-2.7633237825470416,4.323234365519923,5.362026629080226,9.06833284982971,3.567389189000333,-1.4896264227166323,-4.119742657306254,3.1865723962791206,-3.000623968504061,-8.01054053084145,-3.9980622011871927,-15.757742785336223,-12.742975245159133,-14.632089473749089,-3.907029147606312,10.408552555363944,10.748456376499108,-6.620269560305967,-8.111466385900822,-0.9528511508092294,-0.7485771575294061,1.5167131420739626,5.994498879203357,6.537656739123691,8.068711510644897,19.75821101005362,-8.58082367600902,-6.650627466060547,2.4998446359824213,7.165963547659984,11.984682456176829,11.59688598536663,13.006987050911267,14.250323715513135,9.474738400367984,0.36101766330867274,-8.477058495919929,-7.605572929180028,-2.546817883493768,11.272136075805749,8.080263563145472,6.2095809462352225,3.808063110610901,-2.4643248754386167,-3.473113783103968,-12.784519227333375,-5.6584843547041555,-2.7796882422689038,-10.722648790261777,-5.988125247536245,-13.169861456715434,-4.638232604283707,-2.041445714025141
Angelique,S08,epbin_NumWoGE_20F_Std_C1 25 rr fixPO8 icfilt ica ep1 but chanlocs chansel chanlabels S08.csv,-5.271949005448597,-2.737587290660128,3.3169469516763077,7.427072684480485,1.6348089309321785,7.368131318345968,-0.2607377901459406,-1.8836437897027354,0.6378360082992781,10.266052060284412,7.961760230008826,5.34845683536061,9.687132900318794,-23.068842985739746,-4.130318072301896,-5.631816322129643,3.3317292936927143,0.7287631316771447,5.813917500032196,-3.243166452509542,-7.030685924067557,-10.376503119713476,-2.6986256325355007,-7.118934447384174,-16.532903542220993,-11.657536415721035,-21.400585138310635,-19.123418798593626,-20.231955982604386,-8.380877069313007,0.9457421333442099,8.831554746804805,-3.2488924440529394,-6.557276772096657,1.7788701143679257,3.0601167278275585,4.837906379866099,8.502529760971344,10.153799760480533,23.1987550787531,23.395007824108017,-3.269891740361196,-1.5219976610800166,11.262730833893995,11.756411380598333,13.11188505138759,14.986019460281767,11.797199589043066,16.24012233629707,20.180082718143986,4.302094535149421,-3.274109351561169,-3.7303912908463173,2.6777751695014618,11.969275532784554,8.721202728346714,4.508913790365402,3.4620415858257587,2.3091885477405603,-3.2277829631314097,-18.016486567347645,-6.5566046293697555,-3.745483679636758,-12.696552937008216,-11.341413937256608,-18.146606362769646,-16.95525296601823,-2.442995048860467
Angelique,S08,epbin_NumWoGE_20F_Std_Par 15 rr fixPO8 icfilt ica ep1 but chanlocs chansel chanlabels S08.csv,-5.618955629050473,-2.0537113420941258,-2.0001433689542756,-2.588731073271471,-3.2830275084264122,-1.1375418481156951,-2.2715926293808826,-8.94228056697924,1.4029948062447646,1.1178441990930958,1.5589562319653378,-2.6691660022885477,-0.4523065732592806,2.823579729414944,-1.5305007880276713,0.590191984913001,5.865245168716128,7.308436902432304,4.774372489327217,8.93090784943565,1.926432506397911,2.642379908081704,7.333016812673256,-0.18201658544385502,7.215660165973678,9.5589392831334,6.703900798212388,6.03326032685517,6.729053205110036,6.824631982317428,11.725841539027885,2.787503298480844,-10.084421037503763,-9.519647947468405,-5.34724209421756,-8.469582174845339,-7.170768119431656,-3.8598601423068444,-4.167110427682343,-4.093611571164646,-1.2177771317870743,-11.482342910636932,-9.323036099337529,-11.818557619536337,-4.009891120112704,0.6529362208123155,-0.5694243456797685,1.5246723745743727,0.5382633609610511,-5.447919686647367,-5.208321190206027,-8.622608422549284,-5.765163734737339,-3.8858463649459503,4.033466795401772,2.282768525767743,5.415163260783572,3.516444059681385,-2.855753995858817,-0.5602883584329659,-9.554425662652854,2.8424268467695084,4.927044669718812,4.160523380370452,2.00312041152116,3.920447128650029,15.91987393700779,10.173283736996215
Angelique,S09,epbin_Dig_1F_C1 21 rr icfilt ica ep1 but chanlocs chansel chanlabels S09.csv,-1.665878311348896,-9.262348365995075,4.184236155614633,3.7492339058317605,1.268008499875876,-1.9658024508123033,-6.037120349813174,-4.8311290860968725,2.3505262694149263,-0.8438873100943737,3.2760059780382123,2.4557163860993723,-3.0809886682805083,-1.5658507543735787,-4.056152887111632,-7.045783216104543,-6.937140417758101,-7.569605119050175,-1.3067882556039219,-6.183588722517077,-9.439991516393698,-14.534034118365708,-14.496307166800113,-14.468740451474345,-23.468143609101165,-14.50847406120906,-26.862619973872988,-12.662737957155036,-17.998477265487722,-8.94797067358168,-2.4234270610978697,2.1001025869386525,0.5445310161020879,5.801329461048676,15.361702514373647,9.173265878947165,5.062128468160707,5.940151423708578,9.441309295021682,12.662100362325981,20.972159013743926,17.372187189956353,24.40255029935164,21.155056566041196,18.394208573846086,11.021935293195778,5.736310830549192,3.8869244013488413,7.678579374288989,12.55654100945116,11.518048817495474,12.727609705486076,10.067803988080579,7.8635214796355255,7.231952647328006,6.3614624886152695,1.3714458587708638,0.6732851162296051,3.064777054775078,5.2773532087574395,5.18915781580755,-1.7005261853837008,-4.969610022511318,-7.240263920866245,-21.75082532250316,-21.793192179862213,-14.617665571697472,-3.6581465310125774
Angelique,S09,epbin_Dig_1F_Par 11 rr icfilt ica ep1 but chanlocs chansel chanlabels S09.csv,-7.107131656067751,2.0254621232511907,-8.196311876782126,-4.5433636599585006,-2.4972390375520646,-1.8102935310209105,1.7114476682248625,2.4675435252490057,-1.3391733083106208,1.6963187069762997,-1.3271038121013288,-1.2085758470407737,4.978492896777898,0.1768702241017386,-0.6332600518874638,6.70876003271272,7.763337927742639,8.273906203822303,3.658395376995147,7.398567189248799,11.803117162565686,15.800504577357946,15.433606379581121,16.198125659429238,24.690710048435655,15.128663772730402,25.124216694730865,10.522765806571414,16.483469301028347,9.351241054012272,3.219639221336244,0.5118370526259783,-6.21825192758705,-6.015162207233969,-13.238036765682027,-14.70545792862158,-7.746678102516862,-5.4256774858538135,-8.54565607720883,-12.698827134079915,-24.179992489063533,-18.210801643945356,-24.52548188260667,-21.234962751331853,-17.394306880795348,-9.823824186877669,-3.2814353559023908,-0.6102049599618534,-4.176891797875797,-13.474780163214962,-11.85623207698573,-9.206152739701094,-7.085135222578755,-6.280807096923675,-5.912007160479619,-3.508190026061675,1.3380912935149298,0.3156713553596912,-2.58157607684839,2.2045270945233355,-2.65538462529115,3.2957996391412085,4.121918700948524,5.84566153629329,19.354771452445675,22.573690143264532,13.754049312959104,5.323192745048196
Angelique,S09,epbin_Dig_20F_Atp_C1 23 rr icfilt ica ep1 but chanlocs chansel chanlabels S09.csv,-8.686826498631559,-0.43694124057083245,-12.510345850283016,-7.947941605638639,-5.1167309171745705,-3.897538127439112,0.04886256037915601,3.1373675304442425,-3.940597866666494,-0.7621145670638502,-4.433598860413945,-1.9454821280752992,4.504595447356522,0.5858581964069723,5.012485631992806,10.736288826595336,9.8772146700698,8.790667470048778,2.4296399059910345,9.007348350876134,12.911414704475133,19.21835772172042,19.86911425614918,19.864320264432283,28.111785179596236,18.854720375729585,30.159450526778045,13.174509501032274,20.960779187365333,12.060137248304848,3.828115423146007,-0.9099814721230913,-7.476114469186915,-7.620764248642401,-14.418793605462739,-15.223106682597866,-10.86073660742643,-8.722278470014304,-13.039488915700991,-15.810065630905342,-23.58066312994677,-19.841606057879275,-29.562105904911988,-21.295718668970483,-18.90215346378212,-12.285817696798597,-8.288279062082289,-4.6097746542342675,-7.068470286266896,-14.519591155390989,-10.53423018258549,-14.106707251287135,-8.84019936931677,-6.030900427828538,-5.870238913880935,-5.235235048524834,1.4963769880122793,0.4893918293190811,-1.5119269352158295,6.2578461060932185,-2.1356787433896622,5.241383947154806,5.90844390607602,10.730122516069587,27.050236025324413,27.095954928597706,12.77274934409837,7.793199080912685
Angelique,S09,epbin_Dig_20F_Atp_Par 13 rr icfilt ica ep1 but chanlocs chansel chanlabels S09.csv,-3.6735287450696035,3.408655325979007,-8.172836253652553,-4.699439882745832,-3.6166950106155618,-1.6234562041646199,0.4976936516541978,0.7324818564297368,-8.870721906643158,-1.1159368587811966,-2.0038363167311606,-2.282814796363165,3.5687926932657703,-0.21763807628932963,-1.09008059461231,4.718140039452735,3.8600754367950993,6.256954380383424,1.397706309713234,6.366466765405638,9.019976890697153,13.759777266285376,15.152006995321436,15.208624171485804,24.53514854922217,14.381929688334766,28.28843780759115,14.060880278187362,18.701206743150568,11.268535603519677,3.2453294445823277,-1.0999393726639533,-2.281512500566158,-2.9177157639548894,-12.111066931103979,-12.506819597076905,-7.0579457020873,-4.826646818339843,-9.30827779442493,-11.92688023115645,-21.902514743406527,-16.48051114800885,-25.80869958424819,-22.50126549558144,-17.91908464381636,-8.629801513010232,-4.111792715405175,-2.520835929545568,-3.8784552068062332,-13.554101326657706,-12.692687465770682,-11.17864323055263,-6.798364721909028,-5.568048715721574,-7.146571098546782,-4.800889294021847,-0.27467564834753694,-2.3521322086966143,-3.037627908443863,3.0629000041849306,1.1114252858028448,3.056480147755502,5.8606959927646525,8.73524834887094,21.01406725611873,26.059816256701176,17.370286130627388,7.860738252729641
Angelique,S09,epbin_Dig_20F_Std_C1 22 rr icfilt ica ep1 but chanlocs chansel chanlabels S09.csv,-10.835525030317891,-2.010164272111982,-13.186175354871391,-8.308761302112954,-7.238171976867891,-5.675818245022128,-3.7759389227956923,1.4564688910513643,-9.279162288395193,-3.238971906915221,-6.507039890377865,-4.630653411664382,2.0410713329307697,-3.458209434053309,0.46208904686848257,9.260823708387203,8.132864676293469,6.738360067739194,0.689582011785341,7.2032616044203,11.275428552067996,16.762087192795832,17.589697415302837,19.69462089007818,27.125475584746443,18.40802107083797,30.30754252794454,15.04315188865935,22.291117211706396,11.754482951743231,3.33315906888919,-2.144499702412227,-8.33010753956823,-8.244233921021198,-14.106371006278186,-11.261589761353619,-9.829311052909931,-8.931215145539644,-10.329666132445347,-14.422389596708568,-18.930118973674386,-17.65617171417885,-25.754387260505602,-21.77919440750621,-20.69725461188966,-13.566813346363787,-8.568233540545164,-5.778723411481642,-7.741764366962338,-12.66885101795925,-9.881343278528066,-10.369395562703868,-5.260091720155479,-3.842428401878196,-5.655521919984831,-5.808829307792755,0.8598029329025421,1.4449646321142158,3.4943925616775315,6.228070113591163,2.430506159850042,8.923912659769048,8.49112356953389,13.959001531492836,25.94712210851977,28.307134537110734,19.985510922240838,10.062252135028759
Angelique,S09,epbin_Dig_20F_Std_Par 12 rr icfilt ica ep1 but chanlocs chansel chanlabels S09.csv,-7.131812681091544,1.9585012244645366,-12.617427558035846,-8.184934225683941,-6.234410901745016,-2.9984417643829087,-0.12204716514948236,2.733590971591322,-4.7175485890169835,-1.7161122855518356,-4.791299118761695,-3.4765901678512887,2.252057652977026,-1.154322776891113,2.0406240682584103,9.167579214864174,9.161264921308897,8.171778216037586,2.213641119594395,7.823406553904524,12.806539557533485,18.559047517135543,19.67873872878603,20.70718846070209,28.778425465013953,17.59103001662393,31.563199653679415,16.60037668394103,22.71215990832894,13.560104558246094,3.253059693848247,-1.9783738885037292,-5.642217990701656,-5.890438194550744,-17.56314732535147,-15.73832660343815,-9.570097859235837,-9.08616635517532,-12.543293730530413,-15.321419621180773,-22.835893882321272,-20.558119289443862,-28.46014500585097,-23.20597150238598,-22.47110706677695,-13.631727946971303,-8.178075979959573,-5.032047819793801,-7.039142415105149,-14.756225371614692,-14.467445158280375,-13.957619154743409,-6.397541812001619,-6.7477830055836545,-8.399656132775057,-6.016080923823757,0.9182584176665429,-0.7784933168671612,0.04015828009103063,5.27565441616338,2.000754587782758,6.343722361796554,7.520808586840757,10.843734099502427,26.823833744043718,29.84137582747833,17.15369628600727,11.317191617900166
Angelique,S09,epbin_NumWoGE_1F_C1 24 rr icfilt ica ep1 but chanlocs chansel chanlabels S09.csv,-1.3100223762535315,4.95377816626095,-2.112331887526606,0.1397408646280558,1.0933969694557872,1.5160581312999766,2.5378563760970123,1.2369083075350025,0.49238255158035155,4.371110766979781,3.6761246774984015,2.2420229236008233,7.57779197165109,-1.0575469092575454,2.4966595510745377,2.681786825822536,3.042851910891704,9.217740368759088,4.621290065700774,7.502090113972213,8.174916563042089,11.52319680339298,10.205128796621581,7.358409029872411,17.35034339307849,7.307476933820163,20.662383638298607,5.836901032812052,15.109688556871951,9.424869182341638,3.7305148569534885,1.4762004634900547,0.27212391361996746,-1.6874604374260638,-11.906942554740914,-9.308081776462865,-1.8157054998489368,0.29129630563222664,-5.7135220723393045,-7.189334734758883,-19.52498666422952,-17.241955552656826,-24.20267583798634,-19.68216186714911,-7.85164957709421,-4.8509444283526495,0.9487412282722161,2.973000479632553,-0.9540397724970209,-9.639724951254077,-11.605471113859947,-13.58473930577814,-10.416823253812739,-7.617227651180216,-6.3329380298555575,-2.7738768588870246,1.7861208461109437,-0.9748656832121607,-5.600785253778252,2.1296273867820106,-11.17161396645227,-3.2421937814196733,1.0532170709910722,1.649665210296721,9.881701347056987,16.911015783410885,8.169954243923652,-4.256462805522317
Angelique,S09,epbin_NumWoGE_1F_Par 14 rr icfilt ica ep1 but chanlocs chansel chanlabels S09.csv,-4.307473141540742,4.864477505914832,-6.483878775523893,-0.45793241192144524,0.08709592047937097,2.155240694260341,5.362942200056646,6.9316857503672455,-0.6458480766581647,3.5644201259846,0.742818300651534,-0.2620584927929372,4.9268041577200545,2.476479124198773,4.660423111483975,8.365659978716707,7.580422494751784,8.784370726940056,2.5456171008952757,7.2814461369551235,9.923988003375468,15.707165657452306,15.537120781987253,12.608660163972653,20.940981488453676,12.234472339397403,23.25216727783365,10.958282398451122,17.405894558509715,9.50377831375109,2.4926712549446837,-1.421764075324598,-2.093663036506073,-4.409026999128883,-13.947395924527228,-12.595243403769055,-5.863789347996099,-3.516672967341098,-9.13721085951836,-11.15121679127319,-22.7322612427627,-18.882692062007923,-27.590899484607064,-21.246951359723223,-17.89482222931439,-9.011221996876566,-3.2641846672078083,-0.8942007656084442,-5.235946390305282,-14.370603119510132,-10.707380301943667,-11.476530470020197,-10.122638582212737,-8.407115866239339,-9.157929973561163,-5.836011339416114,-0.262618467678847,-3.3133145815207015,-3.334092521667348,1.8258752952152255,-6.56736601475154,0.2889202741838804,4.479454794319001,3.2258739717062057,16.831077810825043,21.24845835727565,14.020530307778914,3.786674801039676
Angelique,S09,epbin_NumWoGE_20F_Atp_C1 26 rr icfilt ica ep1 but chanlocs chansel chanlabels S09.csv,3.832105681868788,-4.813961748958165,4.390362160750523,0.914819262557191,0.20546941555721168,0.008826542466897255,-4.119099138597864,-4.273089069274033,3.755173927920626,-3.9275217961877966,-1.4836985393147102,-0.6198440482513142,-6.706956200048042,-2.404478175556688,-0.6037579629977795,-6.36467273215534,-6.315712100245475,-7.465226036837582,-3.243503536858715,-5.823363899759094,-8.301572813239535,-13.64293057548811,-13.727895154360935,-12.553504277320911,-22.195525971477863,-10.390617452962024,-23.045476883139827,-7.299745983504545,-15.71503478871625,-7.491462619827502,-1.8251551707171434,-0.171361023892617,0.9980500701181354,3.9188719374441763,12.575566431700718,8.815065044516988,4.56543377870996,1.6003252776874657,6.0521651937293,8.805962424611254,21.158974561872398,17.116638527871295,26.377093217542484,20.072883315480382,11.36409383200701,5.846003528911793,0.6302421718976956,-0.4510963605215038,2.777834026363197,12.011407131537739,9.931743822880513,12.490265566696953,9.93686003015728,7.324025580394467,7.309464855372138,3.363546008565019,0.7303159448689507,2.0927226627235824,5.023135495933958,-0.9767372111000475,8.661082045307122,1.4865851744628564,-2.20493127060212,-2.395959382444493,-16.49889972505212,-20.93885924946112,-8.584047561060538,0.43257908542955154
Angelique,S09,epbin_NumWoGE_20F_Atp_Par 16 rr icfilt ica ep1 but chanlocs chansel chanlabels S09.csv,-6.295964585348313,-0.12423385120098447,-9.543907575160354,-5.713219459848516,-5.958607847372207,-5.037095596086989,-0.8941708050662822,-0.15265479310110439,-7.607394927091198,-2.4888985324174953,-4.336928319034903,-2.3137582436504966,2.1810572311958265,-2.2299039763828787,0.5741641258204643,3.808567933683966,5.264176034805251,5.373055974010045,0.9883634395976106,6.508975281268383,9.11146608216058,12.797092153331745,13.50325746276151,14.561971264179858,24.995596709628085,15.132253791999304,28.258592483110093,14.655971143492904,21.195265567877016,12.041037882004135,3.613132880460311,-0.46871083433887756,-4.259792950791968,-5.546666404470033,-11.95392744688223,-12.787531599753601,-7.554557898519449,-6.362305361590836,-8.904126341483005,-12.027731678030177,-17.320675336434213,-14.097236248672912,-24.430211013032725,-19.642584728959914,-15.44596351431463,-8.629374189378797,-4.628264830059748,-1.3136855907026959,-3.6523283760044696,-13.210933822675877,-7.718469208169027,-9.53587115091348,-7.641583768171935,-4.9975312957958495,-6.421242387551264,-3.1709803449486373,0.6564284705707163,0.3766799441065144,-1.996974309509372,1.3185335663822133,-2.514434153562401,4.9943350065020224,7.002476213938439,8.744920616532156,21.60290193570395,25.972666853065974,15.788690940457693,7.908808598800036
Angelique,S09,epbin_NumWoGE_20F_Std_C1 25 rr icfilt ica ep1 but chanlocs chansel chanlabels S09.csv,-2.394938399884893,5.1685066072432795,-3.7351945575694883,0.3760056655758314,0.6205711734037191,1.8475659618136038,2.9438261067646865,3.8418779350145247,-4.06656668063999,4.897480182986579,1.4414747047088898,0.702534210506307,7.298310164109465,1.5821385002320207,4.250430064682692,4.433429270831795,5.164751924499089,7.82839815462627,3.514245075675582,7.420866936824017,9.64775322324379,13.214633537660461,13.286209775672189,10.914960900299707,22.422614749456272,10.40138666425848,24.38230693708184,8.923716594900439,16.914484285332374,9.056239500753106,3.3250628896164334,0.5010478575847823,-1.9371580444338048,-5.498722292044928,-13.30901694281591,-12.734943425214365,-4.0062900762857625,-2.1486507475376206,-7.964197397233438,-10.662655953554259,-24.23416046187185,-18.434141917576166,-24.605541608619042,-20.19951270124008,-9.72906345834204,-6.54100056820959,-0.775221913123416,0.5876463569278542,-3.2613639987771963,-11.950313075386052,-11.285934392188196,-14.655964407440175,-10.613939683898161,-7.5374021027578015,-7.4742181562206325,-3.0123771413145213,1.0821004516266772,-2.2893528624106856,-5.2635835413370495,0.773704047657823,-9.206730658548624,-1.6494558227652991,2.167195925138594,2.366465874041201,16.15807756449691,22.2364774825763,9.159739768990297,0.3233791918327942
Angelique,S09,epbin_NumWoGE_20F_Std_Par 15 rr icfilt ica ep1 but chanlocs chansel chanlabels S09.csv,-4.6280782811962,1.053412012290534,-8.44498825832401,-5.178441060936921,-3.4415834339395537,-1.612835425970296,0.4873394661061812,3.5154651037046154,-5.101445715269202,0.01163500164242923,-3.421623035844838,-2.775255318419916,4.7639397775952546,1.020540950770493,1.6686224718356,8.688824447865704,7.598930224672154,7.950104490897642,2.207306567514493,7.5901127286506505,11.065822556327268,16.656932557864415,17.52513089566112,17.44307940588694,24.972199680491997,17.91748210486661,29.759473391811888,13.866786349941332,22.39659984273155,11.631136583130212,3.694406717119393,-2.192059388787985,-3.6264655253544826,-4.930775817809504,-12.818394041129798,-8.43852672965305,-7.161010051025934,-6.8408494766390495,-11.033220701809867,-12.954275116764851,-20.50512365123489,-18.05977692876239,-25.89020790791498,-22.292028616696236,-18.173704582557377,-12.871988783018194,-6.418546598434058,-4.79829297503776,-8.746820549504411,-15.692658807580477,-12.759117279141044,-10.923970211412781,-8.878092120480918,-7.442497503486398,-8.104406926693057,-5.6734947894974725,0.4670201993406162,-1.6918653197977807,-3.5741368946980816,1.8078147524764656,-4.19079381863039,2.6991915903409818,5.621669254368439,8.474370877550605,22.717183965506816,26.82758446418596,13.07927476246081,6.107955094496802
Angelique,S10,epbin_Dig_1F_C1 21 rr ica ep1 but chanlocs chansel chanlabels S10.csv,-6.202860946212872,-8.65293773644652,3.987526324603656,11.415439664226916,0.2174401596645644,0.6071135703772088,-9.090784907776067,-6.202968371900064,11.642636132630486,1.5185523920171118,7.116711653509269,15.776830406655758,10.378186389154589,1.447565341727622,-11.358274894827249,-10.09554238182809,-1.0618068432055858,13.474309963604151,14.42497326849409,8.00526039907083,15.511902270082272,-1.9577141589924585,-10.382281775463044,-27.93048657974053,-57.38822003695837,-0.8170247884847218,6.266419979028205,-19.91541049339557,-8.651531541997024,6.332482543896516,10.333533820200484,8.359963056668143,-3.687630971682081,-6.189926127600803,-3.0605097017057146,0.26598700083924115,1.0957229128449941,10.056091457559702,-0.6498988258655928,24.790869030896914,8.847450911914143,5.10301412501201,4.619077650786277,5.903123943237739,5.436285722661086,10.823883617179943,8.250593949655002,9.830897418022824,16.068790690617192,7.333588532347461,4.062437314259063,1.701672037408218,7.242107479185395,6.110575462019337,4.231625385739214,12.079372757926128,8.173342182442536,7.451290692496809,2.1419983506780658,-4.103037018835271,-4.784110544062513,-16.784438484001903,5.985133369858303,-11.869851164220515,-25.84615678285096,-21.691819588816937,-23.60981365793634,-22.43673756421833
Angelique,S10,epbin_Dig_1F_Par 11 rr ica ep1 but chanlocs chansel chanlabels S10.csv,-10.469837914106675,-8.187551521779413,1.1984484431326223,9.352186672058064,2.52583884287222,1.9074610933552556,-9.119111221073,-0.9279598117601231,17.60060204401479,4.099966244981662,9.254000962327474,12.74927700709264,15.652867553546232,7.8796947555024826,-6.2473635176737865,-4.601795909694314,5.9855025186615,14.27536810617229,15.715168176841178,10.62794424768866,19.68617544503766,3.207801416036326,7.648235192966583,-21.58264542992639,-39.64027576153289,0.9079671817464977,3.7917624246897446,-19.99285205050447,-12.792037026813508,2.6480827117523518,8.868808978594716,8.596708402479273,-10.331501230478066,-14.663301490627175,-11.910445083511219,-4.282799631603911,-1.146538644479964,8.132714855134454,-3.8732521518806737,18.097159077960796,5.737882535235749,2.2109710888221383,1.4933451579766606,5.477414606399099,6.395928721632826,10.506708795897637,9.028263021790496,11.75040205782834,15.884782056537025,10.314287010806375,4.339269010280627,0.6982347109801015,6.8719120305063885,2.539692767082502,3.684916138803742,11.785876593611409,5.255035893579828,5.700894057818658,-1.1440757884443868,-10.035981184038116,-9.613141259573949,-21.684123480689358,0.10175228672169538,-18.458563652071273,-20.95722034809301,-17.410468480440272,-24.32439556876621,-26.790065231140787
Angelique,S10,epbin_Dig_20F_Atp_C1 23 rr ica ep1 but chanlocs chansel chanlabels S10.csv,-9.969903385845495,-10.173405390009696,-0.09598517170159725,7.663415740678908,0.9912840364562797,-3.290925817725503,-12.816953875859745,-8.117491818727771,6.433008883365232,-2.31827582205512,8.66677570210599,13.261268986630398,9.139581128968162,2.110897133318138,-12.715094474090893,-11.147530656588431,3.16950125909701,12.793187186548892,13.987433503278734,11.71567011701338,19.205266136926,-0.7141008990764842,-10.877313892286587,-27.407974111595454,-47.50286575573822,4.096399487006737,4.8538127961623045,-24.107773799681777,-10.822722099957883,6.964117673061424,12.252259618682594,12.002585797689488,-7.013838060218516,-8.70981911791944,-5.558279696472195,-1.6149647339488167,1.5391741333632747,8.314501620291052,-0.45122931443740666,21.364089172144975,9.651700130603219,5.312549211895254,7.303268309654982,7.312284506147636,8.732110199460244,11.681477179289049,7.143980080897345,10.919514174930315,17.216563318494515,12.300339058580002,7.394539003590792,5.236672193075309,9.822974727319567,3.7313023849422584,6.855543053012547,13.074102623661851,10.126948254528308,10.299917764321679,5.056575720706141,-3.816766387819839,-3.046880446422866,-17.33027767017891,2.853350008749947,-17.825274748413044,-26.729824732270323,-20.74533508610483,-24.08515863432745,-23.543971433275182
Angelique,S10,epbin_Dig_20F_Atp_Par 13 rr ica ep1 but chanlocs chansel chanlabels S10.csv,-14.061629334220926,-15.693832935517875,0.13814379724313558,8.780999153018204,-1.025279221556121,-1.3969209394919946,-13.105395526936658,-11.816870350925045,10.488637975965391,2.054831669475736,11.015961242084854,16.325388015786267,13.000582505401981,0.5553306932484993,-15.344113039760414,-12.906070127989851,-1.720274835954634,13.246434141642075,14.491251662445046,11.216134427892687,17.93788575927444,-4.382644218937462,-10.718226337442218,-33.25857591448146,-52.10741056082751,0.1558038793099512,5.235295384451904,-18.580156088392446,-6.0522502234095805,8.78761361272806,14.099242150680059,13.592971192841661,-12.415044965871665,-16.15953244933454,-9.350523065660257,-4.701272754847447,-2.639269126837199,8.506703505431432,-1.8778601149057073,22.679756399595693,7.623998611426362,0.6023164621062796,3.7508975754856335,6.91970232154187,9.18761396946576,12.913601521848088,7.0942892264698605,13.236725352254204,18.929122034173535,11.04796816120469,5.233274080479569,4.059462958120149,11.57681166440623,8.074249808399472,9.58527601371545,15.263892821747772,12.48856153074664,12.871117012871368,7.111940311946259,1.3518986208837067,-3.6158584409252006,-16.3740585412939,8.988246678813502,-6.583816237173856,-30.134226605643835,-20.54342405345172,-24.623478431351288,-19.03191270292982
Angelique,S10,epbin_Dig_20F_Std_C1 22 rr ica ep1 but chanlocs chansel chanlabels S10.csv,-5.22534369820053,-2.1751241278292923,4.604718252531406,11.204852976194243,4.798436635899944,3.4987454442103254,-6.050652118289299,-4.39429088148946,12.896248256684936,0.7858712322578346,8.170478503837627,11.623754553139998,9.461164545794103,4.34461766588359,-10.37957233079362,-9.463945140105489,1.1001987128066752,12.489815928769916,13.37405050635645,9.273788689664498,20.49476986521406,-2.0138640555627765,-11.029062418064758,-24.556819213717528,-37.30453780740756,-0.9478563067969682,2.037757947191475,-25.58250702517229,-13.663899497755905,5.371155615461319,9.903677617030068,10.863963707327537,-4.726984377108041,-6.134438492956605,-4.648529915149993,0.7802765181068131,2.8463007355514733,9.418992332311408,-2.4998832577508074,23.311457080810907,9.023130635296905,3.774858350843009,2.4578278189424343,6.300289738208457,6.073331672292221,11.550770674632714,9.742960629266193,10.395854043606034,16.53423121306418,8.727021092849174,5.648765441680253,2.9106883581915195,10.898125444841506,3.480096298799068,4.5037208415987715,12.704798838399295,7.252792320303658,8.047733197320115,1.5122176085170336,-9.84971650042764,-7.078673569267233,-19.513576155136732,1.1418696499855903,-20.331373176110127,-25.534746558891307,-23.696016930236976,-30.429118666284122,-28.105644804363017
Angelique,S10,epbin_Dig_20F_Std_Par 12 rr ica ep1 but chanlocs chansel chanlabels S10.csv,-16.422381834984343,-16.714940372152196,-1.7054796760970423,8.902080345904944,-2.7177269104584583,-0.9236797651460311,-10.856679698246742,-7.482248663432841,11.433096776172945,4.671490004166101,9.370366441762176,12.033579460956343,13.200289226759399,3.9919372812204226,-11.473683752391915,-6.612425166423704,3.250918090433022,15.416195519091227,18.33398179369383,12.667417147674675,21.48982433582251,1.3164371166835274,0.8049681468583089,-24.730904282761568,-49.146336231556965,2.8467357210291198,5.87798824223923,-23.86862362584191,-8.585936991667603,8.817843862265331,14.843267208598034,13.306070481540587,-14.94315329110385,-17.141386949200033,-10.86026605822333,-5.477975275561717,-4.2631490333187605,7.55409319785692,-6.628301685603244,18.370807777319204,8.29260734454653,1.9360445279670202,3.389035767590077,5.6600386766748585,7.1601515661642186,10.888797656155242,7.198449760829769,12.805946983622562,17.709488759406963,9.407285831600314,5.232758266112978,2.6081250549420414,11.834752791958618,9.666886837656039,7.737001685294277,14.772685663365616,11.952782504245402,10.355660913620973,3.2271902633807503,-2.7716393718062027,-7.20470180666424,-14.9479846710239,8.979206712656188,-13.4848344623523,-25.477026113166975,-22.232790503437407,-27.24719671886957,-25.392831102531765
Angelique,S10,epbin_NumWoGE_1F_C1 24 rr ica ep1 but chanlocs chansel chanlabels S10.csv,-16.298853904922638,-16.298972111656777,-5.6914389588661365,4.352613873391535,-4.110681670150719,-3.5887343080188776,-15.97489181819633,-9.169498870057334,7.111072826833339,-3.099963407421414,5.21572791980414,14.052065697530294,12.609703685444458,3.035581012981606,-11.855847200378482,-5.713219307547554,4.218140712486135,17.362160651664905,15.827882409690446,14.142264047754116,22.44738230003708,5.206582804695666,11.609593059003101,-16.6270518179953,-35.87694381667317,9.90448171716969,12.473403047919016,-8.43762281378463,-0.8102028287000562,10.050077774937645,14.232209626630373,10.46117095225792,-16.378101281349227,-18.46093932999972,-14.247391596314676,-9.785340370890676,-7.675983722741311,3.28528237965188,-10.44077754751751,16.57845125275792,-0.02512954842670801,-3.5806800412310724,-2.518389161855558,2.0134284325953145,2.1390652723120893,6.973537030424267,2.5005561066939794,9.293315050229527,15.842012065490746,6.326692300617789,2.206965903873927,-2.3422656232626125,9.401158989745126,4.314063725385443,5.13935710683728,12.243893960040387,10.772109122190455,8.691905668741903,2.7142141255942316,-3.041634805105023,-3.038256063640477,-16.7180843035789,9.080162494442982,-9.640932551874254,-11.88742306749209,-5.170930536771951,-16.72348210160247,-18.598629611758383
Angelique,S10,epbin_NumWoGE_1F_Par 14 rr ica ep1 but chanlocs chansel chanlabels S10.csv,-14.09101161142321,-15.218631681702167,-5.911619896820301,4.846808396377892,-3.5488069293950693,-1.221169148489876,-10.51503404742375,-7.4198347823991355,6.67829689551824,1.7891834724014537,4.691694259072462,11.890623908943319,13.897593059438057,3.191628345238355,-9.82782542124462,-5.214928008793533,1.3780368333669217,20.26138312605786,15.478967488536968,9.559774584182524,19.986592038851025,5.324324446314102,8.55874546448133,-16.601046003587797,-31.243892452859562,3.5302418668822697,10.723159846179353,-11.167823424854625,-6.019044381596498,5.797267570628234,10.90401864187422,7.863547796746741,-14.189041977837704,-15.644123041100391,-8.557096588478855,-6.37999570207586,-7.921312879581566,2.5869728652432946,-3.2935838865435954,17.19498853781984,4.662277733222091,-4.842800393594593,1.0835002818733757,1.809173221673545,2.480832702026793,6.833873778804249,2.543594519323684,7.583227203807496,13.063365506049902,3.9972650185250806,1.0394117914137428,-3.4191188711542675,5.569063187817205,4.971845816951678,4.583899195638513,11.51343674841279,7.976722726218974,8.018366137161511,1.9579778782660644,1.9913135815475482,-1.9609970089720439,-17.391931696087568,6.3716785060789,-10.55780898130497,-12.980910669485999,-3.5901088331967537,-20.35122946773635,-15.103941489648067
Angelique,S10,epbin_NumWoGE_20F_Atp_C1 26 rr ica ep1 but chanlocs chansel chanlabels S10.csv,-9.440892321807219,-13.026011774056622,0.9129350876950707,8.973756513890152,0.057752189272967665,-0.29062586256713446,-9.315501291253373,-8.3133949460644,5.868088427271214,0.2569594586897985,7.349424746003999,13.170499690485507,10.725415344987749,1.7162183513188822,-12.466869032177271,-7.99577792511451,2.830958271657392,16.359737394022282,16.267104489329327,12.555532737706654,21.66548567108426,2.5109626259025304,1.3560703035811388,-24.05466126926831,-36.972333728400315,4.1131602864579575,8.860419066132794,-17.928162261637155,-6.042038127813998,8.178078888548832,13.928612021944934,10.248313100940035,-7.2623252754876315,-9.342022029572554,-6.969470970098542,-2.118406358199571,-0.9141169445437171,8.656557449562404,-5.70494427715914,21.782503791983963,7.704002510751317,2.16331782807871,2.9023304463178694,5.226177167580758,6.855669960555023,9.956769428818864,5.804124014774732,8.874244543761371,14.97919169751511,8.37033867844432,3.042399459569662,0.8807126559258389,8.299709385971857,2.1310463684664387,5.178163377525644,13.032861020760281,8.769380723526009,7.122563261528582,0.3672768091220944,-6.997292481094709,-9.589222167740346,-22.932749498318934,4.1899996860971465,-16.475526183308638,-20.430508587913778,-13.384727506247177,-28.250997179647072,-27.976238945720773
Angelique,S10,epbin_NumWoGE_20F_Atp_Par 16 rr ica ep1 but chanlocs chansel chanlabels S10.csv,-9.805447608448493,-13.79015565582808,-3.075067506463129,6.119794941063066,-2.2578253066908753,-3.8980713474981643,-12.470767012923691,-9.794417357200384,5.11961750151157,-2.381762383212591,5.034771780158484,12.442706536158436,8.410826315960833,-0.5227442178459839,-14.791151214577985,-13.239271322695588,-1.4458065036979708,12.0618155065781,13.559539699682603,9.259188212954765,16.90263762909238,-0.746352598397719,-2.3912946900675713,-24.888651027110086,-43.73183114091886,0.10705287368447429,8.972285603214313,-13.060991224130868,-5.105782216141146,7.699165625334331,10.265689986938126,9.032600426780464,-8.040207711622559,-8.105416538509097,-2.509119745041782,-1.5368161332609822,-3.208144394903838,6.07767702451226,-5.173978262501219,23.731879743434497,8.191576095917384,5.8691297621856044,6.94656622702111,8.444551913649793,8.41676622244319,10.673562072265723,4.718483028205136,10.040702103081774,15.41228815935408,8.538044154285236,7.231196039443878,3.760442156420946,11.274543011670099,7.119681426313247,6.303465452901634,12.245541410790318,7.9129151254251395,6.789211246777916,3.5461645899896337,0.5120730318000605,-4.391627968405224,-21.231707454744015,5.669711530064072,-13.992910433069595,-18.40312962581305,-6.935153714158148,-22.731432672285795,-20.756819626565388
Angelique,S10,epbin_NumWoGE_20F_Std_C1 25 rr ica ep1 but chanlocs chansel chanlabels S10.csv,-6.802037982231048,-9.8008159178873,0.41734535568402303,7.178822225370024,-2.360571489021915,-0.9897017823670151,-11.970399861852192,-8.32785706084585,3.3604960016415815,-2.245764515773132,4.819826298026733,13.567741196429113,10.398753385634208,-2.034828014185096,-12.290862144224603,-8.271691973081019,-0.6330746837645851,12.175199630563625,13.67757641839054,7.700495035082998,15.759173493058158,-0.7754510582688008,-9.23328880286422,-19.63906068765426,-43.48498075088622,0.4953624215856357,4.271518738469821,-19.129619685394943,-9.195448739932727,4.954969693399423,10.45455209783361,8.570753899984696,-5.895698187057636,-6.025890238730888,-2.8223460716554474,-0.9252403769141259,-2.077296835807139,7.0094978061130835,-2.02032624697382,5.698668231012632,7.961533937834516,5.915501793914993,7.890108156518667,4.636401668908468,7.831549756507724,10.578619496453683,6.289913252256116,11.58301720601001,15.243693574778568,10.84710488254307,7.165028576094655,3.9267282845250833,10.621437970244529,8.957576729564888,8.839417987527273,11.50040348067051,8.859271486329705,7.967612438856962,5.09142231081297,0.06399767583870145,-1.9539753602803933,-17.0076176245295,5.966877978118626,-15.15789701779062,-21.169682651822747,-15.263400806770472,-20.947887180867077,-19.795256436254913
Angelique,S10,epbin_NumWoGE_20F_Std_Par 15 rr ica ep1 but chanlocs chansel chanlabels S10.csv,-11.83297381598359,-11.735640938208192,-1.7349479015760838,7.202099695146819,-0.666703406710392,-2.9630210740418463,-10.837177138993887,-7.185066900499256,7.599109775746247,2.265797288583119,4.549784483705112,9.668569117240311,10.472653008048558,3.2784346012172247,-10.86882359491697,-6.437143422452979,2.63986637370543,11.337080735629979,14.316218284129523,10.118957041803032,14.867138235854933,2.66462937946386,-0.0932884797506321,-18.613913246308787,-38.77563799396077,4.975768106926437,8.588451340171774,-16.42135630849573,-6.4549442659738,7.204431306122288,10.088991449902338,7.7452930222028025,-10.62309627050142,-12.871375571608022,-10.171046442289029,-3.9967598782325036,-4.66444823799869,6.100725425748337,-3.4228234910796957,18.234537084693788,5.129931917486476,-0.6330702418633646,2.433103856349698,4.838045140425933,4.326607232582173,9.104912915044352,4.046258361621585,8.54115872189519,13.958640778255495,7.831315764097394,3.737070467701532,0.8514569490450173,7.55588530660546,6.2014744155018215,6.3367576029520745,11.617994670647485,7.4831996434297245,9.48094098318102,1.3285592387261076,0.24758037708337205,-1.9381278940316142,-13.266860681840061,6.270021392265736,-12.846927133023296,-15.498488833973857,-12.484812133163581,-20.658511204776904,-17.542457970075954
Angelique,S11,epbin_Dig_1F_C1 21 rr fixF7 icfilt ica ep1 but chanlocs chansel chanlabels S11.csv,-10.565592737266593,35.06922510078193,-16.39376946401811,-21.59337041616533,-9.534649326631012,-4.816453927076429,8.624474946231919,-4.379350286128339,-10.248126132756695,-7.242283002333207,-17.363623405248465,-19.494790593304437,-6.963942941973277,-16.934867798088156,-4.9376311688753045,19.66814710367047,8.239444827110766,-9.618225847679783,-13.649489954794086,-9.830981802472191,4.15527419778417,21.18513591951011,47.204031201855145,67.72486661032181,52.933411712338376,23.031678863007027,37.79982218153101,56.39120042952894,27.775925243746407,3.0856477787166163,-16.741013373812432,-22.529155822678227,-3.0613783434536144,-7.790025668348816,-7.693160695505864,-15.594256490785641,-19.632944233688768,-22.317074437735844,-23.227169389122004,-24.34959278870579,-12.2884976707957,-1.220657258448396,-17.073560909440932,-25.825389212794065,-25.211222752820127,-39.48224683894709,-23.023920778351332,-21.207158458217226,-23.006295153344105,-26.200528586383406,-31.853486243067056,-8.766533819430716,-17.669667364039043,-19.376466557536464,-23.547643038105114,-22.96799428417576,-17.06430388749441,-14.596914842862967,-12.678963267389188,0.020599708113025784,29.867520554905983,17.794040203774916,5.584238311389015,45.02652037073544,58.10915813270975,54.749979183522704,51.27855517504938,54.245496886868224
Angelique,S11,epbin_Dig_1F_Par 11 rr fixF7 icfilt ica ep1 but chanlocs chansel chanlabels S11.csv,-10.794121969880106,33.14401123089302,-18.445015087478854,-22.3827598188767,-11.952303086141065,-7.643709413461493,10.108192540709467,4.824274934420737,-12.154280840038771,-11.447121522326968,-20.862181858298218,-17.748621006697395,-7.282134467406838,-12.799256824648154,-6.667751241360051,24.111662694519474,13.139923787697759,-7.139143346724993,-14.894302467003952,-6.539182198406125,9.759133051840264,24.173528335906074,51.33319735877046,72.46316570214184,48.669426488643666,27.929909975663282,32.48968213909107,52.55290158445182,20.513991197715654,4.630039124094418,-12.580918975876367,-18.034277766143518,-10.44365656065578,-9.406551379202432,-13.820688825445021,-13.22989751576273,-15.16065884074247,-22.853740899976632,-23.469760714517243,-28.46201707184278,-17.373613234425147,-8.587886083625147,-19.74862926704023,-27.14962894750123,-26.433736628438346,-45.294487716251865,-24.261443657399482,-20.831150822674033,-21.555359527414414,-21.184582190994718,-28.720803650154828,-14.125200179524375,-15.574671947513439,-16.391082522961764,-21.278155166875916,-21.302632322627137,-14.208841670707299,-11.448017960633742,-12.150047009844123,3.5472590299904825,32.3183511791615,17.695088936672455,6.37316277519577,40.618041135450326,61.62862282691657,49.710932027260256,48.27073068686634,53.8288188895224
Angelique,S11,epbin_Dig_20F_Atp_C1 23 rr fixF7 icfilt ica ep1 but chanlocs chansel chanlabels S11.csv,-16.06163522576354,25.5894256765543,-19.18515406456864,-27.849448727298483,-15.205837993381277,-6.502468008492905,8.642703092191486,6.841154817342024,-8.019371040642485,-5.831195533310269,-19.658665974308942,-14.032724801433114,-1.8762262575288002,-8.935247389055263,-3.621159564528947,21.40741610907632,13.841969519972103,-2.0190748681108803,-7.1044474525137895,0.31982205530801966,16.292411458503828,24.52237099475653,40.75507919092922,47.338160532272546,47.07172105959098,28.218486690819205,33.567152536659115,49.10611540064432,23.57417495253251,8.67585870783981,-5.470952717432879,-11.501567500798906,-15.439037265228016,-12.299670091397441,-18.193820473397942,-19.499635040385375,-21.400038748205745,-26.523188431026195,-28.67548679577526,-31.53582966173953,-18.097755677446173,-10.337048050696177,-24.588860833164752,-29.26766412495824,-26.87446400404211,-44.41510740512928,-26.35249934749561,-17.472912355172173,-20.231883761793604,-19.98122344811604,-17.72702025957555,-10.684423185008953,-12.223130748349657,-11.215812089664356,-16.168293868984225,-12.956899533391594,-6.5869420834128505,-4.444010164842258,-7.951110920682789,-2.500628532822261,26.396259851744958,20.915503110313704,11.781747614439219,42.21983339976683,51.06059314706537,44.876572884205885,45.103111112505026,48.40194874969873
Angelique,S11,epbin_Dig_20F_Atp_Par 13 rr fixF7 icfilt ica ep1 but chanlocs chansel chanlabels S11.csv,-13.595616516921291,15.961402109491045,-21.376202538940735,-24.11307167136841,-18.084216423415437,-11.533906307482525,-6.289796206132252,-23.296879626136292,-14.763935952167186,-13.466426907693346,-19.365392726860318,-17.181607260158238,-10.81091770941772,-18.691352294054294,-4.0735370732996605,31.82747018187356,14.538387535608843,-9.241576774999919,-16.0432252779304,-7.217295918150435,8.039057981732775,23.616027748751208,56.70781834796983,73.35564248597362,55.16159231365736,24.901426843042348,39.757395253399345,58.88014329022938,30.783296398885692,5.412060922073458,-13.021496147894254,-18.08702367321489,-10.033110618798393,-4.168152415286556,-5.580544451362684,-13.634167597803698,-17.014107561780136,-21.823599036009657,-21.663495358366674,-24.43182892738873,-14.230584756830453,-4.203076094643256,-19.713330192505392,-26.92539732847761,-23.15540101790328,-38.520202279993136,-20.85324757559897,-16.957464823899983,-19.78312563882594,-20.429607870096596,-22.714192788706136,-6.077431287674351,-23.21269446832194,-17.465621299983006,-21.1966143197029,-19.5332421787641,-14.37690261982799,-13.395649311846451,-13.797728432425965,-5.099106774765354,28.966364755228973,17.640281876259902,7.402096309734241,42.375338571053135,65.32026668479608,58.53039487968045,49.65838329385224,51.408289220657835
Angelique,S11,epbin_Dig_20F_Std_C1 22 rr fixF7 icfilt ica ep1 but chanlocs chansel chanlabels S11.csv,-13.487848590160674,34.796546686290405,-20.579496971354374,-27.675536242378197,-15.043994001090287,-6.023671191671366,7.173613314189768,-7.252031367386776,-10.955787961576073,-11.519460410749879,-24.58888412862417,-20.43562118662261,-7.414534411077638,-14.492328960747862,-4.117969746035877,23.20976357113231,10.69769524120613,-7.7391166563769165,-16.914451072527203,-6.9984991573344955,8.736262568225351,27.595410816774045,49.78248430428183,68.43908744660993,53.5122459819634,19.30660147402157,41.15005421955132,60.66956637091955,31.632995055884116,6.709172584923948,-13.671378081627237,-19.888496052281038,-9.908036625763168,-7.458784722999757,-14.17127659515463,-18.780896744256008,-23.076377591907296,-27.368441608223435,-28.875884578371437,-28.410235939187203,-17.401856194676036,-14.306230097689342,-20.021425038703676,-24.815849143088794,-26.68987026103688,-47.30511233569079,-31.969031565607054,-22.684502428615186,-25.173027178388296,-29.236252278528085,-18.06637999489071,-7.407893482376713,-14.352633315250275,-17.656287359929095,-21.81450056556927,-21.998742054665293,-13.906897183785945,-11.385954503803218,-9.493974216195229,11.541979100797365,35.39375306480194,23.752011848756453,11.107079328839278,48.66637183957634,58.31535773461846,58.10146492170955,53.97998676674108,58.26597353920569
Angelique,S11,epbin_Dig_20F_Std_Par 12 rr fixF7 icfilt ica ep1 but chanlocs chansel chanlabels S11.csv,-10.193537483563452,40.6084804404877,-21.529058877810463,-29.194335985776668,-14.328148678975978,-8.413133206795457,10.780963630675526,0.1475438094835652,-12.204184745742058,-12.02901037746301,-24.62557508633478,-19.772373595017097,-8.412274063409553,-13.785988259038962,-5.981598845934809,28.74512244385518,13.120745494366716,-8.636096490764476,-15.682300176681792,-6.608389943570949,9.15975293391567,28.076804672852656,54.259979660419575,73.00421204087414,55.07006893518083,27.493784064655973,39.538353462953296,60.99730222015163,30.170590290569127,6.272069473394692,-13.13089176175137,-20.902195172374274,-10.508682316284942,-7.305704571064966,-7.4588573710303905,-18.820647815904955,-23.444291274711166,-28.89048401045093,-29.705818689338024,-30.239830690166205,-17.28414623008018,-9.650416938264378,-22.69426133424918,-32.603384030219416,-30.340263790373896,-47.16633925564974,-29.86396934318242,-23.442861421235627,-24.301530401225858,-23.956930981317083,-13.049552152716306,-11.49806525337459,-19.042855743299075,-18.09868401645267,-22.10136916673442,-21.29554090268445,-13.862664094844076,-12.940497709998436,-12.477081513001464,8.958135679674282,28.994160060191685,15.00757117358237,7.503473237467655,42.31119337905625,63.982170104132216,56.77850854321493,52.09992061334743,54.39294103918128
Angelique,S11,epbin_NumWoGE_1F_C1 24 rr fixF7 icfilt ica ep1 but chanlocs chansel chanlabels S11.csv,-6.985752779383322,-1.1010840377492364,-9.992445354810988,-9.065013288641335,-10.337854264709874,-2.293893120996514,-5.466894711314049,-13.005708941990102,-6.505959636799848,-5.122211746155202,-7.959284597190597,-9.562244051959135,-5.477504800580673,-9.6118158087537,0.6857457231527064,11.677880031480106,-0.15607949115890474,-9.745006188987174,-11.09057848656899,-7.993646897302045,-5.332869630167115,10.525078563320374,17.45883820152104,24.659483690408795,22.46504566704736,3.4433187461538135,21.138368652387467,47.21176447000472,26.279033832914063,-1.2301505012108358,-11.423634207354642,-10.598316626053252,1.2760316930583613,3.1011757585643216,2.8915323740426375,-5.792531552071072,-12.18606020117619,-8.066199011138993,-6.133533373254599,-1.8612853215642202,-2.770438991219871,-15.746327560556763,-10.907962202047827,-5.0324949765109475,-5.145471378087697,-9.224345433091488,-7.801826141654804,-4.476824040733356,-8.582953050577535,-15.612300161363928,-11.503377213584137,-6.0777022462399275,-22.6197351286008,-14.772721901842331,-13.213260640309791,-10.836745687361702,-9.886811802287797,-11.856794059861485,-1.139337340176649,6.491814758925782,16.124646957633054,11.823481887643501,6.192201105081231,34.39599443846756,20.473825548817622,36.45676114581451,29.242520137944947,27.290473930212336
Angelique,S11,epbin_NumWoGE_1F_Par 14 rr fixF7 icfilt ica ep1 but chanlocs chansel chanlabels S11.csv,-14.170298733574366,32.80951556398359,-18.989342304738212,-25.34845000779303,-20.605604423527833,-10.088704128279263,3.840385668280456,-11.199652149489317,-10.57090958064786,-14.141269118993723,-24.743120478987446,-20.41632128103026,-11.001168506070357,-20.106667137733712,-3.7142608551661414,15.400179861233086,7.085854344617596,-6.376326337410422,-15.39321253424394,-7.520059911146594,6.523962640506712,16.762388921418037,42.053423475521875,60.972434843781514,37.22885439206666,19.7170581083967,28.37482449758891,53.42867259668635,23.707648936129942,5.349463797479039,-11.01969867398749,-16.636011053514505,-9.905345077547503,-7.048810200570064,-5.263945055846763,-13.589624228375797,-19.59484593831202,-24.550191001999757,-22.891105651292957,-24.569303233100648,-11.170435213853,1.0744811306264488,-12.482757617451043,-15.495243340590552,-24.13216985509611,-47.40731077428652,-25.70511369985043,-20.430436590115793,-19.989114053998208,-19.482369202243834,-10.342866103053417,-1.9101293471162286,-9.316049788673228,-10.98048938485041,-17.125926608223086,-17.06965815157794,-11.329676814392316,-8.109371558040865,-6.919565341652828,11.734137149017585,42.35192493083113,23.47284273471524,8.873041221585845,43.95199710351356,49.02921442498363,44.33749068548162,47.15642457764013,53.616715717552395
Angelique,S11,epbin_NumWoGE_20F_Atp_C1 26 rr fixF7 icfilt ica ep1 but chanlocs chansel chanlabels S11.csv,-15.569307207767423,25.823474217289117,-19.21109170421752,-20.265966584060877,-12.917000010392472,-11.953543879497005,0.9703293519141524,-10.95894019042356,-15.448467630448333,-9.763661721358995,-15.62836715149237,-14.879646651152918,-7.815149658216702,-20.163599825109355,-16.42121707976501,13.973565040814607,7.6746421435526875,-8.03701726703828,-12.242297466843075,-5.540066636485009,7.3581413014638555,19.800700155278356,40.82655448046542,62.41663145721422,44.880153249597804,24.37168040083587,32.05709854708917,54.549624538363865,23.88196108071279,5.680658532367302,-10.368744218266459,-13.799465077098036,-10.322245849019248,-8.591073166601207,-11.563348837161321,-13.271425970764014,-15.65409796930878,-17.40089034114018,-17.85702580748532,-20.57103987950045,-12.048125560080736,-10.163592604934232,-22.35344764210226,-26.678213839734795,-18.406074813284494,-29.870730466014212,-16.753725210556247,-11.981380958381433,-14.706049851205394,-17.3957216006069,-17.246663874366444,-14.138763376185366,-17.432085697830324,-14.758694108271591,-16.78028640573739,-14.960667877392865,-9.885639564032704,-7.115478937572499,-9.221315859851932,-0.33197572588703433,26.871622543191712,21.350618204066482,10.69651720008331,43.350297753677054,50.77920800577906,46.95461401813677,44.12115204869216,50.05412059862295
Angelique,S11,epbin_NumWoGE_20F_Atp_Par 16 rr fixF7 icfilt ica ep1 but chanlocs chansel chanlabels S11.csv,-8.757594051030306,33.27870126722422,-18.406921018920496,-23.109862340592247,-14.239370157249722,-7.492928655892373,9.451015146798785,2.567274458349482,-13.921394339832457,-10.893351914701347,-18.050794300485194,-16.537842410377323,-8.057850854567567,-19.7521448529604,-5.32275043538371,17.913572221580292,3.7830532767216316,-10.701266340616186,-12.738860027500493,-6.730112523448703,6.091101504944495,19.07021972375033,42.366258335414415,56.373261068177136,39.55089714522884,22.202238938739246,31.07054696408884,55.87806122537281,31.993669970993775,6.506063529484867,-9.941525490315481,-14.06209937658627,-6.290315921707481,-3.5411098998309614,-8.062929115357962,-14.959785077079477,-16.413179734217803,-21.835309442270738,-22.897934752663193,-22.683666846684375,-13.63616192801876,-8.84583580518031,-19.728246025218805,-29.42926547682645,-21.005050008105613,-40.39464829059029,-21.077329428570096,-14.234602225829317,-16.34456068074311,-17.830195047144137,-18.874426440882356,-10.902044984155081,-18.645101229739016,-17.17781194342815,-19.32827605586332,-16.345876244557434,-11.539421953333052,-10.377377569929335,-11.23948013221495,1.6178124171470605,29.23724682150981,20.828881919896354,7.919251508665232,45.55696723660017,46.459264847084874,46.161319643190495,46.03595858352769,50.44400243793735
Angelique,S11,epbin_NumWoGE_20F_Std_C1 25 rr fixF7 icfilt ica ep1 but chanlocs chansel chanlabels S11.csv,-14.386981645144774,22.38077353632417,-19.696316001944346,-21.96875964762711,-15.695330340349361,-13.716954068112043,0.07340900695177031,-8.443592643183619,-17.491543565114405,-10.058630600177448,-16.93306527135325,-14.431956919873684,-7.0995678683697605,-17.72410081550944,-15.54920308917299,17.416191602195155,6.185071334480515,-8.08920321301536,-10.74272596491625,-2.6084579689498546,11.600111390541782,20.32049981331559,38.92247676361478,54.554837789568246,46.5646907106067,28.7664631864951,38.05131541090252,55.69727080641446,27.050650113697802,8.729167268630793,-8.344008041130458,-13.896913920083685,-13.738074611950102,-7.187390793314657,-15.08823232899381,-15.331634550556878,-17.325574941130114,-21.77492555150264,-20.921317752259906,-27.17093212290505,-15.696964439946774,-16.350703085991817,-21.50383740501889,-26.856853615018476,-19.842090829869242,-36.316028512952485,-20.372165776469284,-14.656027919128631,-16.447963721248,-18.033971016615105,-13.834888582423625,-9.773282613103964,-15.609583643347177,-13.552178119442077,-15.684656588694843,-15.526271749503072,-8.5167187996157,-5.261412482790308,-8.863632116595781,16.85019041733677,23.51844660161311,21.819324566603267,12.734669879147583,44.260423279948306,53.233187141711156,50.04014526533315,45.498493252736,43.84682515457154
Angelique,S11,epbin_NumWoGE_20F_Std_Par 15 rr fixF7 icfilt ica ep1 but chanlocs chansel chanlabels S11.csv,-2.2397779868636696,35.018650524568535,-18.503424527468226,-23.42151032396042,-17.183123015829434,-6.857988451508065,8.408133953138277,-2.9362599503987905,-11.526558232257436,-11.275860068377762,-19.811963368028714,-17.243991464529323,-7.381959940091524,-18.778325137996045,-2.7651286808890054,26.339951945871487,8.529383883820017,-8.459431681591187,-15.569497890494603,-8.15095451379448,4.9546560678398475,22.655388126422658,40.82640461914474,61.01354230547698,42.166427057744166,18.266271264040206,31.945322919829874,59.56216096187338,30.573407594661298,2.613619381173528,-13.822351311536268,-18.16862501271324,-1.5279829816716066,-2.2825036459392423,-1.411745613301816,-14.1847327048412,-19.521630125472193,-24.756567402415957,-24.50326896682513,-24.061689206793023,-10.995022955129503,-8.463539981093188,-19.892554880557658,-19.506597488705097,-22.17128598001061,-36.3939342831375,-24.64263967433607,-17.9006873115294,-19.439383610358515,-23.47989104594164,-17.559694724842764,-7.033207338740523,-23.044177136066352,-17.70989037619304,-19.418959537573237,-19.36418228857868,-14.386928789382898,-12.96569737316053,-11.592458840715222,10.400176858655566,27.114191590655828,14.904514870604809,5.317210852731793,40.67021545342452,49.42129536098973,50.840170386737356,43.70438270738925,47.06214186603709
Angelique,S13,epbin_Dig_1F_C1 21 rr fixO1 icfilt ica ep1 but chanlocs chansel chanlabels S13.csv,-2.902146258764373,-2.8277283425635296,-6.801526733670437,-2.3501063218807623,-15.963851511241714,-7.302627557717255,-0.4622386231073131,-8.696874143834684,-3.251221333666766,-7.786056595840415,-0.7076050936305162,4.285376175860845,-5.201643174186208,-11.630595863709303,-4.4564182507913,-4.5135678856268555,-12.56069187278231,-4.82854064919581,1.8367613743226796,3.428504894174494,-0.8565467260441781,-3.4659051965481225,-16.1897108602591,-17.90773796094774,-13.238874167133929,7.309541622666506,4.135536585836243,9.116489235166673,18.33594290841437,16.31412008114026,11.931297623736297,11.645141081308395,-8.437130515187716,-1.364603269133117,2.0668351513403946,0.5557470763113286,-3.265056551493785,-1.832837316378062,-0.21010338485899932,3.81176790550995,-7.570379874615401,-2.2349412174959316,-1.8990047632508222,2.01268956035939,1.4860172438745982,5.912458021222855,3.700561467484842,8.907973969729923,8.248053265541346,5.292107094910656,7.660913384004441,-5.220047022872457,3.5420964342240344,12.984388490952325,6.77269285263939,14.629579972478062,8.90282928703102,5.006292726485731,4.634800544208005,-7.510018267743412,-6.733816193175066,-2.4522241362545647,16.655249661130835,11.195911446371449,-13.525275100891212,-3.941733304045563,4.929916150594397,-7.148205713488931
Angelique,S13,epbin_Dig_1F_Par 11 rr fixO1 icfilt ica ep1 but chanlocs chansel chanlabels S13.csv,-0.680012202591777,-0.36189723957832776,-0.5719215943668909,-6.0904961643077575,5.430816623433598,3.64313332120867,-1.6022547093688215,6.261596218348705,1.572745892859017,0.9220635254402363,-7.617346165665787,-6.600324754529355,2.9018992254810634,10.713376957510466,9.236739721313178,10.522379930483343,18.414166888969863,1.6110060167041416,-2.312715904868121,0.44135313191155706,4.191866955643576,13.533315572872947,26.114480119734825,25.699472199853172,30.293018225878726,4.420049122929483,10.20639079609193,-0.28344662133854753,-4.093899557316518,-7.845853706674262,-10.24641134773549,-11.889583350499265,3.6964203547414494,-5.976923939173959,-9.23881980507767,-8.171379216049509,-3.7439423413998894,-6.396602231328949,-7.930705689543417,-10.753764201285323,3.051286132865786,-2.644000186880385,-2.480866510312456,-8.545032673859183,-8.790454658208311,-11.667376867815232,-11.939579135012906,-13.125503261516567,-12.031448179633848,-11.09536407467723,-9.33324102084731,0.874828840908224,-4.269184178576951,-13.061071729182313,-10.872844602119565,-17.16045480866092,-7.130728491875649,-7.789786604932009,-3.565229012715515,11.744578973049967,6.929950013324765,5.718675056109128,-11.451435635188613,1.0868394232254979,24.727938088308324,15.028453384819851,6.187546924618211,14.185516423393686
Angelique,S13,epbin_Dig_20F_Atp_C1 23 rr fixO1 icfilt ica ep1 but chanlocs chansel chanlabels S13.csv,-1.1862480844562757,-0.5286927106058983,-1.3954074750456216,-6.063557139544444,9.85403322503588,0.9119900126525491,-2.9159260106472935,2.1750830508584804,-2.5052767365221986,-0.8715399073316014,-7.939336205446009,-8.946142747152432,-0.1375831592796898,4.6816425828713975,4.042297183080799,4.367196281606522,12.065723770222956,1.1484521312676672,-4.177318823103328,-2.3614791172975553,-1.729043048955745,6.5067385541697265,17.30583818551416,15.266216495059195,22.179780976410033,0.46580293057187544,5.463132379588836,1.457675438509519,-6.25618699719015,-8.83919546968204,-11.232370531635262,-12.876093527173868,3.3991319043145896,-4.6699488308380825,-3.9412011943275904,-7.7584850208642075,-3.6580118193897904,-7.6216659934840285,-8.482058728893675,-10.945158233731126,7.420236530891684,-1.7077409764836022,3.8226503045734144,-2.4781380682811283,-4.727058867291023,-12.460989918216537,-13.404074482032605,-13.737797147141215,-12.325440955562652,-9.364977450407405,-1.4777193053368478,7.231224408985007,1.1037321472852861,-11.55771148758981,-7.665636192787064,-16.39162552908859,-6.324112362277843,-6.064198015295248,3.062679834324792,19.973882685497532,16.566513010609444,18.48036944158853,-5.792772066917699,3.602497275773109,16.4241623490037,13.496761269561675,9.406547490005009,20.635933913578526
Angelique,S13,epbin_Dig_20F_Atp_Par 13 rr fixO1 icfilt ica ep1 but chanlocs chansel chanlabels S13.csv,-1.1183113615790283,-3.219134334975383,-2.5617114689649867,-8.782661775206018,-0.26448561713439145,-1.3010288933068945,-3.6974171688126103,1.72531111983023,-3.4534261501959658,-1.6934780821550057,-7.841426430976711,-9.019322607679218,-1.61266447399696,4.590169905445762,5.739326741853816,8.619661338024217,15.006291129058916,0.28769458111502577,-5.206021393991116,-2.565795091455871,0.6607558433344606,19.58411719156874,24.373915720892374,26.750451581539586,29.84808753922227,1.825218925573126,9.31074801395663,1.2342225543116363,-3.7410628542009077,-9.933864589465637,-13.082062396261563,-13.316669893270006,4.035218637765116,-2.102038703975775,-3.4757203759888684,-5.851021387380663,-3.9778927995667006,-7.134745506703259,-7.3489954255154695,-8.81273543352848,6.224890017543292,2.384269695186317,5.931679969534234,-2.4262568065919075,-6.85618111478084,-10.536053437180948,-11.774514721848396,-12.868501617500497,-11.77739030042024,-8.99294090279794,-5.976182570594659,7.519353490816783,1.4972743780017086,-10.104243505995667,-9.006589243126808,-17.121160063490557,-11.613529396820956,-8.57423194775329,-3.1826037598167845,13.107635077422927,13.973172994902576,8.887505993876632,-13.647358600723088,-1.9889273514843642,25.659167778367333,17.098282988080896,6.193141580654022,15.492797545009475
Angelique,S13,epbin_Dig_20F_Std_C1 22 rr fixO1 icfilt ica ep1 but chanlocs chansel chanlabels S13.csv,-2.0393929097659833,-1.7175148873243198,-4.396737750620832,2.39541778473066,-11.996574026119179,-7.0110245893530925,0.2573704461512226,-7.698753626433078,-1.2426358569830538,-3.508262949491004,3.519036337547582,6.633828663901702,-3.367029877349765,-9.177579367005388,-6.0847887358035795,-4.623897660839997,-11.262897899205871,0.27297844629410317,5.0265272643915075,4.601061317470224,0.8829556747462332,-5.909856079637318,-18.499990520408826,-20.031497623124313,-18.980726716491393,5.3957770961379765,-1.2181267405494356,4.2446885489377895,9.930570841072884,15.756348760685997,14.96951666324088,14.593991661199404,-8.144926395953126,1.1222717390204506,3.696396810633329,2.83910204147989,-0.6159230747353724,2.6238332101736526,4.183098402052222,7.102001233572003,-5.371673436298692,-2.688829860363455,-4.135696856972026,4.259177634540476,7.056823355699149,9.246494001566665,7.742844462006248,11.8073124236623,10.330074005406338,9.62748587188615,9.786450268747712,-4.683348753155307,-0.6972533690733869,11.674153223261364,10.228017288437622,17.485455282079403,9.77118975238184,8.494305527150917,3.0538582572819615,-13.349780260115557,-14.936284550979432,-9.724070589188008,14.438431007045104,2.8964546799733397,-18.33725287765842,-11.433112476453367,-5.884652928992204,-19.175209178819607
Angelique,S13,epbin_Dig_20F_Std_Par 12 rr fixO1 icfilt ica ep1 but chanlocs chansel chanlabels S13.csv,-2.4400161303130976,-1.4987406262046372,-2.486181029316249,-6.863404453723516,6.244365915916804,-0.24571397441355333,-4.010662717655271,1.5927965923762102,1.5705838559003873,0.28800722049877203,-6.846254737982717,-6.913609359113531,2.3544832266553652,7.323269356739065,4.736280348457335,7.380174430097376,13.926115891998341,3.018606016650621,-1.6747004859943195,1.1739321155136164,4.630083287794561,5.299175049852425,23.644821984746812,25.043229414349305,31.285385660626357,5.181844027477573,11.242949038420152,2.451070093103953,-2.7383849549814023,-7.2897329669154045,-9.362623383381337,-11.869345292423887,2.2017416341823655,-5.920404114174212,-6.277771738111915,-8.046116691226757,-4.5720533794059275,-7.6085212154406525,-9.247620545941171,-11.015789439834764,3.8651145567548313,-1.9560500738439204,2.0271254549058697,-5.821864693634004,-8.541599425215471,-11.92818609314711,-11.465537090927144,-11.377579070854384,-12.164401232200163,-10.698243033954645,-3.6185433691347004,5.169722215146772,-0.764571172178321,-14.465767114970967,-9.271744814570267,-16.504310624705045,-7.21414865729624,-7.922544429039524,-3.577986591420909,12.77159914536365,11.845511171382237,7.443273400353008,-12.885087364004395,-0.423265531651752,23.50894280320765,17.35094377210104,6.993062691232929,15.964864507763963
Angelique,S13,epbin_NumWoGE_1F_C1 24 rr fixO1 icfilt ica ep1 but chanlocs chansel chanlabels S13.csv,-1.716915047605736,-1.5582712294657228,-6.405020754206643,-13.518901559079877,-0.8752175600076292,-1.9026446473651017,-4.127171410118326,1.7805378206495237,-1.1291847441441623,-5.09839140636085,-12.576668645619018,-11.684253654681463,-2.441245643203919,7.9761585245677935,3.7066092623256686,10.241256192723675,14.813954493815595,-0.31422829859817375,-7.298715905124182,-4.1344639859870345,-0.4357204973560232,9.77320274630422,23.56914496551436,27.423819789457582,29.431307486347354,0.6068026448207008,9.42310328750718,5.286477546925113,-1.768803660120508,-8.146029971453913,-12.232085076008541,-14.6664873568044,1.675839093073649,-5.253601208531678,-4.8770321000038805,-9.669991449509522,-7.045584452321222,-12.332069896248125,-12.681797452289548,-13.138725379444782,-0.2745188286200159,-2.339928959405547,3.320962712635618,-4.008214439428581,-10.817710148000092,-16.42298098399297,-19.04085026598487,-16.27817273522394,-15.493760294135024,-11.119287318378928,-3.3749153136457792,9.689256260509639,5.005772466280443,-10.871972812504827,-10.20826950099719,-17.880022625944545,-7.47801696527384,-3.638614626643861,5.071442334899898,24.60577122320081,24.07874087796142,24.240010948117273,-4.1770695782728815,4.851455543439306,25.26309265860129,19.473047795353573,13.63701689267921,25.5087513523957
Angelique,S13,epbin_NumWoGE_1F_Par 14 rr fixO1 icfilt ica ep1 but chanlocs chansel chanlabels S13.csv,-2.7022759774103142,-2.202698143023456,-3.0079002774690036,-9.23941815600959,8.760455524686794,0.9712623494672589,-4.860936431251154,2.114688772171039,0.16204130192110885,-1.9278163801399881,-9.253577652887829,-9.13761190378426,-0.8479434941086846,5.224709560623756,4.673077006920046,2.518706396677549,11.397917249577059,0.09970939986958395,-5.062679115523548,-1.9325001322620297,-0.5781192881685107,6.03051374596944,18.56855685641326,20.845196514255388,21.959272277284715,-2.2782907803286516,5.073449008708391,-3.382250759344112,-4.460634517844261,-8.239959333980469,-10.181191101452711,-11.093278460661963,2.8981138918309015,-4.236423525401713,-2.782997489712027,-7.269204828292306,-5.341705429032511,-8.71101345836413,-8.683052739809876,-10.226061247370946,7.427488243386576,-0.9373482601998189,4.759978930768256,-5.096703108419898,-7.059152649726878,-12.280194700336349,-13.537264894358326,-12.512078972398902,-10.552817497999285,-8.569101408804656,-3.417962059845721,9.787309777239342,2.086664737217305,-13.265031950037244,-5.623113916690635,-14.739060854712195,-4.638356251218523,-0.8759947091993947,3.6573161285032656,18.264518361395197,14.84279079898518,19.004262155600994,-4.4126829237735254,4.3893190974685306,19.479805962322065,12.808607010776607,7.984638073542584,19.36603622956394
Angelique,S13,epbin_NumWoGE_20F_Atp_C1 26 rr fixO1 icfilt ica ep1 but chanlocs chansel chanlabels S13.csv,-0.39320954115965756,0.6827562232938655,4.047281482827853,8.882341708683422,-4.034164743195121,1.4157657584653742,0.9274520293697274,-3.417630601030165,4.093299112064496,3.616434965143477,8.46762373939219,9.23981799224306,2.0142242927756255,-2.960893130594516,-6.196102577590756,-5.176554347812837,-10.272366173374404,1.212403811018512,4.630918747956427,4.2211477000037085,2.8761724946064984,-5.697303836651547,-17.536583938150574,-19.434625776388526,-23.48266132324557,1.5373343138841122,-6.010597521946894,-2.6438862056450887,3.9135334824233245,9.240686360972242,12.50078705379494,12.01194531541383,-4.050526224581281,4.8591991227248466,4.588650264950812,8.31410922432416,4.629709497180305,7.850988573921491,8.47204070812703,10.515487100148908,-8.969578426141021,-1.2124343815707475,-3.571887871011966,3.648903255537875,8.688268536098787,11.124845838247005,11.596084007929928,11.110652014042747,10.649310076850988,9.97277482009165,1.2728272358986903,-12.082301500898794,-3.1153100266699916,13.21800182131245,6.981480174816438,14.575023213283385,5.590619121807229,4.8631906177988595,-3.2908639774070227,-23.047141687687397,-17.451529509714288,-16.45346936211934,7.415352118142635,-2.3560169265665083,-18.670597091147563,-14.663707409122917,-12.414350158326059,-16.863147807737278
Angelique,S13,epbin_NumWoGE_20F_Atp_Par 16 rr fixO1 icfilt ica ep1 but chanlocs chansel chanlabels S13.csv,-0.9675131502683565,-1.4094719146610677,0.6744752350438155,5.49694414424412,-6.502283787943141,-1.263127184730755,3.188187696241654,-1.6159070645469755,0.883729181941805,1.1484348281487702,6.139065535067449,8.678512284884714,0.9609775411062735,-5.394911755859025,-2.7336331655686608,-1.3276334474990399,-8.302146189799904,1.8910257161103186,5.81917185269629,4.766726247483097,3.316182285210887,-4.383732150928969,-13.63353319743642,-16.158527354647173,-17.071587111053905,3.2074951506149816,-1.8068736718464737,3.511881241504411,8.443467309748709,11.63225327146764,11.661110692020804,10.946390277964001,-5.501351928545303,2.562920615708836,-0.41826455299668414,3.978144481610442,0.5156663495302114,4.155124043074787,3.525020028429237,5.133687323486944,-12.96322079767097,-1.8000534453940265,-6.278209744190279,-4.044685125935908,3.0004944631481805,7.098747674127356,9.112003936696816,10.536082734761173,9.629366846476017,4.77722162082237,-5.645326335527125,-10.99473487213405,-8.893711491609485,11.425696380123044,6.541230564465126,14.314801981999002,7.849883015462584,6.868611231527639,-0.7890973553760592,-15.104327025671155,-15.82791252612572,-8.490462515533014,12.850248303740806,4.165054437459262,-12.65824621401829,-8.424773862366589,-5.1932672562798725,-14.807508756635785
Angelique,S13,epbin_NumWoGE_20F_Std_C1 25 rr fixO1 icfilt ica ep1 but chanlocs chansel chanlabels S13.csv,-0.12443709763074255,-0.8726162309694211,-4.946047679002287,-11.646150103900627,4.631221486425605,-1.7151106870029929,-5.725422765922991,2.423707301324454,-7.830260912642968,-6.430839635372191,-12.420093270719352,-13.225384654713725,-4.494464780863671,4.748372631489433,4.285218980619761,2.6747757084088324,7.801052666477946,-2.5735392505286105,-9.056456191999972,-7.215916040389218,-4.654224656699982,2.2726843661246345,17.41784167163632,21.771674422464596,22.428796905657823,-2.204514152596619,4.799230872817914,2.932571540640834,-5.826591250466507,-11.225016694656135,-14.75569366253661,-17.179032394659348,5.390465431971208,0.027192407343822313,0.6980288972991515,-8.498843833625779,-4.599572040406249,-10.365774703073134,-10.015920374495973,-10.486442613616093,14.213783399179018,4.8651852413033945,11.432219636161134,0.8178346930417868,-7.287347838884554,-15.278661722560484,-16.505325157594925,-17.302755522370198,-15.559033639412279,-8.192638560722694,3.938331623126565,13.726201049026253,10.039464761577236,-11.44928827994906,-9.216329471519073,-19.408717214238408,-6.9311348827889345,-3.59952209965565,5.8265420300637105,26.44639107546895,22.352495981143985,26.626890683348677,-3.9098862968622408,3.4932985545154085,21.212417982536202,15.721996583232247,13.739534805795742,23.97358137190856
Angelique,S13,epbin_NumWoGE_20F_Std_Par 15 rr fixO1 icfilt ica ep1 but chanlocs chansel chanlabels S13.csv,-1.4820608144064298,-3.765867511304762,-2.688583976436647,-8.81290346334181,3.8844213998750723,-2.5624157672699863,-6.432646024199153,1.0582187140721342,0.2547286760656702,-2.5017358005937123,-7.712495705019694,-7.652768339188221,-2.441128338452003,5.096144617692487,3.2564227186331367,5.075441155575639,9.928260007986491,-1.9316544219234568,-3.1821096902349684,-3.8560016294983854,-2.5920244708351055,7.364297347861983,18.745018911549916,20.45323311577657,22.098174490936028,-1.9389845023188275,5.046848957188776,2.5371087420099694,-5.0186427089484935,-10.802126955692204,-11.17608869084079,-10.896690899970972,3.29148543145249,-2.107279004239305,-1.5099671929498635,-6.565369001019297,-4.398034503878372,-7.639545379627172,-7.559760001163982,-9.122985257702124,-1.0339896087447444,4.151081401260758,2.7746264238366063,-1.0282879314248017,-5.525023894030587,-9.468890007105847,-10.784046730165514,-11.146159431247026,-9.630498757034164,-9.583162872468126,-0.24339746765916864,9.205468472879296,2.6951882782338847,-6.478039277467956,-6.644111427526903,-16.282434957383934,-6.2357106166662195,-5.93322756726403,2.176123561992431,19.523535802099026,17.092686129741274,15.228574093263543,-8.216699789333683,1.398898725589087,20.26577653515754,13.571111276264308,8.949138602805986,19.461543137924398
Angelique,S15,epbin_Dig_1F_C1 21 rr fixC5 ica ep1 but chanlocs chansel chanlabels S15.csv,-7.479864421015948,-1.3989819875490672,0.48332539138368064,5.516055000305588,0.47114734759216464,14.565578782197765,7.498461331621831,-0.956770107629047,5.676126806327699,1.7415896535817037,4.151601828591406,6.928775280332418,3.0641452617012526,1.9713458371515271,6.50882712273466,-0.0003997482266032618,-2.8262346409266343,-1.9703089532162277,5.316353942976345,2.3456008260926815,-1.9152178251567673,-7.743293997886545,-3.817583506388799,5.490649233126206,-14.726516397881898,-1.9668319925464697,-12.482565754239843,-19.861835252427742,-10.574353018738893,1.2299344280812023,8.481384265832661,12.623148609110679,-3.10970525160095,-21.556657598366797,0.537405063793745,0.5715307221747971,-0.4910691890805111,1.8793811840012375,2.6934132531725514,-21.00946077834528,8.300152548167647,-0.3897878510842755,0.9941906695808252,3.9148103973220127,4.807722724154876,10.356423647757087,7.311313031010688,8.931630003543585,7.657577126757229,9.345725767061946,3.6743791478720627,5.868420495829408,6.905600463942365,5.0875163264782985,5.462033090023227,8.604927984150564,9.336319967958847,8.117371730669754,5.960760707733762,3.4284717794932655,-10.93013886098278,-2.424743913440938,1.1117282527473815,-3.130190374343011,-18.813118975469607,-21.442374678139004,-17.981963445976596,-15.922884790571844
Angelique,S15,epbin_Dig_1F_Par 11 rr fixC5 ica ep1 but chanlocs chansel chanlabels S15.csv,-8.293824642577535,-3.985780900619886,-2.9198567589406315,1.9759748916338102,-1.6666006808601517,12.289238246485032,6.7866054023795686,-2.0784817113041556,6.336790895635255,0.4244856885149874,0.6111635113835878,4.141391081503327,-0.36174603487138696,0.6281390319041009,5.144204168218973,-4.066098142948429,-4.090627776750224,-2.1488917769783553,2.693698151159668,-0.28104557255911944,-4.505833228264667,-8.190903944636611,-5.241587150529515,-1.1943229337185646,-16.266016358249818,-5.468518912178697,-17.591862350532228,-17.984833822309383,-7.038391273787199,-0.9330956657391376,7.2373123273262445,10.234500665884172,-3.7625153968901808,-34.990516194075546,13.69904108900397,-1.0515801623200611,-1.8898401042840762,0.049239911469632205,1.175929932990064,-14.069121393945702,11.280798312979455,4.765226633540056,0.8257257167401869,8.131991902261742,5.510121346542313,8.536205894643306,3.984745133247184,6.04506532438441,7.248071766163758,9.385566002078228,7.455952198138,8.950831803645118,10.108957826355823,7.091965987306493,7.7890841839816565,7.4233985541610865,8.616753011386738,9.139587465780641,7.121135673518863,9.945978981371736,1.6596704566389533,1.4882607172300328,2.0386821571921576,-2.5970074386305284,-17.349722050346887,-21.992075466228858,-13.238354375889205,-2.722436659927043
Angelique,S15,epbin_Dig_20F_Atp_C1 23 rr fixC5 ica ep1 but chanlocs chansel chanlabels S15.csv,8.202699258598841,2.2433900273692777,1.3526664351685136,-2.9697858791950784,1.4149127289660346,-23.43460492790143,-8.95116830902941,-9.497280316603245,-9.448254642723617,-2.2919045009912304,-1.099879440420271,-6.100759873308802,-4.774076944803666,-4.493409896443293,-8.463919712513198,2.369710851932531,0.74210189868906,1.5030875843345617,-6.6454795102188715,-2.724403713776428,-0.01025935118258135,4.162888497701224,3.4856269580723485,-2.4344703710295046,13.709721864990975,2.3617246949228305,13.412470809502546,21.478592907975013,5.005941818135786,-4.763748988798264,-8.90554470621502,-13.041183527431784,0.9447512560026223,16.55886111674596,-9.876740807685819,1.8746148267099765,0.15381972011253653,-0.5170138576008895,-1.606256539486714,24.140664144393963,-13.004483398020422,-0.06650191398659808,-1.8321977667140155,-10.088258255120097,-5.936945947996285,-5.963560775668821,-4.8677301953771535,-8.189591009937192,-8.098169473483065,-8.872024555426318,-2.4079729662086033,-6.0249909572343485,-4.8188831107779215,-4.24049641604381,-5.508260438296548,-9.833198606974758,-10.26275153315399,-6.2756403642014895,-3.636621850504787,0.5445077889060761,19.73054130553585,7.616531356584757,-2.325359407172985,4.379760722591852,20.765474821484336,24.748571025351563,22.69069514849314,28.709454897233996
Angelique,S15,epbin_Dig_20F_Atp_Par 13 rr fixC5 ica ep1 but chanlocs chansel chanlabels S15.csv,-6.3602803966917385,-1.8805371030493092,0.30993173050521294,6.811838652081625,0.5103423049115339,15.059965191658401,4.9856970900631135,-1.5648141567838898,7.714335404849877,2.509229245280881,4.783110101575561,8.05141203398923,4.24733827879089,2.5140143456204074,6.035323679095629,-5.277655431405959,-4.41963107473101,-3.124221071753873,6.52196101734029,1.948340921248222,-2.8218546908740567,-10.339818745975942,-3.912693261016307,3.1939545702195913,-17.65561382439134,-4.859466753269608,-18.54303238831623,-25.986475900287623,-5.581049761279012,0.15867416892365774,7.711779244650035,12.673015653179496,-1.9976478110511404,-29.102235467185476,1.873617668112443,0.7555527922627027,1.0736716015365972,2.754352239655767,3.8878214937809736,-13.637934209435114,12.041055470416032,8.399972439845305,2.2887278707240752,9.743730846709452,6.577343870440325,10.176761037196766,8.479819275877194,9.418772810162336,8.002978763366924,10.208273896909095,6.718248271796587,6.14045471515997,5.958049288086013,5.114508008102592,7.694426676433875,9.671737336063455,8.782137710085562,6.864925455160748,4.623394381238887,2.6743786052584886,-8.700571631018722,-2.324424089797604,0.13317047670819127,-3.551406802780944,-19.638581651039352,-29.010632182832303,-21.246859403444766,-14.2607051798615
Angelique,S15,epbin_Dig_20F_Std_C1 22 rr fixC5 ica ep1 but chanlocs chansel chanlabels S15.csv,-10.452556213950368,-3.3575349918256623,-0.8073511654060479,5.449789223729612,-1.5746641213538113,18.86980880229274,0.5379513662751945,-1.749972261652258,7.624356898117858,0.8800094917479987,4.247175539108033,7.215818577128801,4.523106548136893,2.582337995885931,5.555764664054969,-8.502411048912291,-4.40044987357624,-0.8899557606199227,5.564193993055697,2.571977744845323,-2.474776141394235,-9.259268931323115,-9.68130948441934,1.3624884325113285,-18.530973857620026,-4.318231208459015,-16.100725741055047,-23.302682319154425,-5.516822058825925,0.6860226668620454,11.216214412389895,14.72511993571633,-2.6500764230315084,-13.169961564008625,3.230760529799983,-0.27257362186188216,-0.11297458143275609,2.6205733146886723,3.955609379835134,-21.348091798231163,15.3139545466686,2.742286131558123,3.403846232864446,11.360430785905372,7.505275562072528,10.803603809133588,8.77845156874357,10.725873287521603,10.290973230435656,11.702328881726142,6.29175926472244,7.719196488769025,4.749628179916757,8.63051364195501,8.242301532218905,11.592289501599547,10.586872721513497,11.91780271152977,7.352452793370404,3.395859739416201,-13.378207049480814,-3.3713590890601934,1.1651519843727032,-4.405166727785139,-26.153764483776445,-31.46517766218108,-21.707351637599917,-18.735544441916044
Angelique,S15,epbin_Dig_20F_Std_Par 12 rr fixC5 ica ep1 but chanlocs chansel chanlabels S15.csv,-10.290230190792307,-5.1532890098129,-5.1928447255047985,0.8355791086734465,-3.2422602196414467,8.396865488074063,2.2958937852124874,-4.283134314545117,-0.5600967312806937,-0.5051070676132422,0.7374296264987769,4.1909392214644505,1.6532953797600565,0.2281180064234339,2.560400569570603,-0.9998340051649048,-0.40884506031512935,-3.012277496344106,3.0279028746081513,-0.24542556161452497,-3.465264355789033,-7.893280507767583,-4.521035509656364,4.879044130938729,-13.982273435006693,-4.854727735749173,-15.799161909207081,-16.737355484317455,-3.6070193701537074,0.23546865023506927,7.539971576030911,9.178767980063178,-6.343665094880263,-37.952084264600046,-2.631522931651349,-1.4261940915053226,-3.9548720633722056,-1.844783087819823,-0.09587185142238891,-12.02377479363181,10.0496401466635,7.450511461637197,2.586276088528686,8.634919955841331,4.075852656769985,6.97713733506285,3.4550962457148753,6.643068203986955,5.700491849591263,7.572979580433113,10.244214751226897,10.114562022655045,12.022174748895631,9.58792807889249,6.615368593425383,6.736474835181642,8.683468061887385,10.104401904362698,8.377651354254354,11.451891697639423,4.5125803953837575,4.934908511853276,4.170800729755956,-0.004974842573149947,-14.351792860343915,-20.911450008313764,-10.917443816293963,0.7498155753933536
Angelique,S15,epbin_NumWoGE_1F_C1 24 rr fixC5 ica ep1 but chanlocs chansel chanlabels S15.csv,-9.409008252176804,-1.5693315261535155,-3.7822439260722414,2.9052551642561038,-2.956012130535048,12.264778739089154,7.666732092805337,0.21724346341499337,6.917887696446642,0.8386450595403744,2.646588946231586,6.354929396624758,3.8930144759498537,3.0807660195440993,8.374424488910037,3.6395706893645365,-1.568603248439858,-0.5059518777213166,3.628807125537171,1.6200844606626985,-1.8104364689877617,-5.663985980994764,-3.8550255735505328,4.978977729488092,-13.26522856720455,-2.339144586930388,-13.463932910663605,-19.762528793187606,-4.736249111345061,-0.5425517060137007,9.55946903240798,10.853915937244183,-3.3332872934705264,-31.549985155835948,-1.5991603825309606,-1.3574420140493924,-2.5191462568450778,-0.08077424802213008,0.616955668339429,-18.71940085834309,8.482829801438072,2.9238573420190477,1.7577740468484593,8.173975728849591,3.450442140897378,7.363432783399208,5.071957614975742,6.4381301150209165,6.274097637211359,8.627429594625866,4.955533966351072,6.969058311503598,8.35202957104574,5.866289999816958,4.611028680724132,7.200091210812906,8.855519137322052,10.297251616315036,7.2769336884559275,5.511529375151813,-5.556133698989683,-3.4902882378675177,1.6288551244514575,-5.206368565958479,-14.094487999360101,-19.814230480811062,-16.364290941881798,-11.23085329896571
Angelique,S15,epbin_NumWoGE_1F_Par 14 rr fixC5 ica ep1 but chanlocs chansel chanlabels S15.csv,15.072495910238047,5.894879666341417,4.642110576753484,-0.7646597435861053,4.41946383232066,-12.316875226051563,-4.105084900412389,6.568020845955518,-5.882182959759313,0.4766230713438579,-0.8056260513474045,-4.660104423593036,-0.9052733041185648,-1.2067098647289896,-6.242057896540931,3.531843215836133,3.167325977544043,1.2655775122450454,-3.8689080124974122,-1.5085769553051303,1.4401252764332038,6.010889610210126,5.053722004767783,-3.2405390096401248,12.543102391202305,2.650141027119597,11.63111209003988,17.244716535587635,4.385002516292759,-3.7858216961575137,-10.722852942686957,-11.794110061276331,8.721364503005287,31.670070315315925,3.605814671299042,4.052596906584085,5.193863342940547,0.883129717058748,0.9158309951231771,27.11294567451661,-13.265460060058995,1.0676387938161407,-2.7320249280186837,-10.89260972868396,-6.088426434611051,-8.90565839301876,-5.6513772421440205,-7.589615589135861,-8.706241171868914,-12.224307186211753,-6.951750043129075,-8.194184512325627,-10.449172451031279,-9.685796916318518,-6.277139767155651,-9.224027138585814,-12.36015119677518,-9.303350239201711,-10.440741299890641,-10.411876977526923,4.104217879752789,-3.0064307262275207,-6.8637026676289254,-1.3739888767600286,17.25548702610713,23.252618899155433,11.45705486073076,7.1176357717014165
Angelique,S15,epbin_NumWoGE_20F_Atp_C1 26 rr fixC5 ica ep1 but chanlocs chansel chanlabels S15.csv,-11.038841543697444,-5.813089023808312,-1.5638981511829584,3.3802470124187467,-2.4441072333295137,13.955737471076587,4.044154865154729,3.084583576072802,7.8520166073544875,0.26803731861625896,1.9039819290005195,7.160992952611544,5.1037751501623765,3.1412377880867384,7.355087686608265,-6.274066652313359,-3.5320782556015993,-0.2725486835936012,5.9415923135943345,3.273098922475681,0.11142652270700433,-5.946536255521285,-7.742226886910891,5.671547876082937,-13.126866464145953,-2.2119799686925794,-12.60016385171456,-21.591639493760994,-3.0688418475869645,3.158383469629701,9.586532651020109,14.211093342504528,-1.806594880329628,-13.456292279895514,6.348085737387138,0.32938296070812173,0.33469914471225415,1.728690989028589,5.321464057846603,-28.420354219521467,12.812114055591048,-0.9068536562601927,-6.202789229204934,11.162734153924758,7.153301674405927,7.6461190531772765,8.465796254808243,9.276381760280637,8.77031784591768,11.119076390321258,1.3214726728434611,6.840034615686596,5.194772108638127,5.25755778924877,6.2567351054845775,10.446155676540817,9.956479451127931,0.5228284831859957,8.400737322372995,1.9439555125634234,-13.617152535769574,-5.9818670551399,1.9346192390886203,-1.522494248306799,-15.645753758650615,-25.900634378936207,-19.10334287304586,-17.95602612214007
Angelique,S15,epbin_NumWoGE_20F_Atp_Par 16 rr fixC5 ica ep1 but chanlocs chansel chanlabels S15.csv,-13.968912619456422,-4.294893002471414,-6.487879736831408,-0.8991202428517205,-5.3432383769360134,12.573295705465574,3.316353891368964,-3.689112689664278,5.47297775686813,-2.128372663449687,-0.999670149820135,3.8946384777689076,2.2116404998558106,2.321986973116216,6.869289554810104,2.3233185452717966,-0.7186563193067146,-2.975109776326787,4.12120245927344,4.583374696226826,0.5260463032164415,-3.8798279528620925,-0.4942202389391654,8.217399213157837,-5.538226361238865,2.141865096858886,-6.1896669517830825,-11.65397730024917,3.200535116669483,4.434974965014822,10.426879958803116,11.467301940129827,-7.39478256714502,-38.76222195999868,-4.390630033356601,-5.724464810338927,-6.7985886625797765,-4.953388428228819,-3.885439010729799,-34.53144766194571,10.078353576872273,0.6630678699506452,1.2008176508459627,4.605754486315394,0.9095345613606438,3.1619208751586707,0.20355290958550554,4.191993038680484,4.614374148274942,6.419813826701815,4.976968144747033,7.084945966336574,9.037016833443758,6.250759671018865,4.823102660545542,6.678330678548441,11.230251513455686,17.335531213473587,7.74677630058912,9.205249936211382,-2.4791777622008495,2.9867489338550444,4.294761849730445,2.7210158083378237,-6.125841760631709,-16.438890219371636,-10.472206117923573,-7.305758454950928
Angelique,S15,epbin_NumWoGE_20F_Std_C1 25 rr fixC5 ica ep1 but chanlocs chansel chanlabels S15.csv,-6.6069315848456815,-1.5289385115233471,-2.098699753250902,2.227275681411101,-3.8762642538262164,17.281509340652295,8.660212573787943,-5.398966502654825,8.931879339967642,-0.9838976245287724,-0.34962564470741353,5.319155695476807,3.9763289397594326,2.9203148943450716,6.669869960590284,-6.7362246689413325,-4.147263463853907,-2.0342441949901837,4.727759140222399,1.6481454103788808,-0.9405716387743123,-6.942027096060898,-6.105769743759612,6.919893510650906,-15.077930542390224,-2.3243193457032465,-12.460976513567966,-21.229147388196704,-6.4329773859096,4.690890200891617,11.030191663758847,11.654555852541716,-1.0298622864801348,-15.526728261247046,3.6818696487125577,-1.2768201218808706,-0.7701076314505038,-0.030969266904288636,1.6585785186804773,-30.569793715950745,13.47770542039274,0.1633477429259508,4.24014965683572,10.59423116651548,3.9115214274740473,6.411144377678513,5.036799178535272,6.435034627265309,6.520519532865052,10.10664827797178,5.615367335443893,7.585505980398094,8.957474834044117,6.624885232617353,6.219639261097837,9.995879652475484,11.125003645328757,9.898776766428623,7.581674943524644,3.2740540590505343,-8.522149564513866,-2.536221933134365,4.0178769468879985,-4.519025995149712,-18.21685020970131,-27.75128226528355,-18.836581706627754,-14.930500927625747
Angelique,S15,epbin_NumWoGE_20F_Std_Par 15 rr fixC5 ica ep1 but chanlocs chansel chanlabels S15.csv,-7.749493296136637,-2.5924334838403884,-1.9457660999217847,2.009425246463554,-0.29318773528391356,13.00417969231575,5.944500165665293,-4.013702609123164,6.132476960114201,-2.524283374226252,0.27603186049092665,3.4898832836894393,1.3221550101685848,1.1457572955917694,5.274437228260436,-1.7582726332760121,-4.017359373373738,-4.455720183744464,1.9677052192881277,-0.5626915698970232,-4.547407567363081,-7.065683841635074,-4.389797850809729,7.177180466203417,-13.94941454871241,-3.2775632730071576,-11.352438363486717,-15.839990485959296,-3.676041277180531,-0.4844798343040909,6.435446788332471,8.619986533527157,-4.011453395068913,-35.618661748376674,-3.1350493500385945,-0.6027528131834275,-1.2011679742636723,-0.49597925186683206,1.3010198604568317,-21.001512606679597,11.448685283338087,0.6999760980466436,3.197513281344561,7.668907840047743,1.9885303212400869,7.101417448322055,4.7914199139211195,5.132713107088023,5.778736920259005,9.276626187298751,3.0060103926613215,7.425720630539857,6.70938504189794,6.927935176495815,5.708886094385676,5.800849149887834,8.392770311412736,12.753464929706068,8.118549315889629,9.386279573316342,-0.78817006567523,4.234675200682058,3.4418090701878326,3.2550672695049228,-12.558625948664433,-19.118110195932896,-12.159762518673551,-1.1591393804011751
Angelique,S16,epbin_Dig_1F_C1 21 rr icfilt ica ep1 but chanlocs chansel chanlabels S16.csv,3.2289873010311743,1.3783101867969374,-3.882222463081632,-7.290754005717891,1.039853243862663,-1.4176953435323643,-1.4055018259673893,1.1969999563107931,0.09655835236841381,-6.067802390967361,-8.979559497111227,-11.936106563297553,-2.8864068413673256,-1.7695152178242226,2.4612027202089286,10.276998156875269,7.323089349381032,-0.7504125008680069,-6.508202022710599,-3.051849107170246,4.113064540723409,12.16150703783446,14.741219874602097,26.750153072582176,26.298430551800482,6.337879801710491,22.944864698962718,24.066159035993362,1.1882203540793685,-12.346073576550191,-8.612894362830616,-12.039336969835484,-0.213331191146556,-0.42548757186367236,-0.5463349431288362,-3.384070193383903,-4.117356482146327,-6.6385175748913285,-9.7812938531841,-9.474470156874114,-4.936780564412298,-0.813007954592285,4.68149538827511,-8.932231070297641,-11.458335122999378,-11.748862308740414,-11.089822096556745,-12.984247207472107,-14.18051166613598,-8.529061304820667,-8.849503863010149,-1.8719676278425956,3.618611326759047,-7.817607461048801,-11.633796856618794,-9.421676721033371,-10.503715396936997,-10.133312940272962,-6.66607775595068,1.0179319440201007,12.153181673167333,-1.6199597259642375,-10.608031983132385,-3.4418964796659592,41.85301101745366,45.91372022128507,18.670894965114766,-2.7467470554945765
Angelique,S16,epbin_Dig_1F_Par 11 rr icfilt ica ep1 but chanlocs chansel chanlabels S16.csv,1.6843711191832271,2.295834018832126,-4.907420852280123,-6.99441686882488,1.469880382169249,-1.3629461662616722,-1.7206037500923517,1.155576506922903,1.0628197084671769,-5.145390706616923,-7.198588670804377,-9.947600222631316,-1.335544293938539,0.09604813532109031,1.8084655202952395,12.272051354743509,7.146371440442826,0.6790778807504563,-5.078377653007891,-0.06269073391400161,4.845600822764717,12.242070960943801,16.919747509014346,26.939122741409662,25.72537138820744,4.2465500153861235,20.29908526538913,18.89928661294097,-0.8858526866930679,-10.045927478264424,-5.866159224505164,-8.519799124314535,-2.8851747473277314,-3.356864124924316,-4.23731647362449,-5.104468989867081,-5.5332978023693755,-7.349486655074391,-11.065229381996398,-10.871751594094789,-7.075543110755412,-5.0265988788427585,2.2532859333577404,-7.7436416511493995,-11.190862985394821,-11.668229177125554,-9.173807980176516,-10.4584235201392,-12.530955778823603,-7.539812839753591,-10.613727364577777,-4.583202096068773,0.7566462876279169,-7.686613054080416,-10.12246299255762,-4.381842817006842,-8.323614571616137,-5.989470916517643,-4.8472754959086215,2.33348279940156,8.916994023405623,0.6335038742992309,-7.309053015507483,-0.3434048297767264,41.125202505988355,39.19991258108235,15.441785607375515,-4.364694014367651
Angelique,S16,epbin_Dig_20F_Atp_C1 23 rr icfilt ica ep1 but chanlocs chansel chanlabels S16.csv,-3.379408159968818,-6.396675647209878,3.684262159303407,6.385549439602991,-0.5552684067736645,1.4706697378398836,-0.804835761243931,-2.894524659963709,0.6321447533615727,5.126714725631155,7.285073290844564,9.17641591984035,1.65278718735056,0.743916666407531,-2.7948479847007457,-9.690710337548143,-6.543084177473264,0.3225675727050729,5.331320573095965,3.023294957032463,-3.286705108248792,-11.543045124268488,-16.88413351362693,-26.523794610315736,-26.53597874466081,-5.988693729109928,-21.209126607141574,-23.453534892713694,-1.2018210130324203,10.65534403445116,8.589288776532676,11.34544383688506,1.5480629030881559,2.2537882002459853,1.7553842482969149,5.168510884132414,5.264199507045705,7.590856777923959,11.314865158323572,11.077697572245212,7.409701784320393,0.4471708218848391,-4.2821175708866654,5.528380433939026,13.007724869183127,13.219019756826095,10.422858591265308,12.468606316679537,14.412848594834657,10.175901581234806,10.788371968711235,4.842992111839383,0.2210141932356657,11.032990407926084,11.812918725386098,9.683116298180597,10.921106729867734,10.041148707970342,8.402841309426707,-1.7533064238962284,-11.393337396969695,-1.9224269265875968,10.819193884618425,-0.7245613830370108,-42.78643917942637,-44.53022098825698,-20.280918510455106,0.3034451773355896
Angelique,S16,epbin_Dig_20F_Atp_Par 13 rr icfilt ica ep1 but chanlocs chansel chanlabels S16.csv,-2.146249753842109,-1.7435376687782544,5.034680402214214,6.296825654126165,5.812529189349078,3.322999265597246,3.951627116420526,-0.0987783013162969,-0.3698796521728846,2.846047851017818,4.357765485324312,6.510332855794178,0.2335395487403344,1.8839220850017373,1.6805199302681675,-9.760442157568534,-7.428783051538654,-1.343371300553208,3.1706907877061714,-0.7133653255458731,-6.381552006576073,-11.651154422795598,-13.480098404623652,-24.496990854228592,-24.206160699022618,-5.87949519549008,-17.95170451648522,-18.167584325250555,0.7401652099496446,9.935048156963438,5.272246864108998,5.740578302104828,2.4289531484479827,3.5971793175853994,5.686949552725217,5.447875969754671,5.19750231540083,7.169222156554579,10.032661354593403,10.853772867459606,8.146195846222636,3.9163282631155933,-0.31164670963722846,6.935545056416166,12.053783445755313,11.19865013672891,6.745782562175631,8.418684808523347,11.332551355236216,6.142480883759439,8.043091103894024,4.588300593575355,-0.03443657900691913,5.7092565496838406,6.389315024873606,4.939421331772007,5.313356690940542,4.85524461359972,3.182068238561714,-1.905960912776071,-7.957191747975934,-0.7920086421962294,6.557612891186973,1.4597802877728387,-37.59725675508313,-38.31798220617193,-13.872065663519903,3.4766153402329505
Angelique,S16,epbin_Dig_20F_Std_Par 12 rr icfilt ica ep1 but chanlocs chansel chanlabels S16.csv,-3.9269276716796124,-4.217342769583231,3.1351194456190115,4.197162484192046,-3.0454532595353485,0.24577020873001407,-0.9946442719292798,-1.3054278322855073,0.3188902053170121,3.6985612125732157,6.18100086658109,10.368336032070072,2.3477211080689044,1.6962639658229341,-1.0388465357870185,-9.615862187201065,-5.448619943661785,2.0650980480758396,6.656010701435173,3.139571460634153,-2.063474817346069,-10.646927665900007,-13.230367015712797,-23.71960356579228,-23.290462595844605,-3.037517942030817,-16.982690369627754,-19.131022138518304,2.6738570974721685,12.25600125117917,9.101410381382356,11.094167809815083,-0.2795507398645593,0.4234863678334271,1.0389976657030329,-0.5785181147712279,2.0971613593966,4.441845910195854,7.679005707463817,7.011069809016485,2.6901750558449544,-0.5507132921351624,-4.130306071526439,4.26327126919479,8.5393848069821,8.132520471035344,6.643123799824019,10.880018740604573,11.782873728719858,6.015314885167562,8.362588644373124,3.550441262994221,-1.641887465351864,9.505205610108492,10.088247995855562,8.148818350815695,10.02071902774317,7.905413851999475,7.628519103502508,1.1398231979435136,-8.04141408032799,1.3928087963525484,9.469865574083723,3.466427734709373,-38.65465434318716,-38.39993773151881,-13.56709238090027,6.04719791837169
Angelique,S16,epbin_NumWoGE_1F_C1 24 rr icfilt ica ep1 but chanlocs chansel chanlabels S16.csv,1.3024749271736664,1.1169152936055557,-5.11849025200943,-9.348846317881115,-1.381941047594272,-6.4496576006224835,-5.803010913984294,-2.9180909157789374,-2.1536897705801406,-7.7012064646445015,-9.728894856940734,-12.35080548234809,-4.78116331450587,-6.313237155382939,-2.661395705065143,9.132689470306248,5.885715420595841,-2.9811976653804835,-7.467781163074866,-2.8922331511606005,2.229936699116104,11.012938043045247,15.154468070467653,27.583479598387903,27.45770947483309,5.6465189018357345,23.772055672343132,23.12124162352333,3.545782994331008,-8.991823783711416,-7.598073915688385,-11.10707087083562,-2.129621866638626,-2.5164065128956947,-2.366170834311047,-3.733871221195299,-6.192424259080503,-8.489779833860352,-11.130827019331331,-9.639382224316167,-6.8942141278592235,-2.4205678852489845,2.474767191969423,-7.65406694630305,-13.13896154731766,-12.056778532944904,-10.389751219581818,-13.24564564382668,-13.552008858444177,-7.480183621939459,-8.319207835325082,-2.9002964878028346,2.2916136188018643,-6.271093542771509,-8.390213734473473,-7.523310137471839,-8.417271380075219,-4.669048555027556,-3.2735656103662802,3.786749766572045,16.18299924534731,6.713191759926144,-6.699355297196296,4.757930919387238,40.70449817911006,42.32210960490609,23.70055641330429,7.346303631276103
Angelique,S16,epbin_NumWoGE_1F_Par 14 rr icfilt ica ep1 but chanlocs chansel chanlabels S16.csv,-3.425416318445457,-6.484625695478721,2.8734651248788063,5.885300806160278,-1.698771484920034,0.7735897375476928,0.14053309068084482,-1.7498984003241362,-0.6993244749367573,4.220973945331344,7.399008335735278,10.585699816169335,1.2447328407523586,-0.5759651737479031,-1.0344842711732023,-10.165135640283141,-6.637226913942419,0.33262339950672365,5.605992856861501,0.9835331256770042,-3.2972081005228877,-10.907889868019438,-16.162271596568456,-26.63795432577239,-23.831219863307698,-5.01947986376101,-17.742156835824733,-20.42397058291105,0.993989319231226,11.378908241495084,7.180006927934228,10.502948635946472,1.1762762238212625,2.667481530253129,3.8976146015592845,3.7488947034714113,4.813898256168199,7.174157023980459,10.68305297369,8.1562450631283,7.8584601261602725,1.9657117721856723,-1.394680627230591,6.6368351291274905,11.737129537054026,13.475104932627593,9.53742401640173,12.859919041326398,14.133988679299417,9.739248935412917,10.838337994901547,4.0904606438622455,-2.735022589491169,5.915085596991063,6.989579092558879,7.488611156602633,9.60495685925991,7.453417385881921,5.930711789855875,0.21688051131062372,-15.008401351341746,-0.15502369546304606,9.000760081707554,0.2983787246441342,-37.37171481649855,-35.5959485078635,-18.191183530015007,-1.2449546112629173
Angelique,S16,epbin_NumWoGE_20F_Atp_C1 26 rr icfilt ica ep1 but chanlocs chansel chanlabels S16.csv,-3.2236300619557188,-3.749377178324716,4.9718259923524935,6.422991356068035,-4.180525447665722,0.5476096284787105,1.5072406835811667,-0.6796756914612966,-0.4042655306362769,5.25229310521198,8.161388480423202,11.02882929569633,2.371959634104835,1.0811524819418237,-1.8229845114795669,-10.803612522902649,-6.2575320048375485,0.14587065821333348,7.7083068907611585,0.2853400654549265,-5.1584909223724384,-14.475367000076847,-15.22015715326362,-25.2502609104586,-24.19652155211863,-4.2820304486716,-20.35314599134868,-22.027855537530296,-2.673525847700723,9.107449853408966,7.016577113953711,10.388871531539182,2.684557568328675,2.4658037615062742,3.3144517437926595,6.219925386929139,5.533607314167731,7.452365532953904,10.865561406758466,8.822100074622547,7.7169068915046335,5.022635380029782,-2.6780757345377344,7.247192770785225,12.619744271851928,10.631880839547051,9.924790846668074,12.189369666770572,14.604798909571626,9.194637873404762,7.849284006852558,3.841008641708888,1.4131824580439265,6.62453455038357,10.763057855263453,8.829421300849747,9.137339082877602,8.50821588796967,6.791038981018136,-3.4812666925303883,-10.1673675701745,-2.965530450873624,7.36671293464217,-3.6148720889236854,-38.09772244199201,-37.15022383478069,-20.72019901563293,0.002385092049541637
Angelique,S16,epbin_NumWoGE_20F_Atp_Par 16 rr icfilt ica ep1 but chanlocs chansel chanlabels S16.csv,-2.163044327958383,-1.7307639982466045,6.5673908431147225,8.192790095435408,-2.4306016502307206,1.8782778188829983,3.138556455263567,1.3741757587345569,1.3653234205743252,6.086355118313717,6.979852184398744,9.87475929385878,2.2172099433360395,1.2961597304953578,1.3305950775917403,-12.075874943769431,-7.73757037676588,0.5842468033604922,6.006648729867617,-0.5519711256116485,-3.8330205283678462,-11.311160997980913,-16.318939421293656,-22.90530256771837,-23.799992427094516,-4.196770564673045,-16.45520455968165,-19.920557339183002,-1.7088090476179927,9.004673871239333,5.255247071997729,8.117651501144575,3.8223886288312796,6.066455055891582,8.54875886044382,3.977150251411463,6.49945835165379,8.880055572882888,12.748117921818638,12.019778342611536,8.145953236916128,3.7600432308450293,-1.780744382776553,7.368147928678703,11.474573981180473,10.725674444054192,9.456292368732248,11.32919029256335,12.932173814868234,5.14225527996827,8.774204844758282,6.088755548328921,-5.336811441361807,7.579683038095573,7.279855010665887,5.257044273241133,5.513797879811666,4.881611732767381,3.2176493986449217,-8.147842033548287,-13.19599305085741,-5.851840586171125,4.714721293494712,-2.645699869359997,-35.06668156825703,-35.94408621546226,-17.149631648557428,-3.214792292504154
Angelique,S16,epbin_NumWoGE_20F_Std_C1 25 rr icfilt ica ep1 but chanlocs chansel chanlabels S16.csv,-2.8419811054443613,-2.551852974483759,3.6426257023094335,6.355155283567732,-2.0931103887668727,4.619558863568458,2.193711186309847,-0.18111002089926018,0.8441435391599968,6.116603718997987,7.986181400220653,11.363361012585633,3.481157517835379,2.7144799112455864,-0.8851487399827879,-8.841979700189919,-5.257781405117843,2.238725555742362,7.144941925316364,3.249579801127227,-2.22651242906253,-10.984802988318098,-14.841765510837812,-25.041662390384158,-25.91131195008493,-3.647810168414036,-19.965787331492344,-21.29078059550224,-0.8513254712162314,10.577965750752725,9.838322912922688,11.913388832074,0.8275210628344833,0.5247826756432439,-0.4013034826222552,1.7446968628419512,3.4042857093315195,6.642021505912931,10.303159667030931,8.13431857598269,3.8354245388943324,1.8934011117384555,-4.694047270610485,6.451094188074918,10.786905321639585,13.739868197545512,9.641012750012944,12.637503695592226,13.454369828119074,6.159606261097193,7.3248985014835455,2.4858946524675467,-4.075960447654961,5.969037406406891,8.00094397684585,7.033845339028568,9.581235261594603,8.182182221433104,5.680497135694619,-1.6181906721471122,-12.654332168555293,-1.5760421757474476,7.943712723417238,0.9215317971120597,-38.832932237149436,-39.46739272447667,-19.221652351390386,2.3729212566750535
Angelique,S16,epbin_NumWoGE_20F_Std_Par 15 rr icfilt ica ep1 but chanlocs chansel chanlabels S16.csv,-1.5931418804779018,-4.5399039676026405,4.654841674725598,7.30162053145687,-3.174248394526553,3.5974094294060155,2.0363901116809795,-1.137169314087502,-1.0196278324801809,5.00023718082926,7.383856683381935,9.956141697447084,1.9937785335446694,0.900687424703204,-1.4125389023389274,-12.038708556158397,-6.942074267663754,0.09227312062861034,4.3738851171344,-0.7866223996433304,-3.058416623562472,-10.939634809405643,-13.642112921790442,-23.063217627851632,-24.3725247126381,-4.464520053170709,-17.538363435773086,-18.20623104928208,0.378514676354307,9.191805746848736,6.155435410492856,7.673950938260397,3.0911366558055513,4.393341525652524,4.734602145718991,4.734923359385235,5.833600443828699,6.9635857354928925,10.998102739960773,10.669497792332988,8.26420497812275,4.874179887388334,-0.29595203155435745,6.95102751425495,11.490470025719326,12.012402591847504,9.61447096490517,10.624051929965452,12.310164417313722,7.844607211440776,8.55062282594099,5.095608971901496,1.1021664444682513,6.116211113088508,8.89518268938254,5.156831294159431,6.6563275988474135,5.7107230663603366,2.6404705824707158,-4.505087922677067,-11.353920705569408,-5.401995331428908,6.513402099867537,-2.677707869368375,-35.56451247354958,-35.291865396318094,-17.30545235488449,-2.207188743377616
Angelique,S18,epbin_Dig_1F_C1 21 rr ica ep1 but chanlocs chansel chanlabels S18.csv,-2.8664646422738373,-2.353633636200155,2.5659620014301416,2.134120401976999,6.319342697181772,3.784684038149117,4.609493771593709,2.5341317365292726,0.8874697776304149,9.527600749691665,13.38239936563812,8.971484936189066,11.007921490763955,5.932768387329039,0.9624409371186611,1.584994123696267,0.027990399719103328,3.7114584858533144,4.9634363804245725,1.6321959369409658,2.8733604170848412,-7.779998615165733,-2.3404679371669896,-15.83873606824241,-8.842341881586739,2.489961335540182,-7.1256356407102865,-6.299432440212846,-2.6749569333311403,2.066191370216597,5.240263454596984,4.023229287183713,-1.1186252587797696,-3.4363207238022127,-2.8241326316401367,1.573235028774816,1.5484926304587365,1.8310547627617026,6.955174265621662,5.058961172779396,2.805515155619156,-3.204024123039056,0.4318305319845627,4.524415501929888,6.6222422792695745,7.461701278873495,-0.5690272160922778,2.1952468131133656,2.396217124376399,3.9417189641841124,0.8951111879585328,0.45360959118809785,-6.416061469611476,-2.9793530657223277,5.760489580689245,0.7820154209560983,-0.6062724109571774,-1.8852072127748614,-0.743197596264869,-5.492631173998939,-10.58819047455666,-5.093521552088134,0.4143960712106139,0.14062120208046647,-18.201478448968356,-15.180540210817018,-7.645278237815251,-14.91941833970625
Angelique,S18,epbin_Dig_1F_Par 11 rr ica ep1 but chanlocs chansel chanlabels S18.csv,-10.789055826594543,-10.781184355320612,-3.918443542076608,1.7611258655490003,2.7435951293237677,1.4082772935359045,2.3091708266093,3.9599552199413184,-2.704523302486083,7.557157629264491,10.582898803219662,3.15032652218435,7.4908722887916666,6.531548400004686,2.085446354747365,5.1968615134337774,5.944610019146679,4.139340596884024,6.733238570174226,2.927516737823241,5.210404356428302,-3.4754596172705425,3.403614224809323,-4.733278982043974,0.24907885748278474,5.862119286470402,2.3928908894953107,0.54693615624514,2.230459122539258,4.132773708221263,5.3922435418173205,2.3988103726231085,-11.163802470555856,-11.120556485641028,-7.759007468902169,-3.253960649163802,-4.139522757360699,-2.2474169569225353,0.8247512898762086,0.6562544307053523,-1.0896909547691425,-5.203340123624945,1.6670088878810858,2.2727666441741943,3.0453090854554947,4.4245981219097565,-2.065404244271343,-1.2818381927443065,6.059167049788381,0.5084394251030607,1.7915748044886235,1.617841909270286,-7.591685177909519,-0.9834477949628566,5.523341843119684,-1.961394286516554,-0.6666981067950816,-2.7904541535597303,0.3909838469956772,-5.796181256203689,-6.6341995117761146,-3.9938242579161867,0.3104942382779129,2.2686898146638517,-6.1944073444221335,-4.997127309463312,-1.5395592909992146,-8.827030867555047
Angelique,S18,epbin_Dig_20F_Atp_C1 23 rr ica ep1 but chanlocs chansel chanlabels S18.csv,-8.2098459859866,-6.587710190949699,-0.022066265678756365,2.223247869896333,4.440309068588744,3.5832336273039433,1.8660542743346649,3.48388356554801,0.5975205741979533,12.80503470125391,11.976074869082444,7.925624414306638,7.0281053701323,5.5233897455666074,2.0522137373186045,2.5394933183617443,2.468513855153594,3.7863771030269655,5.8372836363008425,1.8089056662143688,4.763501811843515,-6.272543048702287,-0.3287441410959328,-9.696149643974211,-3.617259694790157,5.289213680854309,-1.8758097457794265,-2.1531432916256565,0.8700354494175185,3.2958134658441565,6.391071928468555,4.410513459105383,-6.01940758366513,-7.489660012782592,-4.372946171892906,-2.734699979412632,-1.9856628947976136,-0.09484867124114052,3.554059902675118,1.9735237448452327,-1.1128385355290364,-6.165236828137535,-2.883268601411852,2.1312775909903987,2.768726502319867,6.342145125886164,-0.2755483696507234,2.507416106466189,4.595591049004314,1.0115174686464512,0.26484993461805223,-0.6451069670447815,-7.35120959392888,-2.3678640649167515,6.222320218534047,-0.8867658632429711,0.49034369910029907,-1.5194760250608377,0.04820721071830467,-5.899588087311432,-9.698793201274642,-2.2602054218142644,1.0857380995280983,2.1881456064203415,-12.480648613751695,-10.194200112685309,-4.4061040387340595,-10.541925696288706
Angelique,S18,epbin_Dig_20F_Atp_Par 13 rr ica ep1 but chanlocs chansel chanlabels S18.csv,-11.686850147287883,-6.3207798231864265,-5.485544490435467,-1.4748593837379769,0.12916985618253432,2.9680657965450954,3.6652994216823105,4.852761715105069,-0.917895497750665,5.65990833740358,13.361100517150144,5.854352788413029,6.485360367128591,5.836217846271507,4.28155402897718,7.424455159057911,6.18203112119053,5.204122680513201,5.314491715060023,4.288548755830213,5.169407595591618,-3.0941508642949205,3.224571705618746,-4.680142179272762,1.129635183612116,7.092976555433023,0.9511768690092608,2.0156545993309702,1.9667614876707737,3.171839913204428,7.249334306611094,3.518752874826183,-11.008220895508117,-15.741173098815695,-10.075928183700826,-7.02428271452792,-6.295163223311862,-5.030186014170857,-1.874866313429398,-0.9807563820483153,-2.9971006627992964,-7.426952542354374,0.024342239053713063,1.0543653444801706,1.528638156825909,3.369877348669676,-4.246214349574098,1.0614954657009845,-1.542536929641656,-0.03537901272495289,0.5894662097141842,3.08052986786528,-5.117317312118978,-2.4324138480186246,5.9843279308730954,-0.7319288542467636,0.9013781555810341,-0.03905140909704783,2.3842116862914486,-4.955110048317033,-3.5710313365013686,-1.6157733766840061,0.8723977311309709,4.373099782604482,-6.556694807121529,-4.0756355923506336,0.02330657745908645,-5.211053074717912
Angelique,S18,epbin_Dig_20F_Std_C1 22 rr ica ep1 but chanlocs chansel chanlabels S18.csv,-6.644351338937744,-2.195033094155802,1.2102629169966324,4.06129620590832,4.9393941074997345,3.1575522145276973,5.530421947776963,4.109888076473467,0.07302817776189678,9.744325291674713,14.655682606792451,8.096984142516847,6.422442129437485,5.665391429224904,0.7048958672414544,2.2389701371503183,0.9351084976576787,1.632513117555685,4.665923301396578,0.13691756873707644,1.4764410453581878,-5.7319736436671365,-2.2598734965600786,-14.418330024201577,-5.736807594013111,1.0538929203621878,-5.414653152376672,-4.09918953977312,-2.7502625247917916,0.08674163917269238,4.2164068693103545,3.2037238990402335,-4.628729649895084,-5.75565613069466,-0.8157705885631769,1.0014247340684104,-0.3033759050368226,2.34061046453714,5.730552354670982,5.810108004037449,3.207333906616035,-1.4163218635443782,1.621412541248396,5.270429608516846,6.996889398065004,6.659222934172016,-1.0789379727657604,1.5488748858545875,2.673392366173512,3.135356442821163,1.5181283546691375,0.9628637456558311,-4.9865143557028855,-2.2590825233763523,6.202428797684327,-0.6652287151322958,-3.181324927068056,-4.287109940612357,0.45856130874681567,-7.978698875845111,-9.043210349288945,-5.667679551445362,-0.20290402084140666,1.216707676034823,-14.170047207816943,-11.349130995997117,-5.4563256958953,-11.875978466233585
Angelique,S18,epbin_Dig_20F_Std_Par 12 rr ica ep1 but chanlocs chansel chanlabels S18.csv,-12.622373733258714,-11.697944796339392,-5.054739378784636,0.2570739090466,1.3066701917608408,-0.7452797476055667,-0.6351420650906018,0.7907199132628671,-1.328375860439281,4.10326167540083,15.545710398834148,6.552583107164583,7.4282698619285705,6.175777246784682,4.047182991483025,2.841082541680349,1.4166605296069847,4.657102192270901,6.623666995726343,4.909159563130424,6.835433888974347,-3.5515548967343444,1.812148927150689,-12.678914394130667,-0.40205316488422527,8.324167660743559,2.004868502846662,-0.4135941890062587,4.000986596556392,6.297195509553894,9.663872047934364,6.016834419703541,-11.331928186092055,-14.308353026863692,-9.88173435680507,-4.6864696590667245,-5.990920840898913,-4.303060262564887,0.15117390256192392,0.5738191253832569,-1.6175356830193044,-7.132165530718995,-3.2744252641856693,0.6204694503654788,3.604015407255251,2.1184458108475543,2.169248836158464,3.3723663781514803,0.2280431814081234,2.524791737910236,0.4791365456199075,-0.046220481334610534,-7.529021204019889,-1.040894679827628,8.822829431651437,1.416496182115642,2.717547261761008,0.19383546845328092,2.750353857836484,-4.276408889672974,-6.550339229414794,-1.1830378299077722,4.19843059948357,6.964286157040468,-8.998047844130681,-5.740986868636449,-0.800046838446991,-6.694145760780427
Angelique,S18,epbin_NumWoGE_1F_C1 24 rr ica ep1 but chanlocs chansel chanlabels S18.csv,-7.3772543597779565,-5.1578680200387295,-1.4713223775201434,1.962413046724747,2.6944869983677013,2.5866557863813946,6.24641281343876,5.791892539401782,0.969498521398575,5.967804154399513,12.066590334843363,5.196398656628539,7.179969879021955,6.605006562406962,3.2493110175897937,5.316178018209777,2.5762301903637392,0.6312053548464036,4.352561692716526,0.8522678892536512,1.98800034698205,-6.802691223170604,1.0474773529867965,-9.220598930813493,-3.320768893303915,1.8573483098577348,-2.6629404978125435,-0.6677801169095616,0.12103759292151614,0.6912837213656206,2.659179636492128,2.023972764386252,-6.527077948803144,-8.039079752003733,-3.182676325741581,-0.7810316942266249,-2.018074291829908,-1.1940115009545567,2.3303507390917284,4.15169614184603,1.6228237849321312,-3.3502018757458716,2.8982601755998902,4.048080218451343,6.066346618642333,5.113326665531747,-3.7373949596634337,-0.0866207393130826,1.9623125548080327,2.460303659251983,2.4128706076797806,2.538099615253073,-2.890114058389269,-1.9091842142489681,3.7985231005391964,-1.8208514559762843,-2.1648906599597924,-3.445501154076835,0.9027031298434484,-5.495747708404714,-7.565202014957563,-4.907065771467584,-0.41277876996787943,1.181695773142796,-9.021948330817551,-8.761680523004374,-1.9207896604708687,-10.207429928342911
Angelique,S18,epbin_NumWoGE_1F_Par 14 rr ica ep1 but chanlocs chansel chanlabels S18.csv,-10.171910485172258,-4.2487996804279025,-3.4547551664362612,-0.818848775563464,2.3917979236106452,2.760077269622895,5.07843836562952,6.166049571142367,-0.5897711651364654,7.1488473222665725,8.984609476611197,4.123211177750416,5.222633971899071,6.566094046694376,4.446546079776338,6.833431210330403,4.109665972377451,2.1728539262821625,4.155602989458236,1.3248888803979617,2.9557210439954167,-6.3682773943580475,1.6107602661065457,-6.67872042488359,-0.7796374011205546,4.314418301097786,-0.3093434976806126,1.0541927675279539,3.2303207270071645,3.6987514069076095,4.41655459847327,2.0306182341243395,-9.916145713540933,-11.562261474289098,-6.675716337846239,-5.326604051621003,-5.063666682555387,-2.7119418896294274,-0.6636853865761149,-0.543568392464853,-1.78143944641932,-5.855514258524066,0.7879456875629095,2.0048511871761825,3.2008291319475672,1.1597575477926607,-6.419973211075219,-2.3143399456277463,2.576687595471686,2.1967356478484787,3.569548202597966,1.9985241558796347,-2.915079659986341,-1.5472841326200102,6.306572756190974,-1.206927910482763,-1.7298609773101274,-2.633155444247905,2.739626744548591,-3.3924616277396846,-4.378081260685567,-1.073830695686076,1.5870807332046828,5.670717718902371,-8.217772059830208,-5.489290081162,2.7977291201428764,-6.554027152698372
Angelique,S18,epbin_NumWoGE_20F_Atp_C1 26 rr ica ep1 but chanlocs chansel chanlabels S18.csv,-1.7996170132402196,-4.378596000848409,1.7108579308919059,1.8826923623920164,4.810080444117456,1.2472910551517822,1.2238286217993317,-1.1505373140608495,0.5761857182628561,6.277558894607822,19.008413635707498,4.50829024433805,6.427404554789889,2.771197918544119,0.21072900260689778,-1.0845221245139305,-0.8438894701342587,2.724995057656214,5.652551299714357,1.1978109687324985,3.635799528045507,-6.247913210234143,-2.8049169786916415,-14.807364099398363,-5.743140833080011,3.869124155783603,-5.079040733910422,-5.568182528060132,-2.3526954411245073,1.1365211708843705,6.27728011077332,4.846910195615896,0.6485822561931767,3.0497361057877415,2.0635297981025684,2.2315791301214216,1.281574752164903,-0.20252366509032604,4.959209092805793,6.140080699709893,2.910911904215832,-2.4311607047150767,-0.1015432225522368,3.018010991170402,6.249516095994808,5.863154122719026,2.4436167009546956,3.899929745105284,1.7528589306748923,2.4361250783498414,1.44523084504846,0.17554526124046277,-5.426627077172218,-5.363587726540017,4.991598518215784,2.331138328288377,0.28512406875653185,-1.8991674804224294,-0.22831434348741,-7.251842756705559,-11.209807276541603,-6.932007472537275,-0.05378849812615283,1.2247331972535906,-14.717538579872652,-12.998403472138625,-6.016872813315332,-12.703706943356972
Angelique,S18,epbin_NumWoGE_20F_Atp_Par 16 rr ica ep1 but chanlocs chansel chanlabels S18.csv,-8.631990562913243,-6.655744139629915,-2.036559766240546,-1.4540623992656678,2.9166182261652414,2.3905065698867327,2.3204205513606007,1.0956696829707198,-0.8882498736275921,5.720485590762879,15.640990246046437,3.6511950828000788,3.440106937499714,4.134921948496807,0.7436064103601516,3.239145536838533,1.0166850932762672,1.5704354758443406,4.098407533349658,2.618489495669194,4.533784069776743,-3.658028616041236,0.18028633904352379,-9.812028086075456,-2.481819016142405,6.077483390100989,1.0519743730207556,0.28953745841080636,2.854594707246269,4.167787952324718,5.442961167307752,4.198535552825288,-7.548435681240635,-10.040285698841046,-7.767550799614587,-3.6077328932812227,-2.8307558533826063,-1.63187165627736,2.848140748314607,2.222566522745143,-0.5492212244880224,-5.530190043904989,-0.7358429817700084,2.325014828193038,4.407652941133036,3.617327398468436,0.6097167791733202,0.037927430232284697,1.4737865815902667,3.3300867985493743,0.23796974849173944,-0.003135308913528857,-8.224772407959138,-5.042698130818689,7.250547785421077,0.7764692600456642,-1.1285593097590314,-0.7758109939209995,3.5993363296240184,-5.088460199232466,-6.643112643026088,-0.23462711975792824,2.152127873207745,6.277379537542542,-8.32080717128506,-5.805478539235024,0.803188368371473,-8.236041562260562
Angelique,S18,epbin_NumWoGE_20F_Std_C1 25 rr ica ep1 but chanlocs chansel chanlabels S18.csv,-8.014819762281663,-8.518465991414867,-2.9741290110386873,0.9307596576209775,1.2773281860167893,0.6026923251587878,2.7652463735191852,1.327266679663033,-1.028413595533694,3.5106660616037693,7.704537808471846,5.096832423132984,5.109819993012589,3.9067053665848332,2.4273156982719484,3.701275028767665,2.2155114737780806,1.9774882360375632,3.3364644310238956,1.3653508649363362,3.4746553091650014,-6.121780051757502,1.0948138701970547,-6.608940135078974,-1.5019386903236558,4.412686946549909,-0.8728532426870971,0.5046125175393528,0.9506285601004909,3.4283024425534636,4.934956052476922,2.467015855333093,-7.547426849211592,-10.210031434473535,-5.0068736404953365,-3.0748577823962107,-3.9302293560829678,-1.731045558145582,1.470325897241309,2.1501142987827064,1.3682472457831854,-3.3357298545904226,1.5739483509574346,4.2274417518274685,5.77872000895652,1.7355534047937655,-5.481437289501064,-1.8336158163685157,5.1641682191143685,1.0783003915010643,4.7541702224218785,5.392129197187025,-4.067356331426746,-0.5356202559792982,6.717384436853663,-2.295170753348944,-2.648417898769059,-2.258270188718003,2.7023297580708534,-4.453126677224816,-4.0735778498924935,-2.5372037460875436,1.4320714538239718,3.1302664584763953,-6.638873841266745,-5.782891777096591,1.1690768860136789,-5.284083411094686
Angelique,S18,epbin_NumWoGE_20F_Std_Par 15 rr ica ep1 but chanlocs chansel chanlabels S18.csv,-4.8930244877399875,-2.915979216208848,-1.5835881434478938,-1.456427138889128,2.9107266625347723,2.255451668055291,4.718088144173436,5.146459691028594,-0.3372922596253531,5.905739156190408,8.349433866122505,4.200982373187272,7.5100711627001075,5.337475218570025,2.8534978546814607,4.5830632334254755,4.48537692610699,1.9723589309229776,2.8934453856981524,0.08506687414593059,1.9392886254351582,-6.804205245190458,-0.40271073337513946,-8.42480618532655,-3.7321438174295567,2.1566601232897824,-3.474857167338879,-1.3494604986286345,-1.1919033511895383,0.017766529702110203,2.8633874202126197,2.5006783903351617,-4.88858809921162,-3.5377432393075887,0.080009247012545,0.1771743345179365,-0.9583539199317496,-1.2552722823105045,0.13321774907399847,3.7078994836950394,1.525526557586236,0.8598238723138044,2.9681293116876266,3.6213210788333674,6.713120215204262,1.1631003279126133,-4.470367385466837,-1.6145200903605208,3.0056172481652004,2.9302224335662697,0.80839601375634,3.5018983154499375,-2.947371245251973,-3.5099724060802324,6.2090769786116,-1.993868852619129,-2.2261911862812256,-4.0403422061667555,1.262162521878552,-4.583975118574112,-5.70256019386205,-3.559192888375106,-0.43642530788247713,-1.1688345953413954,-9.308626230872447,-8.475291861840931,-1.583602884072376,-8.5242156833378
Angelique,S19,epbin_Dig_1F_C1 21 rr icfilt ica ep1 but chanlocs chansel chanlabels S19.csv,2.191478576811783,-13.977025878047005,24.55723260399758,-3.3526418156516495,-8.518599893929922,-9.215865551787696,-0.23649093009641284,-13.120306127661289,-9.359710301168025,-4.227524710765977,-5.369843242890255,-2.924150663247555,-6.450743639792906,-12.412483069863034,-10.314369884961229,3.090351273811942,-5.229866523931112,-5.691163528987239,-0.7391556441716703,-5.385620642517103,-0.37407683449647056,-5.128973098818726,2.067329815560555,17.04233241883225,5.268356814827706,-1.388790857941478,6.133404872655921,10.117691773174435,6.453540680303691,-4.188406206085735,-6.809692746758622,-1.5607184795045856,10.367021587915168,7.52370575683922,2.9612311250208534,3.6995039947009176,4.7600010197968405,-1.938146243582021,3.0958097104508964,7.228004439765821,2.556517455059571,3.767414053560637,21.624932497276184,-4.464840940616616,-3.539374094498397,-4.9373906806335315,-6.111284110961354,-5.293706185260556,3.328381180687444,-5.5454680662253075,-2.3165111798833773,5.162856557169678,-7.711200651722067,-2.742107002183645,-5.778393923231681,-1.4080613915327063,-10.612352794496564,-5.183393766211212,-4.217387132774739,1.9290246877889676,18.31445563780164,-6.580834717311939,-2.667321075064461,-11.371054365620434,19.280992334454098,17.971076724503533,11.316611009429115,6.585786054484041
Angelique,S19,epbin_Dig_1F_Par 11 rr icfilt ica ep1 but chanlocs chansel chanlabels S19.csv,-0.959418269673647,19.981791682171355,-17.72447756536889,7.815509931171582,12.241923397638404,11.6110735124008,6.259210476149081,17.66142521492878,12.227599417540103,6.445284670511462,7.871384120692682,3.97192268529991,8.469455766690809,14.55111230946541,9.841571837419858,3.261842274739191,7.159396029967026,4.466125340348459,1.3060680920121215,-1.6611983556864836,-0.8338025743669402,4.470985021867902,-0.8427630831812714,-9.137482818417423,-3.4324423237653985,-1.1498596395686325,-8.343085911167758,-6.980600683114789,-8.96348096095689,-2.0022326917971887,1.1292708196511636,-0.47705605574664234,-3.7226659048059005,-6.629443547677102,-3.187931609012075,-1.4488938658113795,0.2906783672320698,5.537059832543859,-2.6167264772422105,-4.71234328037108,-3.8979746303297973,-6.714375656495477,-21.311396663933813,2.2828786454249834,2.9762034575727307,6.776497345279927,8.064556520053051,5.1397853200190005,-7.412649807661723,4.239215066619116,-2.6885439203984576,-4.5623521805604055,3.948298553867499,-2.2102493733573816,3.297814225371603,1.3437419953216188,3.2434807462764303,0.22983136372998952,-0.5614629810831064,-0.7006335516132628,-17.91408194401998,0.7704191480210492,-4.1757981921300145,0.43957907616794606,-16.35417604179543,-15.034162481164845,-11.353141851885177,-9.606089992941566
Angelique,S19,epbin_Dig_20F_Atp_C1 23 rr icfilt ica ep1 but chanlocs chansel chanlabels S19.csv,-1.4851592523734376,13.561305692130734,7.864372595628994,2.7180730343229005,6.9173637425251995,9.941327390675733,2.2265905364046352,15.129038359710616,7.489950313455771,0.9298238331299551,1.6202560045153847,0.7316557141508643,5.106230327179558,10.556336794608951,5.32851590440715,1.7189319436692672,6.498980784809421,5.130526909407095,1.5704571004965842,1.965394764833857,1.4323384979594447,4.98102349978881,2.1869629591807103,-9.54489701778709,0.03216674905885397,2.5359341245567912,-2.257729032667134,-3.319743902373726,-1.5206471499072727,3.7732919478579467,4.960486619581773,0.5506120254118118,-7.405003663177527,-11.29180712667899,-10.303314218580004,-4.23512625341267,-3.400795658362498,1.051182769942343,-5.50838283659224,-7.922278063344549,-4.042268108003838,-11.078839976955623,-25.537632274986635,-0.5473368255059099,0.031143725683252264,1.3874997604031638,3.080358808191756,2.2950750039662307,-6.399996054587833,-0.7024215917877829,-5.595550416093662,-17.25100276856033,5.827763202478428,-4.2077924870073815,-0.1869196738465655,-1.0914207115658636,7.550588231047693,2.646963012091355,1.2743088380138923,0.3860094256613519,-8.502271579514911,10.46939331458616,1.772461054810375,11.232492830236508,-10.969711886415329,-11.11746709995691,-4.75969219082311,3.7220165164779466
Angelique,S19,epbin_Dig_20F_Atp_Par 13 rr icfilt ica ep1 but chanlocs chansel chanlabels S19.csv,-0.3798245542906569,-10.418497051347954,21.496332435237854,-5.300520071128557,-11.478166473180039,-11.350009961007649,-2.716395322351836,-16.46032180450784,-11.85396478522353,-6.463978851468619,-6.224831662507223,-6.3189391532821935,-10.785072109605398,-15.063500340777342,-8.233199316763695,-3.2310927928766127,-11.925037426187277,-10.613772657546773,-5.487972123409448,-5.334774793625122,-5.420714114982799,-7.53299333917869,-3.432774647069568,16.52103384189988,1.9431842096393623,-3.7628189727365893,5.672694727113211,10.563329756984212,7.920881259868401,-5.058231885271014,-7.2714889438744255,-3.1393910319412592,8.674277623349099,11.507925613831949,9.871916574934986,5.074482336073587,2.613486423692665,-3.143401555685877,3.7590105543147874,6.730377668014689,8.701097382670003,12.570265346018425,24.035013745615384,-0.4746105767052626,-1.6881929672710023,-4.660337715938785,-6.411270730969418,-7.796913368229256,4.881040168273634,-4.651657789160234,2.022089813424353,11.134629488660947,-5.636951947082568,-0.6959300121596738,-4.904140757196767,-2.6938474460191055,-8.757892512798552,-2.497614652145758,-1.2822789742469214,3.4955954054451364,27.035285746674205,-8.636505384201778,-1.1256415896581289,-5.903599321459713,19.771757508062137,17.604630137525866,12.430981787983542,10.187762228233655
Angelique,S19,epbin_Dig_20F_Std_C1 22 rr icfilt ica ep1 but chanlocs chansel chanlabels S19.csv,0.8219843918383204,19.41471171932393,-22.245473250656257,3.7051728843525407,10.038381832073124,10.553366457592832,3.055727006289801,14.617916933964054,11.262343942023096,2.817248744456726,3.052713217808192,2.0348426277869027,6.908283663669807,11.81427047499383,10.431271201795282,4.177183475566347,8.78595565098593,6.4944893592770345,0.28241699613754156,2.2996009288919863,2.1519862666849927,5.812146853984668,4.307023968747001,-6.408464214822232,1.4580362063874257,3.3965136064563923,-3.024963071652988,-0.5047609688001421,-6.244943108361582,2.8836903568934984,4.885454749067586,-0.5294857979455896,-6.7740841496588,-8.194372529275912,-8.938519771508178,-6.974877149316214,-4.232399922079,1.3450907988075835,-5.781676152606848,-6.492920339746662,-5.278823880474276,-12.789631902719584,-21.0478086622178,0.17187213193184445,-0.6576585923836107,1.6385531876003983,2.8851971938769707,1.792875326286704,-9.116889385874908,-0.25420434503940015,-5.340446736158424,-15.827981766671172,3.526533340518181,-4.607298767940694,-0.682926199973269,-0.6495994121476656,5.367815477587084,1.9657769313778064,0.7829951028658636,0.6031428516657189,-15.569034494742509,9.873355951884264,0.9140727688273846,14.568995991148077,-12.271822891709627,-8.70454149522876,-3.0550925837184817,-0.6983098677500699
Angelique,S19,epbin_Dig_20F_Std_Par 12 rr icfilt ica ep1 but chanlocs chansel chanlabels S19.csv,-4.443408404990262,13.732133833541498,-21.418290914919012,4.037935166337258,8.358866573924253,8.881708081314553,2.5180558917675193,11.690282224493979,9.149934960957303,5.466880571063006,6.870620088215619,8.68489582853476,11.531824304109545,13.186334316536673,5.577293135216502,-0.5592142065920317,9.464681179375031,10.525033387189815,5.125616299157561,8.479547231285967,4.8829984023282424,5.166701624648358,-3.3756657093492524,-23.07876195293852,-6.972124874916298,4.042421418770068,-8.665958491762956,-13.794122395575696,-8.462070135863085,6.70066898312479,11.818776416626346,6.629165134713299,-13.649693195421644,-13.533094619315749,-13.589954252838101,-6.466630900386425,-5.017143159341256,1.873652095219843,-2.6461788462962677,-7.133652988726481,-3.2944917983054607,-9.433165001104351,-29.018775034192032,3.5926013623326405,4.190866084128377,6.086428079254009,8.177626587229518,9.950969203851901,0.5739433806671767,7.677188354613615,1.4110693470927822,-9.907725989331569,7.173239182940164,1.775034521727057,8.533176298482756,6.776251147705926,14.134829623656907,8.582069111252578,3.4157112255610826,-3.500318715499621,-22.855906042053554,7.9581298963454365,4.042099149050204,11.100771771540412,-25.850887985922935,-20.455069623769432,-13.002546301133362,-9.423188493568396
Angelique,S19,epbin_NumWoGE_1F_C1 24 rr icfilt ica ep1 but chanlocs chansel chanlabels S19.csv,-1.6630357013344463,17.115691538700386,-24.565142545792288,3.563639317705403,9.14225754871509,8.039696531120962,-5.4617884593629,13.081512565890916,8.380611656383213,4.51119482657357,4.978107118322119,5.419021250348198,9.51889370138283,12.147814109799157,5.722107796782551,8.801950722917347,11.9900872568318,10.087554852942972,3.899287284394333,3.242027056551423,5.763692970424549,10.385333252207936,7.604674190313997,-6.735048283365418,4.734396248721367,3.1784724667823325,-4.911662933149244,-5.890071554797789,-2.4744560880574187,3.184136197373156,8.434764847749015,2.6320424983482855,-12.076024934647315,-11.168619791161605,-5.766708673733451,-7.436837118754773,-5.799143481668658,1.3474202046157921,-3.144024936028479,-6.494525730375534,-4.0073508797452115,-6.9604533179085415,-29.172572274935824,2.695463601716231,1.9728835710631112,4.187480756080549,5.8035508223760965,5.112531507669555,-2.66715724839341,2.672278107849322,-3.231109929555175,-12.705776809657348,4.99016190874843,-3.479000722035816,1.602029816487849,1.6663343656084408,5.048256579624474,-1.4228879351495245,-1.5426806972398504,-5.578403155772614,-23.083098847256714,2.341222016571716,-0.03751230848359775,10.059170686606006,-9.492654450995134,-12.267688000330619,-6.914285877306604,-8.908028802379382
Angelique,S19,epbin_NumWoGE_1F_Par 14 rr icfilt ica ep1 but chanlocs chansel chanlabels S19.csv,-0.019142730955249886,-19.509111464042885,20.238019171890674,-6.763100756153086,-10.755066387500085,-11.366580602680651,-2.215495329017612,-13.674443934879422,-10.74135010296046,-6.466169430074837,-6.396928918097291,-3.26606969505186,-8.352264668501062,-13.29326337328777,-10.771885144542134,-5.508196950853638,-10.097926895155615,-6.227864796314206,-0.46566479391557974,0.4451871650777462,-4.200757803293822,-9.934024480172857,-8.30034308411085,2.5505956517924075,-4.895926467579629,-3.088508608673254,1.9944197114349942,1.2778433924034547,2.365008137753908,-2.194477631650565,-3.1993501830623443,1.1340397947379213,4.193042565481485,9.385897817232305,5.70801339818255,2.2880980789210503,1.1993658526041104,-3.864918488873745,5.195287654611733,4.779964196841537,8.719548164714539,13.460453113411528,28.305122736951205,1.1207043653120732,1.2058393021290663,-2.8125750751052827,-4.802113018627588,-2.367675224221613,12.528816531704107,1.296490486180489,9.627168428326339,12.108011591769852,0.662403780742344,7.232762725273065,2.481992366285159,0.6451254658806275,-3.862874256892075,2.1347699087076992,1.488541336265942,0.8639157587318443,19.601140593826223,-2.351064704253897,0.4902546945904461,-10.952104010681166,5.171452974562222,4.709125478492544,8.69895784378451,7.40986395256856
Angelique,S19,epbin_NumWoGE_20F_Atp_C1 26 rr icfilt ica ep1 but chanlocs chansel chanlabels S19.csv,-5.002634886874779,7.880191422006696,-22.810616027597902,1.7973649502298314,6.112022010699255,4.124687096967655,-5.733671202984738,7.15440834743664,6.206756927417858,1.489378855351253,4.070227695250126,4.111829552244225,6.957064355605878,9.308616634386938,0.47348962106833464,-1.8157069904089942,6.378559946547471,7.677846685959834,5.5411343386383125,5.890655526433205,4.671472696528197,7.240640686101772,1.219004743060183,-14.107607150611242,1.7414086557983521,7.4346031210088706,-0.7491287581297551,-4.340528671023501,-1.5617745986120917,6.742619041930806,10.391647799164218,4.140273432575861,-9.588745761575737,-10.788615656470295,-10.957238280989527,-6.092900979688451,-4.237002480335582,0.6749321611767441,-6.163061690938176,-7.843009588681328,-4.3446692257228525,-12.37185164814325,-20.360805243927707,0.8091885413811515,0.5923145219349936,3.6773645321561323,3.9743984085545803,4.5099168901510565,-6.894876561974117,3.525488275119737,-2.622086205143484,-5.006623956789565,6.77795506054302,-0.04510682354241406,5.140046700694444,3.3206084616517546,12.095524478425855,6.060196200957438,3.5675824305552735,4.143302412546112,-14.830803372093738,10.787110898969976,5.333813116385872,13.285752414293448,-16.592459511791567,-11.175266249409335,-7.768298583792869,-3.2263124826849197
Angelique,S19,epbin_NumWoGE_20F_Atp_Par 16 rr icfilt ica ep1 but chanlocs chansel chanlabels S19.csv,-1.8162564676863433,14.98683530613726,-22.07000295104967,3.437181910734192,8.34146101554054,8.222820672629574,0.974368620938026,12.241660140594885,9.859761197128512,1.8744845740266505,2.9107117292093316,0.8313847027599555,5.6669110267060425,12.571681154821608,11.406673569712893,7.867919303180651,9.400570495366942,6.311662921294049,-0.433440383949092,1.174086697959451,3.861316676273432,10.283645682794619,9.607407967195876,-3.063098347542516,6.078799723691289,2.899213948899253,-3.220272195379609,-4.148433298343193,-3.929963165803942,-0.9030955954555904,3.5557170961970397,-1.8947989383085284,-6.855063087154812,-9.328355675077539,-7.01202317806062,-3.379035835925451,-2.680774146173057,1.8084638989931823,-4.2649958807438,-6.775160946504138,-5.879415410545114,-10.361643015195291,-25.40239863530288,2.290135233767517,-0.15900949331916864,2.6554703515191775,3.350147050994504,2.148879023463311,-8.344423571380032,1.5885419665139655,-3.407523229934927,-9.879719122491595,5.285518279453507,-2.5803679649602196,0.6526016271888373,-0.48146299637482537,7.121172252037221,1.536792492202043,0.025871324362576914,-2.88546031947947,-15.587311265104676,4.586490155139804,-1.1500767396946865,8.015429190594007,-7.601148019830702,-7.1426864039480025,-7.953635850136071,-4.840740112388336
Angelique,S19,epbin_NumWoGE_20F_Std_C1 25 rr icfilt ica ep1 but chanlocs chansel chanlabels S19.csv,-0.6445833668082696,6.052238845818919,-21.9426924589338,5.5829470299726704,9.649495441672567,11.762980419854047,1.8537133731332585,15.105226634509991,9.967652353708834,6.305394513380891,6.541571085084133,6.452011235646602,9.049183474433784,11.183255223634477,5.873165940600043,0.3326938156945533,7.805560834742078,7.87359928154874,3.0708743021464096,3.0753265352728314,1.5459287756987075,5.1082989715126645,-0.22087737270989927,-15.212274133461538,-2.6963493691980194,1.9927021322179124,-7.095160483248796,-8.107846793740608,-6.077618222379003,1.671423423205979,6.256823593680231,2.3028122978691012,-8.77475525234462,-9.234940885810795,-5.420050721505282,-4.133120980483514,-2.42366271110441,3.154143957094253,-2.840089003116808,-3.5684579709584776,-5.665659962576243,-9.26080387951582,-19.225406504364194,5.117336828162805,5.087503901150335,6.700922431364539,7.90901686372156,6.879668622344497,-4.86725548897496,5.6761131967254235,-0.5685023206978334,-7.785844092205654,4.688501813131295,-0.6754825177406328,4.165656981126186,3.1332082389312097,7.389433662465551,3.4774395249674788,0.7438324877065257,-5.068968070818705,-17.792355339294367,5.062388013826331,1.186034346048717,9.786049956021973,-23.13228817467233,-16.347157554173215,-9.25747758027477,-8.532456089741824
Angelique,S19,epbin_NumWoGE_20F_Std_Par 15 rr icfilt ica ep1 but chanlocs chansel chanlabels S19.csv,-1.0677137073146092,22.676622454117762,-17.507723308664694,5.938576446220121,10.310798797530211,11.787892960480296,3.7777937140182307,10.049678746749338,10.251944944291234,4.737461863381055,5.515811915690316,3.3074753575654037,7.229776762502394,11.606995733046665,6.184840161764184,4.5126422725616,8.040371075840257,5.540793447142553,0.9361385404046952,-1.6724403126348462,1.606737279089575,5.979313960864153,5.509494174477534,-4.42360838212312,3.6426739612209027,1.1401907188079694,-5.66850309910392,-5.209098235815918,-6.083822098555293,1.112079768992533,3.081478233990908,-0.5753390781284754,-5.112805208334048,-9.140427950603877,-4.619261229696957,-3.326468774854791,-1.8240763030969969,3.0489183891195393,-2.29923526569965,-3.1703850213573235,-4.6145026558886695,-12.041699869210511,-26.91171977365182,1.250399448149736,1.0454554978621076,4.925924176025352,6.4405136386872925,4.3697360148724025,-6.9931346195626976,1.4234300819510042,-5.165935564530751,-12.430398513477636,1.1285066575691722,-4.5775511932248465,1.1739623673970483,-0.06824538164354917,6.495258192315619,-0.9292384246800229,-1.2752160576166485,1.4275640845958968,-10.31943235598416,0.4123120913534874,-0.9710654735514166,8.70689699946308,-14.28764017986603,-8.964102995677385,-7.011749698219182,-8.06391872037063
Angelique,S21,epbin_Dig_1F_C1 21 rr fixF7 icfilt ica ep1 but chanlocs chansel chanlabels S21.csv,-1.4913180030192272,-3.0031715458841965,-2.088309130070323,-8.66075997835674,2.8410288914205384,-5.737730520897389,-0.5906202062264765,6.969041875645766,-3.841900436264023,2.8691577428457093,-10.456883803496034,-8.164206425536433,-3.949075552291653,0.4155302485377904,-5.404435279480713,12.881287564916173,7.485375623424335,-0.9356883648347682,-8.557574346526103,-4.25528508288097,1.7355878929223763,11.189739931611964,37.020995909034205,39.138972619906454,37.83450792588919,10.55530131872385,35.939660606363866,33.74136822766575,24.319582903867307,-4.873630573532315,-12.46997611793031,-13.58976209817741,-0.7654820142098512,-4.7869971589365345,-2.7587139521708552,-8.758766770061273,-3.907979227765098,-9.548346037544269,-14.503480163370195,-15.876790382803946,-20.341399674588445,-4.669734483404693,-8.656627177841681,-6.251337509890185,-14.693442488852854,-18.71011093794068,-13.938857263078843,-12.773845119388312,-18.021332001664007,-17.65236125088468,-14.826060047681553,-9.160790921162889,-9.127013450774234,-17.27869460654492,-18.88300081290872,-18.98341190366652,-17.721918573666688,-12.409335761882872,-9.982020617358227,0.9372688779945731,11.988412803291826,8.723160710857101,1.3970182670019278,21.915968122161125,39.83293107000603,31.985858331984556,23.93888555561026,17.40154157605424
Angelique,S21,epbin_Dig_1F_Par 11 rr fixF7 icfilt ica ep1 but chanlocs chansel chanlabels S21.csv,-2.1541196084118157,-2.581919865007914,-10.237222022703955,-12.17800850639115,1.2487764138559214,-6.99499855569827,-2.079551977851786,3.338264387910907,-7.993974531129701,-4.210111441909167,-12.617773054790673,-11.150120459161363,-6.356349753940911,-3.133344680781257,-6.080819695905616,19.821199321786153,8.26027814719136,-2.131016891648088,-9.185774524239,2.453725276651489,6.9670966143157385,23.297665023284214,46.29330966146211,49.8283131676094,51.17377052738316,17.69779725289011,47.11637464176171,35.74801015479823,22.184089573626505,-3.9360288213826187,-12.866558646689967,-16.882209911988813,-3.4444002915464655,-8.686997817341219,-5.524981623033632,-12.414684245272937,-7.908939113164657,-13.48287190512159,-18.503885633152525,-20.07840556385972,-21.68275503667035,-10.46280038469258,-10.744053998990195,-5.795606983947233,-18.590911236510824,-22.484744421247946,-17.535253768483233,-16.349337311338115,-21.27521585700247,-20.28979018717763,-15.161092590674574,-10.362651699445141,-6.648898204085976,-18.364473682965325,-19.529100579868835,-20.74928121225901,-18.88061217132582,-13.30578609174867,-7.933982778922547,3.5183195894724157,16.76006359754309,10.214452243873888,1.5838529984894227,21.278133338297327,48.07202551849639,34.696204892104674,24.558497544373665,22.851196762322296
Angelique,S21,epbin_Dig_20F_Atp_C1 23 rr fixF7 icfilt ica ep1 but chanlocs chansel chanlabels S21.csv,-5.977210909697849,-6.354400944546877,-10.064547606308135,-14.338960733250644,0.4616931768264927,-8.636320889219212,-2.7960620896866177,6.60253561379188,-7.585001965745319,-9.130113377437414,-15.885044543674,-12.263668987383578,-7.927936438209393,-7.167022252129251,-7.638018670154603,16.008281630824275,6.215775277293487,-3.0118499835945327,-10.6255829780551,-0.790109812906713,7.1882120983488385,21.351528181054082,41.52963385105281,46.53921108309035,47.8227412641042,18.07675743936666,45.84961917450371,42.4344512792828,27.503591301932495,0.3218456410767257,-12.713860166224372,-18.20748037483044,-4.482858582164773,-10.057394933367782,-7.100378004175478,-14.42233029305484,-9.667062524245836,-15.831937858513697,-20.484792229126853,-21.966887501252,-21.560109655132873,-6.586637708684044,-9.047472636160398,-12.594191233791808,-20.45661928141823,-24.005176950456676,-20.747794554425983,-18.34841934899249,-22.784589496475633,-21.020399061298747,-16.700652901320513,-8.306516212119963,-2.550974861031392,-17.47698445741382,-19.270771399432746,-20.787854398922242,-16.75640262539829,-9.776912237386323,-2.327686609700295,11.613690501887055,24.101751481373196,19.968685756992908,7.763373974262733,28.304379514662237,44.651918815209925,36.62132837786358,28.299450407370905,27.00254261068087
Angelique,S21,epbin_Dig_20F_Atp_Par 13 rr fixF7 icfilt ica ep1 but chanlocs chansel chanlabels S21.csv,-3.1721611672799654,-1.9835628417608435,-9.71122764413823,-14.565281587715782,-1.294372269245412,-4.640441526958802,-0.1847532652933126,6.069745967108984,-6.633660609586971,-6.031845586183889,-15.514763363165974,-11.469718780465897,-7.947085574764755,-2.3526801668121915,-6.822075011360314,17.10463218411562,7.090565017187265,-3.1196736559914306,-8.554881574721831,1.5374269860434342,4.504361156331832,19.180119126462653,38.86709856994781,46.343861779276274,49.42236394501421,18.270105087119894,43.28029405547595,36.904209354034386,24.517162164802517,-0.07492428953693345,-11.182096691693502,-16.28600465122838,-2.923214311359067,-8.288431249564836,-6.621050097219681,-14.19111449582254,-8.485241992739457,-16.01304624148697,-20.623888640188696,-21.16046542495658,-22.21972210151152,-8.237643234873909,-8.191838948260264,-10.6117116982336,-21.44419839169884,-24.610768801331872,-21.10558294063205,-16.909893154983326,-20.53339182023026,-20.251015098227406,-15.720892572861894,-6.332188515889795,-2.919535771362347,-16.4300122245014,-18.73536918821143,-19.20841015588445,-15.880839220603072,-11.123537229443055,-4.258081534716089,11.545979931915927,20.629770176945243,15.142246495731039,2.757575606055613,24.49049715399887,43.53768482391339,33.080051129590295,24.317203985919065,25.979362958522284
Angelique,S21,epbin_Dig_20F_Std_C1 22 rr fixF7 icfilt ica ep1 but chanlocs chansel chanlabels S21.csv,-3.302948459848689,-1.914520075147522,-7.480153429939299,-11.664834124657034,-0.16745712355357945,-8.346625040117223,-0.610858778788463,8.428569258869196,-5.166074490352634,2.179355782304191,-12.961986896845858,-9.099755605820333,-3.1327831507869552,2.635659697073377,-3.245443492534349,18.490402530525273,10.745148844595603,1.254049021634629,-6.862906697574452,1.2542505536135566,8.852923458458049,22.196826792635765,40.962439795308434,43.52650729730519,48.91550802456683,18.84713753935917,43.272770733979,34.873480583758756,25.044938635181623,-1.9666061086695665,-11.380136706108804,-14.979356706414743,-2.6594890563433067,-10.27831683024179,-9.25309373236834,-14.281318147081747,-6.4147093505245,-12.628997245430929,-18.3683066953542,-20.90433434210785,-21.74451570481249,-13.261968986894301,-14.265190391713059,-8.797186950422077,-17.921447986623388,-22.633567552987426,-17.26769442538748,-16.17996578066691,-20.89475176541988,-20.988760464194925,-18.33990129828113,-11.751066358367162,-10.210385323362022,-17.76249413464655,-19.52458940448623,-19.694365458759815,-16.346601604623537,-12.30466947107987,-9.941375664622896,3.4684437393665313,12.485542416628329,10.826611976255995,3.3438008564255086,22.603306435948408,47.355193640094555,33.138171272377555,22.710113867972087,19.49035690186682
Angelique,S21,epbin_Dig_20F_Std_Par 12 rr fixF7 icfilt ica ep1 but chanlocs chansel chanlabels S21.csv,-2.7417337957750196,-2.9517917698030107,-8.715485001738486,-14.984261482207375,0.8404957283847292,-3.556599796168367,0.1823418361771882,7.055416417902172,-2.3888742399732723,-11.633590480478004,-16.324399176521013,-11.3250094456348,-3.7727020078725597,0.2548829605821954,-2.9969074645355995,20.41963254535558,8.32626673325171,2.6870781101527212,-8.351671363102392,2.6833746432556556,7.610201427120998,21.943558440031495,42.87499958927983,46.451130974860725,48.01445635409319,20.072597401930633,44.1491172378427,36.04962862387128,24.480745658876124,-0.31133817702926,-12.30269080161268,-17.05559383262993,-1.8795848396898287,-6.288779377924325,-4.279106665760027,-10.803594763387498,-7.962764798122042,-15.908523689192965,-20.16256008219324,-20.529508953666035,-14.726925877562362,-5.615695307911256,-8.349371565343578,-5.075398723140672,-21.46907037357077,-25.72036143337279,-21.99673595676679,-18.96403069895223,-22.930686012696427,-22.066364137096716,-15.001422646652115,-8.329508946954432,-5.704470034739931,-19.73818506024158,-20.802701546591088,-21.54494508001357,-18.694924119858058,-13.582161978781015,-9.444250996265401,1.3523974544916564,20.396300415338462,8.399501782651102,-0.9474460545684552,19.879280341434484,42.38751206904704,33.96892199578108,24.15065418543015,23.301227672222872
Angelique,S21,epbin_NumWoGE_1F_C1 24 rr fixF7 icfilt ica ep1 but chanlocs chansel chanlabels S21.csv,-2.48166672220724,-1.9717707721079358,-10.059346071748115,-16.28346460609293,-0.6244508542629813,-8.817592239264636,-0.8027110461323119,8.381232223559518,-4.57086437309006,-15.44436546648192,-14.93005442668569,-8.950611524193054,-4.7963286628224875,-0.019330794720927982,-3.170014700812639,20.139981863193217,8.969962164888534,-1.1673237014249875,-7.134364841465653,4.889182782209011,9.610610785136462,23.296619933969524,40.31787213907792,46.23295931074488,45.92792684860565,19.007088761933275,40.68346377189148,33.07530930075183,20.730843218640292,-4.352139679942348,-9.12771481401167,-14.448036435523095,-2.228295755669452,-7.272090789257691,-4.387347512154262,-14.022016592943732,-9.26181506087791,-17.046289664771013,-21.19058284121218,-21.975354405753865,-20.513275604881215,-6.7707646919034294,-5.9864125889801505,-4.6908666111633766,-25.32122785112992,-25.29336219416271,-19.707482596575296,-16.13290056647649,-21.822718663538975,-20.550225369456378,-14.808889084679189,-5.240881334764984,-2.5953465581386754,-13.998593593670721,-18.97728890109106,-19.395233230401097,-15.982039417632329,-10.88934890074974,-4.907596386214474,8.702309099693379,19.257472405814024,12.252658289623628,3.0292448711471165,19.483252168315243,42.661643573531855,32.55230966580647,22.464252728806578,18.454218566521075
Angelique,S21,epbin_NumWoGE_1F_Par 14 rr fixF7 icfilt ica ep1 but chanlocs chansel chanlabels S21.csv,-4.208563013006271,-5.3317647000137045,-7.867211389062599,-11.129229623771858,1.2958331160742578,-4.493923745791876,-1.5948231717304766,5.041221697825558,-6.644892193518547,0.4182158497133714,-11.835627946878367,-7.262927065015131,-5.193366644152454,-6.106903774668455,-9.6681138688833,8.153345244704132,2.567490196208002,0.4718335770137058,-5.075173079036276,4.778400613680466,8.319014727725266,18.683868029617873,33.19073205254177,34.72063316774465,40.41642013638246,19.658209758743975,35.01171932377611,31.480942003373226,25.735421816476208,3.839775405711844,-6.501542354206384,-10.940849850962529,-4.15654455628789,-9.0885284791938,-6.087903603989537,-11.44065504459974,-6.655260976948946,-11.749835905130665,-17.508544841768636,-17.866454627453066,-23.0299045527414,-6.777682998326572,-9.176161216323537,-10.122408000471436,-20.68516974755729,-19.41448178074787,-14.67302638575493,-12.738871142917096,-17.49248417706501,-17.80045019742511,-16.664819605116307,-7.901672923981826,-6.923179566151659,-16.902298185431192,-15.667276171556162,-15.2100690502718,-12.030256456448091,-6.371108557997097,-3.196403590275936,4.3767319626654695,12.729420403659935,15.050352595935792,10.523127186689033,25.60949837386323,32.14109702668344,26.49039510991044,22.48699352255364,17.995653735120907
Angelique,S21,epbin_NumWoGE_20F_Atp_C1 26 rr fixF7 icfilt ica ep1 but chanlocs chansel chanlabels S21.csv,-6.856871737121558,-6.994740445305697,-11.463040098717526,-16.552960306291048,-3.168376393063922,-11.942474954288183,-4.917107204488208,4.185896892993015,-7.548466328518691,-7.802492738920685,-16.543405201156954,-11.816632516278718,-6.664143943923912,-3.0752021826518767,-7.611747554923461,17.531637874249277,7.389492239149585,-2.5313910574182996,-8.94342471639334,0.5858047645673443,6.893504529961321,22.129483581099137,43.568972962188525,46.97296884007092,50.383471566687504,20.401513387313724,49.7263750664088,37.9372040549801,30.524062593714124,3.3746966792384234,-9.053754801594412,-16.41662311490185,-6.800498524804273,-11.512972946641378,-7.8832005978704585,-15.445320604123886,-10.758080274944227,-17.974334981178465,-21.61642885986736,-22.176094549008383,-18.568114308298433,-10.534604001745345,-12.308929472811734,-6.538096472742982,-21.62266400065347,-24.564522841810366,-21.355487146766666,-18.119526229146256,-21.794818272833233,-20.095654997716647,-16.191705529631342,-8.298132868077843,-5.996059629435404,-12.928358223658211,-17.77094451566954,-19.788826069221113,-15.334007319722087,-8.330303221775855,-2.5398916939826948,9.028551388873717,18.502554080970736,17.13603097492183,6.9508933475535395,29.411157180413177,48.11710290064682,37.381287149351294,25.976155343945642,22.64160488613122
Angelique,S21,epbin_NumWoGE_20F_Atp_Par 16 rr fixF7 icfilt ica ep1 but chanlocs chansel chanlabels S21.csv,-9.539140740459969,-12.178524692173129,-10.269993491235052,-12.345048336108492,-4.113422127455741,-13.656943410596485,-8.472679618707128,0.41743069472182226,-9.454471648213891,-5.391046967196441,-13.614809603595496,-7.429108175963836,-5.435745061195433,-3.5073838704165325,-11.686677220284906,15.439351799525753,7.795422206591927,0.5015260159959746,-5.2753858789756425,4.188625421644337,7.052485870670686,18.56658408828632,35.01156595122933,41.247439346582375,41.353861270504055,19.628003672821315,39.69726326287503,36.83304192452883,22.31970979348179,0.47086948566322706,-6.050965132620121,-11.794778536907964,-4.980142957392306,-7.144115863393774,-3.0312702604631196,-11.350742044432579,-7.7300598643602525,-13.339251081634606,-16.841188722405054,-16.06436445033058,-8.383698634534712,-7.70626942505384,-8.86367193554535,-4.038646593593394,-15.922877498338195,-19.98853073703122,-16.15439941868508,-13.433490488369234,-17.93176181606005,-18.639887847377715,-14.653658610799035,-7.568274986659103,-5.975144781569807,-15.106230595299774,-16.37877042800693,-16.488404038150485,-13.526489292978495,-9.476611601843947,-4.582358425126092,4.838798886939602,12.999783684593055,12.83335274804111,6.20149309379461,24.8943386020428,40.53288932768259,30.607345100920206,22.781149802834953,19.304115615810158
Angelique,S21,epbin_NumWoGE_20F_Std_C1 25 rr fixF7 icfilt ica ep1 but chanlocs chansel chanlabels S21.csv,-9.79450821634046,-9.506107908999441,-15.887324182970003,-20.427204837456408,-7.404084619835367,-12.965035773637627,-6.221955935065065,3.805279737748598,-11.434664927329347,-8.908467908502772,-19.824870656633614,-14.544530778274337,-9.792906167076536,-4.595548423143394,-7.075318372530864,19.407394734708788,7.584690616521573,-1.4354524137450893,-8.646346476597927,6.518951838229108,11.574289920592264,29.176427539862676,49.19842838871569,55.22263141528777,58.28181367849821,28.386001145077515,58.921801379693036,43.360430443494145,32.46833016009289,5.850140666021181,-8.449563451585295,-16.7980429585246,-9.145065234823264,-13.618259441269984,-9.122991216587982,-17.212606697010457,-15.65442023315906,-21.25384568178369,-26.25945904556871,-27.71916651466682,-22.94588255887877,-10.983551531337337,-9.611566081219234,-12.78955595884821,-23.20572041216331,-29.158947348233255,-25.732819720370752,-22.21444319881817,-25.034539842166737,-22.483553120363506,-16.79131576423629,-7.14576950659857,-3.5369317383766607,-17.79372919719233,-20.432208861025202,-20.599300180216773,-15.38154556272035,-9.636276757708467,-3.5550744163490227,13.240416802425413,22.18635860582921,18.873267819360127,7.778102536868683,29.755475409855915,53.196341252996454,40.37150301222796,29.945464161422148,27.626958858025674
Angelique,S21,epbin_NumWoGE_20F_Std_Par 15 rr fixF7 icfilt ica ep1 but chanlocs chansel chanlabels S21.csv,-4.708105894453619,-2.5765355971814308,-11.341703747619716,-16.616540580953917,-0.5174532026775633,-9.63347482720331,-0.7037034588572437,10.098901061375512,-5.716745262108997,-8.267633005691664,-16.343903200690164,-12.52498621522,-4.734919223936371,2.1992610084917867,-3.6787243242301844,22.882469779196196,12.891805539348564,3.344735161355707,-8.616663744117606,3.7936760899396145,9.375693681259486,25.94113985442691,43.388883718491904,50.26972666972327,47.091025901928354,19.243416066445175,43.82703148714501,38.42562507667769,32.00680126484988,2.380146575100905,-10.342614487479775,-18.063802456280737,-5.976226698021323,-11.182186909697625,-7.685151061637526,-16.127840515279434,-11.021975562604965,-18.000244345220015,-23.190501036277695,-24.956063436903694,-22.717880432490425,-11.849180889021456,-8.675844441826579,-12.349624382906928,-24.553860050143822,-27.850993532090516,-23.400855851628634,-20.867845888679433,-26.52598418376121,-24.82459463041421,-17.585089255793964,-8.060848369636131,-6.142636283521493,-19.52016624248077,-22.684363662553576,-22.6109437197198,-16.766615437358336,-12.156799478689578,-5.53897779830379,7.445507418718298,18.081045011446665,18.036054098177715,7.608205360685378,30.31692417376247,48.130166179401556,38.13082258798918,28.26833102024912,24.033414099709468
Angelique,S22,epbin_Dig_1F_C1 21 rr fixFC4 icfilt ica ep1 but chanlocs chansel chanlabels S22.csv,-3.815512201937759,-20.713186455221205,-9.791971758319688,-7.924392364255643,-10.624958108836124,-16.9541674093557,-16.80753333110359,-11.381735654694355,-13.835195621683287,4.265210374743636,-4.063272927105399,-7.340002729669093,-8.304739707486664,-11.10923166574469,-11.202018291867985,-5.2840610404623005,-6.93941980431755,-7.732221018104217,-3.548361693249553,-2.9805966681225597,-3.294920671460436,-7.087881055213444,3.5156984342492286,7.16148800402417,2.389396205209304,0.3567540259279652,7.407034866324093,5.822735780450124,11.778697067167258,4.206483947033747,0.3895627768160172,-1.0091757669003087,-0.11784351124525795,2.5648232248131415,7.913806612482902,3.5318781802340724,-9.380784114467827,-4.908094111636178,-1.0315129099908535,0.7777281699520413,5.013480707798987,12.486484027948197,7.651669008275616,7.818209458119023,-0.0005042301579407574,-0.27737344593553487,-4.166400915273775,-0.971169623945638,-0.08041974523578957,-0.5018681588248353,6.803370272733659,13.134887249797165,10.186397575362786,2.896000256148551,-3.594784585047596,0.02051968620879984,1.5313588418782194,2.45903375839397,9.594688159035837,9.19879540929138,14.12595291555475,12.764119920351527,3.1183364803339084,11.054825733721952,-0.0998904694619131,5.490115831767578,6.67147830187739,12.774176152762806
Angelique,S22,epbin_Dig_1F_Par 11 rr fixFC4 icfilt ica ep1 but chanlocs chansel chanlabels S22.csv,-3.801747884322111,18.553325512129128,7.793983558673862,7.195728306095263,7.563323228237572,20.993517850620474,15.862979544984071,20.053036277817867,22.624957988463628,8.466723299249496,3.304330949219253,3.3403312142639967,11.894339059073769,10.003914208642746,16.06158766727919,5.929008809529908,6.933856874461665,2.709028122621131,0.14742290470510797,-4.350402542068962,2.190923568622633,3.088514721845499,-2.7334801336400383,-1.2876909011877342,-2.6413599565425434,-2.466470471107038,-7.937659498970548,-1.8160281403609693,-7.296360430219629,-6.4256454849069655,-4.865918942518092,-2.840690496990929,-5.408050424160558,0.4698302149705813,-1.225301272370061,-4.389433342633637,3.7283346594002698,0.4147588361103148,-0.9928954394267463,-4.202449999806135,1.707702406732054,-2.9270082977947447,-6.466863805886735,1.7226801974522647,-4.77686620613137,-7.116874092306521,1.2847849892390566,-3.0008329578423907,-3.9092762803631462,-3.0112739731749607,-9.694090382202228,-5.112732322767893,-7.613439030094551,-8.469279486851065,0.48730627810498756,-5.490173333180606,-5.7875406827389515,-5.498650637547886,-12.391489253194072,-7.16004443102353,-11.069483093930565,-7.836391622950451,-7.186352414179643,-10.069441796688858,2.4761493970072066,-3.1028690845881335,0.21151830072431654,-4.841329381077218
Angelique,S22,epbin_Dig_20F_Atp_C1 23 rr fixFC4 icfilt ica ep1 but chanlocs chansel chanlabels S22.csv,-2.2350106598682467,16.295425409770633,9.227578903726478,7.3462147979100285,7.560601581123434,19.042934944575613,13.154837264071224,13.729191215648628,18.685544711322102,4.20656409163041,4.219796665112012,5.569196306058211,15.0759160193868,14.076314216421268,14.77960690050408,9.040273099624526,9.64577175341863,6.324558137033303,2.898158726781008,0.4580662043385095,6.280634940475049,7.9523175578351255,0.9728736364163328,0.22923563888031964,0.209324803814525,1.957945885904172,-4.8635967290529765,-5.033244456409532,-9.145946614578929,-3.6034995675997497,-1.316405905449793,0.021844707073360652,-4.171861311424787,-0.359210383088544,-3.044195821794713,-4.440080693206802,6.023772504981269,1.9223797958530862,-2.6458779886565673,-4.110807784853256,-3.3868535923386958,-8.087984213837892,-7.228335872746134,-4.034358491699014,-3.649550262351705,-4.892587582875961,1.7246806934402252,-1.827800005680429,-3.213617045879399,-1.9452556305598747,-9.796966187269941,-9.679664166991724,-9.756141324034457,-6.754714117108301,0.6161800724627288,-3.2258725766564185,-3.4783713061474386,-4.894271557232532,-13.23216455940011,-9.891964906740728,-16.392623094727025,-13.5005658496224,-5.849873625599432,-11.773718865658369,4.511016046748985,-3.9620455812554294,-4.612169754207514,-13.721545444490099
Angelique,S22,epbin_Dig_20F_Atp_Par 13 rr fixFC4 icfilt ica ep1 but chanlocs chansel chanlabels S22.csv,-5.262988630653963,12.236414245843775,5.032185773376498,5.323636068779223,4.75282380904568,14.99689401410069,10.082376872231816,16.294787986089652,19.86009467834286,9.336029486626876,-0.8644704688110612,0.3886103092882723,11.782787489469873,6.206222558341531,13.70602205797963,6.817035931322062,6.62850088396006,0.9876427238990404,-1.8824061742659413,-6.550599610599969,1.8878929286128003,3.6209683498748215,-0.37179072110925176,0.4145964120402592,-1.187218207495095,-1.1831276991857549,-5.085035348269517,-0.28913838637342637,-4.585079215436111,-5.1370933203835785,-5.382553342360119,-3.7108791259433804,-5.468052561184731,0.8913482295673107,0.8032501952586996,-3.6344750106676065,0.12044500320691684,-1.3709501758759155,-2.7366713770231192,-2.0728754786760106,3.5074969320840954,1.1850063504767239,-2.318812954959518,0.10159130820200028,-5.254878078856539,-8.94032160124705,-1.8174960282670396,-4.674362776036463,-6.305358309637442,-4.751437566898924,-10.405754643485402,1.0062639262158306,-3.7110923045010065,-9.1885110380674,-2.1810269915446683,-6.4349482629693044,-5.636158115199745,-5.574221023337022,-9.369588001493389,-3.679851414610363,-5.83476077792606,-2.5692896558208185,-7.152406368400159,-5.009730471987004,3.1632884696453503,-0.5067306016902123,5.006569030584647,1.9513641735857588
Angelique,S22,epbin_Dig_20F_Std_C1 22 rr fixFC4 icfilt ica ep1 but chanlocs chansel chanlabels S22.csv,-1.2034809764319194,-24.27161062081373,-11.883511439380314,-10.158231812863916,-11.25691572921871,-24.240520385939252,-20.26979039066222,-17.29859161168591,-21.568137288164916,-5.631355766092719,-8.084289554431749,-6.5085642070714815,-10.550856980383383,-13.93927589343796,-14.158210249469246,-6.230542998468324,-8.58607607793508,-6.0921698192817875,-3.3838383158823677,-0.061871244547047205,-3.6107791136216227,-5.41213033503401,3.1469923474515173,5.511713053308385,3.491378364294122,0.7013691754352812,9.024365212539667,7.068249748935861,12.265465883714612,5.967212480550677,2.698841739473268,-0.40639519692396225,4.031271656545594,1.9227803785209574,2.9921210898414023,3.7575052596791094,-7.761719910977522,-3.598687890494935,0.9262852916644563,1.1312787164967715,4.127581762402995,8.77854629199197,5.441298889248682,5.965822952698277,2.1612052815305702,3.170232328624445,-3.443711659082075,-0.048135874460667284,1.5780906420469984,2.1821036429867666,10.770153281301953,9.879411118980018,9.950177951189627,8.15408338915759,-0.11807685842074447,2.6887244428775463,3.2080826949542627,4.594309245576827,13.164388966630375,8.886889666350832,17.782620456900226,15.307677093794181,5.914065961453278,14.167031060298612,-1.2595964315303274,7.01496250865617,7.45731946487789,14.055461507713972
Angelique,S22,epbin_Dig_20F_Std_Par 12 rr fixFC4 icfilt ica ep1 but chanlocs chansel chanlabels S22.csv,-5.976139564742645,-15.57440571844161,-6.59435390675193,-5.555646439747129,-6.411654563121143,-19.076785906216916,-14.323016544280797,-15.998443170021305,-22.61634392465398,-4.187590087144005,-2.0064796580768594,-3.1055959911795226,-11.601788821348306,-9.833734451176722,-12.73814790966779,-4.779282179993002,-6.811724924720411,-0.19305419733939091,-0.1522021961518124,4.222170448714616,-1.3062803857935528,-2.805422074899926,4.612770127966988,4.071462753063487,4.275759889404033,3.4222649243186187,9.239656168795651,1.258244502728089,8.340869090157351,6.943813440243375,5.120318059824614,2.2221268934529745,-0.9957840701019331,-0.7679142438146237,0.7733132511523337,3.8113542565287184,-3.2837000132627545,0.9021783780209638,3.4492132961793525,3.281951507918504,-3.1666477728719817,2.1640424422838556,1.495633065647384,0.7853341904872378,4.278612677399655,6.560800447445962,-0.33699154224841665,2.3193092835786953,4.14282018084863,2.993083656936701,10.271255012345462,2.603573263921096,5.743734442316558,7.829884177660278,1.008997751839037,5.341282107151601,7.019369664219616,5.4539710470325735,11.076251269137217,4.325979772614118,9.283825884742724,4.613020459676877,5.79450424208472,7.368771008593798,-1.4110520277718217,4.289640258402458,-2.295776126253977,1.1947870205270619
Angelique,S22,epbin_NumWoGE_1F_C1 24 rr fixFC4 icfilt ica ep1 but chanlocs chansel chanlabels S22.csv,0.0528783865862959,-20.266133509489705,-8.433769137826305,-6.109614598355702,-5.889719247374344,-18.08032100319705,-16.554385694395783,-14.228993189956551,-18.16085132573097,0.6645096686671094,-2.010894493850377,-3.621525094832753,-7.335256074677875,-13.57055047374428,-16.41313784742858,-8.02619562894201,-7.574398972239534,-3.0798052967652785,-2.105069980788226,-0.6357254767905558,-3.6069868423945124,-6.013253607987942,2.483482943402276,1.2541090414785536,2.967893614272385,-0.6965174977945506,6.132130300882202,3.2780836056101603,8.0252806255058,3.4086063162713307,1.69180777683348,0.865572798818882,2.8705703784786736,0.4319202708329933,1.1894852499311621,3.5775465657895538,-7.259340069669807,-0.5707131374498534,2.3107394708622913,0.8019677768519506,1.7729972479592542,6.51897421921274,2.707957881203474,4.3305790082674855,2.609592668681858,4.765115777714088,-0.4280123007966305,3.1801750528926274,3.2574461161330106,2.261694594041198,7.154608721548779,7.57257303941033,8.72439790531151,4.331406655353863,-3.33637004148589,2.8071227911911434,3.5798104484796283,3.6559061578795116,11.889466112458624,9.57282036073705,14.753932246145068,13.759634629939631,5.8058204681723105,10.903365673114116,-3.81841383419032,2.809497977605966,3.508772673071316,13.585693647099573
Angelique,S22,epbin_NumWoGE_1F_Par 14 rr fixFC4 icfilt ica ep1 but chanlocs chansel chanlabels S22.csv,-3.89979318362372,15.062139258634595,8.900994995903957,8.116652170086233,5.4643041803942465,16.553131377031363,12.784974478601846,12.57942120738326,20.927224768421393,1.4404979168620804,3.6618201530718313,4.643914688157658,10.087990785496952,9.948121950204731,10.941902457928094,5.479846702306685,7.162381090866531,1.3448498977688987,0.8495273382923817,-2.2624621106298997,4.158921941528839,5.05712344694306,-1.4935009303519882,-3.4864766065064514,-1.5309066516443508,0.567974446233986,-6.996914217937159,-4.410671341649008,-8.747501410091735,-5.269469520484114,-3.189479918212867,-1.191568958662357,-3.647551709128326,0.8469830951333732,-1.4352942554110937,-0.9728622890216679,5.952748647019988,2.6455201285398635,0.2109781939301631,-0.46562650462878413,0.4308018039621576,-4.586354306527825,-3.3555748018693237,0.7865298906237183,-1.5561184277420144,-2.7792847131371357,2.6149009865135153,-1.5494584398780629,-2.1863255247382924,-1.4234444735880156,-8.828626412810761,-5.491227194698634,-9.33885540767583,-8.511127124888413,-0.4343994555828199,-3.7364436484704937,-4.262458713765918,-3.7553733025613933,-12.287078028540973,-6.660983846912325,-11.078189042194909,-9.70636776530936,-5.867027071335597,-10.162032179497917,2.7081339090521825,-4.93336939393365,-2.1313062285771807,-8.308804784047467
Angelique,S22,epbin_NumWoGE_20F_Atp_C1 26 rr fixFC4 icfilt ica ep1 but chanlocs chansel chanlabels S22.csv,-1.5918822408219533,16.802770028430512,11.411839453706122,10.766781969729285,9.041402666034545,18.944683527750726,14.9358589813453,17.702933634963326,19.36172395898731,5.93426865096477,6.294566033682327,5.288962194081092,13.00443718451236,10.468127477970771,17.374715990315075,4.767730081355855,6.572392277750044,3.1049233743454296,0.5714649532630903,-3.319883306113457,1.2565108072596867,1.77009069320975,-5.834093066900103,-6.824222265619875,-6.193377036739203,-3.2001602904049706,-10.632093097276465,-7.344495874664022,-11.094663510467552,-8.357707887746267,-4.6384325011585075,-1.228484657956212,-1.3606675014861243,4.088587757094406,0.6549945935465793,-0.7700545408909748,8.75356277170648,4.49548458275462,2.22710624813488,1.1493494701598508,4.933785016878907,-1.1018694059693428,-1.7270422317701069,1.9710606021148482,-1.0777826851436734,-2.378542725841052,4.14142591431229,-0.8284007690425689,-2.032770346970729,-2.0041540385650713,-8.845862041583079,-4.940986181474369,-8.045552509412325,-7.697728467551306,-0.21074703295934152,-4.3066985390222134,-6.204400018698819,-6.230316149148914,-13.89720906284091,-8.919852458899026,-11.228480437282704,-14.264284596624007,-8.163994165513097,-13.583415347909046,-1.3542973360268404,-8.840946693490404,-4.907486491989267,-12.608498219196612
Angelique,S22,epbin_NumWoGE_20F_Atp_Par 16 rr fixFC4 icfilt ica ep1 but chanlocs chansel chanlabels S22.csv,0.06687171413257637,-17.31097655870444,-9.245835904285997,-9.17700910574474,-8.98707184551874,-15.733545320871432,-15.016775966661651,-13.00708980146825,-17.214105194714133,-4.345206219254683,-4.945192850961641,-6.851026920763311,-13.137628122217237,-11.92562710118779,-14.189941152442833,-7.393600840695757,-9.685667332200273,-7.282727824617978,-3.2778686388802996,-0.7985492026877202,-5.232246732143792,-8.02799649957293,0.4812290231518098,2.1170767565982658,1.1161089762781526,0.19058787105619768,8.24208643209795,8.085291256305647,13.195995160959335,5.7689764597925945,2.2536933672063126,-0.2986310736279786,2.40571101916114,2.4386568822894485,5.7845050192952385,3.1775656029860366,-7.754690770264058,-3.822594829348372,-1.7773599957340067,-0.6555657325826497,-0.34066538544298114,8.167451559243107,5.34592713496714,3.9493026809301863,1.1155447797646967,1.208683876823548,-3.6092092833831666,0.30833794151789073,1.0341847372197834,2.7935165301897413,7.258760705932025,8.554587436709943,9.275560329450407,6.474027682767756,-1.2112128029117977,1.4693927209371538,3.8038712822351455,3.732410929147538,12.631647479524856,10.12437881638873,17.826188938266576,13.891063118506018,5.659095784900165,12.477445810515421,-2.2561178053551196,6.298201758643991,9.549677336382247,16.23811957620939
Angelique,S22,epbin_NumWoGE_20F_Std_C1 25 rr fixFC4 icfilt ica ep1 but chanlocs chansel chanlabels S22.csv,-2.726609854501525,-21.831807711458477,-10.316764145789207,-8.556027124991761,-6.837654906397729,-20.496374776720536,-18.52832088278027,-14.765779759291418,-20.655687250488658,-0.0991519963207274,-1.8784398757982266,-2.9117414438821547,-10.103612709489425,-13.548851936197247,-16.889525836555173,-7.151768368357798,-7.887189242731786,-3.060195369564121,-1.0222690558350707,1.2184811256061974,-3.125711216335879,-6.712407378049242,-0.5897335470924029,1.639256675395384,2.2710871470933918,0.614892488525103,7.120468370049733,3.3603022292348035,10.139324840962383,5.620925611632755,3.3245686862533885,1.932691844777204,1.2494900238072255,-2.7809828029304424,2.1221082848407806,2.4595346064281403,-8.924749964417154,-1.8197904116430175,0.9458181050175273,3.830950862594653,1.938851125092179,5.258899656746697,3.4312384833303273,2.1287937630415534,4.32179680242283,5.037073808257213,-0.7681425500191741,3.5984952691607566,4.252640163467819,4.09736669071859,5.882960604340217,3.4313207837100586,9.609288771653432,7.041976088191933,-0.33430224914180223,3.893476059557904,5.276450801374561,5.125272146337046,12.744575264383668,10.206501319567717,14.026097216276062,16.0975714451445,6.254254678178251,13.168242403557326,-4.102741948185699,3.7471902979688516,4.900076913536593,15.10602030786571
Angelique,S22,epbin_NumWoGE_20F_Std_Par 15 rr fixFC4 icfilt ica ep1 but chanlocs chansel chanlabels S22.csv,-2.8911252258906974,15.727729795967349,6.193808022151773,5.5422442025363425,4.76284304536325,17.40470074071889,14.236047669641243,19.569850957874987,18.480905044903764,-1.0669959587776434,-0.5448078739070633,1.4809291956167103,9.140544957398161,9.570526772292698,13.740064516850074,8.232778185478821,6.241126755161958,0.42186715639872846,-0.6345196938485648,-3.4791683516641188,3.8453758852240782,6.283828154724582,-0.06006268164573756,1.0351867963508101,0.024571386873235873,-0.7293787080896336,-6.962196417614618,-3.729723808988995,-9.148296344337613,-6.496773493042092,-4.806251600028169,-2.6671741024161353,-2.04424326641931,0.3711747618140226,-0.7025580753719101,-3.502473737216741,4.849816567142207,-0.12835618719624828,-1.6822486235544636,-1.2988722466969116,5.861632990737004,-0.5086266338828896,-1.0707421656056961,0.7897535719752112,-3.3115157295106608,-5.308927650054416,-0.5686090890950467,-4.08403042189784,-4.597141341017423,-3.3267457343101734,-8.27310866473965,-2.4275677093318486,-6.1883157490596155,-9.486155067680691,-0.12115713084095019,-5.357227879046832,-5.96970400889166,-5.033176855127062,-10.62978189113749,-6.313383327401677,-8.891976241040382,-8.398769616843195,-6.343124687281074,-10.196211826195086,5.773108494932578,-3.232081502622244,-0.7920283703642232,-6.575080108192798
Angelique,S23,epbin_Dig_1F_C1 21 rr fixP2 fixP3 fixC3 icfilt ica ep1 but chanlocs chansel chanlabels S23.csv,-1.6807987206629675,3.5444782942104176,-4.81932373579511,0.041881921246960434,-3.7600512002329456,7.062822683807388,1.5282702757049729,-2.950197095747384,6.23457710010811,-2.2744688643083153,-2.3822199270135394,-5.4946509469390765,-1.0950765459434464,3.462910006111964,-2.8929660972129208,-1.2499118828242153,-3.7157643810076157,-4.473669217858285,-4.352372053024645,-0.914350517492204,-1.2690715199687064,-3.039634529697789,-3.30558721884077,-4.875001887923181,-4.70125468813561,0.14677034240650222,4.9255287381915815,5.170914144712645,5.329028423869995,1.4051368417705277,-0.03180842851261395,-4.693177675486565,-4.682973046837036,-6.218641168595985,-10.395664888851087,-6.1675760446139245,-7.16217990155927,-5.1755293009330625,-4.731164654132426,-4.844032808609493,-4.329484746867044,-9.189547133571756,-7.110377213463966,-1.6888874974599366,-3.634723565966171,-4.880218322314253,-5.98966471623524,-8.150583426607604,-3.6768675135171853,-1.352138323071897,3.679931621619299,-3.1993008942615893,8.71295592964887,7.1654634640696235,2.880353674504023,1.6407839097766947,2.835289205938019,6.896890678074988,10.091468836511721,12.963610651041147,12.636001631918006,16.65959320111728,8.698941877506943,13.873118327354037,-5.445119065278646,-3.116368623516535,10.053275569725717,17.472410725531585
Angelique,S23,epbin_Dig_1F_Par 11 rr fixP2 fixP3 fixC3 icfilt ica ep1 but chanlocs chansel chanlabels S23.csv,-1.0647869780151613,-6.254727029504876,2.6302615183645246,-0.5066532723431107,2.104369511140021,-9.596864441390673,-7.0152138583408465,-2.9368469571295552,-7.534297404750202,0.36200407869390727,2.749893616877055,3.858781445178791,-0.5311969167681534,-3.801846877538623,-3.5422810466653547,-2.445306708886348,0.4527686385693836,1.8462524786146057,2.3554962419219274,1.1521975880453716,1.3279385352176203,1.68772315479725,0.2252129445590089,-0.4749720881475811,2.4718045318355575,1.1438950812321538,-4.85815123879283,-1.1469069348852332,0.9986458892046827,3.039952878237319,1.858979186049242,4.6177892437419175,3.3165739529943137,5.245057073118421,9.501796785304531,4.500290535091825,4.891570514684497,2.5668059230395595,2.6218032905444373,3.350863810886149,4.590069762861213,8.386426642565178,6.454766617700811,3.7100381237400186,4.604129945235142,4.21657251020016,5.3524568074738506,7.51420920393067,3.7290441330888506,1.3214454950671797,-1.9609899879805148,3.335193029235902,-5.985706798455536,-4.655368229768546,-1.9779533097111899,-0.5802500775061474,-0.4868077855366875,-2.7391499717003382,-6.370928359681304,-8.992746866317576,-11.210750376750314,-8.287414489992827,-1.6042453116422808,-4.278009795713871,1.4580713178560067,2.866584108287616,-5.575764320368633,-12.001599855516899
Angelique,S23,epbin_Dig_20F_Atp_C1 23 rr fixP2 fixP3 fixC3 icfilt ica ep1 but chanlocs chansel chanlabels S23.csv,2.502594420656141,-1.2100700337958394,6.266158550149712,0.336813460197669,4.335885229504905,-1.7451896553033757,1.7160734161227507,2.5623592317718935,-3.825473159023015,2.4114890089861354,1.0790156245465465,3.9768836831177548,1.282133296988503,-1.6155195548368166,5.061566898231357,1.5399521127080302,2.8384746562584877,3.050428894929571,2.540187640746201,-0.9568542044885551,0.3362358232845822,3.221676976344697,4.586331560500004,3.800632542292187,6.07561375389666,-1.2561147045201948,-1.9617122792488986,-2.987786243290724,-3.9876581011478525,-3.226324462361266,-2.5904778350176074,2.361078613317166,5.9375686768671905,5.5265918751018335,13.875076017117479,6.838759225799891,6.17117142329257,4.36933054692435,4.23153169807013,4.087585811382413,6.117371167408475,10.611446501322208,5.309412999308701,2.6560380117095113,4.1065239956735,2.2817332703985174,5.110574985591928,5.618617646969655,1.486019725165016,-1.5311458304014216,-5.716715137357338,1.6472225849014532,-9.727190020649433,-9.497056537224811,-6.458843457079304,-3.963162581155951,-4.871432764693321,-8.060655557626378,-12.136229535123247,-13.27577632318512,-11.420232369077434,-14.64949017897532,-9.30558634860128,-11.488671568081248,6.4368421120188986,5.749153571658892,-7.607924032514208,-14.97687392064931
Angelique,S23,epbin_Dig_20F_Atp_Par 13 rr fixP2 fixP3 fixC3 icfilt ica ep1 but chanlocs chansel chanlabels S23.csv,-0.1919450866273305,3.184438017762739,-4.652044125594927,-1.1908692377552166,-3.361950842210758,3.9678816333399864,2.302273026258208,0.3047465413160866,3.9880017096114613,-2.4239447692083704,-2.8537833269680752,-4.742807404175873,-1.83994585406179,1.352470325200199,-1.2023125299557327,1.2609643754805921,-3.8326819184615855,-4.4483614387172805,-2.5802356582524593,-1.7137602180856382,-1.2728215034352244,-2.343403073203498,-1.117421795724398,0.04839072564306755,-3.535027144988798,0.23869843502040278,5.762633146959211,6.143314738926403,5.4489090079275755,0.9338657583187758,0.4550280080161705,-5.599304916539062,-3.467624630491233,-4.7908352939712735,-11.971253304296159,-6.158020973788113,-6.050374291609871,-4.223605032030144,-4.013515637252047,-4.837080317665297,-6.929918761304383,-9.403601349859859,-6.133652801366947,-4.2123534117649575,-6.342750437752156,-2.822445304348566,-6.004926007340608,-6.93883045107663,-3.716576781492842,-2.0219738390354896,-0.5372485692409811,-2.5879881372660245,8.916749999277194,6.623142450068085,3.301840753185843,0.7139608974107801,2.1502315293946177,5.281704044802169,8.632555786,12.468431598704553,13.09544828598255,13.10127007564893,7.040368153088885,10.437816048716066,-1.4965830632913526,-0.593322694759395,10.353538121480986,16.648436997721607
Angelique,S23,epbin_Dig_20F_Std_C1 22 rr fixP2 fixP3 fixC3 icfilt ica ep1 but chanlocs chansel chanlabels S23.csv,-1.4502266996480577,3.410301266902871,-5.397074369693493,-0.09529097561199251,-3.394613950181517,6.777238981102031,2.846412666335855,1.2674840118253667,3.672974252561472,-2.9976962352625205,-1.5390744459748156,-5.407971542007433,-2.1631662660584707,1.2701866714939762,-2.3350649996990533,-0.5569744925687843,-3.843211099391719,-4.76198835326056,-3.4961711476628485,-0.40018398096742996,-0.533329638233367,-2.050336284200979,-3.2706619637268806,-1.7951615205214746,-5.608262160352656,0.8505314238734959,2.6752035979234905,2.996679256259187,5.356920069928173,3.37301516123046,0.6929014931506052,-3.8405448637494994,-4.932310950192709,-5.159759393183304,-13.489719811722711,-7.089447174240497,-6.16838292045483,-5.109613875273826,-5.118553974338308,-5.100405240327322,-3.9253161884993326,-8.642929537961557,-5.81303926720182,-0.7036400347509392,-3.977999998131789,-3.8867087459050635,-6.530020411258549,-7.125320037075312,-3.544276713060286,-0.055409092147721134,3.8516090071631113,-1.8977918585773672,7.983014239601078,7.390098082028953,4.465956848688768,1.7342099391737744,3.3970503913600023,7.764040142668371,10.560137927705854,11.988432732029064,8.995467719442225,15.518838148210957,9.634765902239181,12.489447043799077,-4.694164131532264,-3.819578860703308,7.143098981151281,13.615378370287374
Angelique,S23,epbin_Dig_20F_Std_Par 12 rr fixP2 fixP3 fixC3 icfilt ica ep1 but chanlocs chansel chanlabels S23.csv,-3.3574388569699787,-0.5548966588817689,-6.350269147979727,-0.12381316682668538,-3.5802401282276417,1.0960886908176366,-2.779399167901093,-3.8004211931890013,3.745138419676859,-1.4840943625607752,-0.2624692666574528,-4.134481563792949,-0.246773521047771,4.348670424825707,-5.59610014618966,-1.637530521703671,-1.8944710514176542,-3.6048949411345945,-3.673286358578336,0.3324375291552473,0.1820390161091942,-1.3260741382734378,-4.2591946774578435,-2.73871631884022,-4.9645509995582975,1.5397526211476162,0.26401084188676643,2.7228251515857815,6.157381170668889,5.49467235560452,2.5127877080349483,-2.7898498836416348,-4.746296043445586,-4.19399492748003,-11.78718300727904,-6.649673274770903,-4.837033758949653,-4.964718729910653,-4.882800940336254,-4.620148132572908,-2.7946188737236923,-9.956688883216254,-4.858635577697736,-0.7554027555096475,-3.8378684260810707,-3.282156426476016,-5.184511948935559,-4.575457478799715,-1.4330963425878718,0.09315774047517525,4.2774763551093455,-3.242101651201961,7.423971242119335,8.041054259801575,4.564071635461566,2.6117405289967226,4.6827283204951655,8.923655650779896,11.390313498411343,10.887014773472494,8.514526304686385,14.733417755471827,13.019471680011192,12.295238277571242,-5.207492312045653,-5.564812076481678,5.945658561065679,10.73436194276501
Angelique,S23,epbin_NumWoGE_1F_C1 24 rr fixP2 fixP3 fixC3 icfilt ica ep1 but chanlocs chansel chanlabels S23.csv,-1.5394577445935924,2.7486772647158757,-4.008299559615051,0.7328495652794769,-2.979217868491202,8.327952902500344,2.2697834163146045,-1.6283409244668594,5.282227831436834,-1.3042679276783262,-1.549192876402109,-3.7221397666161042,-0.4781815430461532,2.62796667830839,-2.461895327388152,1.54373805751519,-2.152944908446547,-2.758242323366483,-2.6868849610569283,-0.4675327139949185,-1.3390792486134862,-2.524191440873129,-1.8966330334747024,-1.4693004820824074,-3.524224817006,-1.0255139914635478,1.7225389436008678,1.822275715503925,-0.09596065199183856,-2.643476666977673,-0.5558097441998614,-3.4655696985613584,-4.801656596143998,-7.090900361958406,-11.787429057232659,-5.4126359233789945,-6.401276101149188,-3.1360292161926346,-3.6059461174246645,-2.9400604448300798,-4.833520330497146,-8.431085110757527,-4.500027569635053,-1.9633778572633138,-4.533918592226165,-3.535874374299164,-5.401672808722763,-6.498499664223967,-3.0868529521341963,-1.1691437289886544,4.664611106591499,-0.3378990431727596,9.750546063198787,8.050275697960638,4.285527885271941,2.4610762168302296,2.3456387496014983,5.1316486529343255,8.893347976961778,12.089643392053576,12.87869733622794,12.17719610524278,4.01402513746882,5.661494165710255,-3.301786039725339,-2.964084516761549,6.498643697045082,16.029655625063143
Angelique,S23,epbin_NumWoGE_1F_Par 14 rr fixP2 fixP3 fixC3 icfilt ica ep1 but chanlocs chansel chanlabels S23.csv,-2.5313743150793497,-7.256727896320986,-0.8356310093888935,2.0203061869973022,2.488470190573989,-10.213384390906063,-6.405123843587564,-2.38268416513083,-4.108422118931904,1.230300359850989,4.08889517589558,3.357024047151965,0.1442569955661109,-2.2672969716058304,-3.8677292340643863,-3.403523178651474,1.3261726757808177,1.46976836304244,2.53602011788157,2.5361687138190407,2.5956893324843033,1.8976751355369346,-3.6706876317452477,-3.4982566032017792,-1.3858588910923386,3.353224154857473,-7.757661915968179,-5.079320086154901,0.7881459408329317,6.157489739288719,5.812921269862355,5.39875662475472,1.4538909332293808,4.4493849370830425,0.5258654564422385,1.821680434246185,3.7194379790938585,1.5248440169742463,2.058630063385367,2.4577732953573093,7.617982064359184,2.4090729099536805,2.8620259476461563,2.9020356314600435,4.156809005338259,4.337997067042389,4.718695124308895,5.8781927626261075,4.986486078094583,3.4366635852638283,2.3605223788684087,-0.9710304092764076,-3.918783429878594,-1.0190654422908492,1.9814201531352358,2.3673920813152978,3.712090194814108,2.955957272117843,-1.1948680982817366,-5.844552789299147,-12.034069088947975,-4.8318938600521015,3.869335805906321,-1.3849497910192723,-4.15654897726204,-4.927769815908061,-7.5958142980594,-13.222447971683671
Angelique,S23,epbin_NumWoGE_20F_Atp_C1 26 rr fixP2 fixP3 fixC3 icfilt ica ep1 but chanlocs chansel chanlabels S23.csv,-0.025859458651266005,4.251508860158831,-2.466063207817193,-0.8488046435722482,-3.3940652010735985,8.506121723150345,4.115011544770275,0.5906799883896963,4.606063354673254,-2.2065322258064386,-5.193404927439217,-4.92046413612532,-2.223172965552392,-0.7915659793889042,0.9453463784565836,2.0011282391218903,-2.6015895022329683,-3.6714206097665563,-3.9911589182687837,-2.3747235307152876,-3.0306755661278304,-3.7309457986763683,1.1658938789494404,1.8300756367155322,-1.7557766313038445,-2.9863571942842673,5.370573731463884,5.683116157677687,1.0230017329350065,-3.6969519626885776,-3.040356360162597,-5.246602803444414,-1.3846863676582135,-5.0933951260584305,-5.662946493788165,-3.09020368887132,-6.364814590405949,-4.492364479341857,-4.140648071055278,-4.170062029016668,-6.436822513972317,-4.78668022476771,-3.4853583913067507,-1.745061175880062,-4.5228657392852805,-6.468805551974034,-7.427060890671943,-9.424024252707406,-5.328967453542396,-2.4940186487595604,2.1159142829581463,0.28728725990689585,9.240110083047623,5.884636279323661,1.6591456085495324,-1.3282578260510642,-0.7794758797382454,2.0301857667818264,7.203033478278941,11.9155755894956,15.604279892310851,10.964644084043217,1.0378045357412038,7.2063789469047945,1.3927989452915068,2.1333149133572697,9.996254342123438,18.063133506437676
Angelique,S23,epbin_NumWoGE_20F_Atp_Par 16 rr fixP2 fixP3 fixC3 icfilt ica ep1 but chanlocs chansel chanlabels S23.csv,-2.6651274410588073,1.4007883794935438,-6.290139455830651,-0.08032036097729203,-3.0561434600012776,-0.7943090080265994,-0.21504695270233204,0.8856346117194325,1.0985185939281081,-2.1422880039689423,0.8337889653642678,-3.089312620759631,-0.9981969119069567,2.376163459554373,-3.3570463196736102,-1.3238494577426936,-2.212564596585389,-3.228463914504669,-1.6692215551012373,0.7700577571129412,1.046533763438587,-0.6058477804908035,-2.9551965267608593,-3.36904018216321,-3.5521341149229633,2.9753897965197598,2.8087640495041084,2.6452253578150424,6.769027383491302,6.657279813697217,4.076534212070008,-1.0064405781229921,-3.802841432404931,-2.575792116961414,-9.818905944884676,-6.172350083511319,-4.52369982761752,-5.088497216790229,-5.175729943884723,-5.211811704174537,-3.0297854160489432,-7.7429852287723,-3.32435672771603,-1.6264964831630433,-3.6225933178278336,-3.0909336257199733,-4.421328444073798,-3.188716725750377,-0.6626479272661725,0.4691788214622534,4.364571749024166,-2.47887022688862,4.871511981801824,6.327474409153101,4.3552239039153475,3.460251241724131,4.927372966144654,7.2453334509561,7.11509907543225,5.461629406288539,1.3080336126341559,9.966144033725879,12.24900354799285,12.127068060398331,-4.559999578645918,-4.997331433647244,4.182649995086594,4.952114409600184
Angelique,S23,epbin_NumWoGE_20F_Std_C1 25 rr fixP2 fixP3 fixC3 icfilt ica ep1 but chanlocs chansel chanlabels S23.csv,-0.5851983790324214,5.131690428806637,-1.0942678381909043,-0.1399155065967902,-2.374303376545286,10.868820256846236,5.649270037965235,1.4303795842227514,4.306125214361596,-1.8650018559434147,-4.595245802536428,-5.8845915461680125,-1.395756626476039,1.5565076711332766,2.361595369149175,3.461492127136867,-3.85465782774726,-3.8787749300302194,-5.4847723324312705,-3.127458570526479,-3.606439233934804,-3.7429437069733846,0.5533795182129335,2.2321537448653594,-1.850084824312042,-3.948915495888328,4.63272120058473,4.870497703788124,0.021577159456373906,-5.543637309848088,-5.0436504929453365,-6.97312289551109,-2.9142292403372374,-5.327495900895484,-6.96799732685444,-2.8238244675242177,-3.896016277888695,-2.815128275261315,-2.348476606520803,-2.3646980401547313,-5.163536872329013,-6.295744671115838,-3.6667727530559144,-0.2766764741023378,-4.170586101754171,-4.599194862050834,-6.543084104557227,-8.984512179840547,-4.973289307951787,-2.097322537112717,2.007295448042292,-0.4056513925605402,8.561190899794232,6.1892208473042265,1.212540372261016,-1.628134652973455,-1.787048324804971,1.3106383813779434,6.271605108553449,11.72957028665181,15.591451359275156,11.093346411026904,0.1625030898801967,5.046302780976194,1.4719158352944093,1.4082820460683894,9.078688868009053,16.827402566288566
Angelique,S23,epbin_NumWoGE_20F_Std_Par 15 rr fixP2 fixP3 fixC3 icfilt ica ep1 but chanlocs chansel chanlabels S23.csv,-0.10636496155099706,5.468810409161924,-3.6135136981312943,-1.4267866237610758,-3.3937440605286793,9.4294333224922,5.027425010700017,-0.2291293374196556,7.562551910353778,-1.369084448460231,-2.4974377783443718,-4.523313578957551,-0.7288236769901143,2.0154310370412496,-1.5839826322310055,0.37587535258877897,-2.0386145893973917,-2.832817024410007,-2.194516558080613,0.18402800766560404,-0.5431993090942088,-2.4138729504943592,-1.3635069683560508,-1.4835038675121806,-4.458734896268945,0.6002471124639878,7.20186245914874,4.7038471056102695,4.570127889615721,0.9612919535393816,0.8587630184449613,-3.7909370956633066,-3.5365597338359827,-6.888135423048828,-11.353251390467905,-6.431039088945132,-6.677983570319679,-5.3302928745062905,-5.387642125196019,-5.844541949511411,-7.728468437863708,-9.394876187272285,-7.737648777310993,-4.684752218635051,-5.720632935071784,-5.876121612617796,-7.245403367829985,-7.973723350813157,-3.829646673784331,-1.2356974181959521,2.9171906804854664,-4.370139847666287,7.680098823292165,6.148412315653803,3.2316393637539456,1.9508588931473934,2.7675894368530978,5.493145155580529,8.007869776207682,11.658689405116686,11.259224049498595,12.209067999515916,6.9467385189466375,10.559122043641027,-3.893591404763247,-2.9556140344636375,8.925485218081459,15.972826816529475
Angelique,S24,epbin_Dig_1F_C1 21 rr icfilt ica ep1 but chanlocs chansel chanlabels S24.csv,-22.408180032275222,-7.647875493614846,-15.671552072466763,-9.436780235922912,-6.595488172176253,-6.138108567143331,-0.39525161165366723,1.5262688858226288,-11.009709657566065,-3.3269713092163227,-7.3472605924226535,-1.1410161118121702,-3.852545612931406,-8.132989801186564,3.1917664087450435,-12.545273893742827,-8.469808758193508,-6.159652770999939,-7.297602773563115,0.8119708327952867,-2.4873977673952363,-9.364246120793151,-11.487441862987946,-12.917797549061435,-6.610541297613882,-10.311425528435413,8.01059293385677,11.440939186734836,10.102106182374937,7.953165152313665,-5.39130719732151,0.49908156203428344,-25.104042260328843,-17.208501630307854,-16.67826063902424,-14.60327115974816,-8.965431233642924,-7.737385240646971,-7.562195313799322,-6.573362958871395,-13.079656015618987,-5.301026242028285,-0.6973557694657281,3.1208031669268146,-0.17875261867058329,-5.946222553313394,-6.319168506683115,-0.7549070314049444,0.6149936448099655,2.8868823082130706,15.571975387892387,19.115036984428805,24.110147701632606,4.645961240882505,8.387792458856266,3.342826062669494,7.093491746135405,10.547918230932071,17.467110730430615,31.335675863829184,31.595006940198434,29.26091573714121,11.569554142391858,19.506613238902414,-11.34637079238407,6.715110177794869,19.74351829554757,34.034915292303076
Angelique,S24,epbin_Dig_1F_Par 11 rr icfilt ica ep1 but chanlocs chansel chanlabels S24.csv,2.97246907270628,-4.308505000387374,6.195422414142249,0.6066123413170829,0.8297923347653934,-0.07171926187788728,-4.039630181307678,0.6361147070449843,6.607718544520127,-0.7151400881185015,3.035169176959291,-0.41141991780007414,3.440525298201213,7.052252019992857,-2.4933700013934272,10.381307188450704,11.68961397972555,6.7323444475951835,5.4683340046641735,1.2102414448381174,4.277166418290734,8.882869901552509,12.145111089746251,12.127931671272265,0.6660433718893107,11.6068687552371,-10.655353203958216,-9.041093567575544,-9.488050850464987,-5.577077229634336,4.838235247430224,0.7069463022510448,6.907830030340875,4.205922506659095,11.190660332560379,7.385002377306858,-0.885727751122981,1.1955796922848017,2.489514897286133,1.9165693838355984,10.793679010562787,6.3670126589365985,6.795609353073833,4.517218007948332,2.4953511672802287,2.4960029302330926,2.6851069430391132,0.9646677939351498,1.9745507695201836,2.5516916053176923,-6.8282917821257705,-6.291152806785047,-10.067714076306148,4.472510801142023,-1.6907188576942165,0.8773003641549953,-2.7903601766641377,-3.830984029791684,-7.4566025389884585,-20.88229114527109,-17.742097142616345,-22.87283568906001,-5.0668467973940015,-15.59507184818459,9.621164112583267,-4.501320222777914,-13.637954974229768,-27.070704828750173
Angelique,S24,epbin_Dig_20F_Atp_C1 23 rr icfilt ica ep1 but chanlocs chansel chanlabels S24.csv,24.533276115049617,9.134277554094552,17.551604202586415,8.894510810404773,4.749437798363096,3.097633422477569,-3.505263279168846,-2.6600858516689505,8.59435720324062,3.9788406572642607,9.49610532900622,3.0346794750695474,3.6971407286057927,3.833011778907132,-11.647349139976024,1.791189700168323,1.211144304111539,3.917378645153662,3.6071498335901575,-1.2272997447780314,-0.3165961024824845,-1.2811074326803464,2.631286829435255,3.2735323573688504,-5.723490409794331,8.61529234571623,-16.81979837947905,-17.468358676142973,-15.110102627879614,-7.8151798486465065,4.95397810327227,1.1944185488688832,27.555379486189686,24.824154872337942,23.96648504413287,18.722370295375356,10.63176830473571,8.310856688231823,9.636722194930352,9.685403643189307,14.601232006487281,11.347632217926806,3.9636630425548742,8.81216322461669,8.911981127126845,7.930795261482132,7.011084956171861,2.403954410876891,3.89916735280816,4.610879246281551,-6.095996392771484,-8.449859862955067,-16.67247371364196,0.6117623874336554,-1.8117196221586027,0.33865097722563503,-3.804794519823604,-6.925398710326747,-10.100912884538403,-28.315772543545357,-32.30446283163489,-30.93427524907156,-9.011438228942755,-22.430802483303207,-3.0361280245408007,-12.975167306053153,-25.33784217730129,-37.784670213775186
Angelique,S24,epbin_Dig_20F_Atp_Par 13 rr icfilt ica ep1 but chanlocs chansel chanlabels S24.csv,-20.5691957399283,-9.905606087649259,-12.972676738349982,-4.142564492017392,-1.7881620673106804,-2.2970786576331554,-0.0849220032377563,1.251501822198567,-7.83543963303031,0.8741332632986918,-3.314687669454998,0.11541464786778882,-1.6520740722133147,-6.541723311615481,1.8031815340322062,-8.804057816341377,-9.728972422023048,-6.903099466276815,-5.8533321736092825,-0.03231868104564212,-3.6504601462061084,-7.422533270007318,-9.547604920002803,-4.303869979504282,-2.5160557752163877,-10.720281752523526,11.145735141771127,12.754346007968467,12.833156079938794,4.928385752921743,-3.611553212435656,0.5069803669647134,-23.886260816913722,-20.88616847395216,-20.434108588201013,-14.378572424085121,-8.16747879711529,-3.3470373798549993,-5.17475101840179,-4.872241127327103,-12.728796063918978,-10.637779928842416,-7.137668114941366,-4.560898447825267,-1.1247815500864848,-1.1520529945614257,-1.1345278984095617,2.061392985649693,1.0016831221463725,0.17926903575663322,7.484259262603268,6.28640347554009,18.014538952175755,1.4995219983741,4.28750132613174,1.7476853034537578,4.47053764015394,6.685237584616923,10.394440986193683,27.849945992194538,28.379126874947858,28.838111694033827,8.684735068392127,18.508209158736395,-4.617868428848752,9.775892936518675,20.40169894986409,35.67623368639002
Angelique,S24,epbin_Dig_20F_Std_C1 22 rr icfilt ica ep1 but chanlocs chansel chanlabels S24.csv,-17.742870254315196,-8.844687738903424,-15.07295538190304,-7.86919974383789,-4.270163037151176,-5.611893827341997,-0.24272269529043983,0.8565901350665085,-10.397494080095512,-8.069379853270446,-11.529661004427476,-8.039321098240464,-8.160527397126724,-5.1773448482013675,8.559138081703495,1.3894566487974105,0.42873610694916453,-5.095433178269215,-0.37531769892409905,2.32523420090025,0.2890040377641405,5.328254862354709,7.613178023840115,11.728092721876395,17.878164728353624,10.405552098029624,26.887929262655142,22.236988706163277,22.139738047699876,9.74819712093658,-5.578236566934274,-6.105595494320195,-20.737537981068872,-19.447210591595137,-22.836071478202108,-16.218839688981653,-9.78935675265899,-8.67535574691731,-11.348917788472093,-13.073452681044028,-19.235268111938115,-15.201782465270828,-11.32481042192331,-12.581635582041448,-12.236825859089683,-11.027842660554114,-11.138229156577081,-9.43360107972987,-11.376582709430442,-9.211323022286672,-2.5546658567130383,-3.302878952599754,9.995362632225982,-4.834042648906363,-5.6817353894655405,-5.862015575960113,0.4653278855768422,3.3643527345245796,5.897174175509136,21.76505540791592,30.770261582789523,32.19380971528039,7.61251717775952,27.964345929490747,13.372518923506643,18.889127113775807,29.32534745743183,45.88334079249848
Angelique,S24,epbin_Dig_20F_Std_Par 12 rr icfilt ica ep1 but chanlocs chansel chanlabels S24.csv,-40.80885131901032,-19.526247581138257,-17.86819804726087,-6.639364359543527,-5.4727939908398495,-5.212276755507599,-2.713743736601108,0.5538367136393715,-7.406629225661824,0.5258275959142671,-1.2268077967292543,5.193278625580036,2.6466804765253746,-2.9596163013663723,2.888797399459887,-7.527689243496065,-7.149695340850837,-3.460092746501884,-0.5157166530370594,1.8102669315967848,-4.1068035391034154,-8.624292012385856,-12.27389404184471,-12.32465305624723,-5.342334512049648,-17.195838958387803,6.559801588322741,11.611120659985351,10.05363895737201,7.046368079081918,-1.4396050589130682,7.210150941335123,-39.284105876042204,-32.64145579724835,-28.21017820592847,-19.031163066311677,-12.661044342927308,-5.23307722402563,-4.556169076363911,-4.848904604837125,-16.59231268291363,-11.330882141354383,-2.7029638425326614,0.22610274390191515,2.8825763771264388,1.8439883559436987,0.9123380134341265,7.841136198022748,7.219749281945765,4.024444368547797,14.782289357737792,14.828990771867975,20.530660688593315,5.90973953192672,9.470786201809611,8.061158105914446,9.185661887321269,10.410318897271374,16.448515948106184,29.062608011640688,28.994147994076318,30.630248622032383,11.824385469607185,21.710399051412363,-7.583156155329006,8.119601410561716,18.847923627311896,34.603021120388924
Angelique,S24,epbin_NumWoGE_1F_C1 24 rr icfilt ica ep1 but chanlocs chansel chanlabels S24.csv,-21.83904201592789,-9.215081762815219,-15.97684302453424,-6.070047993355604,-3.374175593147739,-2.8714353353656987,1.0430056687284532,-0.7326572117470814,-9.47139444397311,-4.62441235250349,-10.155104151728278,-4.769248957936566,-2.7856311268770506,-3.459633763852735,8.686701215053718,-5.460863726363741,1.6985075572930382,-2.4771751553885095,-1.052668157846252,2.3971163667098314,2.363965670260624,1.8970409521489646,-2.4280172784972516,-3.3201760455998635,9.842188953478347,0.14905883203240483,20.161693554931514,18.661637261828773,19.02579425601085,9.502933110813865,-3.9595267625935846,-2.235920841677915,-24.309954137939904,-24.447045130238028,-23.643249030938268,-17.895308124162483,-9.081282521579906,-7.416238332024823,-9.81656979784903,-10.24477999987949,-19.721845560450397,-14.298680561459827,-9.258996051650316,-11.318208026579038,-9.884003781086463,-8.17560581697878,-8.898592147227461,-5.618244181298684,-6.3696105030350525,-4.7758366375385055,4.444982877896259,0.6079519149300122,14.823800669871579,-0.27229670258294153,2.1534178965863293,-1.6225500405269797,4.9345839644884615,6.551966788780422,10.639776778027397,26.29129285698836,26.121652802624563,31.348860145122888,9.731060861257149,26.87053458404597,1.9664353646482744,14.339864194363976,25.839924613896397,41.252207516782164
Angelique,S24,epbin_NumWoGE_1F_Par 14 rr icfilt ica ep1 but chanlocs chansel chanlabels S24.csv,-30.77175977149494,-13.405397951375049,-16.05625911308378,-6.475945611987901,-5.750031949480007,-7.2729093830559055,-3.5317364685060126,-2.020417127844732,-10.884543462608011,-0.6153853745361915,-5.0130376658813285,0.42639518735986803,-2.417328733339413,-8.038890986941693,5.870485524257226,-7.279679356625471,-11.415344451217079,-7.075307703788041,-6.870263188180718,-0.6929716673797127,-4.492816321672834,-8.938224276590116,-6.423354191440581,-2.09310690360188,-3.650944757041322,-17.584832046948776,6.561478933878247,14.737821134242356,7.714672571758533,4.561028086240493,-4.593602360607092,5.156991756217231,-29.27977979948318,-23.16794704053404,-21.060932262774298,-15.773962450460127,-10.042564984325612,-4.969676236843615,-5.813837773110164,-4.033901102370474,-11.611567115331022,-4.297343669682664,0.4021116245993349,-2.3983133120705498,1.33031306816034,-1.055184046236145,-2.232415212362755,3.824747014886416,3.6853215040701834,1.0760331586231358,14.14424699909419,15.923999672888225,21.300033886628576,1.1619399751323796,7.881086403504845,3.745319238114801,6.318456302325657,8.367462288982189,15.020085757197897,30.701010640802043,31.135797277497602,27.613063753781624,8.467471676210883,17.881024968287434,-1.4475849995981365,11.780016853868375,20.934497702437415,32.82618962083015
Angelique,S24,epbin_NumWoGE_20F_Atp_C1 26 rr icfilt ica ep1 but chanlocs chansel chanlabels S24.csv,11.50318314861639,0.19349398970095052,12.309235359430003,4.603725092165191,3.6231387985064476,2.5155651229036264,-5.138766448475138,-3.902803374905646,6.582331488674202,6.388530655013071,10.91742390458699,9.938021641798239,8.67958217655164,6.050440513922546,-8.830481722745345,-0.35033657583714667,1.6639358645966857,7.642419121220421,6.947363386523158,4.158413339824825,0.9339572697755372,-3.941388663829102,-8.971430956842648,-12.061313258253517,-21.998663951438775,3.5821880005392273,-23.560686990875567,-25.372274766184017,-17.084236858627218,-3.2255202790660005,6.6585416043840215,8.500177400227589,14.510938478618828,15.204552910339325,21.428395274918863,14.79856236323246,5.355148412230972,7.400974959172471,8.84534007619559,12.028737989948846,21.975892155735306,15.487981062063142,11.98700352457145,14.682893453433682,13.549139715210668,12.162522487610849,11.164808226914976,10.324873866850323,10.748732585815393,9.148841477172496,2.5159888944626068,4.789760216666658,-9.298489213918531,5.919621516915325,7.955122498792259,8.675020493566073,2.9015672542385893,0.4419025656889093,-5.793632246584334,-23.898685123664293,-31.529440846287688,-31.760846908543574,-2.968888451023056,-25.087177646567334,-17.210994454536056,-26.706223961207233,-30.362963482006524,-48.34073965619513
Angelique,S24,epbin_NumWoGE_20F_Atp_Par 16 rr icfilt ica ep1 but chanlocs chansel chanlabels S24.csv,-16.13104480240748,-2.8422354363768805,-13.12811829240987,-5.7960709674642015,-3.1324852780115946,-4.201244603585181,3.604085501622592,1.0937624927067362,-9.827566594402734,-3.6323287327253184,-9.61734697892264,-5.413421359197655,-7.177942762544085,-9.668947547392365,5.087179783695329,-9.899014029451084,-7.99474323893027,-8.696711754581086,-6.9391959162799965,-1.6123629202106222,-2.724168494358594,-6.671561172409515,-6.94486595055823,-3.7918850101714026,1.8352069456920974,0.4126543808451656,13.366330985990647,16.72048577845978,14.100050292894961,11.379953055066085,-2.9586497351060164,-1.37005793451614,-20.479468170522317,-16.69402526414549,-16.870900132572395,-13.893773173635529,-6.325619426806559,-7.190772332308957,-7.322888609631904,-8.610363759502535,-16.83518612925742,-7.726519706151109,-5.417408110032107,-4.959474038857333,-7.640782067313166,-8.660440893897146,-8.015485516032744,-3.8482631472452185,-6.10548588688853,-5.965295569339139,5.937625953957442,9.951424303093702,21.13261138434207,-3.4542759245349925,0.2973265111338289,-0.9327429799794874,5.267897371228741,6.812711301451307,11.00022858518501,28.646181385814707,30.277468725516986,30.47493935010071,10.218448924616673,24.429054971802245,0.5285855369912956,14.08930876553224,22.647573966826364,37.81004296169114
Angelique,S24,epbin_NumWoGE_20F_Std_C1 25 rr icfilt ica ep1 but chanlocs chansel chanlabels S24.csv,-14.20615341764186,-3.41122250079378,-13.57345114093064,-8.138831648800366,-1.889462733336221,0.14700646586235594,8.541619074747183,9.011046459454837,-1.191111259908398,-6.794296724985628,-13.055656399841446,-11.675997687660118,-5.9815841212422605,0.33854156861762763,17.147589239506875,9.79754742113302,3.622976286410551,-4.672039800015489,-3.71505521025186,-3.8990208586667925,-0.18383890917811666,8.566732332676528,16.627402472240117,20.130321687527633,27.938346394751335,5.878340510251264,26.297568967924917,28.103830922237442,20.116408132801105,-2.2916087382466346,-13.082518625175029,-11.618304291689755,-18.400778375104817,-22.476819262468798,-23.4668640504664,-19.03376117709593,-9.097203205729045,-9.5887764968718,-13.82589287934115,-15.380009274979688,-21.82098634277579,-13.637914897889637,-8.095732994240837,-14.431858484123856,-19.43078208583185,-16.119443748777858,-15.172969770689805,-14.566376077087067,-16.32602161877125,-12.23487357451408,-4.842394789828727,-1.9373252890206345,8.866862195470894,-9.078591128454105,-11.296044705352493,-12.575239978311682,-6.470131702839196,-2.9790174891237498,1.2477137441973205,20.855671789293012,31.14542683952416,30.115560106080167,-0.3983534757486932,25.488641589789875,23.124084016927675,27.068818835611694,32.2080561380986,49.67820787638811
Angelique,S24,epbin_NumWoGE_20F_Std_Par 15 rr icfilt ica ep1 but chanlocs chansel chanlabels S24.csv,23.7651187609454,5.710878693058811,11.18957309553624,1.4816214602153965,-2.400944998776476,-2.1018063875427586,-4.981029825707247,-1.6335313747874889,9.418703287935088,-3.60175216394934,1.2790770980024402,-1.6750541336107136,1.0496884296027862,5.497906077840179,-5.714887054071588,9.277951239794264,7.655361311153014,5.656505973173484,7.231666382399087,2.143396157360126,3.4958866904726396,8.085750075301112,7.819515460273118,4.417767057668603,3.3041075069611736,17.19054473920261,-7.773728234507944,-12.380176381987727,-10.028916770603914,-4.565306268133855,5.69616902083403,1.2409902077637656,25.450349993091912,20.145465893316217,19.76220755299424,13.829126500749034,5.693649821985805,3.0972266427061443,3.462283610295781,2.728226136930444,14.59266426923294,11.254976522675562,6.574430876593708,6.944256995995047,0.6167538822743321,1.4309539582765456,0.62582503622826,-1.395680274801828,0.13441011691288748,0.7189662552199649,-8.68681534586954,-11.37898060562452,-18.722205414655885,1.1771123512671753,-3.3593024968264924,0.05034750701169963,-2.9490857816044707,-4.461600793702502,-9.574658133145505,-26.23051845688273,-27.58076038770411,-26.416225984191875,-6.503227393598851,-17.66360947395293,3.8472934561422316,-10.327118663017632,-17.691339641018356,-34.94643341604104
Angelique,S25,epbin_Dig_1F_C1 21 rr fixAF8 icfilt ica ep1 but chanlocs chansel chanlabels S25.csv,-2.766988544316451,-4.856595660734475,-8.313463416465941,-11.545774984340694,-9.044976680871933,-9.777999154354848,-12.478351997158326,-4.958389527266602,-2.9443343055354823,-10.361426921834086,-12.07143866053588,-12.679720692613081,-14.740892367192698,-5.497516331046189,1.8591730866280352,17.850551138298304,1.6321369939026074,-4.316597204116019,-10.033201165583067,-9.405675517814977,-5.068885715665668,12.905667444784783,39.56122058171019,38.67459002117561,26.63013721425739,2.2563635305378225,12.954121696167029,12.852887166361011,8.272835363232375,-3.1525071006448937,-13.235774294527769,-12.309710780452454,-1.5906750639427933,-3.6335326052313768,-8.81036612927617,-11.989816775277392,-9.588221944890432,-9.282432532648121,-10.626853878002825,-8.381974254304245,-4.106743651190089,-10.807749485874863,-3.714514000058137,1.7381311245511404,-5.750234290805538,-9.77349600519631,-9.497898285981988,-13.59303905127052,-8.030037872998351,-4.095167968988361,-2.2005392814567633,0.9076464025054329,5.372882578121266,1.2070686611802883,-4.3242586856095615,-5.601591150614643,-12.376395902023782,-1.4605912151955942,9.18475692227235,25.070510936464053,15.626993043142216,8.054924621914813,-1.2422974963983888,10.24176510569192,39.6764325474605,22.772399997348778,10.49850616667627,14.23695341426642
Angelique,S25,epbin_Dig_1F_Par 11 rr fixAF8 icfilt ica ep1 but chanlocs chansel chanlabels S25.csv,-0.6177646236320806,-2.334052660161861,-6.279776246969072,-8.378158472161596,-3.545825421399707,-7.2317316785553984,-11.602047554867351,-3.3791435774442338,1.511307470847647,-5.379994216885672,-7.5411459934643545,-7.90531566541897,-8.474629296594625,0.650993314184808,4.676429188403962,19.02152687698635,5.116282212183853,0.33185793657010504,-5.216368521725445,-6.323611158758558,0.4009208425676475,14.991154125722034,39.72157453833191,36.68725378646535,23.270251598079195,2.1718322975617137,7.170302853539354,11.82159465414236,5.823208327842474,-4.842539588180936,-11.813937632153133,-8.56546593007342,-2.3278034926874414,-2.4444294106117925,-7.4714606779074115,-11.704853850414239,-9.393365935872676,-8.264575670038733,-10.042362666172595,-8.15327703102324,-5.690597338354323,-8.265098567382742,-2.7734890474354934,-0.9241912130578234,-5.745586204775643,-10.633856982339644,-6.847214702009571,-9.97392006900646,-7.564257095927323,-6.223980640167535,-4.577033189228937,-1.680043701788684,-0.7242958426673128,-3.012988097548747,-5.599428392604501,-5.025212132503429,-11.07971135702419,-3.3517897062133164,6.213454240296404,15.138943010589623,6.19142532791438,-0.3547418363158738,-1.2323801773594787,7.620813102490819,35.49392511668487,16.45548083017471,2.527453597122244,7.505468430960933
Angelique,S25,epbin_Dig_20F_Atp_C1 23 rr fixAF8 icfilt ica ep1 but chanlocs chansel chanlabels S25.csv,2.534824541239936,0.9982897486815321,10.373992808642946,14.294826535384479,12.827167143691936,11.540200281939683,9.783679762081576,3.757984017159134,2.2229040180693094,13.639367476721675,13.93980998429278,12.603202721999278,12.146740276088062,1.1203083156225822,-2.1088596710305754,-18.09710710247077,-2.4562144941762645,3.5627971918886447,8.807087187938693,8.820725383714759,2.0359363094285534,-14.525140037328553,-41.251494022521634,-38.484505314136825,-26.697898942411925,-1.5912342328856686,-11.363900328843807,-15.488759883878885,-8.911220916735902,4.442694614830269,12.641958501023312,10.388710408470457,3.564678907123347,5.629749239190006,10.735884894818888,13.07703188503314,11.707768071739533,12.213003890586743,12.479696399926592,10.772932225808638,6.989021346235057,13.500874432107118,1.9301576432980305,-2.821824194151699,4.0630262330919775,12.125107468115777,11.487136457121661,13.781054312876368,7.398038530626195,1.3798179388944687,-2.066431725116548,-5.340795492262966,-7.517062112720333,-4.255990498210946,0.741591380284297,4.030856476303936,9.453412097677887,-0.38688132562151695,-9.631885691756693,-21.829989611291413,-12.205422426135252,-5.663581068919925,-0.4630445672529031,-10.107001269268439,-39.25918491483878,-19.375002512249306,-6.691426265096899,-10.952200003078657
Angelique,S25,epbin_Dig_20F_Atp_Par 13 rr fixAF8 icfilt ica ep1 but chanlocs chansel chanlabels S25.csv,1.0816791284650544,-4.5709161876110915,6.824259237449312,8.892723698852448,3.367171846351909,5.49576078655879,6.0387945761924575,4.359162974233578,-6.6270284791526635,6.329789112700406,8.627616511378305,7.60865440438129,5.014504441150931,-1.776433113044187,-4.427734110907817,-18.236958920883215,-7.6086714802447055,-1.944326317305223,4.737715174507615,7.140964239395817,-3.494393121962439,-16.689474154199527,-42.033212691786396,-38.33328680357722,-23.643751530408775,-0.3743396156117946,-4.6972221782033365,-10.343218076379593,-3.1862681578489105,8.867950920916968,12.182840064147225,9.215834144250458,4.068507050931052,9.0588708791788,13.766208153532213,12.912916962342381,9.455942933054928,8.632056458666014,10.051606496640327,7.501219914558276,6.5597763681356485,19.326839138364765,7.76996155220074,0.3437482011734606,2.4836124869947023,10.045699507918997,8.405101784643557,10.779516206902471,5.92539063057739,2.7881560348614807,3.0217729058504936,2.8022382674915707,2.630718176935135,-0.6293344500514007,1.8561776043613611,3.2477015405067036,11.001352524732697,0.769050797731499,-6.132176739644636,-18.663204659315163,-6.828642627332046,4.1413510596589695,7.289708825258515,-6.0726346409036625,-36.20273529435358,-20.65635340664281,-2.4250983810938718,-6.823220465818362
Angelique,S25,epbin_Dig_20F_Std_C1 22 rr fixAF8 icfilt ica ep1 but chanlocs chansel chanlabels S25.csv,1.348647596415153,3.1748020258936376,6.254477309832843,10.612076337862076,6.35813158003913,10.010303998276862,11.333691575330441,0.02984630495941275,4.224767011545057,8.156352664380233,10.847972544554429,11.388222782707059,13.064992191249578,2.9164815019928536,-2.432107380709314,-19.092739036053494,-1.7156495396752225,3.16396720208509,8.819880317316299,8.366529705654285,3.5923818011374253,-12.075721732184777,-40.10660260097243,-34.2683380939025,-25.901897243746312,-3.453216883929783,-12.567428862658195,-8.625285017326512,-4.9002099394789065,3.845393692219799,12.20899441317893,12.470822870748789,2.009239060065072,2.147142018982665,8.576343239062899,13.100318926363867,9.359402047077811,9.416163776091695,11.095796578227462,10.85668856641816,6.292977325990487,10.481570877281511,2.305152573812914,-2.3393585321174264,5.591384431314959,10.54571110818648,9.02760612372015,12.316977646193155,6.629923203501287,4.0184952358638855,0.5663277038038363,-1.606087256339643,-6.0715894577089635,-1.4688750947806617,2.401842540579702,5.936450334183561,11.96920447817903,0.19117140107652536,-9.003069321734952,-28.5052324145556,-11.53781614844538,-5.005149427885081,-0.7326195754320681,-9.265787748332547,-35.996523551194386,-17.103791955401828,-4.35253120343045,-8.896991598252583
Angelique,S25,epbin_Dig_20F_Std_Par 12 rr fixAF8 icfilt ica ep1 but chanlocs chansel chanlabels S25.csv,-2.971194761602826,-0.5548152443742136,-6.762143317349831,-9.096580770135269,-5.270374077107496,-7.833898600323993,-7.98662142445928,1.3581148355900474,2.421120632857623,-5.537336955999992,-7.323151812584087,-7.125725663504898,-6.774400652183033,0.496689340088302,4.2644024955242745,17.509446904019757,3.7320120796408287,1.7972834256347756,-5.2265626556692615,-6.919399473600346,1.30317993856424,15.533121361294663,41.612094140772115,36.75709131935613,21.94603879991674,2.0658355117355254,3.8439494447805203,3.8338641106846296,2.6090431188963836,-6.2823124986402,-11.224067266260777,-7.152994151912442,-2.0717174286337814,-3.8774296889058744,-7.894102348602374,-9.744262719117033,-8.013793086863599,-7.1399699559650385,-8.57777691149634,-7.034825697921148,-3.6258482338024116,-10.060613606281418,-1.4450666481322696,2.2812162232013242,-2.095864123200237,-6.959624305763966,-5.973967462970734,-8.69787887203548,-4.872293669226418,-0.8014240131603658,0.021773122145250498,0.39236238632540466,1.0560604935600597,0.4836176303549893,-1.3256864247170592,-2.011876443193518,-10.864079966107083,-1.7274822469525482,5.523310123863736,13.442943679018223,2.0387272190307777,-6.5152378873442895,-3.055289588794375,0.4758869499211313,31.783986299139492,14.246860420550933,-3.8966788593583703,-0.5056554313219487
Angelique,S25,epbin_NumWoGE_1F_C1 24 rr fixAF8 icfilt ica ep1 but chanlocs chansel chanlabels S25.csv,-1.3696395256497005,-2.4393564927479807,3.1920068312206236,8.022581317269292,1.7789576700538465,4.331888358749093,4.187204951281086,-1.8427994043660558,-2.9056661166526894,3.5479070209058534,7.205539565859658,8.890989044534118,13.102908367170208,1.251050870728442,-6.300487636202885,-15.188883265943835,-2.7192389469600755,1.4547109545489698,6.685694829218872,8.61146756244821,3.581948685490006,-9.578398065582691,-37.10797724753074,-37.28743195086966,-21.30951707485977,0.3569687676627879,-6.658597321430537,-4.2589047504809985,1.7212330316563544,4.309018510858508,12.51833910527015,9.780500847386637,-0.6374505250138336,1.830406350611249,9.344737249067053,11.432307117997215,7.739400653610642,8.171007322294985,11.478368758870767,9.948602982510714,7.59966008023465,14.771495142747902,7.604023038384293,-0.006502267722593743,6.286989748716917,10.464579990085346,7.998044255899771,9.808051735082215,6.126827827063465,3.8521945812589493,2.637835082446526,2.8913206494313197,-4.877048479779057,0.6795138165327582,3.64899656983121,4.465797016246455,12.905299371748415,-0.2051053481931221,-6.910973416761425,-23.11139358249964,-10.245496730702511,-5.452617041816923,-1.5085634731100797,-5.734059164667563,-33.88959742714367,-15.323111107995658,-1.6583526470611203,-7.689213621941642
Angelique,S25,epbin_NumWoGE_1F_Par 14 rr fixAF8 icfilt ica ep1 but chanlocs chansel chanlabels S25.csv,2.986009556298965,5.864789585243376,7.087459284340925,8.35493286128447,4.0635390091764165,7.13280522260496,8.809581271549998,0.15908396206101777,-3.2868566799291368,7.874416772525865,7.075689988840855,7.720442265676336,7.113159733344228,0.08998476251015951,-3.820023103455258,-18.291522182672466,-4.726641233707121,0.09385198103202648,5.869821509166784,6.79081221397102,-0.8080547321160666,-16.453085417647554,-42.506971119385966,-40.856169139703056,-26.138291078325523,-2.0117456381154595,-7.7638286383568955,-7.628815183843821,0.28431924997092195,5.289462861004081,11.243507718915513,8.914750593336603,4.458069978917419,5.988957968255679,11.783449668182993,12.679900998560496,10.53029094412321,8.051399533108475,10.05756221343619,9.127561008551567,7.030744147982187,16.681491585254957,3.7630084509907973,-0.10894975898097883,3.6446200772728576,9.106297673527493,6.5053878288943885,9.846858037617965,5.575575444153378,4.195267247136139,1.9843447532518221,1.9234395117184622,-0.39412435897808556,-0.5748770857915702,2.8292922047300997,4.734660717136658,11.549359461833792,4.477255263873587,-7.429905954315153,-18.52632934024828,-6.299807685492628,0.3481961339543928,1.753982204748393,-7.985496351732827,-36.61125653357841,-17.85387088646815,-2.830357007875342,-8.53841913250979
Angelique,S25,epbin_NumWoGE_20F_Atp_C1 26 rr fixAF8 icfilt ica ep1 but chanlocs chansel chanlabels S25.csv,-4.188464881535701,-5.5833832784819935,-7.2905443599821504,-10.678322170684613,-5.812957778044511,-8.61471155489757,-8.725268662215761,-0.9340119268031125,-1.1100740059092813,-6.114802869400004,-10.662231342514392,-11.578735082043798,-13.348900474209666,-3.7465812877421545,3.616414109949715,14.674557541226616,1.544617542894432,-4.391977797540155,-8.952104619622263,-9.354047637847607,-4.421427402486716,10.650818589871472,35.950309632042774,32.523694594858846,23.296587727051936,1.3655087509867692,10.562875373827406,10.769590418515401,4.539493933763997,-2.5494228512177757,-12.110455801531506,-10.632231717443787,-3.568739608465248,-5.459025703221494,-10.70187298406039,-12.16098947979007,-8.929771425506416,-8.526107838597746,-9.180004120717705,-8.091150265452361,-5.415468560988778,-14.485606214268511,-4.188210337253882,2.855665863433145,-3.9302563684310625,-9.179232182746787,-8.515354396895729,-12.43340731315309,-6.038658709623218,-1.8042318031716476,0.646498852968989,0.20138550190681126,5.95189403427388,4.681454356348154,-1.0862545333920903,-2.771283915925803,-11.189920584645659,0.9064971318777848,11.377894298808334,25.31163096947144,13.824024467285485,10.247204649057245,0.4880720526693723,9.25170780584609,30.662158166291032,15.805652741125096,6.003476164383139,10.746529007733791
Angelique,S25,epbin_NumWoGE_20F_Atp_Par 16 rr fixAF8 icfilt ica ep1 but chanlocs chansel chanlabels S25.csv,-3.8279229060531947,-2.8655999993757097,-8.080769310527941,-11.355657412492029,-6.5396864407483255,-7.732946487843095,-9.682183662495053,-0.11700567546002502,0.5836442785403226,-7.866822877069618,-11.200358583092903,-11.417533715911482,-8.511842764562912,-2.1172447487774058,3.408269266540254,20.288732278645643,5.000108589079049,-3.284907487396082,-8.30155829500248,-7.368315379740122,-0.9511261151461706,13.309478003865655,39.67459755596801,33.96312719647343,23.87989887348005,1.025000694115966,7.809342960556969,10.080169562697092,7.505716509284294,-2.184384665242074,-10.770962838598049,-8.663605305305342,-5.821903230928921,-10.454278197880056,-13.675344374161055,-14.1833734189554,-11.087635193813325,-10.141343374588379,-11.146537299269479,-10.60711614756617,-7.445391337148849,-16.388382066817137,-3.890724110966713,1.5301537810234722,-5.4860258062825284,-10.221871083249422,-8.768799383016228,-12.018913568297101,-6.250775836648266,-1.7224671081656662,1.3505342793865436,2.4882498752611593,6.044909020287134,5.880737234299069,0.7091406694268545,-2.772166332824843,-4.889271826867948,1.0547373722505764,12.709673794611627,21.41995696350849,4.431146875599838,6.478362543335757,4.597060973450097,8.120834611605703,32.29014291454651,12.074843373811637,3.196318960358282,8.90787927947398
Angelique,S25,epbin_NumWoGE_20F_Std_C1 25 rr fixAF8 icfilt ica ep1 but chanlocs chansel chanlabels S25.csv,-1.1345515097333867,-0.6466020635171221,-6.627751360109508,-7.9294692958209305,-4.901713486928079,-5.458836608445792,-7.336986339034862,-2.0228011709679454,3.668560187022731,-9.646235885210496,-7.713656216328135,-7.920205485893303,-6.0405296696957125,-0.9366900666523325,3.523331136552981,18.10913409035935,6.008634073665906,-0.22723744366619503,-5.122557204616822,-6.823952381667531,1.6616311771664156,11.845284388398406,34.75439110741814,26.967722307876016,25.307477885463545,1.444958359862957,6.76041411595664,14.054467556963585,3.1463520954509323,-9.142011302077744,-12.389521444376694,-8.42161029736768,-2.582057722525008,-8.094109310180754,-13.00393266770393,-12.195603949214496,-9.172915969364196,-6.828226744051226,-9.648268393169118,-9.55293344724025,-9.548315587747506,-18.722085290252384,-7.3312213546517775,-1.1480098564142929,-4.879125442221806,-9.288018675912992,-6.320833512221884,-10.17738270410511,-5.343135258843884,-3.350927182460528,-2.463893594381958,-1.0681171318958689,1.9384195497392216,0.35685212426614454,-1.96921007106491,-3.4668449110272497,-6.628672098573805,-0.7575447966093509,8.17205185149629,17.99736031163797,12.248263344528183,4.026385831935799,-3.535574915473649,6.313335265436679,35.655076861726236,17.136732845880786,5.56966623625531,10.853380148668778
Angelique,S25,epbin_NumWoGE_20F_Std_Par 15 rr fixAF8 icfilt ica ep1 but chanlocs chansel chanlabels S25.csv,-2.106161981507573,3.836738678436147,-6.640751461098022,-10.807389033022705,-2.224303116494099,-6.337773672069313,-7.4170824778434765,1.8056662257332465,4.146446128793597,-5.2575395005204095,-11.41167758154579,-10.705642176149587,-5.089310753260692,3.416738689632697,6.885395247342157,24.44742417395224,6.612281355892631,0.8293637106001792,-7.62241624012787,-6.177149347569116,1.604478609349787,15.411177812420485,41.26351411134519,36.69080407762428,24.342197275374133,5.00120573367896,10.108079815622085,8.692191045791086,3.2227297972863775,-1.281308187661442,-11.11106073738716,-11.857399820846512,-2.4364905435150477,-5.961007025204202,-12.843143115524349,-14.790921793723697,-9.577315248971194,-10.220153742215839,-11.419203634906877,-10.730162524458692,-9.527108009836805,-17.77750342519743,-9.790077387667754,-1.7949402047774181,-6.232428327672688,-9.144316766370801,-11.909660312648779,-14.283615401173819,-8.923290569941605,-3.9937568379522848,-3.0130640408947906,-1.7967210345012121,2.336367548887488,-0.7269041498497107,-3.240412381674177,-3.614642190005087,-11.257362852014941,-4.065817384604008,7.781599364312125,23.60927054883391,8.904162169479129,0.3313889533791314,-7.290155770427309,8.785794726875015,36.35506545326501,14.559504686231428,4.819585499736353,6.607975364982254
Angelique,S26,epbin_Dig_1F_C1 21 rr ica ep1 but chanlocs chansel chanlabels S26.csv,-10.686535060575338,-8.587192268369257,-9.029634251954008,-6.2814310062431975,-5.597741146756192,-6.706349200288476,-5.272058013427381,-3.1517951163466766,-6.3287847339533165,-4.457542822320507,-6.538360689193861,-5.748742148744866,-5.043453605129529,-4.161596230134466,-1.4134851152890289,-2.0389079215502246,-0.49361931632842976,-3.4279380845926113,-3.9729359767950028,-3.7727433417065126,-1.5650761721210957,0.3281994104104537,1.6861330151958809,0.020918216256112118,3.0121777654209265,2.6263498150103306,8.800345776400595,14.660536853894135,13.819068296786083,6.44997302254578,-0.6228777490322059,-5.854297234605572,-10.619851485794724,-11.852091534479623,-7.521261882625677,-10.30158705950549,-10.13845214345097,-9.112098622195745,-7.645714658589451,-8.75969512115121,-8.940506559004396,-6.4197805329127275,-2.9813153869492703,-6.371216680361692,-6.962576547574424,-6.531564331844419,-7.859514710349235,-5.3427400569987284,-7.346407447522696,-2.968161348388235,-1.8913058475597093,0.5229281951035416,9.678515684317674,3.7944182951888297,1.176427621014166,-2.4340750771915403,0.5943025449125913,5.531948175013669,11.117067098087015,19.866600814762922,27.23110386413229,26.890606269951036,9.70194598183644,19.66870650422322,2.7641271243388115,7.4601500962091345,22.533259328372036,32.81719749745831
Angelique,S26,epbin_Dig_1F_Par 11 rr ica ep1 but chanlocs chansel chanlabels S26.csv,-11.314044652730841,-7.924418533528312,-9.424007834003453,-5.796582223131013,-4.657568545149275,-6.3547658427278035,-3.3556183658228456,-1.7589003861219523,-4.833527717855586,-2.92224415986978,-5.866103267421651,-5.815429082341927,-3.8637156383472453,-2.793846260345822,-0.17494327932081952,-0.12329483667258628,0.44490155761114325,-2.2442580377916257,-4.336199177850379,-4.363236648329865,-0.44811271090876476,1.716270562285485,3.395583407496108,2.738949687514053,4.943083956086002,2.921478981774425,8.112506802492966,15.47177517886906,12.886964982786667,4.394466943851325,-2.206014148556689,-7.457844904873498,-11.190141948923904,-13.75947180955232,-8.895623782862922,-10.97924498894872,-10.839389391734931,-9.163547675675387,-7.569080767045447,-8.716272149122474,-9.968547686240667,-7.2843308667736375,-3.2883951391138098,-6.538197480643169,-7.237394638401838,-6.4983137757518,-7.415983303807431,-6.330642746448165,-8.55781134908837,-4.206648648668423,-2.2807804583070417,-1.1324200633923578,9.289898206377092,3.3130922630237203,-1.2555721094164327,-5.018308505164765,-2.0711584809046992,3.384715936554059,10.505281778319977,20.100412291232296,28.254998225298866,26.358347515666303,7.2298553264048495,18.572639376367025,5.062141546222611,9.17821729152573,24.962241883203223,34.994132447926134
Angelique,S26,epbin_Dig_20F_Atp_C1 23 rr ica ep1 but chanlocs chansel chanlabels S26.csv,-16.097057953074973,-14.15067967521901,-12.286198850847512,-7.41179589546927,-6.555263644723445,-8.258250999166416,-9.14552923382019,-3.409620482872151,-6.298505634586419,-3.9755817336168855,-6.683172294480755,-5.512214537667046,-3.2112431579154213,-2.0216725771342965,-0.08886789159656339,0.8295913650075273,2.3547704647189174,-0.3289773302220962,-1.9379875056435616,-1.0301722493759045,2.2043714372994643,3.80312889665089,5.441067801230859,2.2672178712920075,6.940084858771743,6.259805652301375,10.50371051351873,15.176568951578004,15.217545668542442,8.30676065963359,0.9334240816340095,-5.401560202024898,-13.981392900996752,-16.34668577691451,-12.269120727625952,-12.89934287751935,-12.67926275656746,-10.42681506874448,-8.44367720590091,-10.331287191827217,-11.754701252335533,-8.9315386480669,-4.624821029795735,-7.267491017977935,-7.427800842871603,-7.133215193361641,-8.228468892552476,-5.894273167022243,-8.215609037878945,-3.792264728111912,-1.9781095075090724,-0.5258955984022239,9.599441133950815,3.8286789181037455,1.0715208633724782,-2.5764064730500884,1.2465118324774034,5.881985942886527,11.453460552978331,20.868259830770477,26.875053862998556,26.721262290694337,10.72135317885461,19.47333933103983,4.786537171471462,9.455459596232965,23.487679479153464,33.82393704567743
Angelique,S26,epbin_Dig_20F_Atp_Par 13 rr ica ep1 but chanlocs chansel chanlabels S26.csv,-19.671344503728786,-18.759037596766316,-14.234437438188857,-7.662171076997263,-8.690204075563935,-10.789044714263422,-10.670931491172231,-6.629891157145319,-8.252992590726349,-4.7862256108199235,-6.412904069268844,-4.923668903649628,-3.921837002952755,-3.9110494379545226,-2.5376622556182924,-0.5501408685971638,1.180209651174585,-0.9707484605002135,-1.5215324736603366,-0.45617923433986945,2.3948335691136857,3.225723710480928,3.998155451755114,2.2043468605042236,7.160102348553839,6.13355190995897,10.372253985550461,17.191237258866874,16.00316707942704,8.978206556501712,2.1839939837593882,-3.8072068258789913,-17.070222202089877,-19.8418785853744,-13.211955912378023,-13.642599265588792,-13.414517536757367,-10.142444371777229,-8.484890330945248,-10.425211642054675,-11.517857628557035,-9.258089986050466,-4.383100662247977,-6.605928031536935,-7.256084726520375,-5.617683954281712,-7.093241111549013,-4.515293364376891,-6.501941473157384,-2.6550512109314934,-1.7894699080208722,-0.40317565688248136,10.454151096208037,4.86176939437005,2.2023638562238825,-0.9775744334854342,2.468434491641665,6.848608755664763,13.152068432041899,21.815663023612487,28.646408914909127,29.38573241609118,11.867475469431833,22.44771035240012,5.439391920763355,10.630781963569625,26.343929988134043,36.377138957054505
Angelique,S26,epbin_Dig_20F_Std_C1 22 rr ica ep1 but chanlocs chansel chanlabels S26.csv,-18.905005510038936,-16.221732855384047,-14.914048961797782,-8.922927763590256,-8.192700486342833,-9.946018694755534,-8.121326497180924,-3.3670714977715206,-6.228073753811929,-4.266693841227854,-6.965619416597501,-5.070965754183955,-3.348134152210322,-2.4586333820539603,-0.1908919995261791,0.3983426872808582,1.9436324367821376,-0.8083842379868278,-1.5936716448770076,-0.934018487506443,1.9354730519945569,3.2867768854813426,3.532609063232443,1.9818987236214405,5.650533918226746,5.03599901157688,10.170843500025127,15.944995912537454,14.926866638959408,8.38145534841995,1.6406241830500683,-4.665049702074914,-16.767677915090186,-19.016505616483414,-11.375042157995665,-13.67844940822705,-14.584097509497992,-11.877921997704624,-10.280735968435692,-10.944484491337194,-10.74593196578272,-6.46640139834076,-2.4515575527722744,-6.20998356687889,-7.809454648406852,-7.715046662677687,-9.352208329710319,-5.2652243152946765,-7.116194172550719,-3.230691341148016,-0.5869918231663274,1.5305490520107188,11.889171793443582,5.512142064004304,1.9793839581388328,-1.3008158839855066,2.2259202590059064,7.051096203730258,13.061595883948556,21.456548226921157,28.959907951995355,28.237805899772816,11.417506857456242,21.211228852303435,4.817179381774506,9.537136240605872,24.363927849354354,33.81522741411479
Angelique,S26,epbin_Dig_20F_Std_Par 12 rr ica ep1 but chanlocs chansel chanlabels S26.csv,-14.639040528571044,-10.588186734899491,-10.716920659033441,-5.480071026872992,-4.435090500614393,-6.771521498523246,-4.357488187691055,-2.114780662093841,-4.053429197152399,-2.15129176479954,-4.416188962680119,-3.857212979293176,-2.1508032116322995,-1.6389715016829036,0.8921687709365095,-0.04823795394336638,1.4278968750367314,-0.6591869436113369,-1.6576401772706613,-1.9217901885590927,1.4691367850339985,2.1719627730024658,3.629324728736784,0.5431782610057514,4.401234056523742,3.7905497762637976,8.467143811071832,13.603993335169005,12.919787752444117,6.009681086837693,0.42874673387371337,-4.600093389199349,-13.554077892391252,-16.046068016084195,-10.301589191070516,-12.054118484490415,-11.093253612412136,-8.504744520486827,-7.994478332073653,-9.909552154827143,-11.32156071878883,-9.093108485405065,-5.169255340206509,-8.018615579686921,-7.973333201181407,-5.697324944854665,-6.074625985926121,-3.3146847542496243,-6.0621075249479786,-3.9970738690348377,-2.9988465730951335,-2.465776918506195,7.511071271390146,2.3065063182938,0.134311405783446,-2.5819054481848296,0.5495903263145203,4.455880807548318,10.318405851431375,18.954364788068045,25.228436469975797,25.673935659918232,8.798386410281235,19.285376178287425,3.3803945602045076,7.942543156418835,23.580470656573013,32.6095700440182
Angelique,S26,epbin_NumWoGE_1F_C1 24 rr ica ep1 but chanlocs chansel chanlabels S26.csv,-22.258909012229626,-17.88011658481279,-14.879883577235052,-7.512940366985097,-7.930906951903628,-9.440755739300718,-7.242833382543565,-2.7001308900598744,-6.145464404449155,-3.761325862611117,-6.057899094588721,-4.852636511318,-3.522708003577583,-2.54131524764742,0.35943054389699647,0.4162782175124153,1.7473757711416242,-0.950272077929131,-2.9744502331507086,-3.0451518694343527,0.33778460250222697,3.01325058266286,4.93583169766932,3.4398511562694307,5.4699565146329645,3.4776042831250837,9.984601550160244,15.961444195946097,13.210290434135493,5.34842218815583,-0.419832948452345,-5.28182784546645,-18.66670250326779,-21.569346315246346,-12.561224418065988,-13.868178768154987,-14.81535613543065,-10.33601388108042,-8.490611122362884,-9.629378907530576,-10.093768254028626,-6.282499399139195,-1.4553777147744789,-5.59190298202424,-6.159478909132987,-6.2902214707632345,-7.11439960541795,-5.1095449801122355,-7.2325517410168185,-2.0885824390972303,0.2514777291961401,2.3844747921014333,12.262447822965196,6.261665686018485,2.7108281900569136,-2.0053778520978334,0.09846768916239554,5.676866241787198,12.617789545770277,22.166218365689954,30.392063581357554,28.09917210511701,8.999410591307866,18.950745719838793,7.245738331750821,11.34878617605881,25.111675731523356,36.479932839289994
Angelique,S26,epbin_NumWoGE_1F_Par 14 rr ica ep1 but chanlocs chansel chanlabels S26.csv,-15.798391583057997,-12.11057540873475,-11.700319455191101,-6.711112669278238,-6.752037816621727,-7.872891338604173,-3.981993063324036,-2.9683559073089754,-6.362557077140544,-4.191629988022265,-5.499064009787296,-3.9151731668248972,-4.302420646814023,-3.3253469667556574,-1.340612809834892,-0.6391895928449771,0.7464453758042205,-1.8892012971468621,-2.5606551144035827,-3.2611667532086184,-0.14472719863658293,1.7250643313075558,4.018194443955125,5.404062882882934,4.876660403711278,2.3562037777694433,8.337391580512605,13.86778242151115,12.26892371996014,4.8284941914006865,-0.3375390249361363,-4.946296771290264,-13.957390394167328,-16.46407145296131,-9.928495480792497,-11.782232646544042,-12.2480174407509,-8.9609611008408,-7.965886846267006,-9.173130501558106,-10.029498511312962,-7.307221415293979,-2.714800915352595,-5.351319472742878,-6.557533729480564,-4.70284873429688,-5.982726120873179,-3.3160678266202055,-5.6486834601758815,-2.1863895888880895,-1.4526261433084375,0.798319447090779,8.673462093687878,4.357567704545612,1.6773203028157209,-2.306555182470221,0.2999385879661341,4.696409067241873,10.64790310652781,19.628400204961604,28.174358086255786,25.281364075029177,8.162420702423024,17.99276142408597,4.851375922909249,8.8859685624014,23.06575899578177,33.025148110019614
Angelique,S26,epbin_NumWoGE_20F_Atp_C1 26 rr ica ep1 but chanlocs chansel chanlabels S26.csv,-18.537303313453933,-15.402944450276475,-14.907760652186766,-10.251286602805894,-8.690486833423531,-9.270305001377633,-6.103476395018471,-3.050124982948473,-6.167938124096995,-5.617166692836445,-9.86777213367799,-7.8017225382631965,-4.939124921855503,-2.5265422707074743,0.70490691671044,1.8314492224579577,1.3271591868983683,-1.8862051760295304,-3.7665857576045334,-2.247107397272914,1.72143913152231,4.423596854377081,5.390691754128913,2.7993170535004177,8.076930115710645,5.990759807777762,12.809253806864195,18.118604440974536,16.798118825393843,8.064646932385767,-0.09484565366920163,-7.054701368473313,-17.402635247386563,-19.862379085833787,-12.079544749928527,-14.916632944996284,-14.744303596097089,-13.039733057913741,-11.256587437342997,-11.71458184843119,-11.285964717251433,-7.251647434077775,-1.5776564970499658,-6.190814537037452,-9.390207778296064,-9.692398959983388,-11.511546486130724,-8.881022482654638,-9.939150083002348,-4.3156819515563605,-1.139984183822147,2.0901259487896255,11.962613019333057,5.44848191524374,1.3705471210596825,-3.420676999979559,0.6098826562683397,5.946928891302028,13.934860490153916,24.070539319243107,31.556013757758887,31.04713317142513,11.387006943956681,23.26940883556382,8.516915777872649,12.856830305922168,27.334877097215294,38.3374897350336
Angelique,S26,epbin_NumWoGE_20F_Atp_Par 16 rr ica ep1 but chanlocs chansel chanlabels S26.csv,17.992699506108806,14.489713863204607,12.237928908174972,7.4299078253670405,6.971735202939536,8.472512150856968,7.810810391575489,3.4518389736403905,5.841999811209967,4.053051548917383,6.774574756743123,5.270824502754259,3.7007391115876622,2.471810590986781,-0.12660146869997962,-0.4549589937851355,-0.9305313136042027,2.493707275990394,2.8395354654222817,2.288666706621015,-1.0274941661279056,-2.3156380578492763,-3.7315290171414186,-2.3971149509882066,-5.308512718506923,-3.6825950330753687,-8.32509664396226,-15.51669306930486,-13.722802528118295,-7.224986483134932,-0.6896456195938323,5.7957740056189975,15.869977287145478,18.956847144440008,11.780795354525083,12.734782069190615,12.141060450769563,9.443511816088188,7.632099943224701,9.40787926713142,10.72519948433683,6.96641607414233,2.3824253727826923,5.394655666165972,6.46766218327749,6.211430509551406,7.410544764266588,5.628539574148829,7.043180847501193,2.5785073546593744,0.8668440843912454,-0.6168288430474965,-10.635954793473552,-4.651270874283679,-1.9490697126311194,2.5411943378255333,-0.8635773253115404,-6.131143343598503,-12.427289431507571,-21.418742864853265,-28.432529860068875,-27.426571137707917,-10.563793192825234,-20.47510708270645,-4.608644293367341,-9.196529395719319,-23.78977227646755,-33.930362099485606
Angelique,S26,epbin_NumWoGE_20F_Std_C1 25 rr ica ep1 but chanlocs chansel chanlabels S26.csv,-15.601381906334334,-14.738862643647431,-11.49946101147906,-6.655468822694346,-7.144308641829333,-8.968392178757357,-7.759682314576031,-4.265508755111207,-6.630948654706512,-4.944891398120713,-6.445099295624824,-6.1419401918164604,-5.078800355942678,-4.450480091237156,-2.949264356307111,-2.7843944972700516,-1.3497161169303855,-3.0232168557994377,-3.8338573642791007,-2.9324729116778756,-0.6190274810137795,1.7316964857271426,3.0715354821099647,2.223341093368932,6.346352673193819,3.6915977760738037,10.301892969513752,16.319127848126872,15.150527977253414,6.419402013551606,-0.40858004376764356,-6.173747074474834,-13.800485955256422,-16.02810323066433,-9.789855678550929,-11.540800383890144,-10.235098538565289,-9.02371699645837,-7.410101946547399,-9.40412643347653,-10.211232884291347,-8.274992916270403,-3.753657148988153,-6.324773975302767,-7.051858840526294,-5.772825013466117,-7.168048965360409,-5.335892202284598,-6.955278252487338,-2.592070410586568,-2.695361012754318,-0.45408100283799235,9.56012458064677,4.369164490359571,1.53259514430555,-2.501038892907115,0.3509323500394396,5.836231045604298,12.69818854858225,22.164316796467713,28.54297887604127,29.020653563389175,10.47197366993677,22.071025689686905,5.701649667194554,10.852351170394098,25.99108842964336,36.30415647610816
Angelique,S26,epbin_NumWoGE_20F_Std_Par 15 rr ica ep1 but chanlocs chansel chanlabels S26.csv,-19.78035197658083,-19.17143025328801,-14.476951331415647,-8.493881868600756,-8.501808253077652,-8.226876150174318,-9.876295897015428,-4.383585170726316,-7.19870827628683,-4.871640418509884,-7.2663005192369505,-5.9696440830722395,-4.474994411305807,-3.2680840606494574,0.010107558077671231,0.06318546838978674,0.8082524748267603,-2.1164879894771866,-3.019323460919813,-2.4779467619545072,0.6143688649211306,2.9125038070195637,5.725910974779803,5.210942588952788,8.002429773185211,4.204681670309701,9.830839183466322,17.40169848949322,15.24750599520358,7.194902183391626,0.47516597520009946,-5.514558705814881,-16.843140081233386,-19.9225845517962,-12.522533720770207,-13.760842446519202,-14.807215596971034,-11.93565289550485,-9.497985792910885,-9.78285577822316,-10.90108163674746,-6.818597592761296,-1.918622934234021,-5.56336843949143,-7.088686468783082,-7.018110314850565,-8.232625902373423,-5.6358350036849165,-7.554889764458675,-3.455172651164676,-1.6871621621371804,1.8682184458681348,12.092598819778203,4.56089559877252,1.0299935912389513,-2.6678952667647025,1.0296783624748076,5.663857251731581,12.74791602870018,23.181890122375425,30.491148396355488,29.37103471805506,11.283691918177658,20.77729178043739,7.979709895132249,12.239244814902499,26.930110295073003,37.75395408961888
Angelique,S27,epbin_Dig_1F_C1 21 rr fixFT8 icfilt ica ep1 but chanlocs chansel chanlabels S27.csv,-0.2311851064664882,-5.531466562823881,-4.540951251330603,-2.8655013879640143,-4.889596498559489,-4.435591352295318,-30.45633429073056,-13.579754725462871,-16.62319776572721,-1.095384142876818,-1.0562029879763655,-3.1234572933318647,-7.569811357176396,-11.770080424881519,-23.99269473961487,-4.099110437537583,-4.554353137127613,-0.9956570220358758,2.7372972184113262,4.4105290001689585,2.7277457680066703,7.886439380854096,14.932684257604992,6.446767353684602,23.847535278462946,8.357122077612466,22.152985867923025,1.37136754894896,7.4180298806859115,5.677736841312437,3.560086933904278,1.4528932482757497,-8.986250655486025,-8.426536222585467,-11.278222250537773,-0.08513446615147528,-7.160036402601792,-2.24876303671439,3.4023312608571112,0.44885204946596663,0.3784478631918068,-2.901555318584325,0.49420603922586476,-0.08376924545479393,1.14428682330155,3.048770483061433,1.7316825129529008,-0.5393594801763785,-1.3864829265766887,-0.1802836198155143,-0.11466801832455852,4.467933467566752,-11.75820761402648,-0.984193603813323,2.665895783387879,2.6575146688441698,2.4305667879800064,1.6068479423750806,13.189914011975523,5.504305654973106,-2.427961109894957,4.568206096755377,14.398739429185554,3.9680649133238823,15.448706033949403,8.380031346020628,-2.7192155405282836,-0.22355707517203757
Angelique,S27,epbin_Dig_1F_Par 11 rr fixFT8 icfilt ica ep1 but chanlocs chansel chanlabels S27.csv,-6.4901747341547145,-4.193678153016674,-1.7045025868030201,-2.973639362799216,-2.0981062092440554,-3.2355576962814014,19.48546336961802,3.804320106301679,9.463732119541259,-3.244773701901468,-3.4429764113300303,0.11779904122727645,1.7950328097075487,3.6364573088076804,13.443487259782945,0.6045416055781581,0.9992489550689228,-0.4133260562329697,-3.0613771052402563,-0.4932209641688722,-2.898758814404814,-6.152676098336805,-10.610693276297672,-4.191576946216486,-16.406943108521745,-4.711690506085876,-11.904491745737777,7.259377962685009,4.993299318672387,3.0961133086422836,-0.5961574074663952,-1.1583316393634184,3.988627831792568,4.327675277972265,5.053729276802215,-4.241713310868517,0.7230699579004564,-3.589067154815698,-7.243174365985095,-3.7554149445242735,-4.668294215899212,0.8447201247831939,-2.2825750908024456,-2.104594379648551,-4.221313551751427,-6.984694642153805,-6.238522727173143,-1.1077842609871367,-3.6889734306393724,-0.3078426082346766,-0.6634461186082087,-5.587845370682762,13.879901223546765,4.1640703085304045,-1.9183908555625535,-0.9229623122455133,4.2511256784870435,3.806411675234043,-5.085509897100793,2.926305875414441,6.95808363619799,10.436609208846475,-2.9259910963310864,13.451885097903405,-8.031540758685606,1.417126314672684,13.096996960849031,7.527085757004368
Angelique,S27,epbin_Dig_20F_Atp_C1 23 rr fixFT8 icfilt ica ep1 but chanlocs chansel chanlabels S27.csv,4.331434822687533,-4.768420602662389,-0.673262606896332,0.45985478347706293,-2.546011336666841,-2.3792523833832546,-21.612465264349247,-12.039309906451976,-16.750065883833145,-1.823902359277653,0.32046798183237674,-3.055402439255381,-8.013466275135427,-10.240656016820862,-20.07122096459526,-3.3537928765263176,-6.272481008151479,-2.3621607456023,1.6252422624263967,4.283570162766222,2.0795256988899053,5.253704265462592,13.841928273917626,3.811224335339781,21.26394963597961,6.1846492354543114,19.845173343701298,-2.2946551813399862,4.875104330954541,4.296335645903716,1.7290082892439969,0.9319006355177063,-5.328396432722198,-7.917672010428618,-9.25556157028818,2.513760969678498,-3.3255540025834742,1.1236439544033987,4.7775660860229126,1.6108800317496765,2.898856727221566,1.2349929330410083,3.2228590967422805,1.123201424275158,2.1465500709048215,3.3769411163172647,2.603777595143203,-1.8858650273859836,1.64936147281736,0.7870805128859819,1.6147365537134517,7.310378490430619,-12.60103039157994,-1.070327325726832,4.783763107911594,2.2622892970201898,-0.05614688916120211,0.43259972198486396,10.469153331056695,-0.2805587288150263,-5.10942902268293,-3.438026515332335,11.235751531759506,-1.7001757732501892,13.784234247865808,4.7170017774433335,-6.729499850779619,-3.857692549660656
Angelique,S27,epbin_Dig_20F_Atp_Par 13 rr fixFT8 icfilt ica ep1 but chanlocs chansel chanlabels S27.csv,-3.7300154907317618,6.190069704982549,2.789889927620458,1.797353990270345,2.6489108340712537,2.4236315765023657,10.747065847132216,1.3771392978317198,12.912604512518687,0.6542842352481333,1.6223233905560344,2.509987860530234,5.766115902404307,5.7483060221565,17.89050975889843,-0.24710084927661874,0.7880238020784277,-2.364020179359502,-4.464341935737194,-4.587503995626387,-7.249793477684902,-10.912119098794953,-16.284457182766342,-5.055508738684289,-24.20955646656424,-10.196131310874735,-20.62870872631218,1.284461976538117,-4.706656743606785,-4.524460002695292,-3.668783398525249,-0.6831934042764859,7.108104570551839,10.63380797227003,14.000830725603848,1.2264532513423994,5.391168874952163,1.596939032923202,-1.6682256716943635,1.5324447618997927,0.530481688569182,7.639054825332896,1.89233238166668,0.7169674445586349,-0.28142856658143645,-1.7584326914612045,0.5014699227576724,2.2985127713186464,1.2810036968319836,-0.5449070757925457,1.7591749736032298,-2.679018465080531,14.775524851544175,2.841584763120471,-2.293833465360132,0.03666618034017693,1.3952618372247938,1.3702114277522677,-8.97927295277413,-0.24525906234246478,4.62197160065297,2.7340434742536033,-9.348972352748765,3.598319688153989,-14.357619663754111,-6.931836696399426,5.921461151628851,0.04668772627962595
Angelique,S27,epbin_Dig_20F_Std_C1 22 rr fixFT8 icfilt ica ep1 but chanlocs chansel chanlabels S27.csv,-3.487068097741599,3.773790396117009,2.8097492220055247,-0.00684472576865795,2.487737031479667,2.6220110379446986,21.621035919786525,13.306006355004227,15.381607589315543,1.787645632807716,-0.35108434589589227,2.290418256208012,5.236191415746514,6.858946414608027,20.10108138575247,1.722071057073242,1.7969822169516985,-2.0440113933806883,-3.7889432039203923,-6.285681201728827,-5.922094516859739,-10.170653376905978,-14.60728673257988,-5.805373983572957,-21.93960719650896,-9.570176061838943,-20.893750755002106,3.1670045273191967,-2.4111533667393017,0.07499076367308069,-1.6688353906051967,0.486859754244884,7.937163046577869,7.680205215016863,7.936722415691436,-2.2601338341817723,4.284817477422968,-0.007543092517277023,-3.40838962356592,-3.3576418982984073,-5.485611131809727,-2.755304612826294,-6.785412363342175,-4.764007429510721,-2.524302329378179,-3.409380806920877,-2.7793522987632957,2.8021051863497295,0.10098965517566125,-2.1280124025003446,-3.2735371898688364,-12.83691991471464,9.922338472553074,0.5663519242916383,-0.9552728579145318,0.350575467744195,3.1801764953065166,3.829800497757606,-9.366233229116077,2.1057518462415614,11.182598319100775,7.407960677204846,-4.91948362390257,6.843133309604061,-11.514586377585262,-5.3789780154837326,9.106465225419267,6.10138228355042
Angelique,S27,epbin_Dig_20F_Std_Par 12 rr fixFT8 icfilt ica ep1 but chanlocs chansel chanlabels S27.csv,-2.4699299972286055,6.990050870970375,-1.834150839139082,-3.8274455956806124,-3.3042101207435324,-3.5579809844284425,28.497870801290027,8.980506591213302,10.501996921710875,-4.723161834519596,-4.683182366942926,-3.2978245495264287,0.6520986501302971,4.899974562832944,19.114814867853987,-0.36430183466989124,-0.6360266153130829,-4.055442444901369,-6.3019698614950626,-6.128038066356262,-6.947921049364566,-10.031587416336373,-18.454288570212057,-8.785293446448591,-23.66784094113798,-6.15838961700818,-18.055163439233585,3.196460338865519,1.1700140512944697,2.947475935355001,1.577808887734568,-2.394663698570104,2.9570868206151517,7.289919322914683,11.449132088927133,-3.5991368901776633,1.0674044730336916,-4.2757802197653065,-7.723012461181049,-2.512236853685479,-2.9656502951849126,0.9224283036957907,-1.0189523404935756,0.492635674379633,-2.2000401843448474,-5.942421260409738,-6.316175624102129,-1.7686276188916896,-2.3416768575797353,0.1686968993648954,3.5330440353726087,-4.471915491329291,17.36736121814392,6.422754535271948,-0.2578470777500647,-0.05710607017562958,5.144953975206775,7.043731838316385,2.529743971994441,4.813007371361303,6.601721190868319,11.600568472102726,-1.1562028858132425,11.482572332909362,-13.977638346516052,-4.2887428470745,8.811372469115897,6.324776255759718
Angelique,S27,epbin_NumWoGE_1F_C1 24 rr fixFT8 icfilt ica ep1 but chanlocs chansel chanlabels S27.csv,-7.697301845965465,0.9141058220827755,-0.8515918070216555,-2.1659809010474946,0.45253144624889496,2.05479935164149,36.20998104934242,6.330547505103448,15.29937645802364,-0.3116155782334444,-1.8832392220283045,3.0166243183689163,5.197514730414087,9.84347482565643,13.168534600480974,3.16224420488657,3.5334026614611145,0.8873366673705255,0.025982501491419632,0.7111132019095138,-0.4093180687757312,-4.467840378867196,-10.62966702614818,-4.097989363554369,-12.237919863902777,0.1595396438040125,-12.731948973724048,3.590748304585345,4.053168032409104,3.4572647423597025,0.31953033231917877,0.9209010628931654,3.0410155942304304,5.0806390356755875,6.606332840034884,-5.147667254709292,0.9244458904536674,-3.044976635548517,-8.58072866655531,-5.447154043782943,-5.162190361628207,-1.123258464313449,-5.546347116174264,-3.645507252037395,-5.736238342191367,-7.101250997930761,-5.079892676210369,0.5231717884463962,-4.084035020131835,-2.542762541625598,-3.696804697843038,-11.870265746795917,8.604254844991313,0.06662535500561774,-3.275060345508447,-0.3210541970509356,4.493664242287363,3.4429131148767196,-9.096655723887796,-3.8550453155856386,0.36808434772717236,3.794450136259945,-2.978708589811028,7.74705586655957,-10.301022697381987,-0.15236140267602521,6.476337725119294,0.7956888867497431
Angelique,S27,epbin_NumWoGE_1F_Par 14 rr fixFT8 icfilt ica ep1 but chanlocs chansel chanlabels S27.csv,-9.227739092281832,-2.7509281763761195,-4.4396373072131885,-6.817507316707897,-5.421631773477884,-5.565769222511188,23.54287563482403,4.181296616575579,7.7278991086855,-5.716675844593342,-5.778295448561933,-3.401522431789859,-0.6387394698779479,1.0377721919969474,12.883324464938115,-2.00035624551658,-2.8534136576340745,-5.2284036603885,-5.15480785874231,-4.3730314515058595,-5.746007967533394,-8.846376562144007,-13.589587508707245,-5.869179629172142,-15.379596981687339,-4.508904800325839,-15.268714889276715,6.761570496577227,3.04820061415602,5.038372708061539,-0.45302407681239504,-2.064829592872777,1.5406052411302245,6.011944766436119,7.101764135024213,-5.6149884327263715,-1.2898295414773193,-5.8721814130223935,-9.143921947367524,-4.702060863863403,-4.083760729608127,1.2758183112059969,-1.1260562511243382,0.4292505929840458,-3.0940053016648723,-7.090649365367344,-7.710086550172114,-2.3113581271633707,-1.9734438505076248,0.3721999369770149,1.4185790092645536,-5.083227803111061,17.88005385933602,6.982099168060675,1.285922457334867,0.2531875414925564,5.951162472083399,9.716064533973114,0.5522770562588086,12.158098004498271,15.322024652024686,16.95860092449743,4.151652811835239,15.595724302758528,-11.31381143055525,-1.5892082623769979,13.485094108386512,10.429843949595353
Angelique,S27,epbin_NumWoGE_20F_Atp_C1 26 rr fixFT8 icfilt ica ep1 but chanlocs chansel chanlabels S27.csv,8.646288174343912,-2.2338639154206836,1.7377362121134055,4.83722895366145,2.4166632586790087,2.246716428383658,-12.524877705835904,-12.25938796086972,-12.765347870741419,4.083377147093256,4.941053122964347,0.7014036372425768,-1.1256644535451583,-5.588549205998699,-19.79510171068388,-2.728957069083753,-1.8894510924766588,2.4059755518713737,3.59485587654019,7.140820487243982,3.397044451764932,7.360241299897792,11.268510722474447,3.1633430555559388,17.737381905768565,4.321471141569562,14.011541456226402,-7.600902122493293,-4.516074605629765,-2.438792291817138,1.0038362853779041,0.9350880469483311,-3.293408467587418,-3.5157217164267887,-6.980069996377443,5.300350844541369,-0.8576872460554508,4.109012945836023,8.406567145521697,3.9671593926300597,3.1384014390184616,-6.337177108561465,-0.6826464914129352,-0.33730669877315833,3.0125309919307925,7.205037638315085,7.105756847670955,1.127253645796445,1.921067540938078,0.3044569637315592,-1.329232429157193,4.626534985685132,-17.570892945441724,-4.411508134258652,1.7928002072797604,0.949684487978705,-3.258341505550976,-3.049075457053322,8.102078721403606,-1.7113450615425594,-7.657543479075054,-6.301321510603824,4.309966088286366,-8.094627260406947,8.74984013545356,-1.8051111986368922,-10.738097182493233,-6.680999317670506
Angelique,S27,epbin_NumWoGE_20F_Atp_Par 16 rr fixFT8 icfilt ica ep1 but chanlocs chansel chanlabels S27.csv,-4.749635352185704,-0.0590012851675286,-1.1489526442292188,-4.357686228849289,-3.617433031673544,-4.123905488700847,30.721339048499114,7.815868218571282,7.842033422368474,-5.350861044909801,-4.606669378978082,-1.4333560609099982,0.4507686334356229,3.514207011264201,13.245854097381518,-1.9682708324804585,-0.1529706152739105,-3.3096454440905694,-4.188564113965282,-3.783390092115356,-5.68335915929855,-8.789441830301131,-13.026938125854638,-7.194125769180941,-17.883580571827334,-5.259536873457205,-17.15294919655837,2.6021415887784793,-0.07499150375151097,3.343051262491849,-0.29953276636297016,-0.3541832035867156,4.874340007498047,8.224747409839958,10.659958017818841,-3.6485115669409667,1.8216761153524614,-2.7768746599641063,-7.142637588192945,-2.952178214927434,-2.521082141810005,4.0571966403283355,-2.0566574392733865,-1.555797628139271,-3.368420721840519,-5.371797226892904,-5.557019170454056,0.06347408931326498,-0.8229654774237025,-0.25345153563717354,-0.4199355023452535,-8.671361522334244,16.672240266049048,5.544734807520676,1.6511885497051264,0.6652777023058201,5.431590961792602,7.624642257044948,-2.7176371741961294,3.203972220872447,6.340216665243896,12.91386116246041,0.1115044514855666,11.808313911855809,-10.619124727155228,-3.433089839282136,6.491990826746697,4.761333082749356
Angelique,S27,epbin_NumWoGE_20F_Std_C1 25 rr fixFT8 icfilt ica ep1 but chanlocs chansel chanlabels S27.csv,-3.4769133380990045,2.352546004532291,2.8144122002328795,-0.8402754427414012,1.3499675168901928,-1.245615946367578,28.35948052550942,6.5351176885503275,10.76842781348547,-0.8088441267190224,-2.458725207413742,-0.03735495901431319,6.441642814745156,7.207357435246409,21.085795820024636,4.582578655343809,4.9930752224854045,0.05260737766985049,-4.011879022760652,-5.679703800593575,-2.4068112297484645,-3.682484724496895,-9.641768057437645,0.7982144297215287,-15.836047347701642,-4.161228275254277,-13.540648042799683,4.86880002743814,2.5494129171293225,0.469042946569968,-3.8547851544692016,-4.051317831411562,6.287215759393819,7.9147871570035075,10.332606259551127,-1.1651064713140833,4.961295200856712,-0.8975995605482102,-5.705354195122707,-1.0840362998862767,-0.695282430353108,0.33239988439941054,-3.0263073237377776,-3.042973775816201,-4.984586793061347,-7.258194268959806,-6.018543046225214,-3.73413274317058,-5.591588061476225,-3.577045023268113,-1.7775355739951098,-6.368339759620464,12.482185822485956,0.03751057485268907,-5.500998340853918,-5.808334851249713,-0.618977079974698,0.09821177086474393,-11.465025387014515,-0.9758910554214176,5.459932371696293,4.227693361477624,-7.012138522564134,5.4234527814611475,-8.260851580046594,-0.9819697907469752,6.5912072010550915,1.9082364280394037
Angelique,S27,epbin_NumWoGE_20F_Std_Par 15 rr fixFT8 icfilt ica ep1 but chanlocs chansel chanlabels S27.csv,-4.456347669958656,-3.898361520898777,-2.3147955833131504,-4.531771103268658,-3.1765441003534365,-4.291981944892062,19.51320783618584,5.215797757529458,9.585859394360714,-3.604901274450897,-6.522557542569384,-1.6634986677575978,2.5920559784928576,3.6945332593623954,20.949259697575254,1.9010551537850515,0.799289451764944,-1.7863670067128377,-4.827810086902501,-3.5896668340903854,-3.162559164500138,-6.074852650913984,-10.296948678320335,-2.009064988009163,-14.912709382501953,-2.677165341648988,-14.462830347148712,6.853762063337494,3.811242510381811,6.564734740805215,2.849409519665333,-0.7806161135089122,-0.6643437854853947,2.222654048716969,4.832786994652482,-8.749766944814391,-0.3557103676958645,-4.990383435671845,-9.607554907052647,-6.254123398469997,-9.240264367219783,-5.774261557215946,-8.824872351588361,-5.445712671854028,-5.685930187365021,-6.9650181105324105,-7.082080002428977,-0.5122944566299148,-0.9359229779256717,-2.7045964971713317,-1.200121554895444,-15.254636791728672,14.096662940634605,4.764229441394469,-1.0335065329195754,-0.7005536686347591,5.585953743379389,8.003195522291001,-1.6570234591032367,10.400860913230815,13.30602433645995,18.207312381621488,6.506130488623742,17.99088842997913,-5.397359110409269,-0.8888820889705707,11.164309376441144,7.555058255132506
Angelique,S28,epbin_Dig_1F_C1 21 rr fixF8 icfilt ica ep1 but chanlocs chansel chanlabels S28.csv,-7.891712653162073,-9.51843479941199,-11.127066920784365,-12.039168072509662,-12.819972002540851,-15.079569507211046,-16.008131092597473,-9.454836997037338,-10.301858635561667,-10.378664706809563,-12.33611253446897,-8.579820828306616,-10.630869060854033,-8.387823291876504,-9.874334518222676,-3.358728720646394,-2.643785748633071,-9.856767728391235,-6.6498619726170665,0.46225049595699746,1.2007504124383237,6.664881887849213,8.589012639341533,13.635213279920128,19.576175297399978,8.493711199760801,23.894158233302452,16.868748703233226,14.312876154124469,5.803222644351024,-1.2423074823132993,-4.882951628768247,-6.706962284785029,-1.2309825800770928,2.830889832129805,-4.937760125045735,-6.695262374663137,-11.076462861817381,-8.76602933355963,-11.15195437620419,-4.325164183774223,-0.8980892339703908,-1.199993838310744,1.408751540306597,-3.852505976243943,-6.762227858787297,-10.864368605369979,-9.036686788935246,-4.654718047338489,0.3565587659738529,2.8161519647181334,4.462101360121987,4.566021041693016,6.002372553484721,1.5533383252693018,-1.4853770952075736,-0.007831968574383973,5.893780101854995,10.380460620245483,8.914827379248623,3.5803628523816733,14.969375534294198,7.041853326195777,15.402479108586748,21.73336485164332,21.47899098408377,18.523232586218207,15.299236733200493
Angelique,S28,epbin_Dig_1F_Par 11 rr fixF8 icfilt ica ep1 but chanlocs chansel chanlabels S28.csv,-6.518291736260423,-6.856959586940457,-9.288206785717582,-9.824117006912516,-10.356952400928115,-13.008127867003541,-13.254424173873105,-5.448258963959994,-8.017636832308606,-7.89342557211861,-11.393035508769072,-8.999403729798592,-8.502649018680906,-5.527988374684949,-6.076305692680879,-0.6327438435917733,-0.43830018058077125,-11.761262033275875,-8.164072079639498,-2.0034893971565952,-0.5571416587963531,6.814532997032356,11.098750449418306,18.406987602138805,18.72401477220906,5.380782612262022,20.70746484737746,17.79738501066262,11.838732670850765,2.470818170886369,-3.7197073294581497,-6.923201509739745,-6.140011675895202,-0.7656265811536807,3.7515706268221876,-4.55800144833711,-5.32004303457086,-8.888727487005548,-7.30715610213586,-10.184896792133577,-3.4622668662702822,0.1133617869541023,0.05078097095480959,1.9743109336971578,-4.853528897062012,-6.630924784952121,-9.96314909350043,-9.924493744704964,-6.208045832812364,-1.0268993517895624,2.463149989861381,5.566361299048674,4.374782359554208,3.835804241148623,-0.9847546445773362,-3.7299736729704165,-3.2319753852252155,2.215078450422737,6.373065444072989,7.800375400236985,3.4748337546356076,8.67649535438131,2.7298033196698213,10.78695859312761,24.356349639692432,23.696856337343178,17.98291610759603,14.883855125561016
Angelique,S28,epbin_Dig_20F_Atp_C1 23 rr fixF8 icfilt ica ep1 but chanlocs chansel chanlabels S28.csv,-7.901691682842565,-8.85410867086763,-11.01141156820043,-11.881668915855178,-12.281837285852037,-14.099054350304456,-15.152909762518474,-3.393415732794664,-9.660674781558871,-9.867107747676336,-12.780140426137441,-9.016815264678474,-7.99435164844159,-6.495450683868479,-7.151568307702937,-0.8035682848129128,-1.0159839457800417,-8.670136806658007,-6.633199011092657,0.09094763236680536,1.5442505739427048,7.744005599299057,9.958378464927208,15.520815407188126,19.413310586791738,8.034031553471731,22.633141357859117,17.153131720243255,13.993292267810572,4.829483922249538,-1.1252681374819065,-5.174178248489877,-7.051070953993548,-2.119779877933694,1.2248176291499286,-5.579768552142781,-7.197088125468318,-11.334438842424136,-8.885161105097698,-8.329760356692796,-4.953779126417496,-1.6369882891566274,-1.1820048878143785,0.6309593088844682,-5.190104196051181,-7.480736929959552,-11.566550678840999,-10.086897858362303,-5.947624379993995,-0.7905102712027995,1.6576969811014555,4.545935518247071,4.3368900380132835,4.979878783181485,0.36035753029137185,-2.431569110044106,-0.9985377807240985,4.737058106693836,9.119262881916223,8.502837772675079,2.5792107576848933,13.864118040997818,6.700183095054138,13.766139083505564,20.820964508151047,22.29544750041226,17.75031422486023,14.940056213426006
Angelique,S28,epbin_Dig_20F_Atp_Par 13 rr fixF8 icfilt ica ep1 but chanlocs chansel chanlabels S28.csv,-6.9538676757806925,-6.703314988190646,-8.720513927761953,-9.92883141355804,-9.869374823163453,-12.520324176610782,-12.661005730150352,-7.449612294926658,-8.21534374596574,-7.211959836220387,-10.359582239290102,-6.586815757788109,-6.468260802032838,-5.249103299845398,-7.666259448202152,0.33070254297015006,-0.3892369481755628,-8.757528801790851,-5.236842305716607,0.8628444169471038,1.757932453951545,8.839572392181735,10.554756509839251,15.065658475318036,19.81924597823378,8.39435736825104,23.879440317199027,15.331974696867615,13.21856285492696,4.931957372001638,-0.7441988838006751,-4.416791692554796,-5.785919608690402,-2.9993569983381803,0.810932520196504,-3.9068646893568038,-4.857024722182,-9.495157279385637,-6.503829583366426,-10.15241782678965,-3.7174444678868435,-1.182281786000174,-0.6403345609467412,1.2588788170844816,-2.655514060524345,-5.924919878949559,-9.340314613256846,-8.491118012133764,-5.071285843791478,-0.921959661731562,0.36956887298600943,2.890459156977558,2.795609578353665,2.9377550886179855,-0.11789311291501078,-2.139754413002332,-1.337235968098861,2.8127454691815443,6.910427402542034,3.136744722418096,-2.2258295221570923,8.83346953724466,3.336878533722387,10.638239226954775,21.123059371287265,20.454799614045942,13.375167899269165,8.903487876263089
Angelique,S28,epbin_Dig_20F_Std_C1 22 rr fixF8 icfilt ica ep1 but chanlocs chansel chanlabels S28.csv,-8.448230811226,-8.597283929288885,-10.844622007251264,-11.85225936149639,-12.150755478516992,-14.339598945673092,-14.889226474579885,-8.407711352570539,-10.462427144774123,-9.642424441164206,-11.71421483737669,-8.130456327439283,-9.767969095426583,-6.969642842082683,-8.973648161646246,-2.014447778549417,-2.416030211645044,-11.529534640672118,-6.383946161713857,-0.13584350904711895,0.6487687546257302,7.319940028246677,9.561475518289837,15.602149307042962,19.602297816061867,7.489603982969159,22.70301964971185,17.323709601673055,14.500472637483785,5.146204273287945,-0.7904301005174882,-4.886039812194983,-7.603742070418195,-2.8736769914570526,0.9004717273313262,-5.846964167703954,-6.949506918099954,-10.372983990963329,-8.164158068045547,-9.501569015282806,-4.8469115941356895,-1.8038316954355216,-1.4650549358150964,0.9574588225643009,-4.181654389724153,-6.2354681162241485,-9.945579676947059,-9.142395558565596,-4.709418158698259,-0.1890062681558014,1.7877960362962835,3.9819576075772587,5.201509453891311,4.809334649368567,0.765904960644093,-2.0430406547720983,-0.7670511924219111,4.266858015854946,9.665367305265097,8.251401196404187,3.5808445872942256,15.168644562165024,5.969067621744849,15.262521143134336,22.028440494337286,22.396610630730304,19.106597643934727,15.990327414711333
Angelique,S28,epbin_Dig_20F_Std_Par 12 rr fixF8 icfilt ica ep1 but chanlocs chansel chanlabels S28.csv,-5.060221118705994,-5.968334457680084,-9.187876919060999,-11.68901146614858,-11.642765731477175,-13.773676335427707,-14.385201798880578,-6.70755707804834,-8.205000691975592,-9.61383312046892,-12.16035176992872,-8.361616228042243,-9.026600167163899,-5.955186911720727,-9.52101010317963,-0.5444651229927876,-2.0326833055276445,-10.504444316026188,-6.76883326865492,0.39530328626835837,1.4324587483471463,7.963398863692421,11.155714222256986,16.105148623501805,20.732575748750346,8.26982860293352,22.53677372353655,16.69644938977304,13.37091718058103,5.175386892762709,-1.2900211736048877,-5.335920538764451,-4.722799947304029,-1.6350041162325948,2.2685950311719685,-4.926563811401492,-6.10988056354547,-10.555736832356944,-8.665257195533792,-10.35640266400346,-4.425898081510905,-0.7297926965149978,-0.03207622288107847,1.114510760746951,-4.766264570297404,-6.9732021335738,-10.338554526423245,-9.329618591468009,-5.462216758915011,-0.5340300841556588,1.3808124040664456,5.058547144682341,2.961940994558724,3.863501266999879,-0.203072552391461,-2.3033967397168804,-1.0713868234464636,3.9102918098096144,8.689430354553375,5.768452007330087,1.0803088453519498,10.740265366145586,5.190327600399422,12.91369500036955,22.91905966033829,22.558988012984074,15.083142665224953,11.539946597089358
Angelique,S28,epbin_NumWoGE_1F_C1 24 rr fixF8 icfilt ica ep1 but chanlocs chansel chanlabels S28.csv,-7.406942826178255,-8.246051611545191,-11.10719465162971,-11.540059268228916,-12.700234718088971,-15.389090418268632,-14.899999355129742,-7.40921360860428,-8.967092349163794,-9.515231194467004,-12.510165165468978,-8.97203703693053,-10.908631064050947,-7.244838472982192,-11.174106999116807,-2.6536738054504476,-3.0162274609393633,-13.712029037768913,-7.354064685328652,-1.0223779944249307,-0.41254570531114015,6.193169320862755,8.991413828800612,12.993027870782056,19.54308960915988,7.018817085851732,21.73589089636881,15.782664005552746,12.530555701382273,4.9139803145944185,-2.031242990959215,-5.456200057233886,-6.998406712970419,-2.5198641520848684,2.6869681698981704,-5.2938198967484675,-6.161668602345386,-10.336434994587377,-7.627970060119874,-8.193240588148262,-3.7300745816157934,0.11597343472215761,1.3910256122787017,3.5653669421540046,-3.051723688618442,-5.763774364729254,-10.684404850686176,-10.033363834237942,-5.259738992825453,1.0808112115333421,4.461996826863201,7.77610119353534,6.355933828088057,6.450167033333118,1.0787632581947173,-2.294645517241108,-1.0492931151896663,5.025402296401107,10.991191622619766,10.04996622100478,6.16980796007019,14.108745544566451,6.074022655236799,13.171644659235993,20.46335320187181,20.569813441146216,16.04401825428989,15.313991509423609
Angelique,S28,epbin_NumWoGE_1F_Par 14 rr fixF8 icfilt ica ep1 but chanlocs chansel chanlabels S28.csv,-10.803228647588178,-10.18717591994835,-12.587137415462625,-13.766260325078546,-14.465887054547936,-17.04614740248444,-17.294115095425,-9.976160583949898,-10.495611377968816,-11.705135805175267,-14.246321721439344,-9.022162166764376,-8.255785395639899,-8.358215347474067,-11.85960077992898,-3.3428421409646507,-3.1443651843257068,-11.32287568027908,-6.838883759221303,0.5876206616710034,0.6039818533837951,7.093334182670591,7.899543273934378,13.209871434245446,18.896304875405907,8.833097767488944,24.214921654619793,18.747458010945753,17.126176172690986,7.297431780528303,-0.11993759393199582,-4.421118704891811,-9.013295992368114,-3.0206612474634142,1.7299278390822483,-5.90442272348758,-8.16748775249365,-12.170711985470753,-9.108336729242982,-9.752166766212502,-4.688359499540326,-1.3863358748781964,-1.2005768902717266,1.4998993318581093,-4.526275158710235,-7.272946305560344,-12.130301917101944,-10.729599944744233,-5.869667296043863,0.17860239979822273,2.761305072011333,6.159081009161119,7.689664894686368,7.218260142891236,1.8576667873000157,-1.6094533693330906,0.6320700556975103,6.242611980456844,12.625616712725723,12.272879038811038,7.1931350392572595,16.472640736273473,8.859264863480794,16.994649881434693,20.329830395832143,22.20978858848195,20.256707446507505,18.116225419270865
Angelique,S28,epbin_NumWoGE_20F_Atp_C1 26 rr fixF8 icfilt ica ep1 but chanlocs chansel chanlabels S28.csv,-9.613219806751228,-8.95221355887836,-10.189872006952228,-11.126695381233525,-11.05611030252071,-13.546861430619655,-13.77427485779941,-6.988926193796395,-7.72298987411247,-7.9956791863450185,-10.770017094499071,-7.708312264260698,-7.334289915059325,-5.235636446340186,-8.230075369216921,-0.7840624599095528,-0.3935410581476164,-9.95313720342781,-5.863259532995332,0.03628848778319114,1.4628640452630135,8.315140184103974,10.304480693111724,12.79356960131118,19.292973022629262,8.427068912856999,22.578344102728703,14.522030791688023,13.518217854051507,5.092492765406461,-0.45282065388955917,-4.773225538602484,-6.835519730176659,-2.8062108040205547,0.4474048689144551,-4.841093946097448,-6.763809871885621,-9.871970361121546,-7.463504685346067,-9.452655456236586,-4.288622170344499,-1.7751459770863471,-1.4842211775652399,1.5711263158636173,-3.847406494120492,-6.006293426031156,-10.193398703504526,-9.038865739410657,-4.989365334323248,-0.44877155836912935,1.928930560190192,4.73767875140044,4.752805280637494,4.601558442961079,0.8082223466512046,-1.606796570925264,-0.5234045670241325,4.04281856568477,9.176514210659281,7.589199097406636,4.073141023348308,11.80707727232505,6.076172182981065,12.433091150185003,19.570586485573088,19.438885472836574,13.923529426774978,11.38006018960694
Angelique,S28,epbin_NumWoGE_20F_Atp_Par 16 rr fixF8 icfilt ica ep1 but chanlocs chansel chanlabels S28.csv,-7.802889108748591,-9.34877560972077,-10.613583751254675,-11.47703193437633,-12.0613451105539,-15.678730600768574,-16.892373055867722,-12.753333702069966,-10.10362955458111,-9.996735006701835,-11.969265558319005,-7.910513143684046,-9.645635894606617,-8.221192882130586,-11.045426282507107,-4.484663389326924,-3.0044442350487404,-11.75657585162106,-5.863448779955597,0.5689347607522055,1.216132037656835,6.598182675120263,6.8836810103763595,10.220426025642407,17.184428229794573,8.266874047441439,21.64306125268145,16.136930921494567,14.417366739155552,6.909903075851975,0.28728025349345765,-3.2070120525429497,-6.41579295209106,-1.6085746303198594,0.4541213757342264,-5.899455027758666,-7.012293943636205,-11.07787925506646,-8.221463366037272,-9.02098874249302,-5.908250042172699,-1.9497868095200308,-0.3952327578744258,0.45251856819675,-4.361219606452528,-6.6073186043105885,-9.68478285247071,-8.311146615259862,-4.283627323249318,0.7505324347080476,2.651509586043308,4.838955279699144,3.6109478793894096,6.439938384793332,2.067695947045044,-0.4212046840361842,1.0769413074263756,6.811710009243398,12.097605121308833,13.295830473779667,5.367747273043737,16.940366833206234,9.117115523715533,17.032686608780104,17.99537079044757,19.719943155774917,18.06774173954716,15.893151519751033
Angelique,S28,epbin_NumWoGE_20F_Std_C1 25 rr fixF8 icfilt ica ep1 but chanlocs chansel chanlabels S28.csv,-6.160038896567332,-6.748992602409285,-8.765180184055984,-10.195401762142327,-10.6428581625824,-13.184541686515466,-13.11938361421182,-8.759338760677885,-8.481928667540327,-8.146730310106896,-10.60332741582741,-8.077462795414341,-8.65855867350437,-7.061091750007024,-7.870380949067819,-2.3877129420252734,-2.5778679856506956,-11.182409932572124,-6.717876570302378,-0.4853056352006991,0.8715022289793307,7.51146815562217,9.897926050397682,16.046498857678994,19.65141455082662,7.406573081269754,22.09137408046638,14.546425849759531,13.122153808109319,4.006975702543453,-1.2473916418385245,-5.062062339072511,-4.880551506228563,-1.2666416758704249,2.6196624712332306,-3.796110081430045,-4.7895190699697805,-9.142069155268192,-6.915122238120177,-8.956105776759992,-4.012281319487704,-0.7496870803463038,-0.8564443610144357,1.0929553468007163,-3.9074922210970784,-5.826006430571809,-9.363441804135729,-8.709754968838826,-5.585456929211837,-0.581651120471706,1.4055391460308382,4.050725297112731,2.840149357054769,3.8910348091082443,-0.03833892162380166,-2.7303628514836267,-1.6191299911213288,3.4206372658350235,8.418512035696137,6.625460190591013,1.6882001714736967,11.581825804342236,5.285069254752226,12.737448581459235,21.414637280353436,20.69039023758085,14.722808634495568,12.22463687147899
Angelique,S28,epbin_NumWoGE_20F_Std_Par 15 rr fixF8 icfilt ica ep1 but chanlocs chansel chanlabels S28.csv,-7.7258098723729365,-8.365157868016075,-11.23591418989755,-12.386163776473817,-13.128235181703033,-14.874859952211517,-15.370113976547422,-9.655925729208784,-10.883428555511683,-11.428659590726218,-13.374280690405179,-9.138251476738102,-10.49050199022676,-8.960955582044303,-8.675551078863142,-3.6230171244679776,-4.0404543769008034,-10.959763294171813,-7.858589167061058,-0.8521143232427255,-0.9904315947328806,5.387008880761033,7.155789900567639,12.749084138158924,17.13191434341826,5.7053524732130345,20.294341978536444,17.339220588875765,14.285534074899866,4.806473506097841,-1.6955545568704398,-5.577007076344125,-7.850239664281007,-1.4954212054789147,3.071164393294884,-4.596528197987586,-7.413404676939204,-11.992221056139057,-8.659570330329055,-11.154848571447978,-3.672275790036919,-0.1964209203594741,0.011847793989258266,1.7803422758297038,-3.667632583364854,-7.005109125291685,-10.968801839265403,-9.875412039401379,-5.115749177300263,0.6756685783011412,3.5474471564485786,6.8624843928979145,7.342998339188145,7.02695138678399,1.5815451614961606,-1.7126384785813422,-0.5264234628000805,6.172541789153927,11.815408141530437,12.247978357754864,7.88478995300343,18.60148720288196,8.023894867247812,17.532342939552695,18.87420980636621,20.580904955658617,19.852854041701633,18.851852460867065
Angelique,S29,epbin_Dig_1F_C1 21 rr ica ep1 but chanlocs chansel chanlabels S29.csv,-17.74997832645762,-30.912729878749087,-23.457330334093278,-2.5202336330419612,-5.269763393089493,-13.102927232441703,-18.458682480170523,-14.729794645890962,-8.50156475883238,-7.7571607007858745,-3.689988967199319,-4.151348733752428,3.199297719198641,-0.6945950576198452,0.5924682202660664,2.080177099832618,4.079037255666308,-12.200205865160578,-9.946441855560767,-8.421268076026571,-4.995283643529367,-6.8066532423233,-15.86035523063494,-22.495341931154332,-10.828903950506186,-7.7690073417757874,-6.929395363597365,13.335316913749992,3.335326094860188,-2.3466963548504207,-8.43330593915624,-10.28159296359221,-20.12343090920814,-24.461121383916808,-21.83145827229343,-22.958966748267887,-21.805282447559975,-1.2954323654368065,-2.4043724448409662,-0.9551711947411867,-6.804494853753694,-2.155302083609267,10.43245211569807,14.446073844198194,-0.38520810312722675,2.1212551905365404,-3.8890031673953045,-3.412079291650507,3.4136280666741654,8.136466509153355,4.608786015376134,23.98568154633676,31.179985500824433,12.6102705192833,16.424601643905767,0.9143478311919552,-0.9367886693307198,15.61931195001046,26.414624062880748,32.080666724698766,64.08938805132986,47.768316697707334,13.085969733954805,15.370603456658502,-30.3480022856229,-7.400899083624931,8.625524048520743,71.52795874533848
Angelique,S29,epbin_Dig_1F_Par 11 rr ica ep1 but chanlocs chansel chanlabels S29.csv,-11.872674058901408,-29.941843845649057,-18.825605323289686,6.751770374470335,2.266182202283737,-12.686994521270517,-22.300355517842448,-16.57947295728318,-7.218512633594902,-2.0190540767875595,7.032250004463763,0.8587899911769254,2.056194008747371,0.04726441572680729,2.4726143862612022,-1.5418912634514073,-0.2938989493144676,-16.797335410806603,-9.337099530421696,-13.22946052347569,-12.358815516775817,-11.35035799176755,-27.07077951242082,-29.26325249196456,-17.82994758603604,-14.172339128138058,-14.38459118569153,7.160408302930999,-2.7484631554801675,-9.060112021751728,-11.489852247785214,-9.904155453607258,-15.165067913154637,-24.56378653522396,-19.21320468839462,-17.730201777780614,-16.745983201498873,9.116929363629376,6.636743648775624,1.4664313212249296,-2.6234177287454594,1.4140113424190568,12.496326033675555,26.72595733315005,13.011000504340833,10.46095497201081,8.711200210175452,3.5644503341985616,8.233769916820878,18.982704690782445,12.014304038817277,25.538447657648042,29.8230358865606,15.648223828697084,17.760254602024652,2.692226294737721,-2.6962861256719406,12.392265032870643,22.564818521521396,23.110624756971724,59.734263472141166,41.99130516442724,5.698023562732265,7.316355654530285,-40.50804432122705,-20.885334435000697,-2.7098399890239255,59.3679204895651
Angelique,S29,epbin_Dig_20F_Atp_C1 23 rr ica ep1 but chanlocs chansel chanlabels S29.csv,-20.261849911977176,-30.408143544893495,-25.184248105303887,-2.0364596020615133,-4.788077620705851,-11.6309865796971,-13.861737395843205,-7.568614673556383,-7.328238048480393,-6.896467382057193,-2.004294987971057,-4.956134088670751,-0.6711869735250874,-2.032022734693432,3.9077383376858137,4.330625440517419,3.7228493887130387,-16.88196716816122,-12.351431856533372,-14.047560705745399,-13.462205711438989,-10.273304931978295,-20.40489822111528,-19.79896423656292,-19.272683142821936,-15.406172209367577,-18.789936251189758,5.098588649392733,-4.643389671373613,-8.76838509643999,-13.00784572591033,-12.509485433896652,-21.947460902946826,-27.266475655202456,-23.483080061193103,-20.843052891495812,-22.542162989724645,0.38735378730931175,-2.3813681956086934,1.836582082879423,-8.370779251617831,-2.0606682462938095,14.838477687780276,13.374945967915107,2.3720766825971116,5.133748091304848,-1.3572654972530598,-2.526748279927221,5.450024851423365,12.370078326706968,5.538411595050422,28.413416732772177,40.853291675132695,20.287383892970293,17.363093150111318,1.7806367827337888,-3.2754723688573666,16.971559874918984,31.35152049806351,41.62676610888217,71.7056400259053,60.43760727246691,11.154791625674202,15.488759633224799,-30.988913056018465,-17.297794161324394,11.474445170798736,76.31751597120844
Angelique,S29,epbin_Dig_20F_Atp_Par 13 rr ica ep1 but chanlocs chansel chanlabels S29.csv,-8.787320924329562,-25.839651972202176,-16.786077963524782,4.47872424692189,0.04852071660623112,-12.346710835198452,-19.589864603595583,-18.229478236814273,-8.915615390943541,-4.070842339687731,2.574888521457119,0.2853339197285073,0.8375072047807922,-3.293446760288501,0.5762400583731185,-1.9253703614740927,1.3936316284518244,-12.714804188602422,-6.742089962112753,-8.494009211620089,-5.075981218958664,-8.147716088643746,-24.46602112643882,-30.765630087420792,-12.517633575460259,-8.131811786282997,-7.718807710620214,6.2741318328745805,2.4323690099974025,-1.7444905460490598,-6.952409609046158,-8.17961633021272,-9.335820746904151,-15.110756650370895,-12.659733657183954,-16.008768487898926,-14.603609415062177,6.936791416182017,5.696582086816859,2.870679205145792,-2.5183988910626507,2.1249283756176287,7.931295716143311,19.13207506353205,7.2094808505925165,8.100758779058799,3.583259911069956,2.2020486856497405,7.477292023890424,13.45378447994556,4.092123663732136,23.34507699209601,24.54263022241512,11.06042703319424,17.565517791883064,2.5227433139303277,-0.11444589165374458,13.790923723178729,19.43928125258191,15.79912478770398,43.43607410136624,38.489197344857885,9.367139962215397,12.589091875879307,-42.44616031052052,-17.217145871753516,-3.8081627331393832,53.598731631279065
Angelique,S29,epbin_Dig_20F_Std_C1 22 rr ica ep1 but chanlocs chansel chanlabels S29.csv,-17.037564349307694,-29.22303794387939,-22.970801775337197,-1.4858698389970715,-6.101661933690075,-15.39160338228923,-16.245415676657533,-14.415667586199751,-9.349102542736663,-9.204494865400573,-1.4495631912887599,-4.498965179281993,1.870206192371172,-4.038938411617081,0.9129281543298321,-2.8833178887742648,2.07868435015869,-13.94165413521735,-11.150364119133577,-10.363572618880207,-11.253761381146047,-11.776981270135929,-25.65093637430944,-26.45888687367606,-18.179301478617056,-12.24618889803615,-13.762621780174777,10.22411943944531,0.4435937671079416,-4.520046919517956,-9.193164788440095,-10.70628539921497,-17.325800614919345,-23.18851543531112,-19.905424508579397,-18.329201914071724,-18.202470772053978,1.177389586655662,-1.123877372610812,0.39777136021234866,-7.14148180534311,2.3974867189260194,14.041686399802492,16.25774907723483,2.692578851235268,3.912066431151536,-0.9786086504448681,-1.1603069894720373,5.501082689843681,8.984377921073612,6.047213329737908,29.390529395125874,36.45872624398013,15.821425314271199,16.538951543002778,0.989500870387798,-1.357709658260027,14.528668840398854,26.670789414352193,36.73545918748921,67.88012543554157,56.28505792536459,12.182061034570397,15.602649154326805,-36.21603623767296,-13.706348072242912,11.732780203802513,74.37990177101642
Angelique,S29,epbin_Dig_20F_Std_Par 12 rr ica ep1 but chanlocs chansel chanlabels S29.csv,-18.087699851981036,-28.07707564424747,-18.631615605854606,-0.21845646262650303,-5.163661798937557,-13.218999764276894,-15.197987613487138,-15.270476016531955,-9.546358052473167,-6.034567758409176,-0.40239952497672593,-2.2654699777428795,2.5991251277350655,-1.7816031934390348,1.5557612495356923,1.201148710441511,3.8502712587454666,-13.058356693025278,-7.443189658467077,-6.911366773433708,-6.248308718080773,-7.818848412779373,-19.70463888676408,-26.21604412975592,-10.539526954678404,-5.978497971752022,-5.296287561390596,14.125966029983012,8.51703936403483,1.8212483523374732,-6.605265247812786,-9.425380370493446,-18.682017990502732,-28.036613311380304,-21.168123154661426,-20.669651653049616,-14.240034213455191,0.5337379746261978,-2.3018749406447547,-2.111653957812904,-10.274914259487462,-4.520178224695718,3.4994805459230456,12.508466084605493,1.5159739965253582,4.086381507823029,-0.9106255632395919,-0.08445538622066993,5.002486554530727,8.687520608014513,4.543213138425917,22.109950434511312,24.93315886568548,10.358631756789858,16.86021332298419,1.1759563295718387,-0.1684823699022808,16.43817180770598,25.16585737389416,26.879113585074368,55.70987602737024,52.928423225873665,14.179120696406862,20.832660333150017,-35.674428368903875,-12.772951905522564,5.364361877895637,63.77477363030586
Angelique,S29,epbin_NumWoGE_1F_C1 24 rr ica ep1 but chanlocs chansel chanlabels S29.csv,-4.146909187344216,-21.53720546270324,-11.666363458837012,12.234219090751486,8.818280327866653,-3.551371859342504,-13.394022207209368,-8.326021579848707,0.9691308279416664,4.609214898429781,10.487655997588716,3.299413151110094,10.324091890117327,0.3735963983241674,2.556719328827195,-0.4517048628314981,2.8291539149045932,-12.304018495968869,-7.036101620257068,-9.081727591276985,-8.169482116733843,-9.334038897548961,-28.76445205017292,-35.83492467599395,-20.765699967428638,-10.871310182678858,-15.527229552526915,2.4866931605695117,-3.025852860968046,-4.074075381599331,-8.0051605534358,-8.652539573648443,-6.664815503301922,-15.21722645328638,-17.239822085804313,-12.295120948324849,-10.56041808776366,12.306590999602967,7.818981891869181,3.061204323669111,-7.454058216219184,-1.876113151111623,6.327616141360251,17.062778207706163,7.470845800126177,11.122638674326998,8.519052170410985,4.849613280898124,8.5609187526121,8.58555591327891,-1.9211300341601294,14.859157205790957,18.935455338166676,3.1898673960718695,13.070274624101593,-0.13231054483944715,-2.1408653578681753,10.367225269322375,15.277764885655131,14.05704592124003,43.28752499233471,40.544225340810364,7.700024363450682,10.776052617616582,-46.986877697758814,-23.304381749773952,-7.0510378304951,50.625797695234795
Angelique,S29,epbin_NumWoGE_1F_Par 14 rr ica ep1 but chanlocs chansel chanlabels S29.csv,-8.820438981324083,-25.823307256905963,-20.659067335545107,3.2368983081115,0.14974023472069942,-9.457951878071144,-14.816048064655105,-9.430607773352898,-2.342452707927871,-3.0073324468278604,0.543949499066748,-3.2814276800944806,6.046815655099541,2.710523884687886,6.2183581125207406,4.333673928592819,5.8826090006905245,-15.266676653213564,-9.378368983612482,-10.453349130499024,-7.506104111161693,-6.791268617946784,-18.195818493562804,-22.576996440138444,-10.92273248696678,-9.006159413878313,-9.772695934370887,11.72735037081147,-0.06182760099434401,-6.470619524964109,-10.350096279948422,-11.515481365671073,-12.469135486617638,-22.53619992491886,-21.27395113670979,-21.730042868336643,-18.757590559161276,3.1453379723766077,0.5528812796720132,-3.301584450546406,-11.539915595625352,-1.0508911336154365,10.863235246110817,17.89204577198166,-0.28429898939423826,2.7277299144295646,0.6864837902994049,-0.02729356111635567,3.9727759925106603,10.518437380889278,2.1390889222122706,22.570306990697805,28.633118272598235,12.751162162024013,14.692106831697382,-1.5819029021406985,-2.9421867264560704,10.563576965161216,19.805733192656408,23.025454670151614,55.795691077452915,42.94221483221674,7.421144648277692,11.886380617795194,-30.122256286982093,-13.702588862198633,1.937161556649009,61.854703354205284
Angelique,S29,epbin_NumWoGE_20F_Atp_C1 26 rr ica ep1 but chanlocs chansel chanlabels S29.csv,8.676583107713801,14.41880517012239,10.924605808271952,2.245020863323394,2.0870110225366143,4.657306885524793,4.192863581207952,4.122254219229987,4.463354118617062,5.155978370749968,2.3065928218825045,3.771446914586361,-4.846063884675697,-1.467445488751839,-3.8503564325001705,0.9200960414545256,-0.39980135865570515,12.644949594496097,8.915137562588539,11.368319157156222,10.079269547989059,9.438580811445812,11.646413908357124,16.468687821590066,15.075069405686637,11.143059902814333,13.041870943364795,-1.7122402202229274,3.465557322084791,6.837527159444115,10.424272749737444,10.536700450088926,12.679707307514489,13.138109982059817,8.898601375858949,9.266025273788323,10.614214408357086,0.947378265568999,2.912080284913907,-1.8969636802935477,0.44334286903191733,-1.6310925252883808,-15.702944553335287,-13.979218765447914,-1.0136405315003063,-1.6929875189958472,2.594845823066603,1.6887743907929762,-3.6309466458258433,-6.950964730724502,-5.13696178386977,-18.65726476879374,-22.035120460586832,-8.748780852477559,-9.669986738337363,1.9175623582814156,3.7578300609189386,-9.656502430509262,-14.938831980284377,-26.606391211984118,-51.416675580043346,-35.986488117544276,-3.428313981387143,-5.698562664736446,29.530692541449508,14.287629774143667,-5.624522025023955,-55.325074202147164
Angelique,S29,epbin_NumWoGE_20F_Atp_Par 16 rr ica ep1 but chanlocs chansel chanlabels S29.csv,-17.58241789711995,-29.004133189394555,-24.68598198771714,-0.29747966501440193,-5.802864494852867,-14.921967496322338,-17.315205692615024,-12.248528182036903,-11.043114787336698,-8.649040112983784,-0.3688984231089775,-4.533624244121917,4.902548367044111,-2.1466245477813883,3.542342228238789,2.38779976565132,2.5750132225933444,-14.59681168820325,-10.440080166354546,-11.220758149385246,-8.514693038173446,-7.720979275672704,-20.712061798035773,-24.119172203996715,-10.87472559896769,-9.35854325353853,-8.62669065626343,12.840965545828158,3.2160059231738525,-3.9879592067369627,-10.087753074124931,-10.80595277584635,-20.332207867614514,-26.810390047178302,-25.387893323372065,-20.84166377536835,-21.218460415812647,1.980956264421251,-0.7227209774143883,-0.21381672287493855,-9.77187389266439,-3.54954106954124,7.71948719853068,16.28992967181117,6.600708714776295,5.5797309723694815,-0.44695305333164465,-1.6428248198778208,6.011147903199687,10.426270248982066,0.9432870088859787,20.51317634516923,31.730397059637752,15.12888533379372,15.810555061362114,-0.0846284522487631,-2.6243471271771397,15.67549271135053,26.666300565347434,33.20013233695179,64.19089083783904,53.94570139129118,12.264566810493115,18.304195970242468,-25.16770497463108,-12.779269329449637,9.416686862789964,69.39718448550204
Angelique,S29,epbin_NumWoGE_20F_Std_C1 25 rr ica ep1 but chanlocs chansel chanlabels S29.csv,-22.039285457475195,-37.119768810027786,-27.030204568310054,-2.0784364187076316,-8.058033463216885,-16.943763859853078,-18.187119428794887,-13.625026118573732,-10.819988101117847,-7.963158571849107,-1.1380602083731095,-2.990202489476189,3.694067845666987,-3.1829836061914905,1.9511047609995547,0.22284155948156903,0.3079524220102583,-15.992563258546497,-10.455942698232036,-11.185123771229312,-10.449765238121238,-9.002763680693263,-20.699272585637956,-18.840932163577953,-12.936685585370329,-10.337605113618535,-8.252304029142508,16.97097290612616,6.279972169667337,-3.579615070504087,-9.860417931848005,-11.644834157478487,-23.26292618191409,-27.89654759439259,-23.322710800819888,-23.470648669050032,-22.160143213725664,0.03456969057293513,-1.5814827018593334,1.502540891332257,-7.02446879014327,5.282689780769422,17.988800242315328,19.63930047087317,4.817913067439068,5.434902423667731,0.11689321513169357,-0.4270031768745532,5.510446892447688,11.498798693017038,9.586840820431226,27.67231245531003,33.175193334399715,15.02005668012128,16.586954194706188,0.6051588317048203,-2.3623393855330885,14.2152608935304,23.933960254978793,30.50849498778602,64.72036119215633,50.02486353188667,9.284647073191502,15.405052770603021,-30.675782216891722,-8.936100181410781,12.185592509197162,71.355517776046
Angelique,S29,epbin_NumWoGE_20F_Std_Par 15 rr ica ep1 but chanlocs chansel chanlabels S29.csv,-12.242471348010534,-24.75242181336142,-21.575041380987624,0.078278957968928,-3.6994400650328862,-12.91239467970567,-15.517080847648296,-13.043447477653388,-8.433704059247326,-6.553223380054296,0.7276161850061569,-2.8282081755208845,3.634622068550458,-1.9377154774615348,3.815953955673499,-0.1110129153105846,0.8662016538975061,-16.071535505378225,-9.50658044707862,-9.872550920612923,-7.959616081576038,-7.392547633661811,-20.723517543637662,-24.715413630455004,-12.12624385829809,-7.872816824362071,-4.928520003439023,12.982813554504899,5.531051468122661,-3.1199965112217463,-8.821476002597674,-10.842284862356538,-13.151673900259295,-20.61613705010798,-19.92946332227817,-19.444078688306014,-20.120293207080877,1.5839690182736692,0.3766306119014556,-0.1300800221391275,-7.06499223953605,0.4976472851345169,12.126324541680095,15.418842571980157,3.245668277672366,5.132698971957823,1.1661769522035148,0.04678171931476238,5.679375492515163,9.405992132795427,5.757319992241731,19.611589925829406,24.86517267949723,9.782932127463296,15.840967727223283,-0.18807025120236373,-1.6952656910665336,14.715906951807034,20.471204797202375,28.072385180950008,50.53136625901747,46.67468453861139,9.646461645210218,14.525165780752122,-29.760048079588877,-10.407250382292709,5.127303892960555,62.1275150074958
Angelique,S31,epbin_Dig_1F_C1 21 rr fixTP8 fixC6 ica ep1 but chanlocs chansel chanlabels S31.csv,-3.224442327033161,-3.762867578693049,-0.5110299320949072,0.449455273763932,0.026233591827738368,-0.7522633113597239,-3.01923547358849,-4.71135952104796,-2.1074907748587663,-0.34043820626146043,0.8845964303088727,3.80645724201037,2.0555606860089357,-0.9461336047397401,-3.6514200877503167,-5.951225622163917,1.100353044282754,1.8002183982277522,4.716804949048606,7.221983204169757,4.198664450992185,0.5266923798232999,-6.187759074070171,-13.464287850292958,1.3888100941168828,9.999660137981383,8.446632901595324,2.358129086844296,7.727643110572851,6.445105781667956,5.140876029508452,4.509756669487415,-3.0105383558104806,-1.7110201705880042,-4.6748937247020885,-1.734852833518911,-0.704006182956877,0.11981226041712678,1.4442618519115435,0.15824817330431407,-1.7521607031203357,-4.0704968950941405,-1.6877409421263758,-2.882289955578953,0.4667751640597359,2.3643679550159895,3.4012724786741297,5.124543096504784,2.7682223178181995,0.10899117265191514,-2.3191714545876603,-9.240443303493802,-4.960298713896373,-4.184216092590811,0.15271286371855317,3.0397913059986346,5.050864419255444,4.312950445860253,-0.12946489045759157,-1.4562365565643784,-8.758102355741151,-1.2726926247979566,4.98397561185225,4.796309289215013,-5.024847034553362,1.4925124906093634,0.9312354629273788,-5.317054420737932
Angelique,S31,epbin_Dig_1F_Par 11 rr fixTP8 fixC6 ica ep1 but chanlocs chansel chanlabels S31.csv,2.851438589872939,2.1231989270091884,-0.8519296942328533,-2.0631440021739946,-0.9104788134338341,-0.3462420787623204,1.2460751552425373,2.31145359622207,0.3953733762768849,-0.716165953132659,-2.631159862314519,-3.1763576292078075,-2.390086595198398,0.08387902464669761,2.491006954667085,4.52824078649521,-1.923114350639877,-1.692520184149566,-3.9600160441771344,-6.7907214790779316,-3.0203748108261883,0.30641278952039647,8.063116787330207,11.152253086791655,2.256865497694502,-6.562435734749271,-4.6299882876327985,-1.8926185537814093,-5.192676741831335,-3.9023862886402427,-2.714441826006489,-3.034149339289262,1.9859699698518896,1.6617074635470277,3.890908478855815,0.24910173864036447,-0.3892365134476791,-1.4697330367965558,-2.0949452207743455,-1.865865824359974,2.330293299791535,3.497181973011523,2.489887605772108,3.3732365247384424,-0.8782025014367302,-3.2713345968063616,-4.934324523324677,-5.6632276695604,-2.9347071600799035,0.3655624690717069,2.3544368658625685,6.958143878244703,3.5923023487422427,3.324510791479253,1.0314953152560313,-1.5568795153653683,-2.7849047017083874,-4.471267395596884,2.8221247483618357,0.49425268880029766,7.687028217529678,-0.13941441092614507,-2.042127968652982,-2.9200385540856724,6.501877719251114,0.9111446641305065,-1.1159400966921578,3.602675574242132
Angelique,S31,epbin_Dig_20F_Atp_C1 23 rr fixTP8 fixC6 ica ep1 but chanlocs chansel chanlabels S31.csv,-5.658215151184026,-1.0116561713025107,-2.3849599607429113,-1.466001842028446,-0.2570042453798604,1.2459666145779849,2.585983307742073,6.777856263230545,3.6648139188830986,3.2081014852813796,-0.08298068334788271,-1.3491977266252873,-0.32926953189848324,2.204069915370817,6.452918052454324,7.758052907460371,1.6249375649475823,-0.4142773992826414,-3.248603934795458,-4.9606017884062945,-2.6252401711269187,1.977383878531633,5.843834300388822,14.70191336067587,-1.6282326939217757,-8.209249145863328,-6.982712968211146,0.020337982323845535,-5.8532578634747985,-5.213850886533235,-5.691205298906228,-3.3424039342339897,-4.264331524786632,-6.953239401517331,-0.5894266710231035,-1.7836594919346822,-3.094440466235598,-1.6905682033803575,-2.53918625413997,-1.190844781292787,-0.5724502753772256,2.508349449999062,1.6040879727646802,2.36393276558047,-0.5901584332219701,-2.174244489861205,-2.6370586639074487,-3.8124593776495335,-2.3246803277909107,-0.23130005970238163,1.8428438571983858,10.357224097113978,4.950672227255146,3.3958991570436146,-0.21143563853918199,-2.465886917342866,-3.5492533843002203,-2.2375082970079596,0.10375019890226504,1.0988938376953106,6.778425161444868,2.941461233358839,-3.7470793084663194,-2.54560968102062,5.729154949381929,2.060427566579615,0.6227798432474891,5.489671458123229
Angelique,S31,epbin_Dig_20F_Atp_Par 13 rr fixTP8 fixC6 ica ep1 but chanlocs chansel chanlabels S31.csv,-2.308403428307515,-2.1191975846145863,-2.702624862029942,-1.962914096384508,-3.0076808830741717,-1.6982306966709233,-0.10160790587135485,2.084298970751166,-0.05264802826866419,-0.255441396253616,-2.328900544482036,-3.4045039463118676,-2.5400932520650388,-0.5753141646417472,2.4519450542804337,4.903499234347798,-2.668123575383274,-1.4105883469621965,-4.383177132471395,-6.8621411218306925,-3.6401590234204813,-0.05943835361188021,7.2316160396203095,12.336735722387523,1.8203818821170263,-6.480538443489612,-5.25090236659757,-0.8913674618629012,-5.68285737154054,-4.153235919184651,-3.3529576358220816,-3.1256908875116474,-1.0518259391809504,-2.3875350333596166,3.0602875388414987,0.09428930411504986,-1.3865816201195225,-0.9008857989461087,-1.378262263228165,-0.4240116687095664,3.9943014423400736,5.2369353565050325,4.831426366109041,5.582146186808987,1.4564907031865564,-1.2986845914653549,-4.0280504274506495,-4.426094139028604,-1.465114093091745,1.9423882674231912,4.200704869607015,9.45441919720503,5.617235371938652,5.077580772023372,1.5040083141387628,-1.6755692580231716,-3.5601078720790627,-4.27412966671417,1.9343030897549969,2.319705869858204,10.325755008470649,-1.130277377515404,-4.19758372177663,-3.3896416629615644,6.109531436254811,1.8849669965935838,-0.6645707078161408,3.202714372411052
Angelique,S31,epbin_Dig_20F_Std_C1 22 rr fixTP8 fixC6 ica ep1 but chanlocs chansel chanlabels S31.csv,-1.751257066582384,-2.585279261501704,0.10440009657482187,1.2080285252998215,0.06777855410443173,-1.5498174159435354,-2.5660419340851512,-4.794178228268298,-2.5335455931491055,-1.0779869780012097,1.3272520128493221,3.1737693329665255,1.7203279430301135,-1.0155951559457035,-4.435072834305029,-6.668649887104778,-0.05894383662953258,1.8359327606123306,5.179109609331406,7.735418471949676,4.6210138721585095,-0.523534106558688,-6.920819047580471,-14.355021920140175,0.9325854253104296,8.959652614006533,8.134900639269913,1.1093843156595429,8.008037365382126,7.2752342696928745,5.980304355125566,5.056348953015059,-1.5785991908809256,-0.32531035816544857,-4.80854050851363,-1.2882338076284037,0.010618156751023245,0.6200639786588501,1.851595390238212,0.06736106868936546,-2.6845559339621814,-5.515202680382781,-3.132514346743838,-4.225940979391945,-0.2539889405677708,2.822124937984209,3.8451644551020543,6.2538878688588735,3.0885169443954177,0.07692138833531194,-2.60270007646712,-10.930822771181681,-5.354257800536306,-3.6590805983580754,0.6450350636738336,3.7297090636493695,5.528508853354445,5.305131042517257,0.2772675889643325,-1.4728696636417644,-7.656457229875008,-0.5999992857873007,6.541090037616304,4.687630688956876,-5.8145075477441095,-1.4300351378756178,0.21704503396217698,-3.8277923107724225
Angelique,S31,epbin_Dig_20F_Std_Par 12 rr fixTP8 fixC6 ica ep1 but chanlocs chansel chanlabels S31.csv,-0.08558671823990406,-2.5864538011224503,-0.15560970274594318,0.2840557904287896,-0.8921595482806454,-2.9619196508643317,-4.493625271220213,-6.865927980005665,-4.005994306808223,-2.2187488460658127,0.4949962102797906,2.1282123893455087,1.0509112089463966,-2.133866010686877,-5.841574963870449,-5.857827503374609,-0.6173658253241792,0.7875685983695192,4.839871722351015,7.733241983674474,3.5681386687839285,-0.3869175438307017,-5.622530752765406,-13.998037013551698,2.7711436102478832,10.854974621722686,8.193765942176706,0.5700591904467726,6.607235724802106,6.47093102688291,5.668871658268815,3.806518188348475,-0.47208892147415416,1.923184270094892,-3.1201793579737855,-0.6935333068660666,0.2522937738304148,0.22671024266746415,1.7383097684597333,-0.6783575707504444,-1.965080827363955,-4.926389718151096,-1.9141102373368748,-3.3787626078716535,0.36934841501357957,2.054922845300153,2.942241443884185,5.730880842487155,2.8008735717877298,0.4470846157513175,-1.8547387348704512,-9.705753993422698,-4.040860893419082,-2.6325377618625168,1.6084518170011617,3.688047429474783,4.925982182047233,4.275294102672517,0.7424014826808115,0.21570987381472323,-6.542493382738181,-0.7152224869445811,5.20508838184979,3.993303948553342,-3.9304434594234974,-0.5675536338224486,0.22525726966586027,-3.33362576577328
Angelique,S31,epbin_NumWoGE_1F_C1 24 rr fixTP8 fixC6 ica ep1 but chanlocs chansel chanlabels S31.csv,-1.3957442703626481,3.2866149151431836,0.4209632752366931,0.5076456445725528,2.394736452210206,3.119692106798769,4.965234964590875,7.654235077878625,5.3513185252644515,3.3362977133647007,1.5208155988110665,-1.271435155219508,0.43190646514355696,3.1163965630485397,6.254906606845092,6.971044574184969,-0.08923324787578958,-0.6179860954131536,-3.685792402727155,-6.915876115905848,-4.583737282358069,0.30646042408863855,4.4959236267899705,13.075049362552933,-2.691538816795358,-10.575986151037643,-9.320081924775383,-1.4447507809041888,-7.963735279695306,-6.973424639042896,-6.471719612128612,-2.5259026243134204,-0.9871616970263901,-4.494907047154204,1.5632468271407556,0.8491994797083674,-0.3308184091608925,0.18283894923030003,-0.905560604276544,0.3143507574884263,0.857296064006361,3.8147988453482373,1.8516031381835796,3.3443933111422988,0.4953162772146046,-0.5705926058532119,-1.3130450639419944,-3.1922212394960563,-1.6081431731115765,0.4291901237700663,2.512154778110769,10.977893703050778,4.48088058085091,3.762881846127311,-0.5698420675835856,-2.209869976074174,-5.229329840095512,-4.259270315285639,-1.1480619888821169,-1.2981333553576964,4.9333263211664535,-0.7412569766179594,-6.007989140567024,-5.5055129944795524,2.377489024202786,-3.0215412237555292,-1.3997153985879338,1.363815865754238
Angelique,S31,epbin_NumWoGE_1F_Par 14 rr fixTP8 fixC6 ica ep1 but chanlocs chansel chanlabels S31.csv,-0.7178916858879782,1.6101748625231722,-0.5267948991219877,-0.3496577044199315,0.733687553381181,1.1471083020624937,2.1281800305170724,4.387992894898163,2.448959476403876,2.6349211662106096,0.34334657275228997,-0.8034466505416517,-0.6468304417748524,1.1331158696234178,3.8115001815285026,4.804281224086782,-0.0832192494508018,-0.84967012771987,-3.915961493675001,-6.394043071598001,-3.955027821151891,0.004559508642068088,4.663752714388397,11.52614719600475,-1.6149394486128892,-10.004034477830066,-8.685006356230991,-1.9724903814368504,-7.105828280172247,-6.005851487857233,-5.076255421594219,-3.1342375640583864,0.07624179451948387,-1.5199061073128677,3.6241293720303975,0.9347918219745297,-0.7269661747795264,0.1046169128190889,-1.132538540890479,0.37462489483358874,1.7638412150629996,4.217357008394762,2.2888738639948105,3.8012769918777747,0.7276952134405681,-1.1835282205461135,-2.2135820904279986,-3.943472597935119,-1.5014243412757773,1.0774422460288557,3.111801220741316,10.098078466184395,4.8239267333038285,4.456684542900112,0.10225366904359907,-2.1549014378001985,-4.456841071178282,-3.881512191983648,-0.06843916532585641,-0.08298192370968879,6.258903203300079,0.05336556485810045,-4.612780591046693,-4.362338981864702,3.4029501304446357,-0.23899382216708895,-1.6036902356194034,2.848501634185823
Angelique,S31,epbin_NumWoGE_20F_Atp_C1 26 rr fixTP8 fixC6 ica ep1 but chanlocs chansel chanlabels S31.csv,-2.1703316107558535,1.367900320293491,-1.175037924544511,-0.9318425744608323,0.10059999562819208,0.6207642624418794,2.3443419735379707,5.419218362538063,2.6920449773776087,1.8320350603032773,-0.11988626745254338,-1.1355803390080093,-1.0236502894408406,2.0092485386036203,5.323489834358874,7.218454057799991,-0.8406428604210944,-0.3229719479007944,-3.9254789517954474,-6.5904590012654545,-3.5775336808026204,0.48488264916748974,6.85623350808686,14.64190908842365,-0.8801830138162262,-9.877367078928138,-7.828293053894321,-0.9706749229288189,-7.245336365796433,-5.644471171427657,-4.730379032032495,-2.638667866241909,-1.8725389168598954,-4.843516868767654,0.7052813629069271,-0.3791893300586242,-1.6830925518426023,-0.566328496106007,-1.9126550662582744,-1.111520876099568,0.6186213481216577,2.9345021805350617,2.2865323864661065,2.9192940969928043,-0.04814012606596496,-1.8817609579890369,-2.5459914772715835,-3.838674088607363,-1.8503860222244513,0.7896551411112627,2.6594165813799076,9.520683294395297,5.032930722806339,4.269300835250519,0.5266430056137213,-1.9777088007575596,-4.0680340752211155,-3.298253223784879,0.8867250431103423,1.3088066040447688,7.983449295148506,1.0854613990527822,-6.444115634660799,-4.137406271624186,4.930092647327009,1.101869555933165,-0.0032660335996310508,3.620982338834754
Angelique,S31,epbin_NumWoGE_20F_Atp_Par 16 rr fixTP8 fixC6 ica ep1 but chanlocs chansel chanlabels S31.csv,-2.2592609029752015,0.5427328647749238,-1.916653567246634,-1.7037396412857622,-0.8096350461738205,1.3632880892359989,2.038208824953173,4.99529401223668,2.396137895706584,0.7310126086185927,-1.2403375526973317,-2.429858128125237,-1.2725025919410364,1.2424820682704352,4.493215533312615,6.422491576041557,-0.9580640444326146,-1.0005780494042418,-3.8543810835924117,-6.740081472974298,-3.7471861591407394,0.6739127597076017,6.851982025969696,13.015708201524129,-0.9234177166657851,-8.472385274374611,-7.9728868978334395,-1.3574968955540092,-7.355821519686852,-5.670867284701986,-4.092989354355018,-3.022113677996467,-2.035699722693515,-3.707275494274939,1.6243936110639747,-1.0031587324373454,-2.0545306543555393,-1.4132533664114673,-2.159437795629666,-0.3768225076338746,1.4894467242876868,3.84660103926121,3.096087102829947,3.736251268098726,0.18086704805257495,-2.0792019135864925,-3.521423378053871,-4.981180781537427,-2.048262027975218,0.7974860584997557,3.1179049883434415,10.183220150360487,5.62492053364468,4.819978480233804,2.1413245543353416,-1.913340689851504,-3.8474764858202115,-3.4975912168887398,2.0720528173775588,1.8715628146236076,8.675692459611348,1.3963880395320016,-3.9422255773948978,-3.6015245896538293,5.365548207119674,-0.12206468739085011,-0.32366989837167415,4.62220394111749
Angelique,S31,epbin_NumWoGE_20F_Std_C1 25 rr fixTP8 fixC6 ica ep1 but chanlocs chansel chanlabels S31.csv,-1.2026502047993366,-2.341265162649596,0.3897365179650951,0.7776822929021007,0.4591551346038834,-1.281003549077512,-2.7364661136582407,-4.626689578612408,-2.2316611039815717,-1.5558209217382588,0.5132971741145711,3.0229711043571306,1.7549427999815477,-0.6008614070801972,-3.9904684447787258,-4.243501356274622,1.1155288299177595,1.301009253155795,4.691190785677676,7.139161108401432,4.046548614776879,0.016788504937284683,-6.842911231282126,-12.120139297737808,0.9062575547611306,8.55405785861213,7.399839389947884,-0.05993033699061964,5.849008129172811,5.389157138630518,4.994754771697179,3.7336098068978476,-1.5517030644984315,0.2542706528573701,-3.5972166694885703,-1.5499159823063966,-0.24324512756085426,0.18653394034662532,1.0947296384587615,-0.6342131434124333,-1.948607039166031,-4.367178849673386,-1.8257899577251557,-3.5365564721654383,0.025296047835859068,1.7673976086906225,2.5544225012146593,5.7221743705459325,2.52974818145765,-0.04870180548918242,-2.522606158273286,-9.176771760791716,-4.154676020086644,-3.982560673157122,0.8312598040450258,3.179536434822105,4.396202762098795,3.962963717047471,0.550319798537232,0.6953043836219606,-6.111354507605336,-0.20304236185215213,5.193162688701619,3.26521540249315,-4.860089364620993,-1.0576571431974406,-0.39455024740258676,-2.6634327111980354
Angelique,S31,epbin_NumWoGE_20F_Std_Par 15 rr fixTP8 fixC6 ica ep1 but chanlocs chansel chanlabels S31.csv,-0.48390260292335013,-2.4154171370592206,0.3012450649794583,0.5963544875501374,-0.3593118027074676,-1.4983311945398945,-3.6162760621055345,-6.097013679229708,-3.44666416960367,-2.2587651170134353,0.15619528419161288,2.6559921557736876,0.9221101947099911,-1.977329062371424,-5.887331635433167,-6.296054588690137,0.5684636495587372,0.7790460914017577,4.604812114810489,7.674085592516273,3.7672000783038815,-0.4747887329210727,-7.178270784604605,-13.920631259956373,0.5342046095934816,9.52555215119539,8.181661521670746,1.6294311455698725,7.839182541233789,7.482660009122042,6.234168765963288,4.305202347894385,-0.4620927540616418,1.5756281229110698,-2.5532345361864968,-0.28045214250166756,0.5850526563049415,0.42533424994171676,1.440713153464438,0.1832133496785343,-1.4713791958710256,-3.714180277932693,-2.78106777440392,-3.4896554530987074,-0.15644489612674128,1.5401689172166655,3.130621204688298,5.660067135093059,2.2670282961505364,-0.407727104074246,-2.9058765591245046,-10.247663211472544,-5.337859466529858,-4.820246579293925,0.19033891731731015,3.209500402339445,6.098692007098513,5.5065307508612715,0.4872720295975462,-0.9456670103178897,-8.883961853259786,0.8056839829367376,6.592698056523656,5.894937877660148,-6.0731076778920965,-0.9596961925321472,1.248257214447146,-3.1989086402036664
Angelique,S32,epbin_Dig_1F_C1 21 rr fixF6 fixP5 fixFC5 icfilt ica ep1 but chanlocs chansel chanlabels S32.csv,-7.84177934433882,-18.022822347321576,-4.2912299478068965,-0.5364469529540191,-2.9202200097917705,-5.599695477874119,-13.224993180162537,-13.556717941175362,-7.285412223092024,0.2044191920862441,1.629765852503579,-3.8138485942911435,-6.220896114169053,-2.6998241719893685,-5.254479692901616,-4.791181957200244,-3.6476769348523113,0.3545227445708101,0.228468370697609,0.5697010443897879,-0.1410032248636366,-0.03310327880545135,3.6893695646241196,4.685172770651272,14.741002444873656,2.355186447783971,10.939898216082064,19.94902151446677,10.368993990508027,3.87102208241111,2.5658390025576185,-0.20067126297836274,-7.4326684722909,-2.4308686716155306,-0.38935333953811724,-4.393981091031647,-3.073037981959552,-3.0848890250881342,-4.353632717281693,-6.538453479815103,-7.449780330873316,-8.371031724518314,0.5773462399548414,-7.439856090442641,-5.74381443230686,-5.791873004489801,-2.9086710018715403,-2.3644958043276723,-4.893915926680452,-6.578678941568383,-1.2578598452092218,-3.4849284879793045,-1.3778218133123792,-1.2181096137054073,-1.0194309186939263,-2.598969189025965,1.5436128426236346,2.303760662340226,2.579934071182077,4.35071893758297,-1.674840836896966,13.007021577696824,5.9381787496340905,17.709308386664524,16.969593783295725,24.557260044990056,17.766901230543112,12.496941719145239
Angelique,S32,epbin_Dig_1F_Par 11 rr fixF6 fixP5 fixFC5 icfilt ica ep1 but chanlocs chansel chanlabels S32.csv,-9.701939500565887,-16.25696222265562,-5.266675578192525,-1.3749834818795728,-5.257073023168282,2.0787017223964566,-8.741955089737246,-15.516776443677829,-6.03103009941573,-0.004816693849598528,-1.3852472826493618,-4.6451485350039725,-8.01840902532234,-4.655013676118385,-6.826251938783298,-2.7549662118823406,-3.2861779719248196,-1.1675454109632535,-0.3954222033357595,1.2542987473406684,-1.4413263116768418,0.5721697036618831,6.444013959628545,7.119474341415468,12.6511597727175,-0.12035236393865395,8.867500198537863,17.17473070673162,8.497265001698706,6.145216323331988,1.333447053695701,-0.3053427238878436,-7.054898329142283,-4.346321039277938,1.5853139085906214,-5.2231800815412655,-5.136435917242877,-4.8051909921076446,-7.739266973804659,-7.597683510067317,-7.56250472792522,-6.276859054706717,0.0037349404981759145,-8.812967807804272,-5.760546317048236,-6.144949643205712,-4.706623344130158,-3.2300510019281603,-4.873140097255557,-5.019287362545149,0.6317392366079339,-1.2959435133990094,-0.13616476598415708,1.185595658402381,-2.2166413519034545,-3.1370055879020957,1.5080566514201081,3.1387572505274925,3.1009658372936726,7.287147028296927,6.541310545800689,12.3114986553352,6.81894438167376,13.93360932778244,17.358771476880108,21.8498482641685,16.955998693229375,17.879802712268372
Angelique,S32,epbin_Dig_20F_Atp_C1 23 rr fixF6 fixP5 fixFC5 icfilt ica ep1 but chanlocs chansel chanlabels S32.csv,-6.54701034796408,-15.84738443583866,-4.399170585058888,-0.6415472358299603,-5.669073668396554,-3.1708921765103444,-11.802271897250785,-13.922067772501256,-7.692436935553636,-1.5692201164265986,0.1287683266291672,-4.110206374181922,-8.471188618150169,-5.984348310632779,-4.835707143641877,-6.1997895908716,-5.236471554936852,-0.43770579148293837,0.3564847472317887,1.3995481937654668,-1.5718609556203609,-1.242845678289264,3.079796825093741,4.552129384127202,10.99223370458466,0.8767477310842553,7.284464950329667,19.70228501722903,10.38684826969383,6.555216676452576,3.208111096714251,0.3214913803630447,-5.578869875616031,-5.606955382881797,-1.1732701461553612,-5.9969419953535645,-4.031740251127555,-3.7557466699077957,-6.7686838591991485,-10.233051164211474,-9.21956615657641,-8.507986062422026,0.1710671048891152,-8.917657401053503,-7.93845191506235,-6.547559364210697,-2.821002648971188,-2.3544375125196044,-5.262633370396698,-5.990030071517746,-0.8759804366806664,-2.1504305223172113,1.7318309037354267,0.11762711920496136,-1.7108480663500891,-2.269026530418104,3.1619885522043307,5.022526856756328,5.308875049708565,7.970406469141858,2.6489966698146126,18.276485624107224,9.303170172935825,19.948798688556888,14.408827346836675,21.810229085637726,19.694201198534664,18.642905506607963
Angelique,S32,epbin_Dig_20F_Atp_Par 13 rr fixF6 fixP5 fixFC5 icfilt ica ep1 but chanlocs chansel chanlabels S32.csv,-14.721204993619242,-24.753462015678934,-13.11865415983091,-8.36270876533598,-12.666736844275338,-10.112451956808767,-18.801972219661668,-19.52280271909336,-12.476115446486057,-5.431579256469838,-4.984350374795176,-7.861951992553088,-11.108545206860734,-7.793091029934012,-8.334182545441879,-5.520144941364329,-5.145953831839539,-1.5136457493525788,-1.267489805455446,0.6210975666809962,-0.7788449248479601,-0.7165153824674776,3.7752553873805876,5.649433328629896,16.279334666105957,2.6294421854092613,11.93217821223313,18.594907144947026,14.466101854224123,10.928936319233511,4.453464702119685,0.14815234169279226,-12.43379822554733,-5.775432972811766,-2.2485231724029973,-10.409890451303626,-11.471081506982856,-11.516783416442802,-11.751305099174603,-12.568553082159934,-8.633169309964542,-7.001801341868799,3.348225244722342,-6.329147432209212,-7.518533342948289,-10.23539500952865,-8.900171768830248,-5.09906344278213,-4.799316356481695,-3.5868874906671486,5.593196732037414,2.062352492672383,7.00772113592312,6.468190736225192,4.160598697745188,-0.6233410785010117,6.416232160333719,11.205897501890098,11.692143807851465,15.662515360105234,14.130284361555873,25.835266452869348,15.155501087334923,26.015805785285277,18.90696108385706,22.939131496871124,22.777992368568118,27.038279147106547
Angelique,S32,epbin_Dig_20F_Std_C1 22 rr fixF6 fixP5 fixFC5 icfilt ica ep1 but chanlocs chansel chanlabels S32.csv,-10.272281854641253,-21.1979294759053,-4.420531896467579,0.9276373797993482,-3.701221654644693,-6.33794451335767,-17.047780997001926,-19.035786838954795,-9.782342982358905,1.3850731862694354,2.1620713337104553,-1.6849557593004336,-5.917970652590439,-3.973297515701474,-8.08642560327298,-7.110150727389638,-5.229160997515598,0.7479757758544401,1.7528450512520783,1.7996916687504503,-0.4382255963208883,-1.2418705769135272,1.9417777241271672,1.588102499366595,11.545401177404429,0.5997593937487796,8.08405238931394,14.399177609219269,8.93018873965938,6.926362654818423,5.1053746064076755,3.008182259617796,-9.001770062114998,-3.9344655045982573,-0.051003522308783966,-3.4769684851174856,-2.9636029106918627,-1.6898886405454245,-3.8846061002567747,-5.777046031060455,-6.490987535488445,-6.754167424279719,-1.2001817867930902,-6.941747192493225,-4.4408060393754765,-2.5960135162432634,0.23569357583067063,0.5989419064687639,-1.2304591226992703,-2.4094886316807362,3.66055915840033,-4.6002263746620375,-0.47347397260345436,-1.772416597483025,1.708859986810158,0.6881583403920044,4.384255169882664,4.715561517412613,4.825336767119017,6.797699642923988,-2.466942196428713,15.247290638598084,8.422988053753743,17.64403102105795,12.8228119446516,18.954897763563554,15.099365158729682,10.924010668037749
Angelique,S32,epbin_Dig_20F_Std_Par 12 rr fixF6 fixP5 fixFC5 icfilt ica ep1 but chanlocs chansel chanlabels S32.csv,-9.759880327352244,-20.119259027278385,-6.833097398474732,-1.6613084593931577,-9.72413326915404,-6.248961212322738,-18.144433351492758,-17.840088933342663,-10.512545597532526,-3.288058862145126,-2.02704842051544,-4.027980891176481,-9.37739171882902,-7.448586919324104,-9.74390370311329,-8.110423617399954,-5.921123094562299,-1.2268186188306538,0.9977213118500388,3.8473721371932506,-1.1497977002433786,-1.2623529226005523,3.283862103488318,3.400810799891153,13.354591348139726,2.223293786636439,9.970578055287316,17.95885132104139,10.810257860197916,7.459605063262101,4.701504379141592,1.379313706564968,-7.7244011020064605,-4.568266593851755,-1.629898698406471,-5.238282911064792,-4.992333733852216,-4.500225196740464,-5.803975056365507,-8.519259299539014,-8.276920053228286,-7.302693337035222,0.38651796048380804,-9.008805798486572,-6.867133854025002,-6.338758543683171,-3.6861114400408748,-2.545178198683772,-4.476590366175405,-5.797412363118715,1.6770248628243973,-1.5595372068435887,2.295449226222766,3.0121127219641073,0.7710419561753367,-1.4499956465139128,4.6990174373619364,7.343440428205878,7.013002597495035,12.591195698791129,10.037821312014355,18.07365567414812,9.755631063298255,19.93722837962604,15.274501014336069,20.029595616727196,19.336023246809017,23.091933148802134
Angelique,S32,epbin_NumWoGE_1F_C1 24 rr fixF6 fixP5 fixFC5 icfilt ica ep1 but chanlocs chansel chanlabels S32.csv,-1.3287723084916991,-8.149722586994839,4.050190229232934,6.070038946573624,3.1779950916368476,5.163937445289259,-4.441746793466126,-5.698977087276337,-0.2103740263587201,3.9156097361052944,5.850140574638647,-0.06880790916013116,-2.970806390212417,-0.09608192301510349,0.8652508577072352,-4.744983936008001,-0.21764366183280623,4.152565069040774,2.740410550752063,3.10733251312254,2.076459794189354,1.1874912667029465,1.7036568624760227,0.9840054078855648,5.120951270959865,3.2040243805893884,0.34400403682491315,3.7043072420033782,-2.3875190636390475,-1.668724950636269,2.225856419644465,0.9562689533070607,-3.791880356756605,8.921204188537152,13.369477386214728,5.513128765797083,5.946439680439406,4.164064856841544,3.618379767856546,3.953567540232319,1.4672208427827584,0.1443983015553145,3.7859565462496896,0.30369736563573013,2.6250983578857983,0.7872995775463875,1.7905509309120347,0.29505062184701564,-0.29491028217814147,-1.119343963278745,11.267217698012791,-3.838511473929764,-6.635971035056836,-4.7372176383127345,0.7535555720633323,-1.300042757981516,-1.886333304544571,-3.3206541473221685,-7.7452677202085995,-12.378721340855716,-19.565290185295396,-15.683891051365348,-6.938999991539583,-7.037607063736786,10.308555106280636,9.07145599623198,-4.272257521240667,-16.155753176670977
Angelique,S32,epbin_NumWoGE_1F_Par 14 rr fixF6 fixP5 fixFC5 icfilt ica ep1 but chanlocs chansel chanlabels S32.csv,-2.149253011712645,-13.282127325979165,0.862284680964219,3.019292006361732,-0.5598119565080554,-2.7665763695888286,-10.042682098115558,-8.627275143553295,-4.140005841489511,1.2400121235409438,4.977112017754517,-2.8626831847641356,-6.287059358351994,-1.026166085137679,1.6136266144094273,-5.215591388225828,-4.322421481677368,1.6395956764176103,-1.1911330981617232,-1.1109570966081226,-0.7633066973500715,-2.0246571148989347,-0.9882405506573645,-0.6833594657424665,8.069965360574368,0.9751248071985628,2.7641003792477314,8.508162275156574,2.834408037258986,0.8317196251231013,0.3276330434264098,-1.5794916826068761,-1.0315984695119111,5.7816274493099105,10.124316645452677,1.9039254973146156,3.0393001233923638,1.8884153247645974,0.31019335723744795,-0.4146449484560628,1.21563050865589,4.734355562827792,10.797847521949704,-0.6728182108376668,0.4065467135770818,-0.8163107583684249,0.9794575126227985,-1.9864566066407292,-1.7990664335249047,-2.0395187725844197,6.694041139870635,1.6745574091782607,-0.5275176466767618,-2.3588123049156167,-0.657974915359357,-3.2692890274045103,-1.7832031449454318,-1.2541958801856687,-3.2896705268541977,-3.634020788824107,-13.95072623484839,-3.0063050163731084,-2.058264584236345,4.155135294923914,10.564292734980588,14.741495842570686,3.716285341625573,-6.2172714130682785
Angelique,S32,epbin_NumWoGE_20F_Atp_C1 26 rr fixF6 fixP5 fixFC5 icfilt ica ep1 but chanlocs chansel chanlabels S32.csv,-6.937837074173365,-15.347849206816432,-5.041901602471193,-0.47523016972417625,-5.675787272291642,-2.8159373235993725,-12.717681160660206,-14.554618157395277,-7.056580734384221,-0.33875563288577,3.0594328538383544,-1.7389891959007402,-6.35455434465553,-3.799186146753494,-4.571119374495567,-7.293657819580904,-2.2869548033765055,1.1860088594125007,3.2209613332433884,4.875136473991367,0.7296729279410779,-0.18248613901196392,1.0098239570564007,1.8909047472677603,9.87389003752611,2.221827085614501,3.7660158732565296,8.46016979661704,3.3471566353122326,4.158215664090289,4.37293391509243,3.2866714551127703,-9.975292504061727,1.7877617613350452,5.945259442749072,-3.116081001954941,-4.695838402766266,-3.5578911578332364,-4.588571755540123,-5.277319551171757,-3.8766980805151627,-2.559029455140928,2.9235209798471087,-3.7937423022092087,-1.6335838773603595,-2.788062746190822,-1.0846978124598345,1.0314036934199975,-0.4780154235980497,-1.0793139443877555,2.494631885728085,-1.5380340473857357,1.7971552295901052,0.8798381117138064,3.506902304713506,1.5593667999482075,3.8655875248460037,4.49208504195046,2.774305904915172,1.7345604430698327,-2.789279696229159,6.859244270847139,5.230335739543098,10.011361968086723,10.131445499847338,15.914093445843061,6.729724199000564,4.893174313105443
Angelique,S32,epbin_NumWoGE_20F_Atp_Par 16 rr fixF6 fixP5 fixFC5 icfilt ica ep1 but chanlocs chansel chanlabels S32.csv,-6.920595489377218,-14.576046324020908,-5.645619775323315,-2.694182354387324,-7.334593562432057,-1.7029724071911212,-10.964357225696894,-15.073576370152612,-7.6574209022252795,-3.6777177533982366,-3.1100574819409523,-7.213101698190447,-11.542393696114583,-6.1957118098580795,-6.9123879375688935,-3.6329062619122103,-5.0653725086993715,-3.1568993630322084,-2.881869086897029,-2.0160757377103544,-3.507637946771278,-1.070174803848387,5.362486270873153,5.431441332127822,11.336770211524145,-1.9986485067442137,7.786727205015914,18.57260516861286,9.15629601134661,5.033408739054947,0.12266849004674658,-1.9784501357085242,-6.039853137706368,-2.320806453412504,-1.8623103277748636,-7.133641741878336,-4.851455999818132,-5.846791509982756,-9.161162124904264,-11.962815022465788,-9.423784202859819,-8.286744135952091,2.7922652217726096,-8.021793146041427,-9.603578842475901,-9.765827158655547,-6.245062508382769,-5.593962380123127,-6.762250688328364,-6.480563812803007,2.2966762575208604,2.5309469260906456,5.94610629444529,6.164003119764982,0.2903622644984726,-3.183646054758868,2.0824409011363394,6.449183737907143,8.818014715333089,13.996983635159106,11.711661816586824,21.187106153051502,9.466800669146108,19.685471051605052,14.6104235166815,21.11276782297382,21.92923634372375,25.20196695329366
Angelique,S32,epbin_NumWoGE_20F_Std_C1 25 rr fixF6 fixP5 fixFC5 icfilt ica ep1 but chanlocs chansel chanlabels S32.csv,-8.810487415347076,-17.11518603465808,-6.95174077419699,-4.721196318821884,-8.373690472115346,-2.1030828869893097,-11.34670493952715,-12.78697684826082,-6.707978209762338,-4.2180268121994295,-4.5063525998178315,-7.126196165687176,-10.441979734987633,-5.2338769309421505,-5.365799103079353,-3.172853939506332,-4.973670819915703,-2.551793818339035,-1.7328794953802222,-0.06161924186569616,-3.298550612819484,0.4015026230924473,9.476730541364136,8.875975691328605,12.331414020407864,-0.8525592093917373,8.558974787869134,20.299524214545936,12.977321048345273,8.53289931056205,1.4555010218470605,-0.9627854654381062,-5.630610487145702,-5.958610739632945,-0.3023678015797022,-6.511411586372544,-7.046599305813089,-7.549544523907913,-9.272628524539147,-10.614003726990871,-7.729677816831524,-4.660789968318133,3.5000406806306166,-7.914234872070109,-10.353777428986973,-9.801159769236337,-7.238163741756131,-5.036065176443411,-7.856170815106446,-6.878946787616398,-2.7837605086563846,1.425266331285696,1.7384925337566963,3.931506000166116,-1.1118083866837085,-3.9170537724892416,2.429299506785267,5.2368005340831765,6.298829485183279,11.597006898960615,8.724745967661605,19.298040637060204,10.78434182522378,21.968969216413434,16.09405282734222,20.605978513537593,22.357737281164265,22.682423966741677
Angelique,S32,epbin_NumWoGE_20F_Std_Par 15 rr fixF6 fixP5 fixFC5 icfilt ica ep1 but chanlocs chansel chanlabels S32.csv,-6.166083917542368,-12.008889925233186,-2.9405609375425272,1.000195829350276,-3.9158348661418705,0.7266236187348785,-10.649299626976699,-11.263576228092388,-5.365145919264727,-1.3543536332858335,2.140572470030185,-5.701760038691946,-8.45766016679156,-5.558485215478529,-2.9570864802071557,-5.630710393245915,-5.607261145766027,-2.252915123674683,-1.7692639837282786,-0.018248361882133707,-2.175581403353904,-2.2941837281867317,0.9002900813352421,0.710589952180828,9.69457258719797,-0.6907990575894749,4.341760255881364,10.028740079565235,2.379800730671947,1.9127510641768206,0.8726378357853306,-1.3900154822480226,-7.505090492981578,4.339874103106112,7.739229252599133,-0.5308367890556702,-1.2856456269530712,-1.0455171174654834,-2.098705399137065,-4.10552524193078,-1.8641340903660908,-0.10246509779646087,6.947889418506284,-1.3844105457449525,-3.0366968399656113,-3.9895569181644204,-2.1814454368042613,-3.7788280674274857,-3.6938003542771787,-2.0052868979138165,4.3371412425941,1.4390188594525188,-0.6400714259640835,1.64981216641227,0.7947249060980717,-2.5606241618399452,0.24686074933303243,2.7729525298506403,2.3956249656937216,4.206147824909739,-2.5784528152188075,9.08789471057361,2.668046525762808,10.929159301316934,11.650661498257941,16.120238772268607,11.55106777814183,8.969923207726175
Angelique,S33,epbin_Dig_1F_C1 21 rr ica ep1 but chanlocs chansel chanlabels S33.csv,-5.022260741731751,4.393140589887341,-23.792209794831212,5.0186161055520735,0.6952464006029826,-5.2723825637162545,-9.974330600700803,-2.223410162482123,-0.2500143948826819,3.8741625749410606,3.2526959864667457,-0.8937877174800918,-7.776345076066851,-1.5065190920154128,1.2836036485954492,-3.8440675981032464,3.7490264657459,-2.2054321390984164,-3.462714222747423,-5.672437459333536,5.147574681889974,3.817482707900811,-11.102614325532576,2.4284272862422958,-3.8402439693237236,-1.5078155032628073,-5.047467326730628,10.136004359571807,2.4681348893888693,-5.070801532801167,-7.12168649047137,-5.3271083824798415,-8.119401833100735,-5.170160144218156,-13.411483957845203,-6.929136898872198,-1.7683512786583526,0.36065844595637253,5.723783632432069,-10.60739221317375,2.743877802345687,-5.573873124303299,-8.822525613625462,6.7416243487033976,3.007041206916533,3.1670051466573503,2.112649941635038,0.2763725238153864,-1.961263634098048,-4.454366031509016,5.648117410071174,8.36326112105933,3.5148827168960524,4.7480900202831124,-3.0270396657815786,-1.9454342807231697,-4.343253125255956,5.902528367653925,12.440115223031242,5.003179630838973,14.144945397438068,3.8648013966293235,0.7832504863607953,10.618904317056932,0.634063472314729,-3.630617871991304,24.93709264348993,19.677599186234083
Angelique,S33,epbin_Dig_1F_Par 11 rr ica ep1 but chanlocs chansel chanlabels S33.csv,-20.476798999936477,-17.98278075574936,1.953766137893051,-10.117022617142092,-22.834813760418484,-5.470707103346155,4.584861893239505,0.20659253214276407,6.110962297525597,-6.593612403848747,1.3856755361164035,7.1703540602786875,11.232399389119285,14.418469448944444,5.756065715492525,6.85321915264652,5.13419310715704,9.727157374773451,12.925762033319048,9.83408499817352,5.7870981483098785,8.206186846451393,11.074471796215665,11.30628804496385,11.977654962476901,14.78475348281389,9.681406948291777,-7.9861532802567705,-5.6230297646253815,7.183418987374417,11.067712016906896,12.063795516487602,-6.843422572810177,-19.470955134621736,-24.501299961184067,-7.805537816977792,-3.4708024810705496,-3.111988550997351,-7.890545085646145,9.575088352725151,-15.551593515330305,8.30108133569739,-1.1975448962335236,-5.1521775833350345,-19.160345447287877,-4.91307623382347,1.575477653901071,7.1208942662436066,4.968127288700977,2.244186674349918,-1.2050490274229388,-7.989848512311295,-3.6079130966675907,7.053057582903769,7.163213885796329,10.346812457616815,3.642504951663712,-10.808006957387446,-5.663886568297313,0.6072082113790599,-2.3492384130548873,-1.7669161689831039,4.493500477765828,-8.89556049269565,4.702648804873978,6.592480872089507,-12.169991752647377,-8.202021254740984
Angelique,S33,epbin_Dig_20F_Atp_C1 23 rr ica ep1 but chanlocs chansel chanlabels S33.csv,-14.348595905193571,-1.320747566467913,-5.242934712402641,2.6807452635558358,-8.50509205712362,-7.097839308171069,-9.107787862148133,-5.600603495712887,0.32233921413091016,0.5873593017228567,2.8214854229098543,1.0714202422357013,-2.4904656740190956,3.41031918154132,1.5140496943995834,-0.18872253197040353,4.874218454963579,0.7147959265226985,0.6153943398100387,-2.1224114458024412,6.586100675672713,7.4820151098222105,-2.8874675321247825,8.397756905228142,-1.4363065675865623,-0.5923809513286226,-2.46329106207924,8.318479377527797,3.6716913385304006,-3.8264316432146352,-4.386221795090092,0.08688907225284889,-14.818517480103528,-15.010821819551415,-21.842633302845822,-12.844380441441546,-2.9099048611387595,-1.822119915821174,5.705630159662365,-13.363641994800883,-2.089441803972514,-8.092426477423409,-13.86598514259456,5.071259257222358,5.754042965398705,1.9777803120952957,2.2762418406148535,4.211326253899811,2.903046901745679,1.7887775946512834,6.019814562275061,3.790086484574319,0.30235335832262833,6.107874029518919,1.0567277568858484,5.188501974142228,-1.7760202188351855,10.30641112748486,13.952867236736378,1.9508501304365589,5.486667321428968,1.763211072832117,1.4985233155935587,8.862210265051216,2.6930385006178224,0.385867890513446,17.53864576472358,10.306390094416274
Angelique,S33,epbin_Dig_20F_Atp_Par 13 rr ica ep1 but chanlocs chansel chanlabels S33.csv,-4.543538391776347,10.947744379934433,-13.245061102059523,4.852723262081282,2.0256227553176815,-4.8408540381406375,-9.422791817677862,-1.6475362699831497,-0.577699907849759,3.609342454207003,2.9716124191410698,-0.22314040346945357,-6.644943778668043,-0.3345847632886753,0.3759275581543151,-4.058187389284293,4.4891218006565055,-1.4739513876930936,-3.072704849515355,-2.57214448374123,7.314574665761285,4.296892315215,-6.534092773588577,0.5603794232248202,-0.6074234933567823,0.20745855251545187,0.07678444488770479,13.779890668693156,6.5675322896288995,-3.8834955921298433,-5.47159674038329,-3.4029680436585275,-7.0039518120444475,-3.2708986574676193,-11.793547447801224,-7.371721941170518,-3.276121499118586,-0.7291276682706664,5.955367576206704,-10.786587767886347,2.193123339409881,-7.77423335842281,-14.130121612897035,3.188558070432794,6.610736249772487,3.2083371793726365,1.6067776087746137,1.184779179969076,-1.780358026024048,-3.1096919944877324,1.6556873083694492,1.3040539513397742,-3.7097926295744004,-0.4847302027030977,-0.6877631388112814,0.2497657900674354,-1.2799586242290062,10.414793594572666,7.56310977124329,-1.4626835460720582,1.9190490823031314,-0.9492778373095313,1.4483932873142609,7.513842743096376,2.737742580389649,2.399850335280185,18.588346263632165,10.339380160544424
Angelique,S33,epbin_Dig_20F_Std_C1 22 rr ica ep1 but chanlocs chansel chanlabels S33.csv,-22.821110576311032,-5.816937283836574,-32.26653377522016,-3.681448997296698,-13.856262010672372,-15.928810497240164,-14.518589699797694,-7.387655414581484,0.7164946672205972,-4.5007956582927475,1.9258414285166978,2.0240502270013887,-2.838360580791497,7.669962540038743,-2.6682637800957516,-3.181767002539355,8.264252418929447,3.3600203770374613,2.994942052924743,3.274820423055767,11.355592527014368,11.182656119009238,-0.626471615907399,6.24437124035236,8.221147309507186,10.407376267630573,7.21133144139353,16.772617538587927,9.6724693908689,4.466678817976933,-0.271919608068275,3.3534426824282857,-15.81654123850008,-20.833625656927374,-35.34977396647913,-17.712485609123426,-4.412366168010815,-2.8491281809472437,6.641830364779992,-7.801917010421663,-7.868828232645556,-3.9573178656886796,-20.77636572185152,3.5374015667412104,-4.200110520909571,-0.46171163672024523,0.5672168006629258,4.665180912413739,1.8481283971484792,-2.061236494824072,2.990703208241459,0.73635768126955,-5.275484576045043,9.469818656735722,1.9455311351341817,7.259701932201331,3.1367586747171394,11.72413459324616,15.107484027998687,4.878110752840237,6.001603794956027,5.528031310187967,12.815570492502019,11.279557614047478,3.7141242245070982,6.266761956209277,27.8621345266966,12.647626293651621
Angelique,S33,epbin_Dig_20F_Std_Par 12 rr ica ep1 but chanlocs chansel chanlabels S33.csv,-9.497024518625668,-1.2792807883326889,-38.83923339932589,3.6614003339400254,4.550845630866148,-5.713864118806413,-11.949434151203013,-1.619812236083516,-4.640844699198104,2.1277082336605964,1.4446807190084079,-0.8000279130669904,-6.204282616970646,-1.5084535239544061,-0.9836382898729613,-2.7848226702343064,4.159861468250481,1.0638981726183878,0.0751371172457009,2.0616179397676646,6.66444688304304,5.742910694511079,-2.432065937794665,-0.6636946531347049,-2.433698283355003,5.967947169861722,2.9118846921969386,11.44128542596896,9.873696662446266,2.0131589802927143,-0.4289030631305255,-0.3081968420288248,-10.651056847189816,-4.22795017261993,-4.192017046664043,-5.211761080880045,-3.446908124067997,-0.9679612531376812,4.094358356157106,-11.420000033131576,1.2117134186536458,-11.642745670625393,-12.732598126569874,4.89844542419652,10.615792711110943,2.338581799828794,1.041382909990762,1.2886017729069417,-1.3695453438590035,-2.3337774063413272,1.0158072225792272,2.1331640979093245,-4.28900940337314,-2.7140705290378713,-3.736199832819516,-0.3004521760111402,2.9678059338647094,11.108936578853479,10.336127412851905,-1.7704739991871083,-1.2895268587529658,2.7535558483749742,5.707410016528217,11.581264402576869,3.5748182283649967,3.018480408556095,21.45876754685697,9.477856604178731
Angelique,S33,epbin_NumWoGE_1F_C1 24 rr ica ep1 but chanlocs chansel chanlabels S33.csv,-0.9572123559207731,-9.139464582819013,10.298193031047964,-5.284824786328677,-4.56705198571873,5.7361842491556345,16.330642213918914,9.355035151228988,5.673868862804991,-6.985483956348496,-5.909871725039791,2.3033717769433713,6.33851993712653,6.151303718860045,6.60523606766454,9.126832978925437,-0.5039479960501022,1.75468335139139,4.145475031034176,2.6115625639649522,-1.317067367110559,-1.6419657858544316,12.178074199144705,6.1203028305301865,4.83374424253039,4.829755204198385,2.0534570585425764,-11.154556554464826,-8.721459768382744,0.936200502212154,3.9671345141521237,2.946880463144382,2.6854865450420458,-0.8440013487349857,11.803421827531169,4.353164801304819,-1.6760877627647506,-2.8669632778939804,-9.028003459727806,10.551904482082413,-6.083448333625631,10.371756022053324,15.48708769788261,-3.244241880802186,-12.109844737601335,-4.930947531709481,-3.6179977378104113,-1.9786506893033886,0.6319514190942584,2.85033567181943,-1.731690157124324,-1.1697780788608079,2.5088355818934756,-2.351623838346571,2.648340584400556,-1.0931890254330872,0.2903054739636444,-13.619970363398926,-9.462125799320692,-2.69947918595805,-1.9159493490097566,-7.116063687794043,-6.178545121417831,-14.086773206974915,5.150055886240718,5.970458564391338,-22.291942403924825,-13.319356893772483
Angelique,S33,epbin_NumWoGE_1F_Par 14 rr ica ep1 but chanlocs chansel chanlabels S33.csv,-14.814786736380748,-6.378992762644124,-26.80077599249925,-1.2332979123038224,-18.328764725940516,-10.883029091773428,-10.299559147240698,-7.5070337690642175,2.088379774517499,-5.2908289014246686,2.676775250227359,2.934625515306969,-0.6795525892641052,10.428062873528221,-2.2312958319131995,-6.158944821481204,5.879482652882754,2.8571277037882163,4.48249568962758,-0.617345565429873,8.597763737305767,8.215737674826235,-9.003852815337954,0.4581745015810666,-0.0136399436919328,5.637165242883692,0.3646481253983692,10.886570779173695,4.434160190174859,-3.911686786924177,-4.3534622799090394,3.0303419425262392,-2.0075690351091318,-11.493469945418072,-28.765376704734134,-7.248720323625811,5.365158483589383,1.3030008112061666,10.719274436372201,-2.7619988939653752,-2.8153965006921884,4.193262864923858,-19.799583702113814,6.902462586041389,-3.9871192454176705,2.9478430314184183,3.5701079419409236,6.103510194610644,4.2455720202915295,1.3513324355550211,2.199542365262667,1.211006093481311,-3.9250961590210616,12.63317063383883,3.5472806441725186,7.6645381358325615,-1.1665525353466624,4.423104088982085,13.756321277511914,3.667002626603007,8.880161826938407,2.1178456101130565,7.328191614705928,5.353823777500273,-6.197972515355394,3.557815466316334,16.18465772659952,6.478204712350728
Angelique,S33,epbin_NumWoGE_20F_Atp_C1 26 rr ica ep1 but chanlocs chansel chanlabels S33.csv,-25.026873049691975,-10.266486496688625,-27.64250509881677,-11.56330837136422,-26.882026582309482,-17.20796480150464,-12.501304389728606,-6.287161883464722,7.4338380595543825,-7.422967726196605,2.184764980691252,3.138653162460166,1.3675916809862785,15.309415267685715,1.8604133701790515,-1.6291372511943165,7.6836209727648725,7.244293116063744,9.324281585243474,7.00463288862991,12.172937157202533,14.439841865296712,0.4031767850170802,11.425653368396562,14.815386408092479,16.38598656626471,11.811479068085477,16.803068568333327,13.941908357820827,8.467108678029938,4.745144029076863,7.477787593722755,-16.514785368588477,-30.501860185503514,-47.50908092448457,-21.838322054810707,-6.23762102476934,-5.96223425484145,2.9586951519690596,-8.506487075372423,-19.33588800353344,-7.54802196524376,-25.030843611146235,-0.1598701256646448,-13.28355536709525,-3.7290772180751315,0.3845592370276308,6.415142003751802,2.3996824062846422,-1.8989564013177154,0.3361412469723614,-3.1564865781871507,-6.752537893188878,13.940061728634182,3.4434548338037057,10.28025812741148,4.72763413810345,5.006340979124299,13.599862355614016,4.47189676541197,6.144432919037886,5.686642048366411,13.961458951030647,12.297646788277035,8.926111624682214,16.73616892459072,24.94474697132791,12.2934504180536
Angelique,S33,epbin_NumWoGE_20F_Atp_Par 16 rr ica ep1 but chanlocs chansel chanlabels S33.csv,-9.470941495058034,4.099125413634183,-13.57098476719693,4.7615582411827795,-2.425982109483476,-7.136345666246444,-8.907445263445267,-1.4989408235721404,1.1034855217236086,1.6396636025775813,4.297556127864199,-0.43088055477654313,-6.3616497228392666,2.3537799900957133,1.0796574240709464,-5.023174496102958,4.628891011159833,1.3074224846422233,1.2950265753608832,-1.7383155421136511,7.887348554874877,6.057890048870922,-13.536295938095225,-1.6356421721266876,-4.264264538225563,1.399207696337793,-1.3178327331317483,8.579536793353403,3.8145680769847314,-1.4309037228645485,-3.0902903288418675,-1.0330439906965299,-10.39340917099831,-12.146747821364588,-20.07531516906056,-8.48362496880019,-2.073361813291242,1.6410669574764083,9.708847909952233,-8.872375072143798,0.17014251586386814,-10.486374078369725,-16.210348467081474,5.260695207480717,4.781820464620775,7.460586621371802,5.643118562692503,4.263286867608203,2.9769913705866906,0.09484212129934473,4.617392145776069,4.191665306453084,-1.5723322042388335,4.238509639442366,-1.2117266188315143,3.64628251157229,0.17025117621229793,10.91634183024584,10.808068645676356,0.7350282373191248,3.766605990419475,-0.10571712996444581,4.5302140314046975,7.178147878688834,-2.866966309911701,2.817732148336469,15.281811110520017,8.16707931566093
Angelique,S33,epbin_NumWoGE_20F_Std_C1 25 rr ica ep1 but chanlocs chansel chanlabels S33.csv,-14.105366054284923,2.6877759111168906,-25.16423828134309,2.328946021074562,-4.288682146953771,-8.906643056724997,-12.107341566885742,-1.4263945198270196,0.7264702440214692,-0.44239298656841664,4.336931167058495,2.1082542890827334,-4.792146868264069,4.8923971861863995,3.2578422134417133,-2.461822025636449,7.261318707185813,1.1558680338531684,0.8864496118534018,0.1658522512919012,11.255565275980619,6.969827358752615,-6.359506508611465,3.1240015847977873,0.194645582726058,3.525954045654935,0.883003774012886,14.64874503961693,8.29875027616594,-0.5769022785867857,-3.9398302237940066,0.03793491620211567,-11.479303658805547,-13.592242881384983,-24.07316467497529,-11.891825671595315,-2.7976032279401664,1.1373070913192975,8.217330734857379,-12.6773328938505,-0.25222221094419833,-11.241753660838699,-18.177535605870464,3.283553454071016,0.16365805879644585,2.7971653238871252,4.203736036946405,4.9939562576992556,2.8473161459578766,-4.351967111735887,6.325397449292768,2.078722628809978,-3.658330018804286,3.0701065973456427,-2.009824922524652,3.8464485068569947,-1.3802755176168304,11.461603314284874,12.514818331602667,1.6964023430753425,2.048390259072679,2.7841740621928217,4.4245274148932765,10.030018908398041,-0.13987362088708333,2.7073200823062082,21.805391375655443,11.110673037656651
Angelique,S33,epbin_NumWoGE_20F_Std_Par 15 rr ica ep1 but chanlocs chansel chanlabels S33.csv,-31.174867499170716,-16.59574982631303,-24.478866367583276,-10.964983069794096,-32.185798137621624,-21.16500088912636,-13.658354669942323,-11.684927861156226,6.295737305153547,-3.7576784781960733,3.8544806679089243,8.192080621507195,6.728759960137928,15.24943350048926,-3.1150679023290735,-7.209568014267321,6.783764611110102,8.979604251749448,12.8658209242286,8.387279523606663,10.904414092258156,12.473935070050496,-5.7777486824477435,2.0127910070372383,9.158233816002749,16.228219278272345,11.281158389697545,11.128766810261405,7.338492216477815,7.552888346033412,7.286258963891695,11.79489886565071,-15.525454778827891,-33.51052122738599,-50.94158744425591,-19.411855971998033,-1.4495179016459565,-3.3793679070595575,5.421345752606848,0.2802283286784185,-19.229377906272504,4.010051201518196,-22.605661830049442,3.760763587822619,-14.007777648937154,-4.060045797394262,4.939955690576934,10.191669246084677,8.99229803178526,7.270763812628376,6.021975388746248,-0.8414719807723996,-4.729993052109144,18.52819070634005,9.578366649202962,14.805858205241263,5.82097576334377,-1.202768060902657,13.193434127170317,8.242729410907708,8.067039047464943,6.209134334682859,16.754443213743933,7.047004317295176,-3.8993360055588306,10.224267836439518,17.26981734384311,5.436035694727215
Angelique,S34,epbin_Dig_1F_C1 21 rr fixC4 ica ep1 but chanlocs chansel chanlabels S34.csv,-5.787132018305073,-14.461364696499878,-10.223576789001998,-7.5654654830843535,-9.393523413847326,-11.998020969131296,-10.72142722798293,-9.665049114441121,-9.867980296206836,-6.855008524472445,-8.371906777462613,-7.446249332492871,-7.515457397468887,-7.641475841783994,-13.965400517750043,-8.102448372549933,-9.85656673577737,-5.480284815074867,-3.7374664009981875,4.189559800198253,0.0649253763150448,2.0988914369973197,0.8197106986086818,-4.1710994381799456,16.484506974423482,3.8327602715738873,16.71802315470703,9.355701372472778,11.713636195278163,3.6676230884078636,3.15578550965522,-1.499668191317666,-8.556865705914271,-6.161735241559597,0.854943570305895,-5.290179334710535,-8.066257579961583,-6.531295796044323,-3.3267974861278704,-4.215192795888219,0.8481918741583603,-1.462819551233887,9.728767674881565,8.472596166420132,-0.5300307336653965,0.9427433088217569,-4.250567906185923,-2.522653038310149,-0.09688791191721176,3.1943777231407595,1.9335791017267405,6.999863846965172,5.507381140131558,8.0688171363541,8.179584158181992,0.1363352102545102,-1.0530658038902228,8.71316964772452,6.693746070279959,12.40680211503174,3.3808836549365626,7.3574343391463275,5.307205707732011,14.292932349968188,11.047609719438206,17.35902029687537,3.1216470612482157,9.742163714833067
Angelique,S34,epbin_Dig_1F_Par 11 rr fixC4 ica ep1 but chanlocs chansel chanlabels S34.csv,-3.7220291004929202,-9.346344413390078,-9.34466838834107,-7.743708574421216,-7.194612329139303,-6.227567505969016,-5.373396395626217,-4.3438746024483965,-2.7925634076642125,-1.8413495794845567,-6.665999071267453,-2.9586904542559638,-1.7537889341406494,-1.0413644638545247,-7.080179183068663,-2.3707530697091936,-3.863211663703856,-0.9112599288462349,-2.929529750660664,3.7290960488653315,2.486257211707545,8.180632025404062,4.628905100021797,-0.10700027211087776,13.506327706958354,3.397397969447274,0.9587287249320878,1.7177248660815427,2.3323817891814627,2.560138041027229,1.476965226461759,-0.6295548890058361,-11.57361554112395,-3.909489084277749,1.2540918626575515,-6.630409782457593,-7.741182194160968,-6.194873954154553,-5.648369536123721,-6.990448682583095,-1.0501991205132142,-4.689419514868205,6.979996804466499,7.993222228302285,-3.257909947754767,-1.4492495083630188,-6.184261356903338,-0.4520249304331379,-2.4025581667205658,0.5087396934970545,-1.2824349424106098,4.263719563913799,3.2204953473636264,7.577828684136265,6.066565506726551,0.48727253424851596,-1.0488683561636702,9.486326008165067,6.623559252526434,12.40687955614999,4.208484427807174,4.460708762431038,4.9099385261224695,10.19126089491823,7.87190524644313,2.087063566597004,1.4384912947591562,11.735661097275283
Angelique,S34,epbin_Dig_20F_Atp_C1 23 rr fixC4 ica ep1 but chanlocs chansel chanlabels S34.csv,-3.7604311309440646,-11.753989327895418,-8.50612104053631,-7.213567571272786,-7.1252314747575864,-7.626542232443383,-5.776274319263902,-2.445640254324901,-6.108764819036367,-2.8725717027703093,-7.547234229197424,-6.355883515843565,-4.094281078316708,-4.369024479763917,-8.143050451044015,-7.7577882659776956,-7.93667976564772,-3.5409038094581926,-3.907709623777243,2.2026449208264984,-0.013653034270154024,1.9093621939668886,-0.34469615202215104,-1.891322309706542,13.504618702349228,1.9541621694299018,8.285833867215004,7.290718726647842,9.208020831910916,0.7318875197062704,1.1955378897544549,-2.1762360173284616,-7.105357710413425,-5.5276672863511935,1.6173875038341639,-5.064610589583379,-7.233058659442437,-6.20893577141023,-5.796938651026528,-5.810571698261027,0.34507378181619774,1.4102980166892352,11.465308225232247,9.903521098742976,-2.2106217809352438,-1.9244215207417974,-5.0982743907478865,-2.775480339778291,-2.2938714771045596,0.9566849955860175,-0.20787470864224075,8.008020132450124,6.929660209554956,7.906912816462103,5.288550999232813,-1.749708297150203,-3.4875899306079945,5.959143732387984,5.690141738168192,11.931938597707497,4.834045371206705,5.936471519112255,2.9249093613287855,10.900158283854037,9.012165268780551,11.757093767565514,2.667344046524305,12.034960454245835
Angelique,S34,epbin_Dig_20F_Atp_Par 13 rr fixC4 ica ep1 but chanlocs chansel chanlabels S34.csv,3.594875556886489,10.396038194510215,6.084161870601309,3.88108607690088,4.725133525241033,7.016612456232019,6.650972406502565,5.667571803818259,5.292295043403984,3.587744658900223,3.674818901102989,2.3367347368070015,2.4924182471559204,2.2185108960671585,9.483616407753814,6.30359411713964,6.134257341178483,1.9416867072870678,1.1412855073108905,-2.4412638404360374,-0.8508442150706056,-3.00143554831851,2.754770535140815,6.829205908609969,-9.179053027202212,-2.0635799634726064,-2.0972845296913074,-0.3795721357105765,-2.6379126952787013,-0.5588194390682489,-2.0289162397450946,0.07559253424324873,5.514066353253974,3.8566721700079296,-1.076718498813012,1.5234311117501214,4.212214157108737,1.6622854700623335,-0.5537278059740534,0.23565318988191797,-3.7356577295523845,0.4877436813630871,-10.757222814577615,-12.335057664538311,-3.0303683671873825,-3.4109694793589735,-0.8335254110167534,-1.921771507351691,-2.678372515989832,-2.7784985893362917,1.8610379068607767,-5.720526357234905,-3.0149736175000457,-7.079022897896865,-7.1661647617179405,-0.6147084102111501,2.6369117414502443,-7.023830882088329,-3.6526319207123454,-10.201103694975936,-1.6937014669197665,0.2912038006107723,-0.9522429000507149,-4.5625612157312325,-4.000678082927834,-3.596271852601213,8.395905997633276,-5.331121726900755
Angelique,S34,epbin_Dig_20F_Std_C1 22 rr fixC4 ica ep1 but chanlocs chansel chanlabels S34.csv,-6.454157422346547,-16.076315452646526,-10.720447984604656,-7.737142551575901,-9.675090629806155,-14.230525697602962,-11.792047927464628,-12.043698390484497,-10.828461069522765,-9.390340353924165,-8.437720607018342,-7.904316718040967,-7.538855463930484,-9.339680775740385,-14.278628517296251,-7.7724652327873045,-10.36025381466381,-6.015557052177702,-2.5355992621042622,3.9118054107324873,-0.26458394186391826,2.187712005995776,-1.0337998381105353,-2.168582957891405,14.956393869027139,3.737781074733777,14.823367703995808,8.43349963974517,10.81874487292417,3.094224605771455,3.0626346847165054,-1.4661467564525799,-6.779403394809409,-6.809699335265452,1.0476714873981907,-3.8240384115028925,-8.159805901237126,-5.934767532046797,-3.694716120297715,-3.449368232720785,2.1098547990095255,-0.8167302788747535,9.449488546148332,8.309025803455922,0.830752096412358,1.3137459675646244,-3.336879968187492,-2.2127505854189824,0.8777313013968641,3.055630796744606,0.36318225156239003,6.187320749208171,7.20070733513231,8.409582037734628,7.972958224158493,0.31047490034348607,-1.5477760547548,8.787070814739712,8.41280899078275,13.384866916972321,8.39947168481367,9.249274004986612,5.097620914909375,14.306032819854064,10.856418092292492,15.42813540986705,3.9863208205034155,14.258052693192719
Angelique,S34,epbin_Dig_20F_Std_Par 12 rr fixC4 ica ep1 but chanlocs chansel chanlabels S34.csv,0.36334479627886257,7.436572466231798,4.503390265918434,3.426067049360666,5.176154753179555,6.558592805493171,4.025994116888212,4.219984326040827,4.916738789470745,3.2129143368473425,4.178824085677474,3.9700667486680365,3.7071071888921643,3.5687250424398886,9.461378989299844,6.2337364904417525,9.880286784470982,4.478262821290417,2.0686387087660862,0.006074437376019511,1.7600352962824477,2.220918129693194,5.790246879223308,7.027595029377554,-4.515520646142948,0.43761902259013685,-1.1741323053649069,2.0760513929391684,1.0331890353417887,1.805589364174027,-1.4898066771438923,0.8824043714604343,3.816486251331987,2.836955333904992,-3.7417243042659036,0.32118790316010637,4.355922378226489,2.369705083175696,0.4476936619075447,0.6221707161567204,-5.349962835610541,-0.7174161357635772,-13.57731935028507,-15.155647373431679,-3.93373754092324,-5.288914850922905,0.2827039327319977,-1.1049399837606282,-3.069129973670146,-5.545522051915459,-3.9911563427968377,-8.805139270495724,-6.790927318895734,-9.466573316917975,-8.711671988046167,-0.5368723832089752,3.413015811575401,-6.028450369467716,-3.9101231691892466,-12.429123266820367,-3.4093852654130172,-2.553503708983706,-0.1240588927455632,-2.6411358088634325,0.8290210685624303,-0.9817306049931621,6.058161923345238,-4.735905896463311
Angelique,S34,epbin_NumWoGE_1F_C1 24 rr fixC4 ica ep1 but chanlocs chansel chanlabels S34.csv,1.2581764272544638,-8.84987081391254,-6.506459384280899,-3.186763613939911,-6.595713421145896,-14.078746071498621,-9.09220937973974,-8.543576257726585,-12.390333092645498,-8.913837919118553,-7.495861870387429,-10.165226934103183,-11.333965010634786,-9.464094438410683,-9.936991959981679,-7.793575352704572,-13.271725372758684,-10.979158155563077,-6.81411578730651,-3.6833359636252347,-6.603928063607449,-8.534733220991555,-4.568273057628451,3.187478588405649,2.197106999847557,-3.940527229974137,6.189420711375703,4.615987053183528,-1.172994146527335,-7.185550730792416,-1.5540508079440525,-5.388455816932233,4.06459447338062,0.22039585281421417,8.309728391235414,3.2688342493844416,-2.3194217683284872,-1.4677147742112286,1.7724489471777916,3.516523670001691,8.766242667785024,8.515091114813988,13.55442548679055,6.872333503497521,5.1080559187095,5.540352089091019,-0.028845877327055406,-3.9512606937525963,3.5147096492175254,7.3064148118496375,8.399485677696807,11.60504988601927,11.41877051310316,7.44779033537779,8.411702070533016,-1.362798438939658,-4.984327510243534,4.125621509373489,8.469604045352533,13.351057609504982,14.247666259750948,6.3864113961107645,-2.3945636049507812,1.8513588789167448,5.506311464922896,10.609897603931804,0.5140095805463598,14.42995134669744
Angelique,S34,epbin_NumWoGE_1F_Par 14 rr fixC4 ica ep1 but chanlocs chansel chanlabels S34.csv,-2.5131547602296584,-12.375066653640172,-6.393313811204712,-3.1519064533115397,-5.237804197524962,-13.793507130141299,-10.843478162342407,-11.558398405624747,-11.717207509432017,-5.486099793335242,-5.254810901778216,-6.593055781752612,-8.017854420319127,-9.21176818371516,-14.895677168295517,-10.857484199053246,-13.882022192535848,-7.421284319917826,-2.13996351248057,-0.5128251798493292,-3.420166073498314,-8.498233532493977,-10.057388192339031,-6.204526725974212,0.5051664417675273,-0.8996161225108268,8.652389162943068,-1.6492071454149455,0.6652487395851526,-2.6232833202891563,0.8315764420408804,-0.5412884108479548,-0.501149099318728,-0.7650257131035528,6.710539960664423,3.733551825325821,-2.494846242677579,-0.8481882080628816,3.536322849151538,5.504339220027255,8.91422223003444,7.603106326165923,15.485642918999735,14.19372062191415,6.876143577755035,7.459149268278439,2.117244816523841,0.10886285168602992,6.640503585384116,8.716160847599042,8.459153787879163,12.046724595118558,11.372147512991544,11.067763427393201,10.813186589535192,1.5582280316423005,-2.077641792744582,7.103608733012333,7.56580861515885,14.454074169240656,6.787295217751451,3.560573801857001,0.47685527079266826,3.031956679537317,-0.9937294797229635,3.677095216839667,-9.022221550281069,2.224832636724901
Angelique,S34,epbin_NumWoGE_20F_Atp_C1 26 rr fixC4 ica ep1 but chanlocs chansel chanlabels S34.csv,-3.811582592670806,-11.546064017620425,-8.816554987096445,-7.7072148784209515,-7.894614014902421,-9.213515225058707,-8.64949827645656,-9.626709735938752,-7.133064018342852,-4.287188671880512,-6.493994844537114,-7.320932045960465,-5.15003757446833,-6.029108038683299,-12.767699333118294,-6.836640246366822,-8.517187976821143,-5.2699614836383475,-4.6025775894558985,1.904334228093601,-1.0405468057632958,3.318992918727125,1.0539208862966833,-1.4335485645848385,11.928372729070876,1.6268512610849084,6.1408344577300475,4.964863050444803,4.46030793601983,2.7905191878290996,1.2239636562400285,-3.3131830592169367,-8.219295346413164,-4.709361548066517,2.801961511864325,-4.017149342047975,-6.995659637005548,-4.908629586799951,-3.3330563119067462,-3.805331833040824,3.2119399953678434,-1.408426583659966,9.112604125408133,10.401895845592996,0.30468140484495637,0.2199550797378176,-3.7322046892377014,-1.8962380610546619,-0.27008250876176976,3.6256840532972388,2.3190838599160277,5.850112270604137,7.758751890061168,8.981435602149814,8.253285442857146,-0.673500492188408,-2.9360440632546183,8.192089515819088,7.020809878473723,13.683294370516148,7.6401019883071015,6.932834297222753,4.578245103303131,9.72951448920219,9.30009011754653,7.423658516098135,4.159111801454258,13.45230479978457
Angelique,S34,epbin_NumWoGE_20F_Atp_Par 16 rr fixC4 ica ep1 but chanlocs chansel chanlabels S34.csv,-6.09721701706017,-9.362391295742967,-5.548149927454617,-3.897251915706469,-5.987604836513242,-12.401050859911132,-7.614445322304745,-10.144687479190123,-10.198942747579483,-5.466535553952826,-6.819692512050358,-8.224146870078012,-9.4866882189377,-8.580529943324601,-11.93920771676096,-7.080816205825554,-12.68472419256234,-8.876157409383385,-2.8899332627103083,-0.42314115213324033,-4.279031865530661,-4.728511891118214,-4.304557094894041,-1.3701426426644607,4.678483528717263,-0.8381925949821648,8.226950652058896,2.534791330044188,3.590800673650545,-1.6402022197570227,0.8840789009624677,-2.824442545393476,2.5896985322299524,-0.9612603037411022,7.220146105522883,2.8856321607237034,-2.4360806812606324,-1.577656784408629,1.7464188198105453,3.819369662814944,7.984214517556769,5.86334963124377,12.225276564308679,13.393581043534855,3.9092132191441,6.611128666152129,0.9172885833567642,-1.6583100494201886,3.933696396543513,4.948467134572159,2.8866782795854613,9.679836467000891,9.534069038773037,8.440749166376577,8.049509985413579,0.5299148805772239,-3.644819253340472,4.828788627108876,7.730362406749418,11.619948701497833,7.363473835124425,1.9762628826621316,-1.706006073595385,1.8843892483440685,3.9508497093099226,8.830329099670973,-6.386528977678512,6.811306752356616
Angelique,S34,epbin_NumWoGE_20F_Std_C1 25 rr fixC4 ica ep1 but chanlocs chansel chanlabels S34.csv,-0.44395898024420777,-8.409610564723472,-6.8444657677931175,-6.862696516084354,-7.548986316158051,-9.022437781219539,-5.835361221598463,-4.325889026882428,-7.170315890367823,-6.476178643674809,-8.673945837305332,-8.6291784137693,-7.360170887372019,-5.8209195003215495,-9.147299413971982,-4.993018825936485,-10.165353860000614,-6.87675930628613,-5.110488944895084,0.6987216797637339,-2.145412640912146,1.8430734003423015,-0.20327522085575414,1.9649401711568995,11.003291748101587,0.26243281346490616,6.7559291195180196,4.149598972731187,4.3784928868040875,-0.7544315605155346,0.3097844264239415,-3.2822081426551226,-2.5676638166923977,-1.860908619899031,3.840297613874768,-3.2709452372004546,-6.214086936529334,-5.293776511814979,-4.6770941891278435,-3.768079097410112,3.013903800360387,2.2460830086933847,13.592134281571266,9.898708781835175,0.056081172634534965,0.038610018902106635,-5.474681294826005,-2.8874101520644957,-1.207095909970688,2.5858285025383223,0.5597707009137717,8.856942644161213,9.145262731449497,10.187329285892028,7.14163375898877,-1.574046660798163,-3.501751730745524,6.6338345321398755,7.0140122827917315,14.178525328093244,5.968469371996958,5.820868474327144,1.3309440499164211,6.900917925262984,9.233586012526203,7.335782269361514,-0.1852868361278011,11.639403307456416
Angelique,S34,epbin_NumWoGE_20F_Std_Par 15 rr fixC4 ica ep1 but chanlocs chansel chanlabels S34.csv,-2.957227928241167,-10.733842779776548,-7.539178618536725,-3.910443865548088,-6.219051453823567,-9.176845302729342,-6.8413409548515585,-7.68758492164698,-6.875437778878802,-2.498639794790064,-4.852700469684637,-6.504818971884682,-5.127499896324024,-5.5326438226031645,-11.142830870630322,-8.08653792206236,-9.76465570231298,-5.343672706428956,-2.922494462713152,2.5621269253140575,-0.7487153586524339,-0.5530046630610673,-2.395096700058316,-3.5640039445084044,8.647700844977624,2.354802939673791,7.28798365982192,2.857456534703794,5.438657199876103,2.088637153266015,3.0722686555514853,-0.7196975361376364,-5.185017905018303,-3.66346064336335,2.468546952038689,-2.561783843191224,-5.5152799292577,-3.1197256846182637,-1.18923804438476,0.26940423060382757,3.166558753515851,0.6641964190715122,9.130070168451386,8.63488532494247,2.202296667344196,3.0153709982074104,-0.5795070432894962,-1.7178204659016372,2.184131482246731,3.652427436504406,0.1449487325385261,7.00057180796314,5.580711355705474,6.693927404005816,8.61003553661022,1.0890017018893632,-2.0554784562881467,7.751918397520994,6.720272677995182,13.128309765771558,5.290241816496596,3.8949351541853603,2.673305615032531,6.9398870978733145,3.49884225511383,7.065461791731608,-4.958702451042462,6.464088781854467
Angelique,S35,epbin_Dig_1F_C1 21 rr fixT8 ica ep1 but chanlocs chansel chanlabels S35.csv,-32.76715586877508,-20.83224273965991,-9.370007607208203,2.050345332432487,1.6495365549205456,-1.313034375629843,5.118479379788085,11.962998690843342,5.278030616475493,13.700662825851262,8.748388618210265,10.290150736420264,5.83398679651188,2.8302179888580823,9.195512628862128,0.1773891062727658,10.718885496489161,2.1047563691789155,5.8936558085800606,-2.273756368886997,-6.438730719910487,2.2983279409023667,-13.274125961176706,-15.129770086893702,-5.582966853094663,-3.950671916847052,-2.094417468832004,9.559833064554633,5.897354001176701,5.209303147430766,4.200444150880653,7.571529222258589,-25.815767735387727,-28.868463642371484,-20.505140302935516,-11.940297186520082,-8.701689433564338,2.7554886364712683,2.594195948859203,-4.912361654481739,-4.011618874602801,-3.1258609644609128,3.6275917516438234,-2.3660275204928225,-2.3598220276195456,4.696139753418387,9.070852649975132,7.897718457351113,7.006773622858511,6.545000255574648,7.319492748714305,7.606852265920993,11.873473290594319,5.564669288963056,8.630657183653147,3.11543543812721,-2.1434223759854127,6.280856718923956,2.8138055048767066,6.9640083733350355,7.138511099616039,-8.625851333558712,6.570410763300843,4.164570447298656,-26.011289248335704,-16.062055936654232,17.631319272094068,8.318928855913757
Angelique,S35,epbin_Dig_1F_Par 11 rr fixT8 ica ep1 but chanlocs chansel chanlabels S35.csv,-52.820913748907245,-31.43610438560575,-20.83014421676517,-1.1143497936573106,-1.9733918316389454,-0.060925002444665054,9.707622153623852,17.54142248717277,13.270466537368106,16.723266818662353,11.128487995314249,11.977012705388887,10.641557644196531,10.124390034983085,14.644242439346511,11.463162609467343,25.187765344854476,6.384073103238072,6.522248517858943,-1.6633583557742688,-3.8075687092742228,8.22458150873069,4.807432337211015,0.8479455041042748,13.091101847317095,0.1582305085923272,11.343854134172632,17.339840763776053,8.909206110764941,1.140641075157576,1.988171593889942,6.8217715975183895,-46.29284257750234,-52.40769658795176,-38.393076753275075,-26.263186707322184,-22.242397573299705,-2.994361029959064,-6.3032586742191725,-14.492507491271184,-13.453045248060198,-12.593815854808648,-1.8544143460330649,-8.786971180653962,-10.928625971462528,2.8498521105913746,10.580130147299954,9.893187278966874,5.774077043726407,4.177069824962013,-2.1171419495855752,2.7449500445414725,12.206408358504284,6.372862860412473,7.671689563025002,4.804335199897162,-1.7943675450346628,6.9950844980946645,-0.25125944113505977,10.609166948789714,13.31406690422924,-2.1148599245057302,4.008471791842392,2.5980312928877662,0.2645834807707293,0.16007057361856383,18.058674593133432,13.919385402535372
Angelique,S35,epbin_Dig_20F_Atp_C1 23 rr fixT8 ica ep1 but chanlocs chansel chanlabels S35.csv,-60.733771137311585,-45.05048744839851,-23.960436833545813,-3.4213411598011616,-5.321364986071206,-7.007393557618439,-2.879877612728829,11.818032422469557,3.106769776099401,13.571223033777008,8.748284199733178,14.595479653981453,8.100217323300154,6.7745328181570414,11.98049814896963,9.336517680666494,17.13377471299995,6.3168751436737285,9.342941005544446,1.8791202199210115,-3.5496251783040393,8.76868060315022,-3.9140915377603105,-6.69762954554377,4.134861104882008,1.4328359965243285,5.256542051517705,16.29343698517044,10.50438044188858,9.955177040938723,8.173313010295619,12.347765305356782,-52.55340483240991,-55.15047844540664,-38.803467315889996,-25.79275832135805,-22.617390773907783,-1.584689743955537,-2.1705403167765667,-10.93198519014999,-9.824384371140788,-8.494725021266019,4.8182569003794224,-3.4825128661120606,-3.676349917530331,4.577491874200329,10.641092291828368,11.278672820411952,9.613111086044826,11.801794549285063,5.213566447838639,8.73853524614058,16.183785888778885,11.814864742350904,12.214597877261493,7.267089077464131,2.376731164007819,9.243149049297958,5.202831901439771,13.51872677370783,13.19929239730321,0.3397358219854049,11.96354952810975,11.642214880034533,-15.895803597439787,-7.4837300817754215,23.53787222753047,16.240029537214916
Angelique,S35,epbin_Dig_20F_Atp_Par 13 rr fixT8 ica ep1 but chanlocs chansel chanlabels S35.csv,-34.5880406881201,-22.985680310343035,-12.048950979558585,3.39411506003604,0.9525734030621313,-1.0442791830096854,4.147293170935974,8.649180336148735,2.991448823617162,15.605999632671157,12.194096801724163,12.094098498349283,8.783012773329263,2.5062356436708773,6.2670249082688745,5.9053345802327,20.057635937758764,4.2969955798845065,4.54572354723957,-3.6982811234339996,-8.30096452308454,6.0201656257705585,-2.5922497311705976,-5.943036360735259,4.595103324473299,-6.681730340831656,-0.44088260985164285,7.603639811251297,2.8520873559412214,-2.491667250207087,-0.36992708497982285,6.5490935448593195,-27.980671398838247,-31.44885627922352,-20.93429824115382,-13.970039539507702,-12.097002924144856,2.455602411930356,-1.4093379295275787,-8.637193977427723,-7.465507129135385,-7.12082890959442,0.7728665436461227,-4.644206513028744,-6.824755737343296,4.90265973948263,12.196473146505348,9.901809006663921,6.4842923121594644,8.005546387492132,0.694524756659147,4.729854445696884,12.722173026049283,7.927830717436976,8.984904854845997,3.3166228677159584,-3.568985518777028,9.094590445705183,-2.359463681591503,10.436359805224432,8.77237268189061,-4.461888260779433,1.1961346424038208,0.897287882122952,-6.6112691236664585,-9.165424585735984,8.996520350017022,7.386139455046657
Angelique,S35,epbin_Dig_20F_Std_C1 22 rr fixT8 ica ep1 but chanlocs chansel chanlabels S35.csv,-27.374277709420387,-14.188795462649693,-10.830435166988464,1.8164081713794675,1.9925027704877443,1.6245107070173415,8.336221491023306,9.058638230108253,16.958681298895996,13.697985043470943,9.31666815959215,6.5887030237835935,7.780107539611596,4.610484313975383,5.061700609600166,6.886969399533496,20.748389747375885,4.127029007135498,0.6835829544581937,-5.928484041329348,-8.363667879268716,2.694138268719297,7.2866363681780735,5.0794525575170795,11.402506323671151,-5.324509118789667,1.8722812875210761,5.4684135967386585,5.292482104651057,-6.632334568668331,-2.878569725844444,-0.04278173850386666,-25.223786880428378,-29.87520911183893,-20.92868764972761,-15.203070173565079,-16.878237072224206,-2.5486954305718497,-6.301156560270363,-9.786008640263827,-9.335148430450692,-9.888494727792304,-2.785901925507201,-8.575322713390944,-8.086003674390634,1.4556043544600947,8.74770316151606,6.631670897569425,3.086899059947719,-1.2187606045224366,-9.26715462946463,-1.5288357422241636,7.4665486582811464,2.051953312840272,4.926858643567379,-0.22543733881719324,-6.057601930055552,6.157105921302246,-5.771279085804713,14.817952136037432,16.053117912312956,5.467332578413214,-3.2912339332402363,-3.170028496958955,10.976780208450688,6.521733954467052,8.063736667859214,16.700435895784235
Angelique,S35,epbin_Dig_20F_Std_Par 12 rr fixT8 ica ep1 but chanlocs chansel chanlabels S35.csv,-24.26358458162456,-10.266873480064097,-5.643198847202397,4.644595805795074,4.3133619720694405,4.225139861074187,12.185069010496225,11.989734402992424,11.023510643035463,16.94444387395797,11.410099899126095,9.579028099721338,9.262318929461067,5.128675354781285,7.227381928374624,2.628024375390731,21.194515343771876,3.0446432443444538,2.6925041906062566,-5.284951903479931,-7.894473498218761,4.670022748794506,-2.0135159284671262,-4.6788276943632825,4.783514266562039,-4.792206811312024,0.8730975330175491,8.698643441648588,2.4693318915510205,-4.2993998011163,-4.266001175401684,2.795662901613756,-17.91496519458132,-23.930367532907063,-15.822425459220721,-10.063875918796494,-9.334984626478057,2.1295230074508353,-0.8443048808707448,-8.38045681386972,-7.391333646232501,-5.300150088089346,-0.8134513636942665,-5.814924418578594,-11.304724368983047,2.3199872198486022,10.048890374490805,7.1577569314875245,3.188713477937848,-0.7655661909140912,-3.3878614125142317,1.4208032891234421,8.463724422242267,1.712922615083401,1.9846238435804573,-0.9393270130903663,-5.313261697065802,-0.213520191430164,-2.580344000661281,5.923347399798497,9.283295122209394,-11.49879346520278,-3.267734250492397,-6.378952078071208,-2.8505104222026607,-3.124689566928683,8.843227534421708,6.379426605017062
Angelique,S35,epbin_NumWoGE_1F_C1 24 rr fixT8 ica ep1 but chanlocs chansel chanlabels S35.csv,-54.83655502400595,-35.3669487772702,-19.22428623202928,-1.5060830244453562,-3.657128499835107,-4.465114243030016,4.762829605532939,12.806472904511581,9.27041115163956,15.159199108157322,9.204151983465689,12.39550526156034,8.200222664668921,8.100577334555227,13.079655855792534,9.186764274442828,12.150238346095414,5.580579811664592,4.439942569265894,-3.413663309308731,-8.225069812197194,5.187210325107963,-0.879144705399935,2.2950307852802,4.776426591252085,-4.012955298603973,11.275462853157029,17.17336157858605,8.03144049191884,3.0078449614240426,0.7526777877031683,7.485993987279724,-47.388564353059316,-51.326922199730234,-35.592739722640694,-25.264436354889465,-21.396550799375895,-3.716568274471033,-3.6432214173193955,-11.947975520858572,-10.563372841314811,-8.873866289666967,4.146510700907894,-5.0413372691793725,-10.399057824383783,3.1287731236266874,10.348083771451334,9.583655534770456,6.3143189364457415,9.419586339612579,5.409155783302651,9.229535490965795,18.132942459002663,11.407069291992608,9.908185192664527,3.3341566861507927,-3.413721033882461,11.165565389521324,5.162378473301694,14.895232693990113,15.423700807733121,-2.2357485728461373,5.971240811689458,4.411377227023386,-2.0056654782209624,-0.6898743242545456,21.40234132055743,15.970779317627624
Angelique,S35,epbin_NumWoGE_1F_Par 14 rr fixT8 ica ep1 but chanlocs chansel chanlabels S35.csv,-47.800021568042894,-32.49774127343147,-18.75996982627881,-1.2228829131822392,-1.888347398566563,-1.9261785174168542,7.104054767122235,16.42404854935879,8.206051619581533,12.999107724670672,6.775367882805323,10.214759033919835,7.146540385490083,7.449250433776166,11.86737435652995,8.785836398817807,19.169626176388324,3.0526319259781656,3.190602151743703,-4.275075691915815,-6.815435564750567,6.379040447944305,-1.9490266673709138,-3.5940438873631986,1.226223932470358,-4.423078133495937,2.4756179213676917,18.12758804571125,9.222791128458312,0.41732612226066534,-0.9812646891584453,3.118352326107178,-40.48943789339273,-43.62457931861187,-29.14518795700361,-19.270631882942453,-18.286685141379987,-2.7969426855230397,-6.177085916294059,-9.303661216593003,-8.224873034371972,-4.239502890585452,6.90229670992756,-3.800158761017338,-7.410749784066511,1.1238211002131364,6.660972776592988,5.481382661697223,3.44350819497099,6.379401821658655,2.555173501225236,8.432109592891067,15.838858393405438,10.43575663575312,7.141415061307458,0.5468483945216609,-3.9951314608792585,5.829066395524897,1.4330509019412583,15.713562741568671,17.824101003256843,3.9427312932137557,5.600071913935546,8.277236096752507,-11.384467300497365,-4.702645302842573,23.323057513657506,18.748213104858905
Angelique,S35,epbin_NumWoGE_20F_Atp_C1 26 rr fixT8 ica ep1 but chanlocs chansel chanlabels S35.csv,-56.721239026006906,-40.81412519874073,-22.01129846792473,-1.5525698712386589,-4.4187362648156,-5.592594044839346,0.5572413160310534,11.772181478794334,6.589113579281156,15.192998210425525,9.997647946701948,12.13619480670289,8.69882961516904,5.863749641145063,10.27532508227555,8.845228657271832,20.402884482962335,4.23091918000031,5.368973319291108,-0.5982510439233683,-8.766657639239488,8.611587573002819,-2.9091041322259055,-2.161210688249637,6.312229759679769,-4.129412851066916,5.793717142148558,19.24566183455769,11.496749994612125,4.298339382935674,2.8462714505866913,9.055500138468824,-47.6774121692525,-51.035546053868615,-34.7637104977896,-24.51234828533981,-22.69376773893437,-2.7635798040903996,-5.986069208890989,-11.743755481816189,-10.50493593006887,-7.2125220565643655,3.54344373508387,-2.884115544782669,-9.527577465547775,3.818157839955899,9.332617288553465,10.33929658935462,7.785194042326824,7.641435141165426,3.94655049351898,8.795333188013357,18.896008573742442,9.562100438563693,10.17155415740036,5.489184079557045,-0.7755725821488739,9.527739475090337,4.932856630077316,13.709363895204211,16.53247817612504,-0.4313635626218097,6.97840469753074,5.5196917873793225,-4.846371850617217,1.5363615656206833,23.858104343289693,17.526619242836784
Angelique,S35,epbin_NumWoGE_20F_Atp_Par 16 rr fixT8 ica ep1 but chanlocs chansel chanlabels S35.csv,-36.913068570162565,-24.986265670975733,-12.20592821921825,0.8841802147823657,0.2295727383722435,-1.7452307467777333,3.32662591690175,13.980911637035295,1.9575290093997981,14.062131774016192,10.246010295110638,12.008108016705645,6.6357749905043875,4.2734463666429825,8.681949847219634,1.2899196553220742,11.958911935241854,2.914239371782137,5.857383673740604,-2.287430438178272,-5.344926703638066,2.7591922844616463,-7.754301027050298,-13.303913944195124,-3.3409161937693135,-5.185487388227646,-0.3336908982403079,10.759206851123079,5.897329151579693,4.569798353310589,3.77491596664649,7.394595918581044,-29.628712494758545,-33.122906470077446,-22.805865857839503,-14.854845058531179,-10.660632489225963,2.4682106866569944,3.84414326150806,-5.34786308600934,-4.721997433697981,-5.5034416389328165,2.0848799344203313,-5.421270476815027,-3.1411185099197794,5.139153231371782,10.449020285977356,9.15748762438085,6.838989598081531,8.697465933248624,1.7410367983497832,5.530074240194536,12.76430568708006,6.031957704014142,7.845114402118131,3.560788191695118,-1.9509877573321193,7.485236785456537,7.747781953796311,8.251074767518679,7.85508627702985,-4.764478298218349,7.781596932755844,5.002020486755529,-22.27980681258387,-12.287673964136197,16.905237193894816,9.250364733900758
Angelique,S35,epbin_NumWoGE_20F_Std_C1 25 rr fixT8 ica ep1 but chanlocs chansel chanlabels S35.csv,-38.61828907540169,-25.38420891746177,-13.895247021984353,0.5291981971400161,0.3888165697464455,-0.5051983358376863,4.999782370046969,13.076878097193388,6.673016366507428,14.296883387710531,8.930921573974237,6.329445603724823,5.263196211675197,2.3384880771192065,9.713478624112456,6.918120538277348,20.55400131801112,-0.20549827001497095,-1.7622099659102526,-9.571575211926985,-13.280690814987206,2.939683526733817,2.622911819206294,2.3878048805223733,5.391039437915502,-9.045295012766717,4.977018788474975,14.34628058538399,3.8483967601581766,-5.590121421068775,-4.201300688257386,0.09159122099063893,-31.32186880776308,-34.57773037788333,-20.01146299536454,-15.718921599370095,-14.857009701387254,-1.4336176497068065,-3.308707621269232,-7.828087927454535,-6.895381678002965,-2.953486932905981,4.909062714934704,-5.1294038943773534,-10.770811039729203,1.1365020525429235,7.999552594591279,5.60314940679335,2.795274029607553,6.24119851101786,1.4521708856122366,8.2929244799411,18.517540723798447,7.91964412423806,6.301634215073196,-0.5529342385281606,-9.60285020333518,6.802944985552182,-1.1244375884470232,13.336285033771983,17.835906653077647,-0.9869211502957919,0.1879036401282869,0.30715846093350124,6.068049927560126,1.840077954384335,17.269586768619842,17.699749647417153
Angelique,S35,epbin_NumWoGE_20F_Std_Par 15 rr fixT8 ica ep1 but chanlocs chansel chanlabels S35.csv,-55.790579081362864,-41.0006056885446,-22.67315529088845,-3.891679427243478,-5.747385728972894,-8.062985881267243,-1.8474856647883797,11.64522328362382,0.5889921373385353,11.583033422957024,5.624907459013394,9.945337887678466,4.725097528580286,3.9003609947137017,9.452780062420041,5.073672179033145,16.487372164057508,2.5683889572011736,5.387563591060569,-1.3317709075933577,-4.8642692989389005,9.639957212514545,-5.240797396975495,-4.666449535823584,-0.5463975229306139,-1.309354440772526,4.4362590907939605,20.29329770364946,11.349077724795793,3.7326962841266775,4.344899303325914,8.268696374120978,-46.14278096054165,-49.16471926059618,-32.068315380073074,-22.830992336750978,-20.647994752557786,-3.478358986261548,-2.8087970296119726,-8.704527973352077,-8.016488370635726,-4.182709023800751,6.6806552151269125,-0.8435282467373425,-6.887398656942616,2.2419247019803596,6.761825023746652,8.927422325781766,7.179495993250164,10.582754036553993,3.8336771610495237,10.762623806384557,21.773538377611708,13.017193164757664,11.264645770561858,3.4365169761458545,-1.3873461448679196,14.480200938304177,8.191377439969235,14.972291083280735,17.697761307250648,4.368737873018655,10.151134788711001,10.154458655017457,-10.967784795684437,-6.238801372916465,26.24018220527853,19.577438896953073
Angelique,S37,epbin_Dig_1F_C1 21 rr icfilt ica ep1 but chanlocs chansel chanlabels S37.csv,-10.827155276542616,-8.862141989444854,-13.653288338049459,-8.413199269384885,-4.486901008344253,-4.296657730037758,-0.3605767072599518,6.154843509583712,11.52359666038721,-2.5503339607719333,-8.705776151612085,-0.04575117852680543,3.748998736357688,7.837649159229205,2.2276296036709144,23.2415584022113,14.197413839630558,14.244896161796971,4.943989762359303,9.193917449653247,17.38920353721778,27.06284064277785,41.09120578154747,51.297008038715326,44.41705781583348,11.33001816965981,15.400539508739433,13.494127590472262,-2.53061017764172,-6.50602913328922,-3.131842435354181,-4.971720334854975,-11.182396688837061,-7.563032813534499,-11.201838927385289,-4.217789666019332,-3.706166879106484,-5.747692888229123,-4.795943382592471,-3.5566133553128956,-11.616924589266848,-7.81627881439511,-11.546789862042461,-5.246626911982577,-5.881644423990691,3.064682275209369,-5.0625524051506305,-5.401288188324711,-13.821067633734769,-10.425074492450255,-16.828631422435762,-15.133308309241626,-17.60503348608567,-22.702624920728855,-22.078997018899017,-10.544904050753123,-16.319722423795366,-28.140747069907707,-20.362379389339,-14.188221922464123,-10.73202565128328,-7.403256881443426,-12.991041494390496,-5.664978493299575,66.2145687083118,33.98061217748176,7.089799119977751,-0.31857952440383985
Angelique,S37,epbin_Dig_1F_Par 11 rr icfilt ica ep1 but chanlocs chansel chanlabels S37.csv,-9.167966405850143,-10.918628975542376,-11.398806434589206,-7.339722928360559,-5.407802980812297,-5.254081616123252,-1.544921913829803,4.120979695751878,7.721507972814159,-7.567704354003595,-8.350757868683317,0.1989659024026554,0.4677731243578977,0.8016804310640652,-3.25017249209328,14.514488593854189,6.4060873282785655,9.048837131492148,6.52723417381335,12.91233264731777,15.128099413267252,16.10401395008925,24.09821218586307,32.06567215143688,25.837958916375875,9.374841378335997,5.992101058470585,-3.343236306461316,-5.662983666201024,2.0268292836622464,9.541490521447875,4.605454971210659,-7.859596488428902,-1.8648710312945516,-4.36754212463811,1.1053587727879277,-1.692505168961117,-3.8172310541087784,-0.4994290408306454,2.71804359509211,-5.01233120448839,1.3788975783381134,-3.0975826971238654,-0.10887563472550313,-1.7208413201464503,6.947066361469385,-3.9438108582030025,-1.6801123029740295,-7.695418852630411,-0.7402079823529264,-6.2792044862032315,-7.194378063789046,-9.754474598781282,-11.55245042449438,-8.614643397979243,5.351158056367345,-1.897166805107817,-13.656865300942828,-12.488052140679791,-13.15846975858477,-12.438440002921046,-10.4387845726418,-5.377487954383035,-8.614442168803293,40.80449349465336,9.605143453076348,-13.548466246071468,-17.084245291429443
Angelique,S37,epbin_Dig_20F_Atp_C1 23 rr icfilt ica ep1 but chanlocs chansel chanlabels S37.csv,-13.020896434243998,-12.230378482542488,-11.309096423917275,-6.309131911299046,-2.928701775212245,-2.9422458276645593,-2.8956657438001834,6.881372637933762,12.09583589270999,-0.04036343028157589,-8.153566968638629,-1.5776323581368934,3.0142940357347494,5.348495133309334,3.5864787786643966,21.776359238154882,12.548891725166163,15.598247622311419,5.539519872125434,13.035431028113477,19.755001863053383,28.643049826761466,40.97502157650828,50.39699907332814,45.932543014448996,16.440887415200272,20.037115608345907,13.762186724600744,2.4596698907445007,-0.5293961291606064,2.983446631173434,-5.343788390954594,-10.79089619489667,-8.056284825738416,-11.351878526649823,-3.0874885612291982,-3.741529808771689,-5.9694118471576,-4.098784901225891,-2.9671273921052403,-11.529771812857643,-7.552573094584469,-12.901750928999467,-7.559494442486064,-7.008373315445668,-0.6080396023271225,-7.0455824051535565,-8.727140589463795,-15.38196063999809,-12.13647618513543,-21.23119200493781,-18.332370023603016,-21.40410326448863,-28.604424339959227,-24.968575372878462,-9.761255163718214,-13.01575994133297,-27.352173740224423,-22.08060738161079,-16.64958250096012,-13.153615388796373,-6.868420777480709,-10.249385401080568,-2.1359977573306086,66.70281664365552,32.601550926077614,7.203470480756649,-3.715832959593374
Angelique,S37,epbin_Dig_20F_Atp_Par 13 rr icfilt ica ep1 but chanlocs chansel chanlabels S37.csv,9.318677438675271,8.191054719977313,10.120235698065128,6.929987894046277,3.2559212724601547,1.708625735465933,0.09083284066954496,-7.60348596258468,-10.782821769544036,4.397527602221435,9.614902134538955,2.2218974395101068,-4.454451717329232,-5.985008147530866,-2.4131688538191183,-25.550878173769718,-15.16280924602684,-15.90169370145743,-4.941140069095712,-9.819621919092551,-19.651690598621386,-28.895614548911,-39.07492864796475,-53.234705924694474,-43.289963053493146,-12.590480154247244,-17.06377520204812,-11.179706864138122,0.6944264393398306,5.443282835705875,1.7951083723348489,8.050932580082508,8.98059508279137,5.1463799956700464,6.619368866073397,1.5265949658540579,1.9429221701278234,4.720220478544336,3.8069054824244803,1.1093687920953965,6.772125338358519,2.9410321502342587,6.965267691393125,2.403560345434453,5.642007898301336,2.519607118491352,9.29774375372837,11.241903471900901,17.17598807277643,10.291608690845596,15.53199465585446,10.716578249449661,17.31462970092517,20.680169341716415,24.984286415293592,12.547449744757627,16.821107115166303,29.041369509464708,23.795706546872093,15.422476774862362,10.289215403188996,12.15525947437884,13.570625049364885,8.374689865524859,-65.76265216485311,-31.88138978894624,5.363817712168557,7.693992212940016
Angelique,S37,epbin_Dig_20F_Std_C1 22 rr icfilt ica ep1 but chanlocs chansel chanlabels S37.csv,-11.60099061247,-10.351631225926212,-13.041039997748179,-9.177181228997785,-5.245993240910419,-3.7228380094728877,-2.3284496486968402,4.466058551812227,6.453236626909311,-6.130344805381132,-9.12410286675375,-5.767032069449783,-3.42281203203153,-0.14606980268882797,-2.29897677238258,21.97072883266578,5.920093360093754,7.389241932630012,-0.13065199754307064,7.33809889185888,15.620379974460972,22.456802406867677,37.43193183913455,47.375333494837264,40.25476510862575,11.681387058377677,15.628648728770287,14.737203151037125,2.0379883754280756,-1.9834996105475255,-1.3503218475723706,-10.164392953285578,-11.548008316846133,-6.941711238859999,-7.948062912085287,-2.2142678120487904,-5.241186274051641,-6.435745081318539,-4.586593182080743,0.5716590510228842,-8.972103161644819,-5.406226025480615,-7.372504131920853,-1.0894713880558864,-4.541951720808238,1.728782148354895,-6.8788294116981765,-10.926315860483967,-13.982709614524698,-7.403677048439661,-13.157732917637897,-10.551466187678566,-14.904413085437191,-18.322247621703333,-18.989994332919835,-9.378824267716256,-12.678040891711117,-22.52954288841966,-16.696255074795662,-11.604559320032791,-7.831875317010629,-3.67614419179471,-7.617946276211366,0.35094753723606964,64.67590689808907,30.856618954694643,10.157080622354268,6.311835569498703
Angelique,S37,epbin_Dig_20F_Std_Par 12 rr icfilt ica ep1 but chanlocs chansel chanlabels S37.csv,-6.893363800786969,-2.9292467440922243,-6.487752992994413,-2.7940289581875275,1.5918400963549817,3.5534880739475243,6.974329999383065,13.380566917671125,16.984599077317654,2.2202270591877777,-3.2056990080357077,1.649702412324418,7.295928367444767,8.666396449374464,8.057219719250666,26.521816873293865,16.00913926963807,17.348803493284127,8.586078056445748,16.319244563872676,23.349922977776114,28.67571149322498,37.12387485894127,46.00762343039367,38.96334020135193,16.117261459227354,16.734661005295674,-1.108758196862588,-3.1669628311948115,0.25173921072684513,7.357990377332619,-1.6733513486671479,-6.117075019350484,-2.1585603918298686,-6.813077297615497,0.8327438870822435,0.6447940910935805,-1.8837336875894786,0.18943211887252998,3.237464734130821,-6.504253994594575,-4.53013067793978,-8.324690137238457,-2.408314112866762,-2.2001123848269204,7.031476780751032,-3.0213778852937705,-3.9314845945008026,-12.205219601901936,-9.615267191423383,-19.21055110834208,-17.32814160373671,-25.594252273792623,-32.988114617496336,-30.430787475667014,-9.196062721742997,-14.033939642424565,-32.54819541754539,-30.485685820700873,-28.501931600170966,-23.91831865254477,-21.593856524228727,-14.28306032379189,-16.03449241143418,52.26911430837642,20.377954771193295,-16.9795651403626,-23.22506979408246
Angelique,S37,epbin_NumWoGE_1F_C1 24 rr icfilt ica ep1 but chanlocs chansel chanlabels S37.csv,-13.332556067624397,-10.64605545439621,-12.135143474570446,-8.868072749491198,-10.528670126165803,-4.765162459110319,-2.399591834672824,3.005718729451557,8.364182017655345,-4.107879209036824,-10.996277676320789,-3.7357661729203895,-2.7844697472993696,1.4546271635997041,-3.4743291410673107,16.103290086360495,4.105309383850814,8.098163757006024,1.2743760007603924,8.549650698471865,12.471388713783762,17.31845294135861,25.349850123372516,33.026444459746195,27.829096631373407,6.523928121313105,7.897227076858466,6.371831598769342,-1.8536436976706157,-1.5914633975191848,2.7368334214986425,-4.398388391533634,-10.920171601773182,-6.0644291740955305,-5.537004938579158,-1.9484846905690838,-3.78319374208069,-6.5702641949884,-2.482125718746141,1.3262511385436662,-3.835920887652174,0.23321656793460405,-2.69618777821912,3.14044881497318,-0.4383608513074299,3.6428963467811704,-8.674560297142374,-8.428991716247857,-11.794848244285054,-1.5175265949142658,-7.217268990481935,-2.406961886783269,-7.340110890777493,-11.603934217818116,-12.920312035444491,-3.4812530464966853,-8.067034071284708,-14.33780278972149,-11.203234645069445,-5.836265388835169,-3.5470207334295445,-1.0438995801608193,-3.9829984822637896,-0.9381005614652896,44.54633768654343,16.36794953104593,4.453501611856362,0.044747987825773744
Angelique,S37,epbin_NumWoGE_1F_Par 14 rr icfilt ica ep1 but chanlocs chansel chanlabels S37.csv,-3.7956456856845167,-1.5965114546412609,-8.76696103347675,-9.14079725769152,-4.177857687958586,-0.561849834303824,10.210098675017129,14.621122677889701,11.202931190389092,-6.017614811327955,-13.740007282748687,-10.82531448697245,-4.690817931041045,3.2491372243703047,8.234185651773572,26.360270853502477,9.698707493671956,5.232041904607018,-7.279527968769127,1.4597597754551666,9.69019296600927,25.233942892868082,48.33137661090072,62.88519066259954,47.74477526848914,7.721166133076497,17.303582820108314,19.58229930941846,-2.3025559599164716,-12.21580544705588,-12.417786163588834,-19.159743101045855,-2.869589985489452,0.4219896397140941,-2.8320355942779454,1.5854107853695203,-0.4039549372715983,-6.2894418568467625,-3.5429266816654263,0.31431881429073094,-2.816718220370996,2.67177541668817,-3.0622544172425723,-0.5455206113447908,-6.818001875609723,-2.378346406741355,-11.227128810418778,-16.624749174861133,-21.311398859507108,-16.50543506778932,-18.6484278001136,-9.687236027919488,-16.036264632784338,-31.84746359994506,-36.609933462131686,-21.728451320948416,-28.038560482260657,-38.67802828546568,-27.905075622647907,-12.784798759993894,3.9692954298789234,-5.953769815545955,-19.25716545111574,-6.601117020458063,75.42504892225071,37.80707426582867,17.430372503182088,19.306538699577885
Angelique,S37,epbin_NumWoGE_20F_Atp_C1 26 rr icfilt ica ep1 but chanlocs chansel chanlabels S37.csv,8.031490716243384,6.342842587271688,10.641622042937307,7.449226850765158,3.367384667931661,1.3728780947269796,-1.890387948039639,-9.164438806913132,-8.965142085862407,2.5918306046077677,8.962978180423915,1.0662383201052128,-1.2194219985486794,-5.434328207954792,-6.524783116022413,-21.60269521387402,-13.633391056127804,-15.361968827171818,-5.1798392995502756,-9.927941546804195,-17.020901633344238,-27.212649368855903,-38.12642675160576,-48.94792742148143,-39.03350888833107,-8.986209588348459,-8.280811942749418,-7.88677960917194,8.932959602281095,8.173905656054457,1.7604759072616116,3.6524919843959824,7.810745656047481,2.245624448496011,3.587375376057521,-1.4345278362122944,1.3193514449565245,3.4884471110698128,0.8730577319047421,-1.9730340288226722,4.804003859705625,3.377566323823556,7.4900868372631715,2.2540553384843847,3.1434302685629043,-5.3737043615727815,3.9617810698763307,4.464599966627596,12.379159318786805,10.065160331165243,18.59256024399004,14.381051079501072,19.31171250838399,27.422589131496633,27.48698706268449,9.811148306559561,17.543678096871073,30.087461960494505,23.116588446915404,16.96348371936398,6.2289373041020175,10.792008588072669,15.26399701700528,9.000800677834055,-59.52737276035536,-25.165857510632502,-2.903666335659827,1.1639159953230345
Angelique,S37,epbin_NumWoGE_20F_Atp_Par 16 rr icfilt ica ep1 but chanlocs chansel chanlabels S37.csv,-3.1842523026918683,-0.10026645541481838,-7.581375204118372,-4.0924802369849145,2.895427295262372,5.203729338932567,12.476827516130045,18.353454973728745,16.402244512530665,2.8537129705668436,-5.607400300707972,-1.4451202404178611,6.955747459913511,10.96552078827183,10.76530759460627,26.807804760142673,13.334339465301438,15.803848136769917,2.7567433268256556,6.084119714075958,15.885762763292012,25.378134847774863,38.461560348700814,52.129858554450536,37.71922412607036,6.704861537929651,9.443053417907544,16.821421010768166,-5.964519162128989,-11.2357717467741,-5.5979366781393045,-12.021641283733748,-3.835103334998013,-3.1053704606687984,-6.504113689053232,-0.8960689795469806,-0.8031736026930147,-2.9884779346454424,-2.8283952455005315,-2.554534857934385,-9.745863404491988,-4.653705890349554,-9.707664559805137,-6.965794424307325,-7.605523440763254,-0.938532811242005,-7.053809667170175,-12.004411702643006,-19.971908441460148,-18.367975042726805,-23.54573278244342,-17.71304783041056,-22.142841242814498,-34.22350745408511,-35.90109266322219,-19.646483831280694,-24.49773358711235,-36.86059142682255,-30.47721501538207,-17.633521131726596,-5.850381167754528,-7.607646641983908,-18.585933211560402,-5.9230962428163245,65.83593954253844,32.03441790914893,15.30753913391634,10.589389810418103
Angelique,S37,epbin_NumWoGE_20F_Std_C1 25 rr icfilt ica ep1 but chanlocs chansel chanlabels S37.csv,10.59137273987247,7.5351125943956525,11.900979681509146,10.965822655311097,5.584238418375764,2.561512107466209,-2.3092521611045824,-10.506143548690742,-10.431539251743441,5.455689025434141,11.68275638982665,3.9645775390034097,1.2882704761556487,-1.703304463979246,-0.2812877735323027,-19.296966682442534,-7.1241741710018545,-7.719217542008,-2.1542124606867343,-9.534127907066868,-13.012466745965947,-21.241136529490987,-33.31398516914581,-43.06922063855751,-36.11727954600074,-8.188236064596781,-8.824766024172018,-8.281250866445049,5.898298841584814,5.437288745994197,-3.94482159831767,2.571287664218946,8.3000187900172,4.446621292003555,4.918059473425638,1.2053694310374816,3.611786263084721,8.178007436179731,3.926512291519274,0.17808412375573957,1.9972237914298443,-1.9536865069952674,0.9698547398012297,-1.7361792055075853,4.435115225715726,2.1975480955573263,9.02962413398424,6.759481812366482,13.678500566149129,7.8696487303744815,13.28493514187631,4.31004784709741,10.85591848639929,20.21050607277407,20.58149605868697,6.639090184644503,11.411481422794452,23.2595318251841,18.379571902012927,10.94538107593638,2.1729091045900266,7.160529659358913,9.708158254110716,6.15431390185343,-55.857829797184,-22.74881968376609,-2.573286044504367,-0.28933692545195533
Angelique,S37,epbin_NumWoGE_20F_Std_Par 15 rr icfilt ica ep1 but chanlocs chansel chanlabels S37.csv,-14.492495956062314,-13.306064743340801,-15.986106525814868,-12.919005191771936,-12.355407166645781,-9.483009652460819,-6.684429024005887,-0.28882818463268767,3.9244181331088988,-11.491455073444598,-14.987972823810615,-8.350605477285374,-5.101361789664368,-0.14758398960209523,-5.838325515674987,11.051741725334123,0.7377337527607148,8.207558991147476,-1.2144417640513412,3.275929335703602,6.43006162565022,10.03038470931554,17.819899641554528,29.38235469886222,18.93401347252856,-0.1483899830261386,0.4223527712847138,11.796420387424718,-1.110782881821994,-4.9352151336491,-0.7904296854082491,-6.717069776688842,-13.834695997077018,-10.036915226901773,-9.837480693069638,-4.956653768484874,-6.6396319084994415,-9.450057866496342,-7.22425219381116,-5.043101919186485,-10.597202780656826,-7.26359592210929,-5.667525615504933,-1.7185379340020672,-5.3652654817815675,-2.644055620703339,-11.620848016578085,-10.68161510273349,-11.218181704010052,2.4391763677576637,-4.205821468856752,1.5464037913134712,1.8959016930872525,6.393995631197069,3.8007871441779626,0.7588692438624547,-2.1683662712244085,-4.051961811476976,6.134203139523888,9.184824491156263,9.54640369095412,15.221902754093128,1.1598420625401344,9.41568459335565,37.354790136542135,15.64012211535927,18.605191556303627,29.46376058960517
Angelique,S38,epbin_Dig_1F_C1 21 rr fixT8 fixF8 fixFT7 icfilt ica ep1 but chanlocs chansel chanlabels S38.csv,-5.603367080308266,-7.798226735224246,0.6561003405517265,1.7733138268837527,1.7691770181710444,-1.1915169309340468,-8.59480999755572,-4.692970821225609,-0.14134498512956656,7.099601518168178,10.405169456865213,11.943419794882539,9.73022875439248,-0.3800974072474376,-5.342756136316281,-1.7569214668214992,6.0034520644911655,11.681081944653249,16.58387855359184,33.93770420376256,15.012987615508461,7.653985066467209,7.340325578562746,-4.1455458639901535,11.605087931175143,16.344193551462833,0.8662495365441958,-21.496059014580393,-14.562976402653538,10.020608879039688,23.966079307808116,17.59862283154738,-7.612051528262237,-2.7517435015791105,3.486681648939136,-0.3868549933775208,3.4583045293524877,6.162009169119259,3.67596625184729,7.588696955363178,-5.4273434480106975,-2.945694730932829,-6.896424382339103,1.8050007042446854,7.108984587138348,8.743725796918167,9.394010059013167,13.915976379566082,9.563527501151686,5.122954991297105,0.005944954042643439,-6.152247805889037,-11.566264209899328,-13.980629102003974,15.838313377126655,19.498513300358447,13.85840086179392,7.08615478178822,-11.361681359846289,-29.150190308920457,-34.02067880667609,-32.03372708904413,-11.60690718085483,-31.969070917364288,-3.0366806886155047,-14.375563391485427,-25.2970731536616,-32.02700451544542
Angelique,S38,epbin_Dig_1F_Par 11 rr fixT8 fixF8 fixFT7 icfilt ica ep1 but chanlocs chansel chanlabels S38.csv,0.7242691433311901,0.5393100778197935,0.16882740217857534,7.628470557305101,4.999010565443613,-9.525146090807105,-3.276633550776902,1.473403202327914,2.7496714440766072,9.491096471378722,8.744598543713694,16.32096826419705,13.339920489464557,11.93588778137226,4.947174239209442,-13.842104426486353,6.664335688736346,18.258047482786075,17.227487929174472,16.190847349277274,3.732282702046781,-9.786534299460143,-29.81185247852728,-49.77163910967181,-34.371503255881485,-9.82875662031745,-25.87015958546601,-28.000614825022648,-26.11832827487313,-0.23780434207659443,3.734716814281448,15.106254223353456,-2.0888824910749326,-0.3883700099111731,33.27990103165042,7.18663464585035,3.856278751545929,6.766910270215728,9.31412450871358,5.692955527010147,10.652100080347049,17.65502570114759,9.033068507514205,18.767061185779372,21.047559727759797,14.8542671282194,12.068860643966262,13.381242712856189,11.208901735270286,14.258349036788967,14.33011741000264,10.304932629844457,7.55161076510712,17.901428650695706,18.008720802597647,13.652627098805041,6.893810783953537,-0.047114746969088954,-6.519757384544236,-0.4827579805151528,-25.77885957815163,-27.3479790495062,-2.344199882185401,-20.372963938978724,-43.03866004659228,-30.65845902118198,-27.66900907567744,-34.46497110172945
Angelique,S38,epbin_Dig_20F_Atp_C1 23 rr fixT8 fixF8 fixFT7 icfilt ica ep1 but chanlocs chansel chanlabels S38.csv,-4.663365065990344,-6.354748624665698,0.27498941753339645,-1.953051629040039,1.0609638402500574,2.48048091886952,-8.240932709081106,-3.635174676341508,0.9743715483220577,2.6976016647296968,5.690122585333215,7.185465432205926,5.773566722343333,-1.5458590421573304,-3.638965921230806,2.9406478905672024,4.7787644113364385,9.820886817220522,12.703881064096011,28.66282131943131,15.696247707158715,14.624071425516917,13.441013278011365,-0.8463357549660928,18.35999911155202,21.425738800173637,9.558030345644378,-13.553619008201558,-0.5323465874753345,12.774580947091161,21.532512305797184,14.335746329049538,-6.660710888532177,1.687695276151547,-4.03398559025624,-3.549950172612479,2.546136440449597,2.3294606706751466,2.0204824145252216,6.937729659727042,-4.245112538869854,-5.15242371318007,-7.178169712508542,-0.4281129059043511,4.9019787922879265,4.972025367268901,4.361402313136278,9.14997032432823,5.836761214314849,4.715280685688422,1.2559355884295944,-6.036235742604387,-12.186473641471478,-17.552084590236948,11.256519131785831,15.777104258283321,11.549073015298926,6.883234231006817,-14.685527486319739,-34.36148285294231,-34.00593103686088,-33.80262125797935,-12.286720072865004,-28.334382068336403,2.1228441781869827,-6.521581950863512,-19.04411923018799,-30.06611855089352
Angelique,S38,epbin_Dig_20F_Atp_Par 13 rr fixT8 fixF8 fixFT7 icfilt ica ep1 but chanlocs chansel chanlabels S38.csv,-6.49493005730619,-8.931530797751549,-1.2629268269607674,6.527396133305686,3.727301276789499,-10.244048748932645,-16.180994076637106,-8.794805486730521,-3.4081883036672265,6.439708735455855,14.805372349170941,20.98323402483557,14.810319760873293,2.18893657884935,-6.795232751229301,-15.106996762707197,5.661388806240506,19.53728513824615,26.25572305035335,40.764661066114215,13.476068234502344,2.4818077124110247,-22.728594549929376,-44.59277520100986,-20.057347626380757,7.458771668851908,-15.757609950901742,-38.423240379939514,-26.38068052120824,6.591496957167882,21.134860536371026,26.122040976108536,-8.732299680193815,-2.285075072925688,26.54083523461347,8.07666173722199,5.655393112032674,10.063407286292842,11.505223834802962,14.20970045040709,7.159706669665326,11.184912056770443,-0.1458052765949027,21.017174088512892,22.581473001025866,21.777557031382933,17.068418296478086,22.817986712818417,19.927122571155586,18.081895745013874,15.985894886093138,5.834385395270304,1.6630635690255198,4.711612355401168,32.02327379599969,28.988258753431108,19.086810852260633,9.977247047010835,-9.700009391041725,-23.747703112761386,-46.98284639936153,-44.96652956053707,-12.646273725463605,-38.44840631857507,-36.09763227177497,-34.726861671416465,-40.431694792309194,-50.83333470931139
Angelique,S38,epbin_Dig_20F_Std_C1 22 rr fixT8 fixF8 fixFT7 icfilt ica ep1 but chanlocs chansel chanlabels S38.csv,-5.4920458254317355,-5.661280170146229,-0.8088147569177028,-2.0861839632392396,-0.7987544088947083,3.1624458810934386,-3.2618876898904836,-0.9157566057651079,2.7476393949173987,4.52939360265979,5.58370723718138,8.625862906360863,10.565750845587573,0.6129134854099588,-2.2330212134555545,1.171381666338358,7.258593777804626,11.898702256736627,14.667146778738218,34.222190661071956,18.16718222420658,14.591955213428799,11.676347014611043,4.818988915839722,21.89585116121283,22.849333893567277,9.101365946863698,-12.991335285072282,0.3701051582120741,10.831520724229302,21.69415527657952,14.310026692649101,-8.367669557849363,-3.1293591225913624,-10.129552757033295,-4.089653464342128,-0.1524815836019615,0.10871316456177428,-1.2909142232982203,1.975565978725478,-10.699960704155469,-11.572435163285373,-13.887789839321536,-8.534550048394612,-2.035862828181309,3.2601038682219525,3.345084875265089,8.334154007147784,5.435277570439679,2.3554810085941082,-3.461637075844143,-10.365450198314422,-13.746923126244944,-16.4200357004425,11.408941194407827,15.557928655031933,11.385470233388334,7.260700389130334,-10.26695129378888,-29.809697449549567,-26.99064688263222,-28.495024561913073,-10.35901988059815,-26.341245316950214,5.645732750363819,-4.5455253249298915,-16.772885905504268,-25.711373772667073
Angelique,S38,epbin_Dig_20F_Std_Par 12 rr fixT8 fixF8 fixFT7 icfilt ica ep1 but chanlocs chansel chanlabels S38.csv,-3.5926641710561107,-5.186654282220844,-0.08110068715294355,6.0531046736154615,4.0481737796523465,-9.273580114911638,-13.192119694500803,-5.892864900503576,-2.8802254504401668,6.635506131683603,6.286323338939359,17.555331244946313,15.515434002296173,10.46647600068662,-1.6062459707459766,-19.1642653498483,7.919071141406058,20.752593857663037,20.27634235336217,21.43351622350289,7.054356626211846,-5.621059166077896,-44.88341516953586,-59.56439365454033,-32.275580467673805,-1.127145711018791,-18.890045505390393,-29.192344826620797,-20.198321921548928,5.71273268974186,9.567538269184148,16.74215798409452,-5.792885908437892,-5.197845959544066,30.514826255190783,6.349527850731124,2.6609095576927553,4.79964911499536,7.287160684843508,4.625691194491386,9.748684802420245,15.524103697064321,6.3087942326279345,19.880365389784988,17.78127862424129,12.619571516398725,8.657083155290444,13.238945012153165,11.609248602779621,16.305873134125765,18.590063135148895,11.63712280726187,10.012504735257087,24.41503515287276,27.01663596307074,17.754678801137732,14.167960745736304,9.390026933744068,5.311299221344676,-0.6185071935439276,-29.341885263140586,-19.908930274393164,-3.574741207262595,-16.59091237192482,-45.17614551646716,-32.92934213222037,-31.733993496091784,-38.73847425288773
Angelique,S38,epbin_NumWoGE_1F_C1 24 rr fixT8 fixF8 fixFT7 icfilt ica ep1 but chanlocs chansel chanlabels S38.csv,-6.623871995241446,-8.163324082162424,-6.619166478943331,-9.879473830302569,-7.840857240456757,-2.8022888217814628,-6.8600897493228725,-5.400040015439157,-3.7133568353183355,-0.9157482947160435,-0.44593185347160086,2.0605822425674916,3.938246057091697,-2.0111306516043737,-5.626674753271083,7.345520690393238,4.250416316631202,5.923498175274715,8.51811573640135,23.54808172249812,8.180371447633602,6.393896646333625,20.80518973215207,21.554353183631488,20.674958624131342,12.923007067876583,11.242856411801945,-0.2703972830162944,2.317655826718367,8.849108631066793,18.48730375647539,9.113983549396103,-10.207135009480849,-4.852615331189451,-9.909459789322149,-8.624563897830573,-5.164817763266457,-6.009851738184398,-6.517998168166848,-1.5526824971026265,-13.30539888579051,-10.656367601510032,-8.754240863074852,-9.374167603200055,-4.703703148838262,-3.5335895364621455,-3.518977220549068,3.323443326462694,1.113519924224034,0.02192420985672091,-0.9107694947115292,-3.4435784307427517,-0.6657219743709452,-14.12147428385278,10.17751985043772,10.872303053566718,9.192342694273506,7.528755080112853,-4.866234465941606,-12.633532740405716,-8.982081125471193,-12.28843910350861,-6.083298680176797,-16.826747402470115,18.108103568193926,6.043359294369753,-2.7620967699163956,-5.0665279153367715
Angelique,S38,epbin_NumWoGE_1F_Par 14 rr fixT8 fixF8 fixFT7 icfilt ica ep1 but chanlocs chansel chanlabels S38.csv,-7.0143062238822615,-11.344473694802819,-0.5257301580072843,0.9846976520266945,1.6681648344055289,-0.8074488943173137,-12.891123325044601,-6.631732439460554,-1.81641332845157,6.28766972840881,9.225417756363589,13.160907857392456,11.148270188820485,-1.9207269650169556,-5.187662273964765,-2.9688841143826665,4.964279667171173,14.431944784944971,18.046477332232556,31.890395778027873,14.926120898132034,7.166082219865544,3.541495980603642,-12.047997116157399,8.108564631637853,17.775940844329998,2.2982040087150475,-18.573509739396624,-7.391984131402744,11.780726950182038,26.01557140192429,19.999847428778892,-9.378902475188395,-0.8149697015275086,-3.8239085689556833,-1.935219361170318,3.469317782385559,5.240873224317559,4.970761911442445,6.860236971070074,-7.52754390935826,-6.377616838166101,-7.7813989062798985,0.8742281683224871,5.43821697933726,8.355736598324219,8.195886200402983,14.126138170384866,9.912665047174212,6.482099165857368,3.8116033989417346,-4.579789140614648,-9.769569184139343,-15.165080211477827,18.159632703980133,20.947252232504663,14.331374115201847,10.797427828611026,-9.562190484793112,-28.943201089116762,-32.22160541724892,-28.61301275302373,-5.685994334846156,-24.352265250463294,-8.771697783826994,-14.156911360573725,-22.546436098875855,-34.264956092763526
Angelique,S38,epbin_NumWoGE_20F_Atp_C1 26 rr fixT8 fixF8 fixFT7 icfilt ica ep1 but chanlocs chansel chanlabels S38.csv,-4.171641232548636,-6.388516792969741,2.9124857112965445,8.540817648130698,5.759343089194306,-0.7746471390277477,-8.44874659250103,-4.9409152959243166,-0.38702065093702465,8.930833654893025,11.9088052937983,16.052343775970325,12.423065076944178,1.0283624883728317,-5.986979397085456,-16.50788969569013,4.329107459266987,15.076365192625207,21.559733460101864,32.81082294514825,10.894356314751864,-2.4760563000147875,-23.110944870759226,-38.92159160036769,-16.111095636082254,7.929245733852293,-14.207316377187254,-31.977738667861214,-20.836300541658808,8.434534600867584,22.330858094697092,23.48837600240731,-9.048629561711346,-1.3717260033165533,22.147680193686064,3.4990696764967724,6.0770603820708144,8.242108390316561,7.914065315973176,10.8746304409494,-0.42666552427427507,6.475359155052261,-2.294939878277088,6.557988426888661,17.661549144825404,14.882001371337827,13.59937310471729,17.0587550865254,14.39075899239653,13.4964384533547,12.810549095485905,4.32506247428452,2.4595771531069515,3.2228156222161894,28.28160249292014,24.210214555514174,18.50469567732921,14.215631303036163,-4.139644616634037,-17.066528086836,-37.704128075323595,-36.61213425960258,-9.388284484314944,-33.601957741237676,-32.23468966174738,-29.858356857376293,-32.96338017294271,-43.35799226098749
Angelique,S38,epbin_NumWoGE_20F_Atp_Par 16 rr fixT8 fixF8 fixFT7 icfilt ica ep1 but chanlocs chansel chanlabels S38.csv,0.7374676974832552,6.600564812775061,-1.5962382330366591,-12.791568239054218,-6.164962616403634,10.102428329245688,14.130117128534671,8.05929502347581,3.303597525030076,-8.205884740042189,-9.756070489930346,-21.194231123348725,-15.086420240861324,-4.258850815664872,6.744171336350199,29.761209669288736,0.6455940940996245,-16.614074646647264,-23.090123887521653,-15.198849133061707,-2.845550214194893,13.43166995127043,53.79281168164129,73.08939886134563,45.33752297577355,5.151127048850396,27.97646400707713,37.36634791617018,26.946573580518816,-5.020812950353213,-13.345199917385322,-24.268865921440927,3.0608112132403744,-1.3815856416345955,-25.69961388375715,-15.083096058963346,-6.818077492660982,-11.197349315232314,-14.287018367011001,-13.247496802237904,-15.679153367275168,-17.955102503614732,-12.486537173343288,-26.175279797222753,-25.179201842482172,-22.629282708907223,-16.746077932660416,-22.014499635855586,-20.664420654434732,-23.3342106521766,-24.951906970582236,-17.12380732429022,-13.932973308575708,-27.03307233488176,-27.280222921569095,-24.966749761507014,-18.177615623558918,-13.694400835942016,-4.093453501039274,11.49158160418636,38.20464283377055,26.154043182266097,-0.5005580054876985,20.320402792380797,58.42336418975861,40.73162506253701,35.03773659916182,45.16991736089771
Angelique,S38,epbin_NumWoGE_20F_Std_C1 25 rr fixT8 fixF8 fixFT7 icfilt ica ep1 but chanlocs chansel chanlabels S38.csv,-4.572870743663234,-2.3539319463700417,-0.5557917055573173,-2.4448103992887598,-0.9642137094054889,0.3646647424372928,-2.033049038063675,-1.6766917544397688,1.395440568905454,1.9955855230760302,4.207824131099522,5.011449562279823,4.454476442509219,-3.930027200214954,-4.392469364118569,-0.45461754487441225,2.848788003952883,9.326039575171269,13.022900527143515,31.361452143407984,12.805782645357375,8.197056319952278,7.839068231934769,-1.2712211077010087,10.599492482274655,15.229798314470166,4.940519180802973,-14.83212078047408,-7.956425849308033,11.852035091526893,24.169552096439013,15.643977478056565,-7.9200733246014625,-1.3625866584158721,-2.9788525367588665,-3.7831304066061455,0.9530161595242123,0.5666646633697955,-0.8564226530583005,5.486368151889342,-8.0519672014186,-6.47452915933192,-8.39276280923577,2.0446675014611944,3.506362417968491,2.5946382367881804,2.9628316807918216,8.433841325450366,5.594672633872264,4.785194606539015,2.889475396529804,-4.489718343822119,-7.965865911389774,-12.711800320102768,15.520796877436654,18.20050812489353,13.386750719767903,8.499210814062039,-8.944034969683566,-21.144830811286823,-22.304959314094646,-29.090664488412944,-9.33690628618456,-27.04632904205964,-0.5443739521612526,-8.450327609210046,-17.879116692454335,-23.523413829335407
Angelique,S38,epbin_NumWoGE_20F_Std_Par 15 rr fixT8 fixF8 fixFT7 icfilt ica ep1 but chanlocs chansel chanlabels S38.csv,-6.947771162033639,-4.583720478703594,-5.110829800704747,-11.717195327662516,-6.5652339780906805,3.858399715142343,-0.3010320805148581,0.25624301192503807,1.9607479253363718,-3.3710187022113107,-6.456439360513892,-6.891680581963585,-0.42511679855954154,-2.1871509929088395,-0.8909897579135873,15.74796149182604,7.2420172392502105,2.6271393543928165,-0.9733859952778281,16.100774879587235,13.646431484062607,19.892126089037674,40.47315920310825,42.17431889200329,43.189007706761316,21.188839015503355,24.20837975640173,11.240546058098206,13.687364708563987,8.869559155161523,13.03211872783051,-1.9215998546643673,-8.121736187119428,-6.826218128533966,-16.157781624149006,-13.665403818613266,-7.377165124422277,-9.668988523434995,-12.363461963053469,-8.512794969830127,-18.749607133500565,-17.492813910609566,-17.571056377813715,-13.914904276976834,-16.914587411998994,-14.54071376010622,-11.200325560859715,-8.517791094307661,-7.183272613045036,-9.938123669392414,-11.22389174761192,-14.335520962175265,-14.211611315397516,-21.87312568270142,-1.8424149487763641,-0.3265829313168189,3.6724904850511857,4.414228443435013,-5.364314967499484,-18.434756926211602,0.20252312306256146,-3.8051587627648265,-0.7065290515746347,-6.192420260313347,36.32663493468431,20.103440786559712,6.65000153354942,4.611751830238509
Talia,S01,epb_11_rr_ich_ch68_epm_bbpf_bc_NumberShape_S01.csv,-34.83818353770824,-27.752266901242464,-19.33895756248505,-10.502924151681142,-4.96800162072183,-14.691194745728692,-9.221664553003606,-0.7049350122911634,-1.8312834266681757,-3.2210147468568744,-3.794118600816281,0.19597207462635136,2.2353369602715527,5.878729393227143,18.559886567918312,16.228864683252556,8.65413520123331,4.570876638520357,1.2568310942768353,-1.9154599418775105,4.787296230665411,5.260150017511341,22.72984220570532,20.807892909928935,6.317976585498611,-1.148082775563552,6.22221920435992,10.475032384403704,-11.56980547560304,-15.61551262055827,-15.85805286071189,-2.9365024707228815,-24.08860864750065,-29.574988318924632,-16.276799716012366,-14.272060114640633,-16.134919358837042,-0.2703202333067054,-2.639619396672028,1.6946549871405703,0.4867132097845142,5.0328940728341545,18.97861163523161,5.550023527382491,6.916717552143821,5.90975486500302,1.9798685652256034,1.6454457088087553,3.0144975817798394,6.455616640119199,12.519420722499376,16.84909644866527,14.746081771284857,2.2374574537684735,2.245767281440393,-2.147275517487667,-8.16283912257474,-4.478180847089638,-4.907748175673288,6.466601394570051,16.952833086935406,-6.348545688490988,-17.13444310217555,-13.11561031990621,22.085575374897825,21.24653137809124,15.091055366817985,17.173670727013675
Talia,S01,epb_12_rr_ich_ch68_epm_bbpf_bc_NumberShape_S01.csv,-23.215672380643056,-20.367124517301388,-14.15139131616122,-5.190757538384025,0.09666753935409161,-6.798104298340234,-2.7809704657325374,2.857471920939919,8.146720598129349,2.5300052647089406,-1.5723744018767527,-0.9308836499424783,4.723231125515624,11.761487401148084,26.211544808750975,11.653588589700425,13.121275750274133,5.071943263590452,-3.1058601112464927,-8.364155851523629,1.4998997288962967,4.157852252964349,23.82843273885757,22.386122514881105,0.8855119288117621,-6.891943154776439,2.6584247602681597,5.851535302567469,-18.337060310656003,-24.9365471151559,-21.54855574523305,-7.597765941680705,-14.873353111231514,-18.755043891176502,-10.008100234230088,-9.045896476958456,-9.628542606850576,3.214495281257384,1.2310392464028759,1.861006525453898,5.314976451955906,7.271024767902138,18.540314343596748,7.216181486713532,8.048193928892927,5.60980490729464,2.928822970700266,-1.4103604597168826,1.8256115415916656,6.108847963656102,11.822928970190695,17.70427929509792,12.356036786031307,-0.94167652127617,-1.3034932465467897,-8.158690197520963,-13.982430887257788,-11.388872958522153,-10.09450838433056,1.3124871227753216,13.363786418590596,-13.996191507618647,-23.38778111073599,-18.67092517753805,18.82069452351514,14.366179147200643,11.239140105966893,13.837467282465475
Talia,S01,epb_13_rr_ich_ch68_epm_bbpf_bc_NumberShape_S01.csv,-33.66727358747604,-24.029364052417176,-13.833811372442856,-5.605270492687876,-7.654961928189783,-6.223595930688191,-2.869186848221151,3.104887688087797,11.347957379022153,5.2952228177170095,4.107136903517327,6.972673207702132,8.514480822425236,15.2774964195763,27.780839151321132,17.90159762177748,17.388309550497603,9.550170389899172,2.9262955997157927,-2.213032815592285,5.146286213137535,5.689787297548353,26.867336284130825,21.2919174957168,2.111809555830972,-4.600613530857862,-1.001517156534311,0.7986303166105174,-21.138373214588743,-19.371582498410127,-16.899699842790078,-0.08467381657366879,-23.21503247770673,-32.72154356055002,-18.84087737720655,-14.250582850680706,-13.115146877122775,3.975902383840132,2.1679452846632046,2.881829755201983,3.509409060960752,2.1414301748636517,12.99815570967036,5.8209582617238,8.994696483629811,9.32734412269066,7.306224779570654,5.823078285908725,5.846912459807782,9.5885926854058,9.427352761994483,12.137304368440589,6.473232465277174,-1.4283139175922932,1.9531310042683372,-2.318749023588071,-9.629341775954298,-7.792790518348126,-9.492250087221633,-2.8589925149952746,7.899081256470434,-13.520136489824274,-20.137134974024367,-20.517526778918164,14.464924874359577,11.428546032451273,5.504810837214516,7.287679442018855
Talia,S01,epb_14_rr_ich_ch68_epm_bbpf_bc_NumberShape_S01.csv,-22.037736181893614,-15.47823145938323,-5.553542772694934,3.433508368857,3.8015892275665815,-5.30938263457642,-2.123564138697419,5.900259916624209,8.91985779939847,8.872777798500662,4.437632040359041,-0.30643239151310525,3.9112170204206285,12.82788397746484,24.91346803890993,18.325858557390987,11.618754003812503,5.367049881862539,-1.3322247357745685,-8.054422052534674,-1.2965804644989198,-2.2133758948723323,20.643513272788894,19.717232093382556,-8.969010240109812,-12.049041650784652,-2.5990494377236644,3.3704741423842366,-21.64455504374693,-26.73054120609462,-22.671086454892126,-5.99093111049246,-10.808338425778345,-15.477987834566811,-3.65911333596553,-4.967748080456696,-4.864971336894017,7.999078212097832,5.062594024083015,9.84974139883365,8.2794626699436,8.28597338873328,16.754688927262304,8.89141230749223,9.339990877270653,9.902888236246755,7.248962700565038,3.389677512321612,4.2809727960607855,6.613116317557646,9.07523192408024,13.933482709756902,5.414606913699536,-4.231563597023105,-2.4648699501718543,-8.03240674171054,-18.285707539089458,-15.852454353642385,-14.59018663877299,-3.287473589236683,9.962351276428537,-17.264860526344087,-27.373654363312358,-22.914488548202115,10.771546302512649,8.605063847506685,10.076247368866492,8.637370694316314
Talia,S01,epb_21_rr_ich_ch68_epm_bbpf_bc_NumberShape_S01.csv,-23.745010537209744,-16.779660385390642,-4.4514897088127015,1.273738718470967,6.271995103022135,-1.3300387806537837,1.46411566800842,2.509794784396871,10.785122352753687,7.107902885550833,5.488615111756378,6.818826557686494,6.674608282151687,9.309747724311903,22.44668227820672,3.2633073453647095,9.406519947551686,4.844065816533712,-0.6592151152936023,-6.548237936539418,-1.06245667115337,-3.914956734358135,16.437189077842856,14.341097196043565,-15.031063010711849,-12.019667879673793,-9.267003837615004,1.6952723202755948,-20.53077259964392,-21.741305495172693,-17.030004077978337,-3.1852594251041535,-12.998389861942542,-19.300961437376518,-9.561892361591035,-3.327010268640314,-4.327166354427942,9.386537734183003,7.321428889466935,7.0496461332174265,8.172683820107643,7.119600574391584,14.158996715709215,11.321238156627993,11.552383169141626,11.469462144057598,10.33338266829742,5.806032132702285,5.619449897805497,7.861623232126233,9.717480163101634,14.407575157456854,7.623631370904835,-4.217271943666753,-1.342136339437661,-3.362277414672078,-12.1758629952036,-10.993040764442663,-13.450275571815657,-2.978565882089021,8.9381649147361,-16.556877483829524,-20.68974471107382,-25.122025820760754,7.219265786159038,8.744857545989777,6.845348252605296,6.892248219167704
Talia,S01,epb_22_rr_ich_ch68_epm_bbpf_bc_NumberShape_S01.csv,-13.38242864168429,-7.624110315275714,-0.46770378283246894,0.19710265705785396,6.884178559979483,1.5518352907146349,7.792473212492199,7.310067495176222,15.323064686463855,10.879115223258806,6.411669937454754,4.994288422242946,7.831094034203881,12.665554522580694,24.667954619676035,14.159774857360532,11.50531400853519,3.400975505899164,-3.1842001380768963,-8.367184591464444,-2.0133931364846247,-1.9441024588071294,17.144698314219514,13.599768812728618,-15.17434018053429,-13.979764689767794,-10.959227670313973,-4.361288777790731,-27.701702669707608,-26.278987849154312,-19.31924082852738,-4.639714642729482,-5.5458653061371335,-11.801284156383565,-1.9885483568597113,-0.9889848676328171,-0.22565269508756497,9.617778338186302,8.546593615775436,6.986104449535539,10.648134639464542,10.481647758499227,16.98505069907491,9.497443013899348,10.847704315064309,10.451183605778198,9.090863712580664,4.5215387423804785,4.765232167849019,5.207546337041035,9.127956119567639,13.787579791977752,4.971698271045541,-4.751634104483131,-1.9491318878878003,-5.675496548544095,-16.333153675118417,-14.114326692535446,-16.067758591872924,-8.545094162259907,5.323816456720721,-25.932535071234103,-28.008133582638706,-31.442581079849823,7.836549545083747,6.647237384287652,1.7247944031817957,-0.6178185748410817
Talia,S01,epb_23_rr_ich_ch68_epm_bbpf_bc_NumberShape_S01.csv,-31.965329867331892,-26.94691789039916,-13.90424201129426,-3.5684688318336555,-1.636916595138375,-6.6981646127601335,-5.045294450951757,-1.858346419725146,12.251153562780827,5.38315463651059,2.6983473658499957,7.280071978947752,8.459878096248955,12.571674950778567,23.932877257981016,6.73734408750774,17.35467300911257,10.910509878308739,3.5364277640904818,1.9720199708288837,7.315914088567442,7.18602273692169,21.156746087812117,19.18657311450178,-3.1699238034357298,-2.636799814823782,5.806952753950073,7.930713985740364,-13.776033214862458,-18.645027938312257,-14.086111769497602,-0.801371613366827,-21.244190692317737,-28.10313253676081,-16.66142425294857,-12.323477354446638,-11.267177786772875,4.024364764494643,1.5322080299830896,3.2908302242496155,4.646823271588702,2.048681204054421,13.100962001913269,6.211102837743218,9.735307113896424,9.351552856323469,8.791928674572251,6.588721805277885,5.641920014937812,6.874613389665198,8.094763673484012,12.775146737894497,5.234291013178721,-3.027024507032223,-1.5730945075698597,-3.017255256482869,-11.693771113687031,-11.36038547649345,-15.112111021760713,-5.318419438981299,8.659995969214147,-19.13981297408181,-24.710394429261704,-21.598787991798098,15.66816014920531,17.907662768110416,11.762042734950723,7.27728607671336
Talia,S01,epb_24_rr_ich_ch68_epm_bbpf_bc_NumberShape_S01.csv,-44.907873819591835,-30.134010487808034,-16.853568353209536,-4.9554545094768105,-2.8449076856935345,-2.917346299923918,3.5672824703061408,19.59946524906359,17.357460023976003,10.200077138538767,3.217554750172818,7.63268242741866,11.90504441797717,21.655239994129964,38.307852602614716,21.997104129777778,21.81336399930845,11.0254542896377,2.1068604584142774,-5.86366708682536,3.8700313279071783,6.823045809230234,26.095341702147458,29.19217879449075,-11.437994537544286,-11.231364457517946,-5.09170192251751,8.839660485263575,-18.354271863942653,-26.78911246383083,-20.670416185333515,-4.2764604428859165,-32.19994804153063,-43.31348934190074,-24.596159186359674,-17.82937674635668,-16.47688046560992,1.7840934739152856,3.68053780553299,-0.9775582045988608,2.5773337345751286,5.443978419971995,20.096777231110146,9.561857526776905,8.164235236547329,8.44956374348097,7.226163128623237,5.355778730958922,3.263197820813081,4.435027633023648,12.012024700299081,23.380672108352144,13.897355555074686,-1.5642667855940737,-0.05573155084964931,-4.617373248641019,-17.31665330978762,-13.846597101057403,-13.518674233084466,-2.0217281238565787,17.75993511019103,-19.42816489047493,-28.79258310732208,-23.840845516633912,13.732229240279985,16.522030678800178,10.515177243372463,13.660503715859823
Talia,S02,epb_11_rr_ich_ch68_epm_bbpf_bc_NumberShape_S02.csv,-5.049714351927468,-1.8784590811051682,-0.4875822877173778,-4.3742280126128525,-1.7484425620211541,-8.121210767943742,0.8341732227312426,-0.4093699963580251,-1.7006304141790063,0.8330995163143624,2.431240547943624,6.576870389057531,1.9563823058224414,-2.36137590228777,-2.871920529335045,-3.8055499463371603,-4.824596939104451,4.100760038844109,5.195820284807893,5.222425176940954,0.3614281587128889,-0.7993783616348233,-0.14871201037670265,-5.260162338934835,-4.520705670411097,2.6225971521922937,4.4920260240431755,-1.2370756518708246,8.393680866792296,8.504123538320824,11.914212477308396,5.662220207341337,-1.025483536236321,4.008875321700281,-1.0566158731972963,-7.640702064540033,-4.4952086181587205,-1.1680125788021858,-0.5806485550858764,0.9159150632406778,1.2395917549391324,-1.88528959315515,2.201961932758088,6.984358519164717,2.1216626044715614,3.15229928762273,1.5930391566493425,4.418148771388476,1.325412833541783,2.801231087460012,3.9435831555447494,0.854615392547586,-4.670874442941968,2.972935243122863,3.078121813135639,1.1016221206041947,4.21607890231946,1.4191588079136142,2.6002782393479333,-10.567281733944705,-9.956971607261748,-10.654176813860838,5.438584328577276,0.44974399690159145,-5.540710181703395,-5.197783606128323,-4.292385210215683,-7.607021845213243
Talia,S02,epb_12_rr_ich_ch68_epm_bbpf_bc_NumberShape_S02.csv,-9.737671064314034,-2.607321931125062,-0.45947766521990097,-4.493309784579553,-1.8358444988931328,-7.083592476723228,-0.48955097075550147,-1.590436627578911,-0.6559762850529979,2.0456815259476984,4.8125222006663595,7.279426146043507,2.847616801580388,-3.115657568015531,-3.700418850956869,-4.462192024375949,-4.076172159065775,4.351105870539541,5.847783343586031,5.37430070045045,1.0683881413942966,-3.916480722207827,0.23622560639986617,-6.92533408550826,-6.674857018666322,1.5188228064323162,-1.6046338013690085,-1.4050320258334819,6.68632310892831,8.90963414862735,12.854745209904632,6.717639785403828,-3.3711524892095497,0.1645977356173295,-1.4016088109757423,-8.872994530724363,-3.8425183229411735,0.7721214844714483,1.436157215916056,6.479299689596336,3.40266555600182,2.6404264529732027,0.29048330345977647,5.892545570534841,2.8448571550915815,5.605709177018199,3.723128062668655,5.87166846916263,3.3306568267369876,4.08159106812235,5.258798793161363,-7.346303766735301,-4.5123306751747005,2.4355228575218555,3.5763882995870837,4.525908439305725,6.283923329311617,3.1831671394273626,4.084052261007812,-12.554813898590469,-9.620289745432443,-10.456256805185884,4.896292037683892,0.5878672643099725,-6.005692322489322,-7.41979940031903,-3.9517872036905666,-7.728537613668818
Talia,S02,epb_13_rr_ich_ch68_epm_bbpf_bc_NumberShape_S02.csv,-7.179088042868128,-0.24618563800354057,0.29528069324140954,-3.11407047038062,-0.977821453189989,-3.6089572481502765,-0.8111846374330649,-2.3302937903441583,-0.693893016263927,3.234212558398232,6.123131015780198,8.547157719565082,2.785743414994638,-2.72006635065413,-4.943716980535557,-6.259089146530592,-5.176353871933808,3.620283481862856,5.808166104010958,4.51553477802638,0.520896645616997,-6.087614344708689,-1.5211855888765415,-9.590074018474512,-9.3489986566266,1.1652481248688886,-5.496217625153876,-4.271321632722116,3.784223755906054,6.699254695638936,10.502163302747059,6.577352752977166,-2.777771078962226,1.9998374328030173,0.2408982130088176,-5.982779064465417,-2.657392311876331,5.171588616318307,2.82195300837552,7.677432435909337,4.473251362595697,4.908731005628137,-0.751038528917306,5.065944540490314,3.0968171795767203,6.963350390362056,6.383382119291943,7.249621813132949,0.4834274630381153,3.9073252825996243,4.552761944298924,-7.064608422960427,-3.87793951888506,1.4921883929572464,4.464288895528762,4.378388245263866,6.6720202924525465,3.039506462132338,4.832425207267271,-9.937111858543973,-8.434990426518775,-8.304419338525927,5.901893825278359,-0.5015137370245124,-9.396925245226432,-10.837686473907759,-7.124863851345869,-7.930509264423638
Talia,S02,epb_14_rr_ich_ch68_epm_bbpf_bc_NumberShape_S02.csv,-11.025383156325791,-5.81234651844354,-2.423418398565963,-6.26765617234544,-2.1923093871892965,-6.445109490934078,-0.09467427420627368,-2.708461829022667,-0.5594251947164643,3.5378947465640525,5.171175067746539,8.910445969167368,4.818209637264951,-1.3269247489456168,-0.9153068957328302,-3.9225662993425754,-3.641319644059925,5.620804855324883,6.9527204481367715,6.446448298328283,3.314644665098346,-0.8091977204599624,2.14576801776089,-6.5862569922102,-5.150641061304028,3.008711792206632,-3.6047757706873482,-2.3628363212586763,2.56602150234851,8.889975027111001,14.207079996041061,8.266302922585854,-8.989251925467686,-3.4399097063379545,-0.38418873929739145,-9.721044156826105,-6.562696954342056,2.0873030376585495,-1.844264413524362,4.9171408280960796,2.4522297733389697,-4.562434788097992,-0.35005218050384856,9.83840420487495,3.018275955006141,5.900978540604477,3.082476541413303,8.229163808167167,2.5295430247264874,4.218541991488148,5.248212155346839,-4.745176898236849,-6.38828518780674,5.498516335019514,4.771895790764279,5.0600123824402266,7.061302596611212,2.525994248566594,5.39454097808067,-11.074185807948236,-8.40914709664944,-10.998970479112694,7.59523560544442,-3.676163837685072,-5.453224333220931,-7.3995683286593374,-5.671017107651763,-7.767779445307281
Talia,S02,epb_21_rr_ich_ch68_epm_bbpf_bc_NumberShape_S02.csv,-9.52880984517153,-5.7603524030730435,-3.4313876584552805,-5.859895038895699,-3.482348672870981,-6.859099387697865,-3.265275842326887,-5.368184038470895,-4.813530366568597,0.42614968486351157,1.9375812721645913,5.5866521520217765,0.5594109970195411,-3.6646368531751263,-5.637879577252198,-8.8849725779732,-4.364364056913083,3.4426196155230406,5.469352544808539,7.193540526054448,2.809170136220311,-1.4353559587450153,-3.5634660883639815,-11.81914985469421,-8.495137154805018,4.84690377843597,-0.5533001704645453,-3.0730882695397006,11.727234185206179,12.591238605198209,14.759049625755399,7.8933994765129185,-4.083600300079657,-3.296007899090182,-4.708071583743712,-5.3755364041137845,-5.148297322621529,1.6275208746234568,-1.5949978994786458,2.9061963902397236,1.7228975018926267,2.300614051008193,0.05597948581407487,6.39285197135958,1.874745964761716,1.835605161618624,1.4825339056807376,3.9735345818926042,2.912353246836811,5.666917188321308,4.953834120969011,-4.11598203967271,-3.6728831794290464,5.572682148782866,5.686779349167281,6.020315807894146,8.979895215776022,7.4141720388178305,7.80869079529888,-7.837779008737436,-9.627170668714262,-3.8444774139184537,11.878145005996934,12.19263548895655,-10.800616579349226,-9.434090493446945,-3.346259803615542,-5.7551985671941415
Talia,S02,epb_22_rr_ich_ch68_epm_bbpf_bc_NumberShape_S02.csv,-8.763226732004446,-3.326089575740231,-3.2423506882842354,-6.0916570277286874,-3.2048844515797996,-6.956636218164796,-0.5574747240174044,-3.7837400979952474,-2.684280123780323,0.6430909391580887,2.9207877332994934,6.687983557319855,1.0053091276263293,-4.160367688886512,-5.414891625027502,-8.07887414409968,-4.144614918871202,3.663033269328438,6.095116375041226,7.032843884866534,2.331984646837727,-3.8999806595493003,-4.790021074377134,-12.486999709473391,-7.350263557634292,4.584209316987523,-0.2958606729672788,-3.916969244666831,9.676918747304756,11.978195201855586,13.92948447203324,7.90593981253481,-6.050870632561455,-4.027985393238904,-1.6228237582598966,-9.173605455619867,-4.572853511246323,1.9087921533419188,0.5993865575056593,3.4468400402554034,2.6089590038932147,1.4868317882619257,-0.9949642806637454,7.124989623671029,3.108277302666795,7.2251378483270505,1.4291695454096556,5.173572935985834,2.7021584489547763,3.811868825489315,4.638918814264699,-3.076371687889815,-4.133457522251332,4.562481396897361,4.988840363478735,3.5832806280695912,7.766700673757461,5.985289898912739,10.167106708213804,-9.260014973681727,-10.011971614061517,-3.4954001457228103,11.811531154973414,11.237359537034509,-11.15216391651608,-10.053968097996837,-5.7492171488742745,-7.297539282101486
Talia,S02,epb_23_rr_ich_ch68_epm_bbpf_bc_NumberShape_S02.csv,-9.102248029037982,-4.139929670231756,-1.426082315971086,-2.759057288185479,-1.711483616379241,-8.660518200475305,-5.613350714204276,-3.647203534882018,-2.024347772001679,2.5423738080839646,5.414152083551765,7.586468965229252,2.4529740950807555,-4.848555441119627,-6.604502860639135,-10.507383192889556,-4.962357848130481,3.4155445718699706,6.010307204600248,6.214901408909415,1.4316978429335896,-4.84459632771776,-6.849646309858367,-14.856835208952758,-9.04372387148311,3.2714288958058755,0.12650170757692109,-5.3805046780712145,7.853541649186139,9.785089074727361,12.23608134939995,8.387542069219302,-3.94777161820843,0.1813078022755319,-1.606961594510877,-7.6003243038990345,-4.236490003454802,3.2570595325476646,2.1217991972815,8.373808619191635,5.209259747406476,6.35541594919597,3.5608208856881722,7.714778444183297,3.8582127312264416,8.529923427770035,6.469466967892376,5.410298566510722,1.1155922561121936,5.4805464600395695,4.975488759108108,-5.747345183904027,-3.8770547464807716,3.73541496426014,6.164423669387222,4.475536097791876,6.486049727115905,4.1708290529388945,7.824284106629963,-7.349381398647075,-11.482053081116527,-7.302863287337116,8.810873148846657,6.243262093233953,-12.38136775300824,-10.493951866874783,-4.8122328845481706,-9.432931363006908
Talia,S02,epb_24_rr_ich_ch68_epm_bbpf_bc_NumberShape_S02.csv,-10.649529932650522,-6.586192931442195,-2.9016933637262112,-5.291081811506399,-3.410817816003721,-7.487107935589329,-5.240612094085515,-6.8418113387805715,-4.7289644068878784,1.319742996394706,4.679627713377008,8.114731295342713,2.3040764193210963,-4.528944545597317,-9.633840801594658,-8.346716058996591,-6.217652971274602,5.152249530585452,7.069012963695534,6.680318004860273,1.196686937931297,-2.8298370847875325,-5.179738696449578,-12.948780862146167,-6.346836528937006,3.948667385572228,1.9285174943839285,-2.9035509517137164,9.275126094769284,9.565335519396365,13.900342480746197,8.05502038169143,-6.0074675937202215,-1.8256468749667438,-5.185417042990606,-8.796256285573445,-5.788496068065261,1.9929362169083011,0.2842131294685275,6.37519924366714,3.4584212051512013,3.1392480763916137,1.5552436245769639,9.504655737840574,4.0158450181693235,8.972823325830626,6.409165673690294,6.755667000411241,3.0771053925193255,4.4753548425099225,6.04264902342606,-2.885589193268691,-2.039916969071413,5.277172658338483,5.777792898159339,4.496054186338136,6.076326318334333,4.899897928081685,7.320312787663395,-8.454306667284495,-9.04522983466647,-6.839071983425809,9.14245198223183,5.809458881689208,-11.467640164620926,-9.000353562190902,-3.0053638050049876,-5.632982833238213
Talia,S03,epb_11_rr_ich_ch68_epm_bbpf_bc_NumberShape_S03.csv,-9.970210886678338,-10.525570073068668,-7.468406671457065,-3.8091769346154125,-5.909879559465395,-7.612967593688063,-6.977511645558248,-4.545899119652545,-3.079248592945101,-2.7510260593505014,-0.8148669925436989,3.4710527982055375,2.3984089034064597,-1.957578877409513,-2.545831224404788,-1.3896606057531742,0.9391981595297706,2.672810028378456,2.0581998758769897,7.0509795989706285,2.6733523638677976,2.9136497600843327,0.554502781001243,-1.3893565420146827,4.968575921692838,5.123338856959378,9.107619773466622,3.8917062340845807,9.846529435895526,8.239879151806822,5.778872474626301,3.545267750149066,-11.362074866520578,-9.592070035447579,-9.3128002654367,-6.4295387026426765,-6.454800570120201,-2.551729032366178,-3.3870539059591405,-2.6700406837376924,-4.498392509390366,-7.172996535914564,-3.5079889954823438,-1.8044248332714656,0.1940422228838646,-0.18053556562592313,-0.17031868388370738,2.844773994191304,2.7947921237058524,3.094710853461972,-1.5456569961622704,-2.934710540264289,-0.9183199148240406,1.7256222437005309,0.9886682620976094,4.279084551465282,4.905516772271271,4.710638498001578,3.333124678166136,3.9412814093407444,-0.3246933971456447,7.629614406444838,6.84825206119604,10.026061803286675,2.6942643888835764,6.887025051031834,2.484809745771708,0.9491088849386287
Talia,S03,epb_12_rr_ich_ch68_epm_bbpf_bc_NumberShape_S03.csv,-4.927806435504091,-4.165308150381026,-4.132746837906848,-1.0015604743343418,-2.6650374648109185,-3.9237767697566897,-5.399918222764972,-3.653757046178785,-3.4137405247118258,-0.9329679998941145,0.8167473660098625,3.4686576311659727,3.127062323585817,-1.5756559533554462,-1.6880191031455634,-1.4233787561227467,0.9929232769762869,2.697391984191358,1.8963938459093266,5.895175427931888,1.9597826865880428,2.4450051485374673,-1.0527990439099058,-2.1642180370834785,3.287510543861642,2.901050936208759,6.814734981230776,-0.11338582388237681,7.039454974899991,5.376743977849238,4.271624914543127,3.057973927132826,-6.834108634232536,-4.832043620679741,-7.77712662067018,-3.0967113082234947,-3.271263328397238,-0.09371550057880618,-0.8395339489967384,-0.9103158003584065,-3.2102846366228834,-6.621539246328592,-4.070018354422145,-1.3923136085296932,0.7714167692372873,1.0024432660302027,1.7328605968408632,2.731924098051472,2.6371323977290335,1.312067468359627,-1.8472399650843576,-3.6742323175830474,-2.90815372878993,0.4956981946065984,0.7518028820575864,3.0781918602617084,3.385378429141185,3.4297775776473145,1.6506393662294594,2.108296614739637,-3.3075028071203167,4.617057300283229,4.354992461308677,7.204292634844627,0.6226206256213965,3.987940083805469,-1.3058697616357882,-3.6967167861266823
Talia,S03,epb_13_rr_ich_ch68_epm_bbpf_bc_NumberShape_S03.csv,-0.25674964294995023,0.4985418811378709,1.975380494906513,-0.0773843552577144,2.021773813109113,2.573819468381316,3.1487430192448933,2.415395090020462,1.9218901648051183,1.1056540063012592,-0.3141816270930943,-1.2875385098399812,-1.8219933856746564,1.4656546561138244,1.9333317749814167,3.4436884923760145,-0.19378879982845787,-1.631710457203547,0.40293677955657303,-3.498548682381715,-0.5338744990110387,-2.2208540147404956,0.47786665225785935,1.8546327897219013,-4.122842650941743,-0.14204370207470507,-4.596157738880126,0.8230739896177023,-4.570420725069321,-2.933384997830029,-1.4170728607717042,-0.8737843920210697,0.6406785530780144,-2.063227163194392,2.12399216042179,-0.519193992974522,0.09618996548374173,-0.8847224096546819,-0.12355725258743816,-0.4020920739186991,1.2699602611131409,2.9601507658555217,2.746375088715712,0.5743048622545607,-0.7194993401458932,-0.2512830166054198,-0.9974568936571211,-0.31725020377014784,-0.9713074004381022,0.5383363966632225,2.1825088837076865,2.567673422985111,4.502868941588011,0.5889918362195237,2.3724986605539216,-1.1696531614147478,-0.8094492679801362,-1.3561699746224345,-0.3296628807577596,-1.1458995507463154,1.9419052220377386,-3.169702725940204,-1.8031266264103563,-5.79667029109181,-0.6065722373908853,-3.539602633615385,2.184694919872943,4.114919048952765
Talia,S03,epb_14_rr_ich_ch68_epm_bbpf_bc_NumberShape_S03.csv,5.754330899879409,5.818816167007539,5.504950759658101,1.9591632382310353,3.4984200290256116,2.5028879272492883,5.298629554885724,2.8150455093183058,1.550430436640531,0.9873388584893469,-0.3093676114160458,-2.9675065264968006,-3.1776110248366987,0.18908797446388617,0.10934724406522554,-0.3156936569275368,-1.8472095681378136,-3.170435971994764,-1.8921210178467591,-7.404469349440329,-2.361674962210325,-4.909124862424083,-2.4551908910702904,-1.9641669750008977,-7.995796761988244,-2.8263705515853963,-7.411436927949303,-1.2044714388136992,-5.117090237569508,-4.129533034583124,-3.2307635048543166,-2.7413871535257948,7.82651375834959,5.762298593008801,7.437150001311104,3.778213740892199,3.576334705112684,0.9173672418291527,1.1949430585929295,1.1851854968568758,4.013379507860508,6.763997451334246,3.7431790743360938,2.280824043391998,-0.4595184105165972,-0.40812341363250726,-1.216466701919852,-2.235081491518726,-2.0011185936964635,0.05680112447906173,2.5200395679409433,3.3446808128820686,3.002297793092192,0.128953035848369,1.202211035863839,-2.9412242849470442,-1.7884140234717327,-1.32129811186377,-1.0160747390934206,-1.7624377231447297,1.1497627820327792,-1.9790683532716347,-1.4849463804984357,-3.681824058724667,-4.744377093215548,-6.286263077733097,1.478350792164253,3.406722721385337
Talia,S03,epb_21_rr_ich_ch68_epm_bbpf_bc_NumberShape_S03.csv,-7.681409695658708,-6.90946652801994,-7.00292501344498,-4.219229760076629,-5.344849597348236,-6.04676865009811,-6.6492219491977895,-5.717073892132633,-5.146285875945284,-3.7237647490533745,-2.2902508799088728,0.527891191790532,0.4724169680709777,-3.53939646323311,-4.152698938986001,-2.1731733194933556,-0.9048925168620275,1.0776699080972572,0.3252727571759443,4.660424651179931,1.598734642807823,2.659239377397887,0.0023066094917742696,-0.4867366772704365,5.925661953998316,3.9998640066659332,9.641486937347027,3.744619591793426,9.74367377211336,6.526862398395649,4.206272820423466,1.6321318819250346,-7.853680723524802,-5.569200861871134,-6.560561440872539,-5.181222124035162,-5.947722326631966,-2.8921340250037533,-3.8976411127185924,-2.551209934270372,-3.695112457699653,-4.108950252983628,-2.5555271660418155,-0.902110067674916,-0.050687400142514355,-1.3709747484520813,-1.7458999809244575,0.27499595275826083,1.6228202900753477,1.5790827215284648,-0.16328962837099167,-1.4524140789160331,-0.2941528725033545,2.538238948961073,1.1420932732057778,3.0228901227839167,3.9840744960174095,5.189798151412973,4.5519770080820825,5.359305218490001,1.773860991262537,8.906342342159457,6.635213309796146,10.848369316125789,3.1947687786285353,7.783159247833984,1.958138377194622,1.670977349095544
Talia,S03,epb_22_rr_ich_ch68_epm_bbpf_bc_NumberShape_S03.csv,-3.384661467623155,-4.263680316160837,-4.373502429639477,-2.574174879180859,-4.489293110785707,-4.407555736163875,-5.303674753694248,-4.629236641017261,-4.27904581881836,-2.135870062259354,-0.733140160440546,1.6918602692498794,2.586999825234881,-2.5256420795521834,-3.2180156040674643,-3.189074242426885,-0.18354581934633285,1.50458276677646,0.970126085806967,5.353005355712223,1.9960611789906781,2.506463273419511,-0.206509234491218,-2.5763212988263486,4.60364064822749,3.264967964025275,8.162909671996662,0.20677188817367848,7.96742445628797,6.460176768437223,4.331814492510639,2.453416135278218,-4.465573424893788,-2.9765752267235572,-5.782131126349229,-2.774869389285138,-3.0562048804816753,-1.1912369443741355,-1.5230731148682013,-1.7831635830547246,-3.4073041549470697,-5.6550583752709125,-4.088581378277217,-1.8838882694568033,-0.3712960813193993,-0.614007158091731,0.0856236509467505,1.8122119743586054,1.8088620391506816,0.5653002275200611,-1.9687822254118825,-3.8041696954941346,-2.722499136935563,1.048124839653118,0.6413348765399897,3.226917173101989,3.892910487506125,4.067911323737065,3.2060730777979516,2.9039173699059964,-1.6123244217866064,6.3370739885843905,6.016713859576265,9.068367181990485,1.1962935794510472,5.375803293353805,-1.1691664648222597,-1.990809318216479
Talia,S03,epb_23_rr_ich_ch68_epm_bbpf_bc_NumberShape_S03.csv,-7.822138282464916,-7.395364713814996,-6.899938162050858,-3.389972507551838,-5.463906374032601,-6.036088886193507,-7.617307229163328,-5.867644042950354,-5.1064908981283175,-3.192454658319275,-1.316821527859304,1.862459629162623,0.5403464277724227,-3.3433005518076753,-4.655317926391262,-2.248174761180709,-0.8259400631730531,1.2915214411523268,1.3480651736942315,5.346841421362394,2.090400914292144,2.9556726513714695,-1.6958858605657063,-2.5903251273005305,5.115525463679053,3.9173683207039556,9.236232124386591,2.9646706982926103,10.038783292157847,7.470488375600733,5.300035450307563,2.770763896158546,-8.906718287272378,-6.367341310583809,-7.516324386768332,-4.869600462529014,-5.50207283709178,-2.3747623079179916,-3.363956625332279,-2.096721752850157,-3.1062238747790922,-5.55233818724162,-2.468741327353087,-0.6828138376400088,0.5861729307199479,-0.6907855424031378,-0.547318981765287,1.3814966838541223,2.1878701212238085,2.6918883683969934,-0.7064614828226922,-1.5149281677236026,-1.0091813269061811,2.1779698056020016,1.210151835732109,4.085556246633363,4.71231363297526,5.528430237479419,4.9567155562820675,4.367637863516065,0.26136411790900305,7.888837401965202,7.3978487541997975,11.219583230791152,1.607324913569178,6.40311217007401,1.5238496590869215,0.3060621568741825
Talia,S03,epb_24_rr_ich_ch68_epm_bbpf_bc_NumberShape_S03.csv,4.887118470441302,2.4992535574011754,-0.6344032278801549,-1.2407732224807513,-3.0254627152979516,-2.5818239213808867,-4.074082603842329,-4.304864457907052,-3.3893090961387973,-2.8484061050053326,-1.1593384536208808,0.36162500013610616,1.0167164526259966,-3.666633819713027,-3.800597779175321,-2.7165221520093916,-1.6516882145068903,-0.4342138035359556,-1.2587868356594012,3.3331869874599094,-0.7087413770637644,-0.4646911350465852,-1.8171216694258596,-2.277320678294988,2.6135347423372752,2.2559630477453543,6.434395774719556,2.117588133170692,6.650407894590908,3.6681612641395596,1.4343610313963167,0.4388732762270342,2.955201582932045,6.81973926514227,-1.0395811902838028,0.8341079660254884,0.40455003780678356,-0.37666041147442536,-0.6543480781222518,-0.5841003153759529,-2.215413809554017,-3.562657962243566,-3.265497756763203,-1.8362497769412913,-0.44819465120015434,-1.1331808851040261,-0.9097991098642815,-0.2307544085501073,0.08099483791068891,0.841284416843106,-2.767856059715966,-3.8785202300553485,-4.0120968081551425,-0.9485636881038636,-1.7201483051140596,1.1142230576185423,1.2875776689045286,1.5079248257972675,0.5696588814453507,1.264772361024023,-2.1823286122504895,3.9986823028813334,2.763422889861104,6.723600918848103,0.5864356840620403,5.2765424272118695,0.5161485506698797,-1.4353161225580628
Talia,S04,epb_11_rr_ich_ch68_epm_bbpf_bc_NumberShape_S04.csv,-1.0880126055912913,0.5978800469410804,1.4689360000259204,2.339303478211898,2.8789961674396216,3.2319313198656485,2.5123623817461866,1.7601993293580607,1.5406440977403268,4.374866534869328,4.424297734204519,3.306498489378849,2.918834609126211,-0.08775567121083856,0.9171434618901138,-3.344376302829827,0.753726908718175,1.4716500122373959,2.779159659432617,3.1077372938435937,0.747924866938897,-1.3932094369683905,-7.177298497840689,-8.935389829838657,-6.360421301403087,1.2894695016332183,-7.4469014873976445,-8.800364154189532,-5.415055391564017,3.065883712755772,5.728028256133108,5.126999123826442,0.691981471907183,-1.5794720599391272,-2.6172259425667903,1.0031599026899867,1.8624517097168531,3.4937749634499116,3.8676223868986623,2.803676948355318,-0.8258906807960117,-2.910710385727945,-2.3051271455638203,-0.49493518441729806,1.916939151755785,3.038303706912727,3.305154319191352,2.1969683301120453,2.614268589894317,0.22419104376596075,2.0139861992688055,-1.2049704727099648,0.5720774045650309,1.4418454402065357,1.7746218509044813,2.9942118610407515,3.746830047323877,3.984130056961852,1.6325053436849188,-1.1141064178574387,-6.335214487148463,-0.18473334376977157,5.019816659380567,4.925709766258269,-11.554398728351037,-12.463286346080228,-10.226044833634877,-7.601798177182523
Talia,S04,epb_12_rr_ich_ch68_epm_bbpf_bc_NumberShape_S04.csv,-2.519190341838653,-0.08345110826364316,1.849480495608737,5.11302395917565,4.772279253422947,3.0142146473423104,1.7504971504063536,1.063726332910078,2.0635122523489486,5.560220282263109,6.572733802390176,5.280207991277752,3.603354835213953,-0.07268353276804118,0.6906808162998664,-4.599289702834652,1.1607700369212481,2.3204360110957762,4.392618302716104,3.7668941936576505,1.2432900989622662,-1.2108825179029135,-8.661733271788107,-11.806757423293597,-6.776697976422606,1.17694483284123,-8.993952710980205,-11.574354585348628,-7.3098534697846596,2.587003544962393,6.210849621760012,6.071437576784825,-0.8767592923643177,-2.8143290095384725,-3.9337004622951155,1.6310935138169245,3.19634555291535,5.5378890054780685,6.78150812963837,4.813515934869058,0.5411949880559688,-3.7941425090550265,-2.3454864237716273,1.4063355470364347,4.181582386458973,5.590323422927028,6.640891700857828,4.0549950207386605,4.635394955663684,1.7193079997916754,1.798783174166742,-0.894680270479406,0.43006918274420247,1.7249856860195774,2.789848163328029,3.7512002287012,3.6299546293840725,3.6593300282197196,0.5675133230118222,-3.2090933254745844,-7.96629743976191,-4.128068083040097,3.071529962923856,2.782987884932814,-13.666248044093637,-13.770814106876063,-13.511940061088389,-10.680351328723107
Talia,S04,epb_13_rr_ich_ch68_epm_bbpf_bc_NumberShape_S04.csv,-7.933326803014262,-5.6035550652809665,-1.9331241142627937,1.9940124658551373,1.4688878061042612,1.2832387370597498,-0.8634699894012602,0.8106459864086674,1.7970333232152713,4.829899202892895,6.731924814408913,6.3087064466659255,4.82595427109281,0.35222719423102183,3.104154655498599,-0.47352660519289747,4.346202208680092,4.460653993260585,6.607695212178555,6.644897327334548,4.255906559053337,2.159999023811337,-3.886313135899533,-6.232089966535534,-2.197634931122393,5.282529509953197,-5.192669745176378,-8.23152228440123,-4.498858826577868,4.952127093917688,7.924739259636815,7.547369997873733,-6.813851539482549,-9.135148303624156,-9.972120446135655,-3.205522109876497,-1.6826894102445218,2.7641793003815938,4.008211498950942,0.8893434346115128,-3.4151285410249894,-7.156761282321602,-4.487283464374396,-1.787460746457637,1.8401326987413624,4.299787998718302,6.078379656966471,5.458027760234339,4.574185519594243,0.8182055999806092,0.965123596050755,-2.2898639253598345,-0.26434986725912274,1.4937038052062495,2.8446750944959946,4.829666744172345,4.960931056451861,4.719731893612616,0.8319686005797954,-2.413801690291476,-5.843307384006621,-2.052500548384352,4.499553052353892,4.230673846158513,-9.587793061527284,-11.067420306973297,-10.830863242019962,-8.743327345932775
Talia,S04,epb_14_rr_ich_ch68_epm_bbpf_bc_NumberShape_S04.csv,-4.254019511536356,-2.234413417566719,0.867351888373717,3.521408993394521,4.193898588736368,2.064194011973019,0.8764961729801222,2.1649753648492145,1.532778253006456,5.474529509150412,6.686299599787819,5.796082027915334,4.497165220950879,0.5804587149370567,2.643531395430526,-2.0617508335207213,2.622843052843291,3.0558975862999898,4.9455274995053475,4.701425817991702,2.2863484216834835,-0.2369853827920843,-6.37192495344677,-7.675889177756525,-4.2212810753374574,2.4192751228932594,-7.724839694267531,-11.49178564521509,-9.271414027502747,1.8821603473030935,5.811986409014579,6.525039692966705,-2.6647100620515762,-5.245836812222244,-6.535283971297315,0.33368425297201376,1.8169918344454197,4.834454228837974,5.542609030490251,3.2041622574288096,-1.1942813708807052,-3.9767568223005414,-0.672329824902002,0.2511481734973396,3.3681738771871035,5.161918848293303,6.396881879517456,4.896578116535244,4.866501057561663,2.254527529426102,2.8353913130278467,-0.28308025952341787,1.272310099201027,1.5758173310709018,2.6510785872471208,4.06748686901179,3.099097940488832,2.956254105573143,-0.3359935170430175,-3.034437554890999,-6.673679711138013,-6.160943905435954,1.3381142917899247,1.3049400597368332,-11.58833012213055,-11.446179481839044,-14.134126075031158,-9.687521156197139
Talia,S04,epb_21_rr_ich_ch68_epm_bbpf_bc_NumberShape_S04.csv,-4.9229889042321915,-3.3524504033006375,-1.9666813432352575,0.081857934599563,1.0248180394328903,1.0077441714869186,-0.17971465251962282,0.2196856474564968,1.2794306782398368,3.4180479515455944,3.2019863888114886,3.025875114011004,3.206638887382089,1.4084628601657243,0.0793247183069988,-0.2678190677382448,3.329162835291773,2.7798786391332797,3.4649998059222966,4.128676453945588,2.444513077869699,1.701725104078291,-2.799912878111257,-6.595279868931349,-1.762576970492619,4.121873019498916,-4.323330009156886,-5.658586821374776,0.4162534564332521,4.865347131224416,5.986947399605867,4.568374712343994,-4.89223103939769,-6.803395014614941,-7.683939621256979,-3.5298326229767243,-1.9804224969145388,0.07451107098551518,0.9219114657108476,-1.026829603745703,-4.7327259564631365,-6.473201541138022,-4.85282005723507,-3.684700905989375,-0.1431100852224443,0.5528620132205286,2.042457437980062,2.0781172941032544,1.6005605643899985,0.21261001178323724,-0.07622313638606962,-3.5383439720853844,0.07611927312181821,1.6903051208263042,1.7366315615692314,3.06132934849081,5.064668217472057,5.457560384036898,3.4627414518038235,1.8111148728503366,-4.353166255117462,9.218532099133418,9.08832012011901,9.225321610965812,-10.076660451400336,-10.662453627547624,-3.861287071834354,-2.936615919894115
Talia,S04,epb_22_rr_ich_ch68_epm_bbpf_bc_NumberShape_S04.csv,-8.692835755955056,-5.509335992994217,-4.173650030321272,-1.3330440571294166,-0.21788455265744497,-0.23274396740430026,-1.4225959840998228,-0.45722088071376915,0.12956167834645116,2.2003754875771935,2.346371013113785,3.1946393093678243,2.9600347317897535,0.6664474173734304,0.18473957954856352,0.6261841024945405,4.009786105897014,3.912696576253885,4.632131286366858,6.304680107302017,5.024500843651879,3.4816355383811297,-1.1896604414515608,-4.701995777087449,1.0056346929279454,7.48313319372728,-1.4721782594586255,-5.1948946479282,2.2028646913508942,8.067819366551047,8.032522425446274,6.175535373285313,-8.017793024226021,-10.057418076844737,-10.376085195999856,-5.473770432177324,-3.810861079872602,-1.0521560909958938,0.03914256892408829,-2.080035995669584,-6.047861799511937,-8.531765365819107,-5.671935496622303,-4.107884119688999,-1.0865203482514765,0.19312901105454586,0.6643815091707628,1.796632291665875,1.7937924431158947,0.3106885466737026,-0.0950723406852327,-3.938229855303022,0.16863879125214326,1.8582370418016216,2.157986332834835,3.6332140509062305,6.680928860440125,6.723515423372918,3.733751840941444,1.8989025166941718,-4.724174555343206,8.463312463066714,10.322374852373446,10.277394791345813,-6.759205521051224,-8.25837661376596,-4.926612999726862,-3.743514557357893
Talia,S04,epb_23_rr_ich_ch68_epm_bbpf_bc_NumberShape_S04.csv,-4.7079516818641896,-2.9659336393965985,-0.6482476552774876,1.972660354014515,1.8204983221634468,1.5754332024757738,-0.02795606393756923,1.537949673276476,1.7510174715225644,4.235587061018099,5.480006154353768,4.758597378285608,3.8430185566194726,0.4638070108494189,2.6508854949225573,-0.051256331529889294,3.2070936001440176,3.1908015752892958,4.5521162562149975,4.639010887703454,3.091141042668818,1.8026725155668026,-3.3896258960527335,-6.139139531773742,-2.1452024225762543,3.63905708617753,-4.980577568489354,-7.12297453185843,-2.749819126438866,3.7486259596412097,6.62839381085929,6.068170360800961,-4.087616181919235,-6.740258919477096,-7.806854104344784,-2.577447544078726,-0.25915612978969954,1.9407931383522448,3.159199935790713,-0.11575998500018352,-4.51704568276139,-7.358465780990838,-4.250783577756497,-3.32276845779741,0.17544864238767072,2.471435022378176,4.215597806534052,3.775923157522736,3.0418915711264067,-0.22516607017571388,-0.10848901963452223,-3.5754666163596247,-0.8056078150784673,1.0047475513331354,2.1996238339679355,3.3775541444456185,4.592462573411052,4.644758580585345,1.3036525663820668,-1.387026822784728,-7.462573539665034,2.937384087060358,6.35342980303334,6.339893969778666,-8.36527284577143,-10.091332317426778,-7.673277425767228,-6.531284696678774
Talia,S04,epb_24_rr_ich_ch68_epm_bbpf_bc_NumberShape_S04.csv,4.847947643034551,1.9017971287435738,1.624998668639273,-1.3473452281129157,-0.7737954261199513,-0.8228333086705214,-0.5512089443164515,-2.9008322267073536,0.11158340421173547,-3.9969372482739725,-4.027674938150016,-2.9595135565136026,-2.8073462732142196,-0.9926236634150534,-4.019509658123657,-0.6230571479746181,-4.382041367232609,-2.6598575263488504,-3.354071025725545,-4.913761677517036,-4.584247289768082,-2.9432644374494235,2.046880150153089,4.464543114914582,-1.6662779452624539,-5.177642256985087,2.204275936491015,4.663192565435293,1.3739717360546133,-4.183296722726038,-6.096030469860442,-4.8103391836188045,4.125906203948454,5.995353843532043,7.7751765644558795,3.1537690873206534,1.5132722965215182,-0.9613214657679313,-2.067356485285955,0.5878796891609102,4.139072753209512,7.044974125837047,5.124454914953281,3.483286567095893,0.4020284095862448,-1.255954002182819,-2.286263445067778,-2.212147197172907,-1.4396106070272978,1.5370013892130892,0.6164166834140453,3.4236800447608284,0.6424254737288546,-0.5031635903791427,-0.6355484327356825,-2.4566754223278804,-3.7555302042770924,-3.9369154739900596,-1.3407674385370019,1.1643346573927038,4.958806795034041,-1.224451717048094,-5.392936321448299,-5.167080644559262,5.7779137581310644,7.533830059774726,6.771774083890044,6.218681121026079
Talia,S05,epb_11_rr_ich_ch68_epm_bbpf_bc_NumberShape_S05_icf.csv,-1.2082018778113728,0.21012153024718885,0.8034770462047319,-2.3898151529224894,1.1233301139486551,1.3734070781975845,-1.9606359534520588,-0.8597176315553169,1.2186497778309606,-1.4983981494137812,1.1258587999076246,-1.5102134688220548,1.664494051457457,-0.2847958503104293,-0.9414353640104286,0.9108157560270576,1.8095778301638143,3.0766118946975496,1.7570413162927245,3.660738290785215,5.801318697842736,6.4318903064068875,3.385911349841847,-2.2185349851285476,9.81256842168922,15.534064776704676,9.038712990698677,-2.0408693268735405,3.398920776230248,5.597085984941948,1.394691940777112,-2.2032701880780787,-1.0565923005190263,-1.2889891852390731,-4.044408673201635,-0.9840711365966311,-2.0370306728541134,0.25029982653101207,-2.004801054460095,-1.4155659333108528,-3.1435598661306035,-6.295612314165801,4.987997819397097,-8.348706124494221,-7.83889591423223,-3.5547818490464063,-3.6592833238997065,-3.422003921702406,-6.610292131071514,-7.029304451599729,-2.4941855496440315,-3.6421561659735784,-0.22057481805980314,-3.3680879993960886,-4.182635029993884,-4.462999071195354,-1.2746251019198562,0.1963067983352989,1.6432946525304652,3.989071020472997,-0.15645700491362377,9.329957134984221,0.29488101168163694,4.59269023904305,-1.7804520441128742,-2.1384584524344,-2.1737708252065975,1.33040215540605
Talia,S05,epb_12_rr_ich_ch68_epm_bbpf_bc_NumberShape_S05_icf.csv,-2.714944534892029,-0.7185112778862819,-1.9979239683704322,-3.463803686261565,-1.1280284302068395,-1.4553391552714487,-3.674725655017794,-6.79035807588591,-2.341549912542283,-4.876284002606115,-1.6080079933530806,-5.060945219344024,-1.9274949109771102,-4.337805571817229,-1.8420616536598042,-0.8564756709210015,-0.29457460513058126,-0.27535056594653223,-0.9016354655245093,1.8391353794480887,2.9687549753257936,5.279853032996717,2.7321074323932795,-2.801769595424975,10.34214308954403,15.752852012955968,10.747916245969774,-0.07845424564079989,6.91585103818813,4.981453396492586,0.8682243947966465,-3.423502807367384,-2.630224867683644,-3.4157727465747776,-5.047498602646279,-3.340076190670255,-4.336054697442106,-1.9452511166366504,-3.357076039205463,-3.2954555279476225,-5.318191685597521,-7.834542454726049,4.939249605317948,-8.779505486929535,-5.622127483889717,-3.7610656928963193,-4.768719817430241,-5.0228234121334125,-6.0508474355767765,-4.040400540220633,-0.9435202862669795,-2.4033224046627524,3.7282007249993034,0.3358370923238879,-0.9547335628400314,-3.4339401144956505,0.6191659971627436,3.918599072602798,7.862904397213563,9.607640791364206,3.9340828885810972,19.240921150040446,5.806569290684339,10.78118156261395,-1.903728806207919,-0.9069344801261798,2.607603877471199,5.871109807238277
Talia,S05,epb_13_rr_ich_ch68_epm_bbpf_bc_NumberShape_S05_icf.csv,-0.3863820372121682,-0.17592305937294705,1.3368360952573666,1.553783343362846,3.0065757364928056,0.6621281670945848,-2.8968102893126595,-4.108502130927958,-0.5538859116168767,-2.9310798761990546,2.9171998013300136,0.015910666287424283,1.945745963182294,-1.2917272660353414,-0.9623558940104106,1.7899955041209783,3.0514706382901915,2.695075961265655,3.389196872796687,4.808244762092458,6.167171558611037,7.026935418986365,3.382027569980169,-2.423609398382109,11.72275515289473,16.700151721545275,9.71284339698557,-2.8777233093427514,-0.09059559695617556,3.6838256515359387,2.302974053110907,-0.9602349237334129,0.9843397337969298,1.4285834929380314,-0.7205877324675972,1.4671495533083059,0.28413398518463395,3.9280149847684567,1.8396003830841077,1.4782589026826174,-1.548417745248808,-5.298173856537683,5.926879104480742,-6.690854196186376,-4.522294045017936,1.6668775741242243,2.0494000456954837,0.6742671192135038,-3.069991949724334,-6.335383226403613,-5.917963499132876,-5.724847403253744,-1.9955438893907052,-6.381760586306116,-5.956056279261566,-3.681975482219278,-2.6381092835705418,-3.4048514613473992,-2.8509549724542356,-2.494763262679911,-2.120443081699038,-2.8985150650288385,-3.4845355223834065,-4.646620635015313,-0.2540010182043083,-3.0971825939955084,-3.8527814690308393,-0.35290803662960324
Talia,S05,epb_14_rr_ich_ch68_epm_bbpf_bc_NumberShape_S05_icf.csv,-1.8987274899202877,-5.02168616518337,-3.400302265024758,-2.952221563244472,-6.417041145153618,-0.23323050091668798,-0.05115594927672914,-0.747316890658432,-3.550908159327138,-1.0248643186965651,-3.712757712521231,-3.6679407184142683,-4.5491160391481165,-3.017652190232855,0.33746347418286804,-2.4649580662748076,-4.289791345251253,-5.844646655492721,-6.707215029286535,-8.004580954856467,-9.83490967063803,-8.728632545408038,-4.198161626796268,2.666496270200525,-10.565353781685983,-17.640836765031747,-7.78600255500584,3.8916746531268025,5.003883285110123,-2.1786713613278543,-4.044185140197101,-1.9963081754500247,-2.1412565888342994,-2.6313987353042636,-2.316198410543749,-3.1208005968084898,-2.0829345148935685,-4.489943821847189,-2.631021751531334,-2.163217663349114,0.30816171066653925,2.4582750450751907,-7.219938499234833,1.0773942727824808,1.3899900302037906,-3.392879127263293,-3.1152291372511405,-2.279220568182937,1.9552816761672416,6.97471995968817,6.292861014233388,6.00383564767195,5.939986638118894,9.245694466483814,8.184422011198912,2.5238775856679543,2.4308311393746838,7.1087469177735905,9.078054248937951,10.634364338704337,5.99564460312213,22.939701238800932,11.066160654379773,18.595423709029777,0.19271576912950447,2.9343381705669542,8.382244967441128,8.50097042486059
Talia,S05,epb_21_rr_ich_ch68_epm_bbpf_bc_NumberShape_S05_icf.csv,-3.753677215520985,-4.542993471092185,-3.6357389672990905,-5.870367893085628,-3.3405038642026565,-2.864311181369924,-4.020496241578488,-6.911740181948204,-5.55615101491663,-6.671898444252042,-2.7183092008679997,-6.879540977925973,-5.767142096841803,-7.02028979184433,-1.0115517987718707,-0.8391226178800518,-0.21190138652275742,-2.7801605795806337,-4.423853606497391,-1.4740502712723782,1.2647116072607216,4.080557766773744,5.544131440615403,-0.411011575595862,9.988221178528887,12.16057015583105,12.014004412783002,2.5070347783476334,9.118052384388475,7.094239026218217,-0.7479857247085058,-5.558378376739975,-3.1302136720284097,-2.940596270362149,-5.1108732586824415,-4.484735202888412,-4.853402012447812,-2.7458857161695622,-4.611524534329256,-3.645734530512563,-6.033351510194423,-4.567850206547565,2.574848287939408,-5.731972346501104,-7.7669971646801015,-4.5984242103241035,-5.992868128834503,-6.26971209577496,-5.370538903754991,-3.6116856826043433,1.0905940131701983,-1.3109675661261095,6.851455661316735,1.6437068115919249,-0.2896056055537309,-4.754177712501281,-0.6132295346494443,4.092424647638102,9.515434761823526,11.006132493672258,5.256757169265752,24.92158713677725,8.402700273830801,18.95678537144528,2.4151288057464755,3.534800649271501,3.816363238284745,7.595286294093621
Talia,S05,epb_22_rr_ich_ch68_epm_bbpf_bc_NumberShape_S05_icf.csv,-2.39144097912134,-2.398035324923947,-1.7166594630642835,-3.8303313366451857,1.1378063726829064,-5.511532374376244,-1.861952089891033,-2.7872265060402466,1.0048942642306617,-2.439041235964513,-2.692020746014262,-1.8643979675990339,1.781602779839668,-0.7825889026714186,-1.7680624232132538,2.387330613305168,2.841146851090815,4.851512315276803,4.025354084199061,5.763037625429308,8.688012058048358,8.97863105128563,2.9509556017989222,-0.215822446468601,12.37231038864151,17.791548256125417,12.283458092233353,-0.9666487325140372,4.688352428069306,6.076615938219742,2.623573299065249,-1.4441917636315746,-2.66105143371019,-2.2041400900360975,-3.660092459034334,-3.2486346518407787,-3.7275942999485596,-2.626133796480908,-4.689088889207661,-2.779783046122915,-5.399125387017874,-5.9134248776418605,7.095623868332438,-4.959267427456938,-5.074105533044568,-3.9401478150570033,-4.050070090191851,-3.1235150729112604,-5.521286987382988,-5.555196873401033,-3.5896952595057097,-3.35653861665238,-0.2719888266353583,-2.333848831445115,-3.6144822311684073,-3.263546105502825,-1.0163536925293906,1.3492032297775782,2.5243211901979405,1.9029494462948655,0.5918710572374974,5.988786862607549,-0.34883349044363327,1.383259263688071,0.5975519879785233,-0.46053409853098487,-2.5436171473126516,0.9223356707272469
Talia,S05,epb_23_rr_ich_ch68_epm_bbpf_bc_NumberShape_S05_icf.csv,-3.6496651973283405,-5.096639595132369,-2.3865688168584085,-4.027991288336701,-4.845168169885205,0.3074270986669187,-5.322660488570916,-9.939851680927228,-3.8043666575221557,-6.128842552418829,-0.4055578512934253,-3.1836633478873613,-1.6674861998323582,-4.482780805228103,-3.1254696376875954,0.8681575394335067,1.1666945236819268,0.8182942046534705,0.42685103246991424,2.9542705035174217,3.920967142990504,5.207147340654032,4.430836865375178,-1.6017243830649797,11.315926202890529,15.317651767055542,12.030568332966451,1.1475630443777602,7.938894536134254,9.223791118579737,1.4930846592716995,-2.609367235928377,-2.7111539250527827,-3.0643234718854693,-5.816260088515341,-2.8373867086698095,-2.6295365848902486,-1.0869353860686177,-3.0794257672689125,-2.6245572113456044,-3.5192589119805393,-8.180831315242527,3.1242457705762336,-10.831733426004057,-10.351219583779308,-3.9209633318541877,-3.2364954010574505,-2.571567401378365,-5.936935805999348,-5.882982227784421,-3.164761795349096,-5.357992313176502,2.2972232406722664,-2.114484215590545,-3.5919137480597945,-4.431884629153111,0.24683417442023894,3.3813645866226856,5.618158340659821,7.146179307076048,2.970723384808027,23.18984290472699,7.262337966322438,15.710472523986075,1.137212297169162,1.0682618224060425,2.355472728591917,5.143955209482136
Talia,S05,epb_24_rr_ich_ch68_epm_bbpf_bc_NumberShape_S05_icf.csv,-0.15142987601202726,-1.1285229262778596,-0.9608297840305525,1.6999041290132855,-3.43457389964926,2.191923054734482,1.7135114189035692,3.5478724213652804,0.30051119341587124,3.225053807280187,1.9965944580918424,2.8308076919599126,1.2541450017324443,2.255470487096158,1.218967031943596,-1.1597070378685768,-0.6931157858194433,-0.6483576583954106,-0.28214787203062797,-2.819639697534332,-3.9149898706812247,-6.56900530604113,-2.467172655373357,1.2567331671154545,-11.940089649064753,-14.258897666627314,-11.12335775205265,-1.428490487240954,-3.5990730394288293,-2.278940451534344,1.1202079004906642,3.059392685145947,0.965723864002661,0.20917810404602646,1.2014336266217573,0.18238269931697854,1.6969426079292316,-0.18527688300178352,1.8550044389461635,2.051524029744601,4.03509004494418,5.925690589137889,-7.349310102902042,3.907644260095928,5.612959936416769,2.8671498090588963,3.0809272618931263,2.637806793617995,5.35520414116803,6.053791223812498,1.927661653183591,2.3233754454402673,-1.058389718363766,3.187700999887407,5.252524618000738,5.116334251560609,3.57750291643274,2.106836622490316,-1.9085801796203057,-2.5745346336121746,-3.5722826836255184,-7.354465778031019,3.004519135991667,-0.742230727236138,-1.411230933981941,-1.5866260019728944,-1.1365594885722532,-4.068170325581137
Talia,S06,epb_11_rr_ich_ch68_epm_bbpf_bc_NumberShape_S06_icf.csv,-2.082763683638579,-2.8112064962344547,-0.7190326271006213,-1.4813638188117804,-4.748369538863041,-3.8559087226422966,-3.252297836482638,-6.41018880633899,-2.292230464277258,4.779851568279582,0.031359383584971784,0.7682595834957475,-0.3903576346613672,1.5655599083330622,-4.219101361518971,-1.974936721760142,1.3293777063281995,0.04039067896407557,4.415810515954576,3.230719170637396,3.265439810846518,1.9825726502014853,0.8017782859176109,-1.5487222035726922,0.657795065165144,6.8642824395745246,7.5898657160419,1.3560888388564742,9.838209703254957,8.570174881959138,2.735573239698592,1.5781751628030087,-2.274409013671688,-3.8596367854190574,-2.900930057188338,-5.100884488889501,-5.162322781449105,-3.0498883575684417,-3.253952735836533,-2.3733444846641256,-5.307189088977499,-10.241133140726475,-13.613982203232414,-10.975236181215651,-1.0102520057628332,-1.044489282672128,-1.70869490288611,1.5298429392250354,1.0087845200329975,-1.2806675152300016,-4.846673562744563,-11.02950670401274,-3.9732017734629927,-1.0810093487859993,-0.3087861300431474,1.5919752956730435,5.561004017676165,5.242684902198921,5.663554108807736,4.221154631625363,-3.972028025070261,18.508165902068633,10.70896487212355,17.113475289343786,-1.4445535033307424,-3.442734396633342,-0.2587593397422971,6.74985809961942
Talia,S06,epb_12_rr_ich_ch68_epm_bbpf_bc_NumberShape_S06_icf.csv,-0.46733718100215527,2.774586793378976,1.6078338866910564,0.9708227765986331,4.018766113097007,4.327265788251439,3.8327321041818934,6.283051482856353,1.688022752571797,-6.115566875217597,-2.410395429970794,-3.7091688728551766,-1.0541684547923444,-3.249771410393965,5.528397071264488,2.858818944278671,-2.0329678097737722,-5.896683153484203,-7.672471130064056,-5.450402097685162,-3.8934533835042937,-2.9410540951748185,-0.9721231796702092,1.5443063658781322,0.11481531757654038,-6.0170711120925215,-6.521120877291899,0.5240823766436435,-9.125097042692287,-8.759882648642233,-4.9118225764156,-5.138871907138065,1.8506145007175303,3.581422473920515,2.237787271289618,5.409816825884922,4.8274708553516925,2.672638812921605,3.2833978074188717,7.818734409681672,3.3526754053886214,10.237176341939573,13.86331652396025,14.05446894213623,2.7618853664163643,0.4513885758770452,0.21775824690226597,-4.480926008566938,-1.5890386969054646,2.806197015647782,6.217774799959391,10.890096199319341,5.012345860230007,1.5439958228131936,1.2157747581804013,-2.809406971961206,-6.95243617916693,-5.4523182820308955,-4.90806646152128,-2.8186079925223133,6.9061717076867835,-14.635277683319275,-10.439129932644217,-14.341175652099496,2.2333121336015638,5.040814893481688,2.667115305398021,-2.4618358524698882
Talia,S06,epb_13_rr_ich_ch68_epm_bbpf_bc_NumberShape_S06_icf.csv,-0.6433857186537659,-5.440639852133257,-2.585966032610073,-0.9906421696059644,-3.281298742624335,-5.458390713972416,-8.743387174644946,-13.290541600114674,-6.361683959266543,3.9108175337055093,1.3883752707804118,1.5778247476569673,-1.418580416128383,-0.6129305652286746,-10.29950248794431,-6.16228618436296,-1.2225484703474736,2.8007528065129588,5.644848545927601,4.284658134373526,1.7182732961555083,-0.35408693426766874,-1.8597038629294673,-3.6653785677252615,-2.9654421119287235,4.516926392152718,5.781280111496508,0.6160045087544982,8.742673767550636,9.067232201647363,4.499765906456131,3.28710834640503,-1.3407242945233417,-2.9633441976986448,-1.1914915390686236,-4.5118285451423645,-4.8093327782388995,-1.4601969887142365,-1.3985597510039622,-5.482172871558291,-2.2801075964155455,-8.42837824947344,-13.44921305855476,-8.486856439887848,1.6363684334467228,1.306766446711999,0.19320728698681658,2.545348356433701,3.0268576171851196,0.7056735182525086,-4.339228381122641,-10.004011028280566,-0.7457840897686717,1.470217211676103,2.125103583967339,3.4241100979330623,7.39117589117481,6.786312118845365,7.847972214050413,6.2559975064945625,-3.0580319366582307,18.77321282394153,11.844294338455189,18.08275835140684,-3.879339021048203,-5.007197334186974,-0.4553412026173591,7.395616063767852
Talia,S06,epb_14_rr_ich_ch68_epm_bbpf_bc_NumberShape_S06_icf.csv,-0.6885706242100731,-4.139812730199807,-4.253153282943904,-2.6042445382114643,-3.3844622334249483,-6.864672764728115,-6.365926219362538,-10.418994036126099,-3.8754565356160224,3.4635394488153994,-0.2315077641574982,-0.03260252380489975,-2.7586337312828393,2.718269570838024,-7.407812582455348,-5.5689911980160405,-1.7754319531128366,1.2640413642223176,3.093856368102364,1.7786841341735027,0.7954505961960351,-0.14996372232592367,-0.5221070452946756,-0.0785671629949198,-1.7079010634317746,3.7395128876337895,3.710978478707789,-0.09479670242068222,5.616330554494856,5.5542080142512225,3.3731158439691096,1.2848874214885948,-2.1264623495032793,-2.9609291237566717,-1.297064492683509,-4.239476080809284,-4.180714403699967,-2.0973018700191894,-1.6829493539140206,-6.069313499913307,-0.5912487674116963,-6.918448230996057,-10.045993100345152,-8.17469465657161,0.5943741303265047,0.4694424026393122,-0.995333555664978,0.07090205015422513,1.5671626966417485,0.12948040576224715,-2.0858401015380665,-6.019228946572019,0.6798258505951333,3.373371203752683,1.6639361405979376,1.2651347272909448,5.448297892330085,5.8071420725955365,8.403106922315542,7.6626290778615385,-1.0083417423006003,19.250572073267723,9.944216504301949,15.37741150994879,-1.779095640016677,-3.5508185267828107,0.9292306681044208,9.717754795114981
Talia,S06,epb_21_rr_ich_ch68_epm_bbpf_bc_NumberShape_S06_icf.csv,-0.3692978288273805,4.173616846592135,2.7221062231676543,0.14115754091038776,3.594678221477648,5.603645197678234,5.88132332096072,9.417600142344465,4.594182031573956,-4.058228960836264,-1.2556194352001149,0.12044798361741123,3.686845735100036,-0.5157640010459322,8.876329185514457,4.225452645790994,1.6708730042171094,-1.4285269324860332,-2.8004902080225995,-2.020339579571455,-3.597785673477487,-1.1869342313078681,1.1493664188765165,2.1487433769638082,0.061610472733587926,-5.130615635906154,-11.47662301142093,-4.100738021753839,-11.31650951363681,-8.121585813003177,-2.34595574281743,-0.42881896321380647,-1.4935114607048023,-0.04935834905042335,-1.5982182988699543,1.4513062995869213,1.4429876792400664,0.4087148525166445,-0.08002389102533275,9.123597126263007,-0.03926266079680191,6.145251946537436,12.502089297109816,10.714898752905587,-0.5417805357912168,-0.57603697996034,0.16989522304461457,-0.28791940568067603,-0.2547134218049967,1.9885422804998334,5.191361727995717,8.956154947353502,2.0974000436255387,1.0112248738190737,1.0817642123344444,-0.2700012005579774,-4.232337624879217,-4.355321290144026,-4.442998856669404,-3.9147961989652225,6.649837991117608,-15.841738599931983,-9.257791341722513,-17.495221565707038,1.4613336041952694,2.1736468103663844,-1.2750992688818856,-4.478018159720876
Talia,S06,epb_22_rr_ich_ch68_epm_bbpf_bc_NumberShape_S06_icf.csv,-0.7721541805160941,-3.6489357581068265,-3.2991050409434166,-3.988623353966335,-5.673628770877927,-5.510927286608231,-4.852038550311057,-8.122548253026562,-5.39762802201229,1.571265648494631,-1.511313872622995,-0.3944272625874114,-3.3041616730474925,-0.847555448066042,-7.497982856090057,-2.184794999624052,-1.07675104173232,2.7112119981545595,3.110412886017318,3.1735048878873653,2.520607381349049,1.3442809649418421,1.293452578272368,0.9491688539808046,1.6134600444066445,6.243385404821405,11.453064192940634,4.9123310654022765,12.758752879892072,9.970845747742153,3.732005225977218,1.691786133247533,-1.7957642222567514,-4.102552449757821,-2.4194067957680794,-6.003555829405418,-6.191484316772669,-4.8080261127801345,-5.372407322055425,-5.556001561842504,-3.0981063980424235,-8.645590442029171,-12.040848016826201,-10.737150911261235,-3.049044090635969,-2.6516875706904424,-3.282003945136153,-0.5492543822960135,-0.49797246433910874,-2.7499321249954076,-6.08245448402458,-8.630816992981783,-2.1150440789706297,0.07960320091706485,-0.363737678719803,1.5426218788555077,6.452151089445433,6.142710199684812,7.692811187812685,5.946586545586965,-2.746096361935287,19.207413390174025,12.781020731008084,20.906753239982375,0.6736080536679402,-0.5418057238793254,3.3411095408838287,8.297396104055961
Talia,S06,epb_23_rr_ich_ch68_epm_bbpf_bc_NumberShape_S06_icf.csv,-0.30183963791840057,3.0999733296522183,2.567928964215796,0.14356474356605803,3.708833667408996,4.23869840476535,6.322339241568904,9.592108335342997,5.193983654801369,-6.58449708628584,-2.627563550528953,-1.5220086671672746,2.1347125029911713,-0.7541792400427739,9.878165669479715,5.723404764225064,2.3540335555963154,-2.7654721388540193,-4.247728231110098,-1.7679903813455544,-2.077777663600869,1.0119231036624765,2.777272044540389,6.413625577559879,3.8575674478311375,-2.026687786767861,-7.188477961726212,-1.0216695935640612,-8.008466161760257,-6.791850506921103,-2.181953996660842,-1.8412526797906625,-0.3275644857994532,1.053701078284112,-1.2268804921584795,2.4778779689310553,3.2913709506051676,-0.002789209209536911,0.09496129871227163,1.0002057030384746,-1.2806547272411735,5.871119390397224,10.274235245263492,6.277731076228085,-1.4636081815331508,-1.5149351943953595,-1.4767306168383671,-1.8036590266210224,-2.0816854989519937,0.2061650543692741,4.020454964830784,7.778055399796517,0.4853350227507902,-0.04884262016415565,0.2053149720217985,-1.4587455596050753,-5.5523649766353,-4.589977206590776,-5.948386640704454,-5.360732953148431,5.934553230119492,-14.671640491094074,-9.647864354065486,-14.097510066156579,5.114597794706567,5.072600099650188,1.2335250274770047,-5.145950058231667
Talia,S06,epb_24_rr_ich_ch68_epm_bbpf_bc_NumberShape_S06_icf.csv,1.7644478215040529,3.9959711645797715,2.654305589070493,-1.6319392315035006,3.7427234086382315,0.4708350568571113,3.0494849947157197,1.1354030336095646,0.8315754301845184,-5.080350029695883,-3.743518209273046,-2.912395397112641,-0.46802133089410175,0.5695739639816554,1.8922063016603368,1.5764314662412517,-0.663576259954817,-3.4921996737945618,-5.6219659692027815,-1.9953968173926746,-1.852402667185677,0.6159066927426775,1.5117208082276004,1.0800023288767782,6.558891976130191,-0.1998472704545823,-2.4754072379633705,2.6993989218120524,-2.4430173996956097,-1.4438669345225503,-2.4264312704627335,-4.151436811660173,1.7612470916181202,2.3040543511129874,-0.6834968053395036,4.518041485374434,3.6204256964921515,0.8243881895479853,0.41033508189628204,-1.3179845379682165,1.3286735179513176,6.112892242265362,9.25341626865391,9.758896716794354,-1.0146229017038961,-1.4281055375536487,-1.718552601004631,-3.9550998090131313,-3.729029100328255,-0.5899031128117785,1.2314033396371697,3.5885973493895356,-1.9031773595952135,-2.513863392785792,-1.3560714507586487,-3.2842663183602974,-5.119960411069035,-4.508644531481284,-5.92244504324764,-5.199790066378111,4.1644521932150855,-9.579269666741235,-5.567041273264682,-5.434364345923087,5.933966964100971,10.163005484070856,7.4203786796018205,-1.1155888385462955
Talia,S07,epb_11_rr_ich_ch68_epm_bbpf_bc_NumberShape_S07_icf.csv,-1.4178976193582826,2.5815126716890697,-1.831327612318552,-0.9650860692817907,-0.8036267031162339,0.22052528811770114,2.805343711981412,1.8899147647632466,-4.495566910215042,2.3109347869425125,-1.516873803224818,2.8396611545675277,1.2105508249481203,0.8103929012467844,0.18331938379452217,3.7802661391085484,0.4630892844830105,0.6703276399908392,0.36348920767932874,-0.1510268642578329,2.761889603889227,4.863449751587737,4.853618778502627,5.310984002416112,7.299064940403852,2.8232801486198915,0.9484815144732878,-10.186265485017016,-9.080219190928473,-1.6035025518596875,-2.8190406921450384,-1.9050040621886444,-3.0348634365724507,-5.864849893796813,-3.6721781497394015,-4.0043690395341685,-1.265632932561045,-0.938373227001588,-0.6786721109934497,-2.5617758791797804,-3.832682377568054,-2.431596688007405,-2.550422491382912,-2.7893408923150904,-2.5402983034625306,-2.2382827679562514,-0.8498349053635643,-1.4734824772338797,-1.9501729774709804,-1.2320651498544677,0.716092248591308,2.4307415824703718,2.5033423881641528,2.847845248101333,1.4455519962263415,-1.6172018505674084,-0.22242520261117557,2.1581860969184308,3.5553610061305863,3.9827346720491112,3.916265231309659,0.7501402391595411,-0.511084549030396,-4.6765410108598315,13.066412222173646,12.08998564133771,-11.362376888067375,0.6212016899814787
Talia,S07,epb_12_rr_ich_ch68_epm_bbpf_bc_NumberShape_S07_icf.csv,-2.6055704706383582,0.7140984900636845,-2.3954383711413034,-1.2813024904271637,-1.939052945674064,-1.278028041274735,1.3405193255760028,-1.6288435461799973,-5.346187730512489,0.7881721257495276,-2.7736423783425557,2.370263392686651,2.0212471172115087,-0.15142836034340917,-2.571362070546275,2.189540687589041,-0.44651254946435914,0.24768284009594063,0.560249515012402,0.9654544819867721,2.177613705597855,5.320049329895853,4.543408646285278,5.350275632146775,9.31787723413883,3.8638408669637383,3.4954026958915563,-6.11847728923054,-5.780516007663512,-0.3293836566511932,-1.8089968969656816,-1.3424028719880963,-3.848285583895024,-4.540692874707381,-2.4707954111793176,-4.725293050519079,-2.0463839347968737,-1.5762985051937333,-1.5106480142333103,-2.46710087272251,-3.0412274369431893,-2.233040430757261,-2.1556159035184774,-3.344852675612637,-2.6786586423544145,-3.2335326750079547,-0.5713979419398292,-1.7009219150594368,-1.7525533419483994,-0.863651384105443,0.064431804428769,1.9618561058500212,1.862551470663832,2.2763093076941607,1.2717415272331756,-1.1329021975676516,-0.15621489127250482,2.4220117415909095,3.6133546985429748,4.404134979545985,3.0506156755648726,1.3018148369274944,0.2252108181568935,-2.224480280378522,13.915694978298738,13.914929082291527,-9.70560174107427,0.22694227998828756
Talia,S07,epb_13_rr_ich_ch68_epm_bbpf_bc_NumberShape_S07_icf.csv,-6.076169119995595,-0.6963142245670014,-1.8314865894996697,-0.5626473737419713,-1.55697937768537,-4.644240266807705,0.2438144187627623,-2.6194600865116433,-6.596861758195397,1.2754643989628287,-0.3494538115986325,3.464093345587726,0.9337099919381986,-1.2366026939886587,-4.168297114534983,-0.7900671129392494,-1.0876471917717232,0.109054913898839,1.5905799402698553,1.8721640361132552,2.9569452123390554,4.585448823655076,3.8115154908220297,3.791368979413969,8.352657831636696,4.442091930354462,4.232691544361921,-8.947574165346799,-2.546434487509418,2.5896283489252085,0.6616594216847398,0.9170082587558366,-4.544289480409798,-3.853782154067105,-2.036557582474331,-2.5222673707397276,-1.529337499158199,-0.05225032559833886,0.34342216948892357,-1.0392340356804122,-0.7865292463239807,-4.773779720961893,-4.71603112625376,-3.650096608193418,-1.1963085052316713,-1.1427514021148055,0.7799239942643348,0.8794384618396286,1.1765862961621238,1.4526758651856508,0.6445417373190914,0.12042710859954153,-1.4696239972824001,2.3609415302893897,3.1864305223269342,0.9692628485756042,2.3248455172995297,3.7169803009050075,3.0683797208413357,1.9077864567360774,-2.5325823620285948,1.50306399407325,2.3150491578301624,-0.3082538520971534,11.068037965386797,10.574114889331666,-10.2142495064023,-4.143645021242399
Talia,S07,epb_14_rr_ich_ch68_epm_bbpf_bc_NumberShape_S07_icf.csv,-7.704361836733966,-3.589776509359198,-4.05660825682656,-2.249146094821784,-2.279131692765618,-6.489502519709476,-3.44225837000567,-4.672594309372697,-6.565576269445319,-0.9515866102085466,-4.087957418169717,3.749946214091052,0.8855740942811309,-1.890121130493468,-4.4484187880288415,-1.6689442392434366,-0.09082803825320655,1.4846209909742296,2.974331788862056,4.759460733323619,4.151074950539409,6.4042353870474065,3.2443018994176924,3.6544961023529257,9.388130281810103,5.990042951010192,6.992312949546495,-4.602730826028721,0.9006011461289857,5.763330058280767,2.1820026698788237,1.9032989800485005,-4.547504017198298,-5.345179833569571,-3.343976496196728,-3.523683376992522,-1.9835465907860652,-1.4074181704423807,-0.16663560654753956,-1.5223169330101514,-1.0323444659978487,-3.5007308409081483,-4.612320820113533,-2.7655370399685637,-0.7426224967743579,-1.1070015294639346,-0.6321517647906757,2.0573272121891466,2.096379778161462,2.360782860030528,1.0396617800294004,-0.6799589675210176,-1.5291738747483272,1.9053788767352378,4.53128023092387,2.519896044640358,5.008615089867139,5.014841937415062,2.8663567488971093,0.3049581877808903,-6.360045351326736,0.685174947117084,3.7794555919816193,1.1706284219163718,10.248068090066827,12.138276862987254,-9.466457124910692,-9.096697053811852
Talia,S07,epb_21_rr_ich_ch68_epm_bbpf_bc_NumberShape_S07_icf.csv,-6.238586431720747,-1.223827580301922,-4.795172707164764,-3.405905115144984,-3.4503610617383087,-3.3853036644487453,-0.7811495387901758,-2.651708883471501,-6.422482876210016,-0.018960887127019575,-3.105255155729792,3.264597505147782,0.6560227880332758,-0.6004710584859908,-2.651189393814705,1.2488064185474814,1.445036237193459,2.075127375950286,1.9617900143083276,3.115465688997349,4.756024128985749,7.34255635712219,5.668875903809838,5.87813002329947,10.716711227948107,6.044605639901933,6.813678859313026,-6.274843874698192,0.04640268428175622,3.6057420091517622,-0.34823832886019207,-0.6080301282180307,-5.340902403789873,-5.515327340012093,-5.411433071479558,-5.486236219968717,-4.05782440337599,-3.1040417600635455,-2.608392567942864,-3.872524510415583,-2.78514276028057,-4.949061529452855,-4.57735243901245,-4.49174135715988,-3.9571230373914874,-3.638141254412624,-2.671611192600857,-1.2920990529664567,-1.4217086649251387,-1.0435390527615223,-0.7342980236289645,-1.2512485432456242,-0.7676423545573403,1.9090469734913746,2.0697407076854493,-0.49219729932894507,1.951751572254273,3.256468129946407,3.4130326639342017,3.4799224573461003,1.0293185469201638,4.177022474042107,2.9532222335068536,2.9093172212204346,15.86799247626303,14.739600316782763,-7.078848910011867,0.11391732474103237
Talia,S07,epb_22_rr_ich_ch68_epm_bbpf_bc_NumberShape_S07_icf.csv,-4.3293099489998506,-0.055422058268891475,-3.0769486644782775,-0.3568704632149826,-1.069157911541334,-2.4013361443048478,-0.693728357431969,-2.3381713678842106,-4.7546477672547445,1.8365722942439229,1.206892680187177,3.5985274130435663,2.1463036512555433,0.5048081467666554,-1.2006588240807905,2.1488515254529985,1.3895085719501596,2.1353841605355313,2.3882433403803307,2.695005516561422,4.413843684236996,6.062170896158457,4.651540980007451,5.332220501622836,9.196267208917947,5.105011590025842,3.3321333925983185,-8.638988878547847,-3.9515534531829055,2.4532036004509976,0.601011753130384,1.1240577630050643,-4.159980625046633,-5.403966910921523,-4.874922439918156,-4.054234788915415,-1.1692160980824213,-0.9005596364310237,-0.6639335357322225,-2.410317595353085,-3.491849003788561,-4.3775370565341305,-3.909285176722677,-3.308565174120089,-2.622663342200165,-1.5542504330207219,-0.12172341672808897,0.6359310175571335,-0.07657595379343202,0.005291399302535708,0.3677565614823308,-0.2772779683355625,-1.7025463675891914,1.623894702334189,2.246047636141068,0.6096414930909838,1.7214785552485388,2.856807560624654,2.6187596850073924,1.1022770437403773,-3.573743470521226,-0.0865585206416397,0.9623203116098794,-2.1081086884419236,11.449234389877676,12.483990674150823,-12.351792766568547,-4.938584772867902
Talia,S07,epb_23_rr_ich_ch68_epm_bbpf_bc_NumberShape_S07_icf.csv,-6.437099162369578,-1.3037696854402363,-3.667137389443893,-2.2400208957838346,-2.5988150853216005,-4.2686546876839655,-1.7568607496718451,-4.148532674786846,-8.941874414604543,-1.4879322105064605,-3.1372259656685846,3.378537746811786,0.44559045211065124,-2.859568088521447,-4.287971178355087,-0.7396187086184574,-0.9270392735200198,0.00169279845212597,1.4530282835534867,1.8154490213206735,2.476822378911488,4.725678870221876,4.2688188689835025,4.281378921791098,9.314935746498954,4.875278711121641,6.325863490807184,-4.358742368649071,-0.061886300486814406,3.3705383188736278,0.31321188685120244,0.6164325942206157,-4.642122836910707,-4.337849256431358,-1.4758591977285527,-2.717675311947507,-2.0525121060318074,-0.9373255365923845,-0.09504934567881775,-0.9097642814924625,-0.7198228089605534,-2.9151262099295003,-3.4442561100437463,-1.452828386094883,-1.0392147921467456,-1.2143845676708518,-0.6499050116350316,0.40263463999233734,0.7251613803122714,0.6041057596559061,0.30226443552660465,-0.7669453785372126,-1.0388766522465442,0.7910065603360661,2.4971345212925935,0.7826660017054844,2.9775887024129113,3.345785478870943,2.080914319016745,2.080545361260768,-2.8169926309528215,1.9044212080677692,2.6323604448601947,0.5997215405372001,14.410335375002843,15.621488743937984,-8.36399180705897,-4.608143908317206
Talia,S07,epb_24_rr_ich_ch68_epm_bbpf_bc_NumberShape_S07_icf.csv,-7.066764939029225,-2.5492148469189164,-5.038198141566422,-3.0909777422515696,-3.9671485532943596,-6.042590699216267,-3.4826509928118945,-6.2872025292147065,-8.245212084583779,-0.28779059762755776,-2.381884970364918,3.2658479716838147,-1.410666740711805,-2.687938839086937,-5.847158912136093,0.195640029745101,-0.025658873431321484,0.7249584203000955,1.730208124388381,2.892776573504427,4.112046636595633,7.158801880397608,6.140440337967077,6.089915157796643,11.93366541962666,6.924026386404857,9.865486290748317,-1.2862303812771234,1.464075103834711,5.875537166446542,0.22367648141480312,0.03725190972676072,-5.721498412372585,-5.423351143909288,-2.261987550083522,-4.6175671896582475,-2.6806578024289838,-1.3369925186782636,-1.3530602972171188,-2.454877056304575,-1.5866648436268702,-4.213101378700097,-6.04476353253371,-3.3464677240413288,-2.2468863870345928,-2.343637060545053,-1.114426389503147,-0.2586145773521157,-0.04173715537372668,0.45702562943770997,-0.4508168122458411,-3.0480625627161273,-1.8031735586242144,0.8376285677137472,2.8375008446219794,0.517665533482278,2.8587659585299994,3.810736817369255,2.975655544382907,1.1154803753738138,-4.70025330893859,2.4471638316515745,3.339164755927405,2.938594041119307,17.90756630095293,17.709211051801198,-6.569309619621714,-5.071317484727876
Talia,S08,epb_11_rr_ich_ch68_epm_bbpf_bc_NumberShape_S08.csv,-27.317632793602332,-13.699219467847465,-5.619222269141655,10.231421920541223,8.105866141929992,10.409941239311802,2.4296753407403657,16.188943271413347,6.395146477134188,27.53167409744443,18.37257632938311,26.155599156592963,24.01624807444129,3.111640668176826,9.052592041587586,5.319766762254918,17.21165752125182,14.50771950437424,14.432304759033107,1.4488048668374864,-8.82117682605377,-2.4625884698363034,0.2652394895407407,2.4546127647210847,-8.805448954787522,-7.270211785833821,-14.453995633498405,-18.211471607607844,-15.456499571642464,-4.892148626556385,2.3118045024550615,10.163760886494991,-29.789654951925506,-31.002461877062125,-33.51610531680702,-10.903111694413235,-8.288564668922223,3.698768957471512,9.12073646346616,-0.6571989047175708,-5.0926478472892125,-8.711814825054864,-2.6240397776990303,-0.6698398643451976,6.4035205203564045,13.557664530673419,20.905131171475162,20.479586649203043,15.108769715414605,6.2469121057315204,0.03735060200995133,-1.871600274945887,-3.090569877737167,3.900547969301281,4.759845466108135,9.036633705076909,-1.46961820280052,-1.9638257775798984,-2.2187284249507977,-6.508237288223549,-11.625961310388075,-7.55320861234643,-2.307092785149143,-13.23270291510274,1.5022677322573565,-4.134754767822597,-16.30805293177212,-14.325317632428488
Talia,S08,epb_12_rr_ich_ch68_epm_bbpf_bc_NumberShape_S08.csv,-4.172668259963103,0.5555608041729843,4.2883059807191986,9.392593350093144,9.522237839101113,12.763983567715664,7.358961083274361,16.36544033937821,6.146296769677972,21.851152163312676,13.693215995718255,19.556023435332893,22.329298968838167,0.7465324934246208,8.587043551999924,4.850505060767031,12.16394891289879,9.038617232863883,11.706038006087132,-1.6923894595031135,-7.951690031009862,-5.030122992636569,-4.76740234060968,-0.5475440377529184,-15.338243767638582,-11.425139840243297,-17.244790720324445,-21.056905565284747,-19.409017077278556,-6.393342487385237,0.0647836212497122,2.0427348145530675,-6.396811931539356,-9.32831493130017,-10.970433270837677,-1.3870332926643565,2.3742758189752546,3.386873889242283,10.414176737982563,2.0986295677513453,3.0583247040284163,-4.394058589796706,1.3804867694423761,0.1680842350469048,3.3687383855908517,6.921752495424365,12.02413911263529,10.18148594623486,8.27335857848723,3.6796230335002442,-2.7235530840563444,-2.32222579540861,-4.427658102499618,2.381416327533336,0.7672530546277805,2.5937391894766475,-3.5708087052749593,-3.77961629336455,-3.7149720463283598,-8.088137116897148,-11.444021807572128,-10.12734111824212,-4.92611276789303,-15.862508937616141,-3.041952001156649,-9.758895112816127,-18.44657191862437,-16.35535068468597
Talia,S08,epb_13_rr_ich_ch68_epm_bbpf_bc_NumberShape_S08.csv,-2.0737699015410356,1.3678532529796437,8.795584679613762,10.098001591370721,7.288136109763738,12.713319900871486,7.238783148531408,12.083969720741795,4.916237779704802,27.01860189282835,13.866174364104662,21.36796084907345,18.36209907195617,1.2951698120635773,6.3540876483353115,1.640642706274346,9.565164088598802,8.12270086709124,10.720255461926921,-0.05580403744708375,-2.9888024090332763,0.5328788610249571,-7.124842238714654,-1.935459338948196,-15.899806404398623,-10.935847759170464,-16.85193288681438,-23.598961706858248,-18.540744969885683,-7.982743598269946,-1.8926311130251379,2.5515350589612655,-5.186662759598769,-7.25077042214924,-8.141655485430887,0.85967981236505,4.293091392119109,5.500664786169308,11.35849204996648,3.1772892411465676,5.178437308955164,-2.4104304207435705,-0.3688980851275829,1.636977344660189,4.568443736075878,7.845002469139773,11.641884064754194,12.455396119102032,9.410325241660775,5.290999578790412,-1.1441495270165856,-3.4344962763210507,-5.310417460230595,2.4411053723617155,2.584196554435813,4.487410743033786,-4.4630477472040235,-4.993068779503332,-4.703068373579596,-9.587190131341906,-14.468386070975697,-11.79023252371465,-5.4075122320046285,-18.271192945126828,-5.458131560009738,-14.198948813220849,-21.93329933101101,-20.225659565492894
Talia,S08,epb_14_rr_ich_ch68_epm_bbpf_bc_NumberShape_S08.csv,-50.45938492057808,-35.15168987893742,-17.21803163743277,5.895987237119923,0.7128336270604745,4.380272365214686,-4.319249632250419,6.245353078757963,9.784699436620299,13.65776094845884,16.919805979447045,27.40004047216637,16.197687782176082,5.3616011364501714,9.964281070258368,8.133147027898552,14.133706881542487,16.283047387951928,19.277420916435943,7.918619382470607,-10.741024737100414,3.5595608998456982,8.200451800635584,6.409258919350582,6.488140886980099,3.1409094156196,-4.984032206687341,-3.043407750553962,-1.0518873052312463,2.9504693107939435,3.5839153151126877,12.63169005302231,-52.28053387379496,-51.926098808277644,-57.40821920967704,-22.208456269760468,-19.770957918303875,-0.013277384454029626,11.048983484152169,-2.371357818324154,-11.80758739578337,-15.425054762768823,-4.0427271817413235,-4.513229727400294,8.044619221049784,15.582705137583797,22.25285777503477,22.975002786906547,17.162521429200392,9.658646759297104,-0.5407632162376913,-3.6989617241995916,-0.14730862923445937,2.671973166813171,9.577728819241601,12.475096755592729,5.054919829296864,5.458201226447244,4.6411541692186145,-1.8018317238845185,-4.411988617106618,1.0435610830175654,4.551083840469868,-0.41706184735827,6.088293880102752,4.937240699210384,-6.691915753510219,-6.009220115636121
Talia,S08,epb_21_rr_ich_ch68_epm_bbpf_bc_NumberShape_S08.csv,-22.308022669028972,-21.361344249846695,-17.33225857519057,-17.580577511282193,-15.8030538310727,-19.149090205891838,-11.666660432745783,-18.51848691420063,-9.840462732168017,-28.02599883482185,-16.313081826322787,-22.753495410141916,-29.92936403809902,-2.3980999936258613,-9.677546568698268,-5.685719364016708,-9.071797428106317,-6.59460234993188,-8.796344239260753,6.25481508119599,6.855064830448596,5.293675635753189,7.942517731173249,-0.4987357242623596,25.477849696001712,20.4397173386192,29.586485955938784,36.27081085286845,33.5795571593697,18.635950406255475,4.046889707739762,-1.9438107436990522,-19.555690340446688,-14.55023610412189,-13.57373861367466,-12.333530902541193,-19.088912304067808,-11.697210938691647,-15.011018415084836,-7.513594646020642,-9.837525016553604,1.3873328032236028,1.438974348766128,-0.5471239920375242,-4.936894006068525,-10.12645266369128,-15.8706529327231,-11.639508806240793,-8.617284092241398,-3.1128010138159268,2.83836790660301,6.137995227982141,10.583632807207476,3.2946076408928513,3.67434928459467,-0.7582208153908295,11.058413371296142,11.530398972078379,11.484318426019131,17.223738298467065,23.02856098963896,23.305684093330353,13.598829778502314,31.375674146186906,10.389359100141467,28.781689277213335,36.587632082782164,31.916046472895122
Talia,S08,epb_22_rr_ich_ch68_epm_bbpf_bc_NumberShape_S08.csv,-34.12905565810314,-27.663447483409676,-24.952684187356425,-16.34501474717811,-13.613242856386162,-19.49822207909047,-10.85664473503718,-15.356369639968678,-5.326209455309902,-25.54296926621882,-15.858020035839367,-18.122028457468954,-23.544936894986897,2.1482379270172367,-5.412564405680155,0.09217035817838606,-7.497958478469278,-5.1818473178371915,-6.716451174686057,7.878665892451492,9.34709444003124,6.4776734451103,9.025391663832727,1.4949577495598818,21.716660395095715,18.168869493043786,24.911277622377398,31.027055113321136,29.496772955466565,16.60637742761174,8.579661576462737,2.517473288515997,-29.766917298066694,-23.36451406151401,-20.443824293565154,-15.419927357959667,-23.403479087805362,-11.133823343153884,-14.649967536988576,-7.312320422013253,-10.086589212333932,-3.5417034419957574,4.226388086233945,0.20195530998908132,-3.121005739215608,-8.97568474466437,-13.311660190079328,-8.547850574150939,-6.2647611316783705,0.1576805819700523,7.42330721765234,7.917760632695567,13.02422729973656,5.3490788832012885,6.021988460143421,2.859497661240129,13.568176092525736,14.405118607621173,14.144854092604074,17.43908977872851,21.65893506730667,24.233110539753238,15.769791491139015,30.47730212805323,7.345333793796626,20.301537067502057,30.33311077389286,28.615106917500405
Talia,S08,epb_23_rr_ich_ch68_epm_bbpf_bc_NumberShape_S08.csv,-0.2721242929908296,-9.171567024247008,-10.587170104305647,-11.635787664436007,-12.700231173099567,-14.770409027105694,-11.196535072498444,-21.2054099657481,-12.614109305056388,-21.27105822724309,-14.372737001536228,-24.244320008069185,-28.062946526226046,-7.561637182508009,-15.652460457720231,-13.214679071666398,-15.589661199309274,-11.431545145487718,-13.47482554403564,0.851384607300517,-0.18434564659132452,-0.1476694548330473,-0.7652075938388093,-11.30851735624726,12.332652869973723,8.721747011063915,12.981206639261048,23.094273523302608,20.58690424264443,10.383755999304116,1.7789069356341582,-4.245508961989267,5.370065096092765,10.72711704379718,11.407111701027542,2.9513932016951987,-2.4496503514065364,-4.833666078237542,-9.11073009556062,-1.1924899712484611,2.320824809904039,6.09650924722324,3.173952753668994,-0.12224205876822383,-2.1340280577375905,-7.108445255422234,-12.737183082375658,-13.038944222316113,-9.61780936191805,-0.6729161700286903,6.527204184260047,6.816308545813563,12.755701392973227,3.8566899918846858,3.2079118180666577,-1.464735892078276,9.066840545024482,9.834835303812365,9.715157454567567,16.870368939450273,21.42811399635375,21.255135028595593,9.832805824085016,24.78672795287764,-3.3842710159628497,11.468199157516192,25.794938203053118,27.552826062893782
Talia,S08,epb_24_rr_ich_ch68_epm_bbpf_bc_NumberShape_S08.csv,-34.922849750646996,-30.556912749600897,-19.645731025325716,-13.346734301457579,-12.117699066010681,-19.88665378488834,-13.339436408097711,-19.707029198182347,-4.581102864867715,-24.173580638494137,-11.261068187640488,-11.569600406652464,-21.07982729394177,-0.04076302656950253,-5.764720622891932,-2.061240811133897,-10.976647064629466,-2.893090289420758,-4.382811989161256,7.929991933222274,3.208688089479376,6.7388258898010776,9.827234851847958,-1.0814653887076813,23.324062488095585,16.827014842134233,19.22699099238513,29.806121857208446,25.021336493538843,17.274254297028616,7.298637465206818,5.056416004702026,-30.786031954230147,-26.866242261177725,-27.564181118721844,-15.816861388609654,-23.257296322555188,-10.096102698404437,-9.837558042313331,-6.975449130524801,-12.397629820149323,-5.931682327821363,-3.1085346312457673,-3.3348011110514504,-1.2225911700816325,-4.591004979893441,-6.7555615683279004,-4.075578780892083,-2.3608900732667975,1.8814158447169846,6.060281416698337,7.0474979860372,13.2569645784525,6.1226474406359195,9.163025092637824,5.740619520695596,13.841511122089136,14.77365625811862,14.506432124217406,18.624839865687118,23.467133052434576,24.098641479616678,15.364754762875025,26.598527732410965,8.987964337452933,20.321793432375898,27.19196233160729,29.777703262887922
Talia,S09,epb_11_rr_ich_ch68_epm_bbpf_bc_NumberShape_S09.csv,-4.96958452211013,-6.75973124805316,-2.7227831831076212,-4.034199994007117,-4.32044299566113,-6.101558856314567,-5.45101468724498,-5.178062165522002,-2.5020170289037984,-5.006983738169472,-3.592422073591482,-2.7009011544999653,-4.661507375612111,-2.2486189732578628,-2.534943443648396,-1.348726668480381,-0.4240737975029556,-0.5679577871836793,-1.2790784396350128,1.0630837638949746,5.2686123010679475,8.97960918982521,7.312256941270604,2.4645935582841436,18.34826484126897,4.975723170601589,14.021649971767363,3.8143709242046095,7.795294309119265,3.802530247332633,0.30536603233717297,-2.9105377789011753,-4.97276367797579,-3.6251153851134688,-2.276541373999796,-3.937051359859533,-4.600036294951621,-3.3102404403249754,-4.432823311692986,-4.786043506997791,-3.015013735169195,-3.279910293873333,-3.284415624521044,-5.596301035615956,-5.420761494080072,-3.446326172388947,-2.94939370620013,-3.5394530569618428,-4.662543735015585,-3.9461436734298294,-3.496492999994051,-4.398652468621677,-1.9652743435256237,-2.3039093266626303,-3.1198315792265094,-3.5120841423620393,0.558180964691267,-0.004455016348743117,2.3378087911803,6.711374205303531,1.9585625316251662,9.403644516614511,5.281406763264428,12.79642184259312,11.289960597534042,4.615939876776774,11.944123462870744,14.14794895007485
Talia,S09,epb_12_rr_ich_ch68_epm_bbpf_bc_NumberShape_S09.csv,-12.05024855558616,-10.006731334074855,-7.982363382919574,-5.897401345960484,-5.731448584786091,-5.65662606019713,-5.8486994514151,-4.073072545652908,-1.9578953544992974,-4.340161274274407,-3.7751616323153265,-1.6903483721389294,-3.5249202595876357,-0.39903658421155613,-1.7067049059659583,-0.39581159871446536,1.6324970566605541,2.0439255192790586,1.170833687158849,5.057648979300401,10.69087427776786,10.650743526568009,8.7032366511868,1.6768442372831676,21.12297611199471,6.876509860761075,17.683232098960175,7.051649014163937,11.574741867218105,8.003568536440747,3.4664635032979,-0.727890228617943,-11.868154830161549,-10.385256324609236,-8.912229190282925,-8.929898666174825,-8.665523065845958,-6.538103015664685,-6.581406237176564,-7.5250614604197725,-6.76233428571392,-6.99596134287043,-5.440314507692753,-6.595485174413831,-6.6302232234929885,-4.9243119204003545,-3.3296034912871386,-2.9284633907916877,-4.184126080456033,-3.522298491573331,-3.2143085479509828,-3.7220902718371476,-1.7999502970670818,-1.2751910048905615,-1.6683703491985604,-1.6074322239084466,3.1748399299580026,2.792864861914143,3.5087867076591017,6.002500881881013,1.1739858026835113,9.693557869138303,7.528771316773341,14.553270029750077,12.719838083461534,7.339220512828647,11.19957722790048,12.677657391522663
Talia,S09,epb_13_rr_ich_ch68_epm_bbpf_bc_NumberShape_S09.csv,-1.646658331148625,5.057093831437707,1.842880246290502,1.722067275262823,3.0303683436896427,6.899291259809065,8.3375827897152,6.935611930691359,3.549500245176238,6.046027359017339,3.770247462671642,3.110411738371319,6.03654877509344,3.4105771953153146,4.496567012536494,1.926135980985567,0.9209566673061351,1.387169430769792,2.171129932048181,-0.11346139043271286,-5.379043417952115,-8.636621347132115,-8.072718592180657,-2.009937866042349,-20.297823173592064,-6.799463090964262,-14.599585394320044,-3.463515052489036,-7.4830481152019965,-2.433330982092409,1.8868855047513502,4.300398709641904,-1.1583644472213575,-2.904095984463785,-2.0522824503400074,1.0903331237724443,0.9161503437542882,2.8297104623430456,2.031693685841761,2.852437336158965,2.792190335738737,3.190524157790967,5.809657969833437,5.6898899781447785,4.533805142198232,2.4130029093834175,1.5877191533029862,4.873520259485064,4.659029437532029,4.185526703405894,4.131059400700107,5.347542874902315,2.973449502819698,3.0461417905346,3.876511134208077,4.679440928946471,0.6252442270202353,0.81046772458167,-0.6015104470260824,-5.652276137614316,0.24488863557152077,-7.162499655316206,-3.868532182277233,-11.048838521863482,-13.610335986242845,-4.240756933433832,-8.119967666672324,-10.672721276519097
Talia,S09,epb_14_rr_ich_ch68_epm_bbpf_bc_NumberShape_S09.csv,-2.16736312091121,-6.870926056036891,-2.391022425364587,-3.557709810906649,-3.8266439481646257,-8.203117649171038,-7.733967442408294,-4.569380716277792,-2.007183886263931,-4.282196216451421,-2.0413315564748746,-0.4986006453093652,-3.526947947495097,-1.4739628430245628,-2.463172422132118,-0.8766242293404327,0.6211686887747834,1.9254402290687127,0.6623819572694876,2.4917649768032777,9.117267941229702,8.451892810015403,8.252500844080966,2.2203790296678494,19.13554623736831,5.048398140314193,14.897708039692377,0.29575430590501467,6.045732580113614,4.132673832844114,1.1196229068779866,-1.2690775916577417,-1.5109729219126982,0.6146863159429387,-0.4635379230127268,-3.3898330006165778,-3.7812463686114786,-3.5182388948574164,-3.203611493091236,-4.473650937786728,-4.407221567512554,-4.378157639545874,-5.145383672183286,-5.821081436278531,-4.4904250574438755,-2.518712572625486,-1.0463193526421073,-2.7066751077836133,-3.453167331736538,-3.050678174381733,-2.9601814925105336,-4.052566470470065,-2.86806865085154,-1.9866424925284039,-2.334313176174371,-2.5934477342039393,0.8363807424331,-0.1285907022849669,0.9427637602115336,5.2715250312688475,-2.3227724758818167,4.894185391601587,3.4330896480112556,8.250911141857987,13.561949112094041,3.691102634931794,2.478989758402177,5.970913113912782
Talia,S09,epb_21_rr_ich_ch68_epm_bbpf_bc_NumberShape_S09.csv,-10.366571203126655,-10.477039913192032,-7.6943898670823865,-6.878440128448265,-7.007963172021518,-8.82327743086029,-8.140658404326668,-5.445966817644283,-3.2836113860022498,-6.162188493756474,-5.280425286843327,-2.538654825201478,-2.618957649569282,-1.1822118964208603,-1.5079828048619208,2.883233365346976,2.860348421398834,2.167323296229047,0.3039488080933733,3.533980545172222,10.59848463834002,13.082931951979043,14.030215765158887,9.328934612186675,27.00713063806564,11.231687366953897,18.772741540510967,6.563092883435497,9.476493638532668,5.375660640538256,1.5922824205855504,-1.9468537627416025,-9.9735667628886,-9.324363075535569,-7.579698260442234,-8.826159431826255,-9.041337979958476,-7.543268539840712,-7.416795958773454,-8.007708936248754,-7.594358506069216,-7.720826763711457,-6.489920416084478,-7.79615552007834,-7.407294423665306,-6.070697086956158,-4.773759469051241,-4.451732731202064,-5.50876480943598,-5.172141711669748,-3.733687703232371,-3.956371621529444,-1.7224199369196909,-1.7677704922198423,-2.7901670832068817,-3.231479087500568,1.226136232154241,0.6762328062411395,2.3764745708991177,5.874592821012319,2.6702259795998793,9.21121737342694,5.694020043608615,12.712479785139207,21.95405975290292,9.504786531509486,12.755197507841764,13.791728216612388
Talia,S09,epb_22_rr_ich_ch68_epm_bbpf_bc_NumberShape_S09.csv,-2.2808888586059393,-6.078798953559837,-3.966619124321059,-4.701644149134454,-5.018871839544026,-7.0888080572969105,-7.7075327498179975,-6.439770544814381,-4.599064377694921,-5.549095189669409,-4.8111959445167285,-3.904233211809268,-5.048404994464758,-3.0768528733484946,-2.6434784701014236,0.5348728545199,0.07989243205452508,-0.5344628953462736,-2.157263010511178,0.32358127397787423,7.748512293368708,8.833085265190114,11.248524518184952,7.404682740430757,22.9080846393004,5.891662541426679,14.983814509646495,4.674800501153251,8.054465741674846,3.0060732151499785,-1.0684421026290096,-4.513937800606804,-2.9181526451809607,-1.5882630469752828,-1.0150159158354306,-4.453032882805842,-4.563697940253241,-5.213060825606412,-4.804669503886993,-5.44422742466793,-4.319409945038798,-4.286331185301783,-4.4089174730691445,-5.440911278821475,-6.39938530487562,-5.078230567727532,-4.182864632229937,-5.95604556422767,-6.345022279034891,-5.125206043520407,-2.73604156431128,-2.8912473707215502,-1.0173766683945704,-1.8400905792148774,-3.75109512120275,-4.553536159203898,-0.184313993228436,-0.6632649777339427,1.4524458919639849,4.80526580031155,3.3271135941179213,8.702764597827183,3.917179669540346,11.368216230131006,18.661225505468124,6.659212132181489,12.086247006478937,13.697052452536072
Talia,S09,epb_23_rr_ich_ch68_epm_bbpf_bc_NumberShape_S09.csv,-6.093558012812208,-7.9045189990274425,-5.437062558627733,-6.2781944046480636,-6.148082640865526,-8.283070293268514,-8.45567738365927,-5.979857356177048,-3.50419636487402,-6.392918571823973,-5.432978370866481,-2.941890211843662,-3.944047460633451,-2.6117314289252196,-2.3898366501457504,1.06296538929032,1.539826666485423,1.2605406946772209,-0.018315289169416424,3.066752934270679,6.773729479613561,11.417084490167856,12.532564241929373,7.228222307398712,25.514858362928482,8.912614919035034,18.253853973611797,5.465516285407115,8.10173645765598,4.417995687899015,1.123389091726985,-1.4586624402594948,-6.4642729381677455,-4.368138959249013,-4.676573201313453,-6.269754806200426,-7.09782428276407,-6.0681992603941435,-6.04396182143682,-6.9062665425347225,-6.956535716812931,-7.030815898641897,-6.6952274272539025,-7.158160663951928,-6.663428278925452,-5.028124062060443,-4.079053017304549,-3.875704440582054,-4.738108466286017,-4.234779837307002,-3.627382454247561,-3.8277758310091805,-2.1285987845522025,-1.4185507292834074,-2.4739314326010087,-2.6021807771560317,1.2664875205908839,0.6364065776181027,2.256254806054696,5.925772810713828,1.591361692631965,8.323314167872457,4.883448561558213,11.24505880168128,20.574022376854597,8.134748590474354,10.175274476616122,12.024158075989508
Talia,S09,epb_24_rr_ich_ch68_epm_bbpf_bc_NumberShape_S09.csv,8.264405914826131,10.187116154805416,6.548660292597502,5.853405790468214,5.933198750613829,8.791628032594286,8.850294839135275,5.012466816827579,3.074688586006334,7.03656240984873,5.161965017818199,1.9051636719721978,3.688039306153253,1.2110454355615603,1.546595233714888,-2.701707171865761,-3.249209642976378,-1.679770669281895,-0.3685783480753193,-3.314739640774143,-10.554393757519776,-14.17464582727013,-14.71472262079056,-9.928505578985552,-27.348420855940915,-9.749740730857072,-19.68666636728818,-4.885116981959334,-8.60163012089934,-4.703816578522594,-1.4424228224697317,1.615033482975663,7.555451276848973,5.917177538900971,5.6611276941900215,6.7402463363984255,7.107837146810472,6.908069855051349,5.983885347503977,7.247100324035568,6.71732923975894,6.6193695508893935,6.495498868990266,7.395293451458713,7.1587541131149965,5.391736983440295,3.9652394977046725,3.6704025913997,5.0531902145071115,4.875299858146531,4.369830101761238,5.368706249768306,2.9378680244533997,2.861563523069598,3.3332577984712466,2.8820164634781924,-0.7764273395379033,0.14695248438390443,-1.1809493953812928,-6.0242465233325175,-1.0442759515450788,-6.2364111887605,-3.8851676165219358,-9.14397925674411,-22.988320034122427,-9.456245667145215,-8.770853804949404,-10.432519225469973
Talia,S10,epb_11_rr_ich_ch68_epm_bbpf_bc_NumberShape_S10.csv,2.033027770158306,1.9344784699385684,1.021847553095543,1.320114835037628,-0.3652623314644671,-0.049342140367744564,0.704083504108291,-0.10530297518014506,-1.0232052710018544,-0.39508812361833473,0.5177381452479078,-1.1977875019643158,-1.156571819743736,-0.9910250179608932,-0.21633606042092182,3.62586777034939,1.062651366906396,1.260780169965739,-0.755685035399298,1.1918730479556168,3.4181143290729064,8.068077698204194,8.676903047992624,3.394954144780121,26.88754368212911,7.6083591252984295,11.213966099076913,-3.2225853813629697,-2.4336671267412364,-1.802697631387666,-5.12155198715245,-2.2989543813675253,1.7269150115045728,3.6240153873921663,-0.6372499688632975,2.365268681259899,-0.7023765953125295,2.110942499708758,2.1671436485993434,1.0472912818916587,-1.103053255503526,3.056559558370555,4.973377704772833,1.7829569501039448,0.31870574195812873,-0.5550417623811015,0.1904801148089309,-1.4824600598637272,-2.859557067894599,-3.0801887339868115,-0.41038832109359363,1.0686032867481339,-1.357177796282889,-0.39564899610067894,-4.003024253219812,-3.0985252994668833,-5.8671353922063085,-5.292346837413637,-6.127712212787909,-6.2465541920042895,-4.864917100665629,-15.552866737414426,-6.508296974391921,-12.790752155431855,9.203255770361531,3.538032366638225,-8.354445618272772,-8.689143341217404
Talia,S10,epb_12_rr_ich_ch68_epm_bbpf_bc_NumberShape_S10.csv,-15.303119096112775,-13.546501544104009,-10.834242425284055,-6.1774652132760375,-7.157591237704074,-7.3962031674177275,-6.353686775971689,-4.611411859112427,-2.321791770146592,-0.3666666686172717,-2.76520555040206,-0.015259950102385974,1.5403853167199113,-0.05271467661887004,0.6463871346732086,1.2953426059814532,3.7247801296471366,2.4218099403101254,2.975526028041203,4.948635654821101,3.7876526726157262,-0.02849357602403815,-1.6352108152526361,1.2191434595005264,-9.447965063652973,4.552350337857413,4.326856902196573,8.286105529559286,12.3233170988667,9.285933981913288,9.74979120737532,3.534451234591629,-14.968553679326948,-16.607626664914587,-13.152028915978283,-12.065555783467412,-9.18875864985393,-7.6389014172614615,-7.499981741259499,-7.885485622729665,-6.536452948778483,-10.098855087903054,-8.947371166200844,-6.4379074468166255,-4.79421584840012,-2.9811707056134398,-2.884781533543246,0.9148827471848014,0.9044293092101626,0.9875419351403795,-2.4234852823322117,-2.877580283110885,2.738113010583557,0.3264841782493331,4.080327939045537,3.9482077836573257,9.316953805526802,9.806993918855017,10.920684507526445,10.139722763020615,6.681112764037104,26.217900721702694,12.90071119202419,24.074311089622537,-0.5345585179943446,4.508966595073391,10.616304737398131,11.834678507106204
Talia,S10,epb_13_rr_ich_ch68_epm_bbpf_bc_NumberShape_S10.csv,-1.6231324546861963,-5.615335033251971,-6.029368533413993,-5.553781266420568,-7.160747723478223,-6.694841707309283,-7.592888221396557,-9.255443964337143,-5.251773544787001,0.7968660662954881,-1.8213684712514442,0.5804333144433964,1.774934931164157,-1.5898611308112716,-2.072575977279773,2.240517673051735,5.537294910684646,5.777356599298762,4.319995350317314,8.596149561522862,10.645110372010585,9.157477237443372,6.352982977865776,0.0028222255405764953,16.63597243757883,15.510976404918653,16.846693916780744,1.3759887025043276,12.739463889844854,9.537237339801612,8.046497284350258,3.5590284597734287,-6.418936778129697,-6.168315009173551,-8.015735283039989,-10.08230880880008,-6.287921479834444,-8.170692744776934,-5.262782677978398,-9.107084140040536,-10.554363218706404,-13.597951433906644,-14.011879759459532,-13.88837784384592,-9.234603531377092,-4.293071389239161,-2.4833415603877365,-0.3464723824853312,-2.1158531442486512,-6.139108439204246,-12.972082118607183,-11.122491139877905,-6.383512006412429,-6.156780460521426,-1.4236379905427652,0.9210158214932029,6.607976057282928,5.559277489185232,5.762150216291461,2.396451713137022,-2.1127740427999657,23.469849356572684,12.900676572993836,25.274350949908268,4.486163802146041,2.204312760942051,2.9567307597743095,4.038441627487062
Talia,S10,epb_14_rr_ich_ch68_epm_bbpf_bc_NumberShape_S10.csv,-9.464837763993156,-11.95650447837051,-10.35036622628116,-8.159097803681673,-10.229533004359713,-11.391891895701972,-10.771230851480627,-11.489264691916347,-7.7950223971124935,-2.471592298317444,-3.3024410047902975,-0.40536333108749817,0.4838653662755328,-2.848956845603445,-4.221374388995337,-0.1397952629689644,3.6013628009687038,3.86069153453785,3.7253540161639513,8.180980830030684,7.9932493244510345,4.559887793624738,2.9768365857501475,0.8032306618386785,6.196132016767097,12.42755127414568,14.768016306028962,7.240090502178094,16.444670184369464,12.533163437203065,10.539649289673065,3.9025161608744248,-11.869119309022294,-11.732438591703232,-11.041586580207069,-12.081087875629246,-8.898949186177537,-9.011967091477862,-8.097496096205624,-9.470036752233584,-10.134170949392951,-12.815508473970503,-13.25455791631025,-11.503547782305002,-8.581938481875989,-4.871634397800593,-3.3459523753071454,-1.2332058035465367,-2.0227811268569202,-3.8241549993678086,-10.99968361986573,-8.600688856746855,-1.5478269632523465,-2.9198354916182123,1.5909919706886968,2.715761355207015,10.288969904097092,10.345033455094583,11.325071937016363,9.164796454715471,5.005931054337091,32.78001883896422,16.465094410846284,31.51599897725638,3.546494771014216,4.5394017380133524,11.135956495415359,12.198674912497218
Talia,S10,epb_21_rr_ich_ch68_epm_bbpf_bc_NumberShape_S10.csv,-3.776812461582094,-7.5193382520753715,-6.263272171512154,-3.582719555612253,-6.263365825749378,-7.367968327094706,-9.845201253557828,-8.841666429404736,-6.621005545742224,-0.503308736733621,-0.002577506642894807,1.5009824195796666,2.0192454703501177,-2.0200941819127287,-3.7303545963561744,2.002195812270845,5.668041576557986,7.524388396004191,3.861036089905849,9.178784945954458,12.242047521647992,11.693083507795922,8.786753361265296,1.6243159638537157,27.19533094414666,18.478382112440343,24.759866704196906,1.786124631633132,11.621880292249768,7.771951117006615,5.232288101716477,2.940415174841426,-7.191830801659653,-5.556333081189296,-8.98557532829939,-8.740265552041686,-7.182573435275914,-7.235490580961574,-4.1179196432042335,-8.850401738305578,-11.402067483275312,-11.390312126773738,-12.242024400165828,-11.454530911269009,-8.75220339977012,-4.09475888069793,-0.8390258682729653,-0.30809771383319196,-3.0815733504803586,-6.27436678399093,-9.68128849971056,-9.430675271267656,-6.368712758850784,-5.019058962461221,-2.3101912779933196,0.05760203691324116,4.356983728528533,3.623985013572972,2.571859576591684,0.14854171727354284,-3.683588167482425,13.090761398036639,9.044927325123691,16.39849928682407,8.727494819101604,5.671916203350215,0.16060706426171187,0.7902532907533809
Talia,S10,epb_22_rr_ich_ch68_epm_bbpf_bc_NumberShape_S10.csv,-7.295611906949307,-9.461807315218877,-7.3104977697792775,-4.908641799528423,-7.751265335302334,-8.975691108084995,-10.171462600636247,-9.552984016926654,-6.25807543287558,-1.125723884571889,-1.3184430956811093,-0.25696879771127507,1.0164481922494422,-1.7008067151571804,-2.3355807082270976,4.5932595880700715,7.164241978007998,7.060027707391165,4.539967858935657,8.893131213553705,13.227201909356989,15.051571357445194,13.102781734252453,3.6216813518013797,32.68486910790515,18.716063485662787,23.365788151018805,0.3426436384060937,9.108549712405281,7.808926828662462,5.579653847119811,1.987509333957443,-9.370603501041705,-7.773405245984323,-10.892670472780761,-9.31220254147615,-8.778970585211756,-7.338809370681116,-4.302666321473933,-8.505114356120057,-8.707459964307747,-12.147877488238402,-9.424826215663181,-9.775925529687068,-7.421307402239306,-5.258430530305756,-3.0497943662953593,-0.6269756394678184,-2.9678315863066236,-5.6410184796239395,-9.29399754206238,-8.166304848777871,-5.780088109980619,-4.163291097889052,-1.3375253241480216,0.777639556640131,4.489505490279033,3.884752230395705,2.5619429814808043,0.13406831466771643,-3.345543115350882,11.327014135501722,9.517382178060084,14.76482026329273,11.672935836151527,5.067670388248523,-0.11532758116400359,-0.1405265756706991
Talia,S10,epb_23_rr_ich_ch68_epm_bbpf_bc_NumberShape_S10.csv,6.855721719777644,7.391278456785709,5.8752877752047725,4.570514050475946,7.016629424798999,8.690624001823887,9.618723078637341,8.900755618918383,6.66665038480672,1.193659378649564,0.9323693351991215,0.14975926685684995,-0.8563458883134477,2.190104682409585,3.464602499092391,-2.4822540441302725,-5.873633889751243,-6.165840506707234,-4.100574652582792,-8.118833956628249,-12.100042812766695,-13.15510766568378,-9.903170977477536,-1.4388226648652782,-30.95280819622774,-16.761350240264623,-20.38299264114752,1.5079153383237849,-5.40140350858934,-7.190545515669335,-6.42347952377916,-2.357602390942124,8.251878534644051,6.367401371045604,10.451043879037845,7.029135737234525,6.858018580131292,4.871936771883296,3.0472939825090672,5.561849128511269,8.519942698572255,9.624835154855376,6.689524548667277,7.7206746089652,5.083535016369726,3.404539367444554,4.048046598959089,2.0301020906265688,1.7525433179020578,4.343640053615277,6.531370386589981,5.501454012519961,3.2834694421312243,2.030020221085044,0.268132384983394,-0.7959941242635762,-4.241778015439828,-3.7223394826561687,-3.164060915280654,-0.2428830672555074,1.7546372426714334,-8.317827870396243,-7.4727979580002994,-9.38807002112431,-9.29992261609524,-3.1090125157157096,1.8917289428344046,1.4781404384303738
Talia,S10,epb_24_rr_ich_ch68_epm_bbpf_bc_NumberShape_S10.csv,-0.8007670762024962,0.8979635665774467,0.10004877478144325,-0.5317214418750625,2.5798783965608174,2.6257081240884235,3.595333634454996,1.8313225865716252,3.7178289865483114,0.8679266277282173,-0.36153063574063365,0.857722280949,0.32280476378330775,2.2820923620869906,2.390441867953877,-1.9222126780322282,-1.5929552095996697,-2.688310443711691,-1.385115858199354,-2.8146664701442488,-6.077046533457535,-9.14917148396569,-8.68091985641324,-2.3728974142170047,-27.134215796134324,-9.42313695347599,-11.864080464841376,4.435265743214403,4.011245867437977,-0.22906357008761905,1.0899611270475653,1.08184895939268,-0.276044892343757,-2.05114096450699,1.6252288832702109,-1.1396866010763882,1.0925509391328136,0.17940234238714461,-0.954224133264398,0.7510759745463738,1.9608861680104641,0.825201017156822,-1.829379260959171,0.6982639384676536,0.26818066020342374,0.9688893429163091,1.301413970661129,0.922500556513045,1.918700962349102,3.093246913944628,2.7782487600948236,1.2600013926527776,2.83113647793658,0.6779662243922415,2.3837886731443727,1.0045684759344584,2.1109232926692405,3.2953112158503775,2.0954807076170874,4.121814450874677,3.060831023839756,7.485801470744505,3.3578631953387403,7.099610735070467,-9.025554306458176,-1.8380895212546475,6.6741948290882265,5.61144999431244
Talia,S11,epb_11_rr_ich_ch68_epm_bbpf_bc_NumberShape_S11.csv,-2.946648733714158,2.675901318134452,-3.0320577050958706,2.3879198588468977,-10.245048413114183,2.0781501748802915,-6.64646673954996,-10.565963383335093,-1.142213229269423,3.949538869369615,4.257034660115044,2.7738582794076345,-2.9681157042502675,-8.631277538975597,-11.101735133295428,-14.877467511443237,-14.083878738278464,-3.0719789301297915,2.4404212856964227,0.46989770711615103,-6.219065459450876,-11.928624133054962,-21.61844753353661,-23.633896137627595,-26.429708591504188,-4.657942850983827,-12.710253782077428,-5.666308062247204,15.309632937297573,6.809284483503674,6.376553826869065,6.962512707522278,-4.21169828586509,-2.3464589453385445,2.669647849026599,-4.95543787083498,-2.140964715735783,-5.745123907619507,-5.795231688621294,0.19686280034668707,1.4596156400915603,-0.48189340438325157,-4.8057874571772885,-1.1846318607359034,2.86348553723534,1.2987948920740275,-0.9510758877342963,4.881858458557405,5.305611193448269,4.606999724065285,1.505645474432665,-1.002917658837176,5.662361965421127,7.118286781162753,8.637783977360773,6.719605693324359,11.416036619085222,13.064581823869004,15.595550338730348,11.787679990008789,0.5869362984235202,33.63994288464873,20.978351026470733,38.21550800646218,-22.260491723763597,-16.31777403713879,0.3647740626050628,19.30997004485387
Talia,S11,epb_12_rr_ich_ch68_epm_bbpf_bc_NumberShape_S11.csv,-8.114224820628353,-0.9870528140920072,-8.760674417187545,1.4973182184906895,-11.760036653776348,-1.3564426103576792,-4.73215462182451,-6.627465144678142,-3.85389947576534,0.847664170406697,4.170041734505773,1.7752287108992615,-3.9656956669254084,-6.484710880814807,-8.586919476074481,-11.452986609210189,-11.37529785351171,-4.036129350063877,1.1419585048795202,-1.8571101253508384,-7.755923869637377,-10.164607428679764,-20.4125048400655,-17.12185114014429,-23.898942353564905,-2.588130248355293,-11.718806426489124,-1.9411720624257447,17.067628846234665,6.298442361267855,4.708232556097793,5.180861263327275,-6.347782016682494,-3.683447774461163,0.2205395135037504,-4.395389598884959,-2.714746945292299,-2.645741081459947,-6.688988692831067,3.7211617895653237,1.9795651014674727,-0.20306282940510348,-2.5525704473026347,0.2764950640426691,4.792750383477441,3.2319170960224044,1.3840852547014841,5.788660050825087,6.110598319805129,6.108093759140033,1.3251033076590537,-2.6070530665300717,4.715768970216276,5.764879608142468,6.479477189523335,6.754317781081329,11.127866257478292,12.098914926830474,13.095156271245159,9.133498857034654,-2.664491154487489,30.14286716184044,20.98502562016652,38.95675492390208,-17.186559617000633,-14.197724100145454,2.230799620606107,16.32862502336117
Talia,S11,epb_13_rr_ich_ch68_epm_bbpf_bc_NumberShape_S11.csv,-0.7835874600488258,6.167503626667783,-4.6019706639703974,4.544474728939593,-12.448420531715076,1.700214548010902,-2.086375854753949,-5.507923684868118,0.008946028062935185,5.697450330086322,7.946702614725611,4.420266674620636,-4.454760756110575,-3.407301746847544,-3.4670097731641283,-13.380346990485934,-15.991569291027318,-4.774113031769097,0.4502846103617525,-4.605152397450805,-11.915741260464026,-16.618031435726333,-24.952599635980402,-18.643119687850792,-35.29547485310075,-9.639665225724908,-21.441690895726687,-5.870387766902705,8.999856705750103,0.38236876748816223,3.220469432255427,7.285551219400418,-0.7631163657772295,0.8262038400892239,4.455068072075041,0.5156097483568605,-0.3722440295795528,1.4446400608502548,-3.6669974775206526,5.717482182669994,7.338012089545014,4.859774341992519,2.08258407858856,6.086072491657469,9.60881879199946,7.425311057767907,3.756189061765686,7.3367292873981675,8.65259587284208,8.508930187214844,4.887583461669507,3.914777977671163,5.257959792673099,6.938682938268669,8.049467678350354,6.830908889064074,8.145143360538466,8.951976625554591,11.329481757145823,6.481318720939851,-4.4018385517521335,20.18031352660524,11.545358918981801,26.0602345609336,-20.010597896918117,-20.669056375625818,1.9619539050971597,9.795816746945883
Talia,S11,epb_14_rr_ich_ch68_epm_bbpf_bc_NumberShape_S11.csv,-1.4347935964140472,9.516557794645284,-1.640626317470045,3.468036444686626,-6.417405705833009,6.029337803205005,-0.006805154652687666,-4.685674689684887,6.015175382312525,4.763076807185379,5.692768572022531,3.5553604939833785,-1.5198089223701685,-2.7274839536731696,-5.523885885815066,-11.895717916248678,-13.304202765613956,-0.5862692408468568,2.7708965257922515,-0.9673638438169764,-9.17188400128274,-11.834003230045345,-23.08971738307357,-16.609766350982902,-30.88716020693991,-2.780150829698061,-16.869794886218738,-6.471338856865954,12.246607755449288,8.865515294750768,6.800494664224412,7.2294847294187035,-0.271429038542256,3.1167870592299787,5.321792652260664,0.39630149382918706,0.9504262196417955,-3.554089505762444,-6.604625734925557,3.765426423835755,5.102532441239703,3.1791404545476185,-3.3885765370764847,0.87482967161227,4.776629011453079,0.7046652821668172,-0.994356193971917,5.034885617511664,5.100908137503751,4.870699241430314,-0.756011397759631,-2.366325230294245,-0.7633601498541456,3.648662765430712,6.5364141827168485,6.009697192182509,11.159747697105852,9.70062653689098,9.470989129237543,3.2946021268029373,-7.088936707884237,16.501938063602157,17.676723981714474,27.987566978290943,-16.253725967701836,-17.156048476302914,-8.500733022529813,3.986760985936188
Talia,S11,epb_21_rr_ich_ch68_epm_bbpf_bc_NumberShape_S11.csv,10.452454504591055,0.9767605401920766,9.235162121393953,1.8084715286720732,13.073596534007354,0.9262569503090039,4.035889273689338,7.2092426290611025,4.240000569328555,0.9829153152352816,-1.7327885902033193,0.442933441039672,7.435529577680218,8.630210324594369,8.07931027865889,13.216892862322618,16.048845615857417,6.918453703319824,1.983636222601993,5.065712740530482,13.099240320743844,11.702605520458965,20.663733592564586,18.657430579663277,21.5988083844758,11.826601197041292,4.07853805240696,-8.838746213155767,-22.174615874091984,-4.095227243896608,-2.663192928588648,-5.107161428809087,9.139836158498692,7.667974092406607,3.213527058332475,3.1666999655421906,5.328341008697219,5.593641829519833,8.331713421131544,0.27368600940403665,-1.114416820395668,-0.005732339015394336,1.47613314790268,-1.1203596228625834,-3.839254752893373,-0.4643421725774452,3.4311275390611855,-4.0036029484748585,-4.228646692534705,-3.892399462106724,-1.6298915302602162,-1.4953026054102843,-6.876438324805391,-7.917563208763476,-5.003479748029655,-5.464339747493417,-8.968952749753806,-10.183505555823213,-14.20333878338597,-14.838541591673376,-6.628321239802117,-34.483978576786846,-16.842200856266558,-39.92367934415367,14.036802614881196,6.38214365710513,-23.25956791612106,-29.431270875104794
Talia,S11,epb_22_rr_ich_ch68_epm_bbpf_bc_NumberShape_S11.csv,-13.23806095771997,-0.9042477710166005,-9.283196006682838,-0.024675267781931843,-13.347026387635742,1.0423105493207268,-4.403458072042525,-9.46256212267863,-0.6200827393653041,1.1924646821712532,4.18828090384121,0.3859729251626369,-6.315105721807692,-6.822421045936174,-8.578274334418548,-13.518970713595538,-15.174509129889671,-4.600252333066154,-1.2984839909231036,-4.718179821644011,-11.340634863796407,-13.560631311569791,-21.40105657850996,-19.55380474754743,-25.835846377089954,-7.833723520955548,-10.988961011961461,3.4715549327238326,17.143466345552913,2.407500295483816,1.0153516029444174,3.963966639516113,-12.71261230420548,-8.841474940821712,-3.65159085410133,-4.580912061750531,-4.781463051316661,-5.208206458967686,-7.080519524575633,0.4061498217714953,2.449141648776824,2.5547866625123765,0.3746819565607542,2.979688006244324,4.202610333530516,1.2534651783085686,-0.7114955918853694,3.416406540194484,4.542590866667481,6.638871569028238,3.998931376898308,3.3518487037610636,10.918402790044064,9.661839439014646,6.890044317413268,5.398264013879217,9.180753183900247,12.084961444159054,16.245265859912926,18.307479178720747,7.81687894311755,37.55993799990023,18.364390684917474,37.08649575472069,-17.902032560161814,-13.572441414955817,13.805435660295636,27.566727325828115
Talia,S11,epb_23_rr_ich_ch68_epm_bbpf_bc_NumberShape_S11.csv,-8.79118643095626,0.2797207624655575,-10.739050750654938,-2.5269890676976967,-13.918224371724447,-5.957420669749698,-5.902848059891193,-11.05316197457227,0.04429379634688416,-2.551431067660071,-0.0034459678317299977,-3.881165559480445,-11.529676019958545,-11.09706343389833,-10.445702165345816,-17.471254218249836,-20.600895669933003,-10.9565951464601,-5.496071046343665,-7.466080537845312,-15.563842180666125,-15.580200545303557,-21.84852230000573,-21.291530191450214,-21.850873154494632,-3.8905045490997288,-4.909341648731008,8.0385072646188,23.13764763631222,1.2414585163717968,-0.3276637445410357,-0.018859933165912057,-8.91553249467625,-5.276402962818894,0.6639910451251675,-4.750493738090318,-6.717220199868309,-4.782795468453146,-8.701928638941013,1.9119638367831797,6.444808935219503,4.880948218167061,3.1803107594423303,4.073343922441632,5.703288972355196,0.41742211979075416,-3.2825441811140252,1.1277202651315354,3.372035771494411,5.408075813217314,5.351776333118836,6.062221601571836,11.736231043160887,10.87293953089776,6.901571149352907,3.9961550870164535,8.311160746591126,12.299127618609313,16.7550193359718,19.52379095142626,10.616748292388724,38.45307575153323,20.19552689223592,42.91352478027364,-15.532696059855073,-8.565480979224688,18.72953338531947,29.550764850511154
Talia,S11,epb_24_rr_ich_ch68_epm_bbpf_bc_NumberShape_S11.csv,-21.836058271607698,-5.4611009325238085,-11.21636222497393,-1.0730647447338433,-14.860581416961027,1.5727627013098502,-0.6321262856745521,-2.276636630903646,1.9346246219898646,0.5661380833453544,3.2017814622776077,0.12789433119343804,-8.689987312312926,-7.320584671179409,-0.5449187762371784,-10.098754369630896,-14.710080808894133,-4.171925716638787,-2.903886251294381,-6.120526870372058,-13.747988316703726,-11.918795246288534,-22.23122602964279,-13.469048629250084,-23.34395144188089,-6.933211451685315,-7.599575562078872,13.140916385326367,22.706607124228952,4.2908008237957205,1.6979255537124673,4.801309786204184,-16.199306901756742,-16.701566737686452,-6.981149101882177,-7.85277101065721,-7.3554066483696054,-5.3798230717970315,-8.401418342366346,-1.0588071583918748,3.5417967328913726,2.825610954389958,3.9557547057376015,4.8443897992918865,4.673725751914073,0.4056602844060294,-2.1261830979021035,4.650700211995744,5.362815428011164,4.861124955719771,4.106904720277961,7.454798424744581,11.485198057877515,8.507445253739188,6.0511047397659325,5.630559629064691,8.372630507773762,9.170419018994606,12.43340586491666,14.058157690358115,5.7387186147157125,24.729734906322907,13.287756030128007,29.583490069144627,-10.19737716085683,-2.4617504806639223,20.092763667450416,26.01052545930942
Talia,S12,epb_11_rr_ich_ch68_epm_bbpf_bc_NumberShape_S12.csv,18.440207136070896,29.949538189759693,22.252063580018103,25.69773540874937,24.734850202267197,22.61824206943661,24.7712311136514,21.74590874743853,15.417763558140267,15.818952944864506,18.155044470849138,2.221787593995503,0.9390909530958765,8.10060575434141,7.440289372539763,0.1819065239959328,-3.300774539764895,-8.619926703184474,-7.954825172032929,-18.86711226722722,-18.45338447919449,-16.1228517979004,-13.353758638122788,-4.66924967190205,-37.24968958181935,-32.15069975216577,-42.62947314864268,-23.755320278364376,-37.043813040682174,-28.322347891077936,-14.936968112634698,-4.369493824527721,23.16708099928229,19.437087081914548,21.594010571478766,24.190292345436,23.33589817640909,21.94987258990645,24.34400174934201,19.174021228119496,21.689678288780463,26.170920204867222,21.251658835376585,16.58294610804576,10.449925795506815,13.301452446317477,15.532752147755529,2.791000979423895,0.29575763567579655,-0.015162420562252164,7.241029080806904,13.507845636353498,4.5304011185909525,-4.354279068000697,-10.817389272420343,-7.722687996293406,-17.843923615848954,-22.94424732878901,-20.09177146113576,-10.021765253398549,0.7256409171022576,-30.773861049170115,-35.80159707546719,-38.23042633538167,-21.038275626113066,-22.009078910525417,-23.785458796524516,-12.49888338112854
Talia,S12,epb_12_rr_ich_ch68_epm_bbpf_bc_NumberShape_S12.csv,-11.14662992921212,-22.54672226220409,-16.434338311418976,-19.836109555982016,-19.76740860711089,-18.32028394409344,-19.72477772836584,-18.30731425399004,-12.256549462230607,-11.993448761142552,-12.630193866324957,-1.2712301458324529,0.2796055931093702,-5.952642765334421,-2.7856778406205858,2.27663009728933,4.1407653346902,7.5820462942722475,4.99561429983881,13.90253302351602,15.260186537214285,14.026191035365358,13.192695384731001,5.534240820124446,32.09587599682638,26.25689812270274,35.83276587475198,20.191523362688564,29.650411615053095,22.307588621359795,10.135425670562721,2.318743178582899,-19.416275483410985,-18.31548097460405,-20.46846369287531,-21.41027016480143,-18.239612485295027,-19.735072239749172,-20.19230031319421,-19.08436292506433,-21.696428675908564,-24.005534084339025,-18.665247280253777,-15.857023769015091,-11.51626737004125,-11.79879645898124,-11.387098704742282,-1.9026965974222916,-0.19656186121823074,-1.4508699514290735,-5.62425482320835,-10.623856682888793,-4.286200067067846,3.879921233214674,7.5165722504129855,4.338939991037903,11.890768981789055,16.461235849333818,16.079660106706168,9.486026855730843,0.624026075373304,26.109833897830647,29.198671514097953,34.69721704202351,18.080002755543628,17.283490791737467,20.67337584703752,12.54651023063644
Talia,S12,epb_13_rr_ich_ch68_epm_bbpf_bc_NumberShape_S12.csv,-10.71592469260466,-24.811801219344648,-17.95377541037712,-21.154578904857345,-21.861800520736754,-21.990834843856327,-22.53058255622666,-20.789108821201612,-15.964224196346576,-14.727384083119276,-13.559502497511025,-3.449665521335304,-3.336557753013522,-12.193096814534723,-8.348023346364684,0.6753313703500988,0.06830767563518869,4.225644016995503,5.121873831752449,13.77442213970142,14.20620172622481,14.299080727931184,15.463997656017062,9.723409724791345,37.840577548233284,29.19389577085826,42.03739924624297,24.710970767597864,35.333793302630205,24.62216199947757,11.424583161488151,1.889765745857166,-18.359507146705454,-13.84245235284258,-19.95890901964774,-23.528343981000347,-20.620586960244516,-20.45691065566049,-21.344122037327324,-20.406972667334845,-22.94588375188545,-25.627306134789883,-21.67757088419518,-19.055301318804815,-13.374701078782266,-13.273355547476324,-11.972816496988091,-2.7143646810436817,-3.0198334423211644,-3.7731616642056873,-9.810609715260428,-11.809397085444422,-3.842398394147852,2.1385917564892654,6.31731018229936,4.139850895016359,13.237135693861553,17.49686204140655,17.960363867214753,13.944118318709416,4.142057065544966,31.35305940303556,31.635025907254317,38.07734173669409,23.484843421098592,25.099608782341228,25.646790370548242,15.516999230571749
Talia,S12,epb_14_rr_ich_ch68_epm_bbpf_bc_NumberShape_S12.csv,-11.691086390933604,-21.44428969173836,-16.394555390533913,-18.63427248399002,-18.53519514999871,-18.858292450209834,-18.737284393160124,-15.909269405844308,-11.365766544041701,-12.011754378406351,-13.012793707310001,-3.671664056258808,0.05446202637180904,-5.127330667563885,-6.729345085929726,6.721611061218133,6.229075643520865,7.749601662811708,3.771144822650727,12.791036854550565,15.644860024788283,18.405705898709872,21.118984602139847,14.16974702149951,41.19305919174837,25.59424124839426,39.52184763262975,24.985773322307224,29.489252106565964,17.755761962575626,6.683861648378128,-1.383435394988837,-17.06561688936864,-16.316312919954065,-19.089270813023962,-18.277499362258638,-15.42318477886137,-16.68131081022885,-18.037471569107897,-16.988577561694402,-19.062744282522157,-23.962923381207204,-19.836594452889965,-16.91147339028424,-12.590495218825032,-12.564413808689894,-12.738928195249853,-5.714405734067618,-4.957867485952049,-5.997966557729169,-10.407546141723376,-15.098862101389534,-7.590467324781436,-0.7385578364722512,2.930721714651011,-0.7133906955166842,7.579574437913782,12.398788066272436,11.463940802217833,6.285977105422617,-1.2813634045460291,23.33681426851161,23.672406597564102,30.291606674782095,30.82775590346153,26.994655010832687,21.964833338208134,11.926458942790196
Talia,S12,epb_21_rr_ich_ch68_epm_bbpf_bc_NumberShape_S12.csv,-10.102179539857557,-19.655073398016995,-15.18021269757854,-18.29173610209332,-17.575225918693057,-17.146728668660113,-18.852750684716764,-19.756443681561105,-13.560382567640996,-13.813735011707273,-14.154093822423631,-6.006773228097888,-3.982457217322725,-8.654757026186047,-3.698265693661297,2.707608886094237,2.161151828889484,3.6297219487794927,1.1936882639139825,8.276957282831606,11.222151188281405,14.534956329671305,16.384772593467453,9.061186284514436,38.11106515266644,22.856357652806764,38.05540980297924,22.640747413340744,32.25331890955533,19.72395411442887,4.577981881993756,-4.9606247617637935,-14.248839021078922,-13.079100498565394,-17.61396686429731,-17.119251862053705,-15.89590221856902,-16.705996944778967,-17.33803217397442,-16.932112919719955,-18.678143296589177,-22.830687418046523,-18.815488491763194,-16.10085708645745,-11.721514760592292,-12.053087002934735,-12.554578622544676,-6.690682550606657,-4.031582191713548,-3.7986855184166166,-7.5142062336698965,-10.216170622937819,-2.5285544717663972,3.2617011566588263,5.061404970913472,-0.6642779339932533,7.450328987984121,13.957660770572982,17.046144488480696,11.839564623096088,3.186989116123139,28.812276518719404,25.50253856988044,31.655902903136973,26.45427735281922,25.259758423209277,21.724250158088218,13.91932740795116
Talia,S12,epb_22_rr_ich_ch68_epm_bbpf_bc_NumberShape_S12.csv,-11.74856835179083,-23.56245191567766,-16.561903339975085,-18.593527143249887,-17.60081377631442,-19.343609449242123,-20.01142466051198,-17.128206768896405,-12.418846797448627,-12.456210308564119,-13.225107178752188,-3.432006079065927,-0.9069284745429623,-7.777444652223691,-5.907828984024257,1.571721617292083,3.312482415849129,6.96250088455866,5.212306428216057,12.624933784374171,14.387754574441637,14.775867146241445,16.781162061724388,9.352056466129604,38.93373000366603,26.272698770168322,41.5653770965146,26.88560823254534,33.58267646315364,21.716023361099975,8.837261807798203,0.4102338494720195,-21.23466142091248,-19.27995469744079,-20.97179077571029,-22.078401775271224,-17.03585067584084,-18.725102554077946,-18.882811871400076,-18.775186886510415,-21.85841666021861,-24.86023528235626,-19.767090633330312,-17.834361102113903,-13.652370189427742,-14.084045617026085,-13.735763551033337,-5.986906662988736,-5.066472507410438,-4.893078213856876,-9.459070080058714,-13.745305933027286,-5.971461788439514,1.1706512466509118,4.833896831949457,0.9474500187490748,10.90837400389597,15.648770522693441,16.088878715848946,9.338011529922321,0.7829116291808454,29.20980821001124,28.635999959667128,34.18169308287994,26.800008851847586,28.238522236572425,23.855429168608463,14.748403706890285
Talia,S12,epb_23_rr_ich_ch68_epm_bbpf_bc_NumberShape_S12.csv,-15.523450307341374,-29.925149118496908,-20.259757590359282,-21.431616552133885,-22.26029942900652,-23.82420843566792,-24.705931849938803,-20.36842515162166,-14.920968982707064,-14.560137438115264,-15.326019710078018,-2.0798463977735193,-1.2096442157637532,-9.467111893666637,-8.551985272105048,2.4086052736354744,3.1554572542821693,8.197743535633553,7.793416751153014,17.352824775436893,18.638105182925248,17.85571503626031,18.29826947222902,11.245993431670477,44.24970196248404,32.21878763392106,45.936245991534186,27.496793659765878,36.97029255038192,27.188751347780443,13.405803149860915,2.6674758861013,-22.12474059288153,-18.801774024232454,-22.821000537422176,-25.41808312656933,-20.903770145086522,-19.589062558947894,-20.836531081236494,-20.220784309427174,-25.021602616191267,-29.440454227714667,-24.83628560548017,-20.518053460956416,-12.863929720849583,-13.896252314805983,-14.108606489366107,-3.7217941182518888,-0.18180072272311895,-2.956124838904679,-10.712874837224923,-17.377000613531646,-7.227591749687828,1.2761692736274965,8.472523959412827,5.0718051729991664,14.085014012682569,18.286983445244925,16.625131974263148,8.653714262771516,-0.9680688947437921,28.060586057382366,30.453383742238664,34.14656308519448,30.141830782692196,31.68518695325273,23.40782506889591,13.51403815409403
Talia,S12,epb_24_rr_ich_ch68_epm_bbpf_bc_NumberShape_S12.csv,-15.227162370873993,-22.509847370578292,-17.903430378193065,-19.208781758214982,-19.45592987383344,-19.274328322350254,-19.679297047747138,-17.253694146898372,-13.216042980483634,-14.723639170385782,-14.642650838051646,-4.870972797766902,-2.7098581213169965,-7.844223413760916,-3.2369080434388526,3.627444515990976,1.6480640461103555,3.955554281526893,2.0940930648954805,8.951272429814937,11.996614578993038,14.526467791933742,18.403111955559922,11.978306672770891,40.91091795838898,23.796112071088,41.04940438185125,26.993347901009813,30.80369435998979,17.077128037376784,4.577122524400667,-1.4864995991953358,-17.564736023592904,-15.598222321156499,-18.429371592466392,-20.131760099761713,-17.040057539883065,-18.26726818941156,-18.748819518339825,-17.944646868469114,-20.129384610957352,-21.745248111365957,-15.740396513525987,-15.677664970304763,-12.381571539824709,-13.63544355394406,-13.238467314862724,-6.174851883728523,-3.0703445735892037,-2.5985413133624187,-7.525937729784623,-8.800145980493125,-2.450661933370744,3.355470024717165,5.156019966577892,0.6966983337908893,6.689818742339253,13.520440367702491,14.936508854023554,10.627595754389386,4.756212255563637,24.55140411660754,24.257846196514894,30.354489148032943,31.194030841047784,29.951037485556647,22.73867718558311,14.961892256215195
Talia,S13,epb_11_rr_ich_ch68_epm_bbpf_bc_NumberShape_S13.csv,-15.464380072570686,-10.043603883731105,-5.248026101919845,-3.1873100890616435,3.7267824771292757,0.22895378965663418,-11.921485696360483,-12.046891749348278,3.7667310906849054,6.9496586506150395,6.15842104550822,11.884360374074896,14.81470513812375,5.14050209887451,-3.152629423986337,1.2010817138632641,9.357956136241494,16.33270872616961,17.59937323087132,23.859779847464743,23.377355585379775,15.638376972231981,4.491243828950411,-11.80414035989998,8.589480402596356,24.832555990977685,10.817125662344381,-11.321714347198618,17.127378943032223,21.817791735874177,24.750559944208014,17.77770717846454,-21.126375382209446,-23.223687350137716,-26.78510570785788,-18.981533003426595,-11.213764718475463,-8.81989427735097,-8.372717086553429,-12.364514005819977,-18.58311257639555,-31.515450245425797,-27.885494949492735,-18.77350979822459,-6.479741542248682,-2.454707461846795,-1.236971251604652,7.541007870642611,4.631029976893559,-2.3900450291131485,-13.553131916300575,-25.331018551308464,-13.422459088121064,-1.173463083450588,5.72368693827329,12.008797768551764,25.21354901909911,13.936787359870953,12.300964975997816,1.383849407768783,-15.856916076420378,15.390342027371391,31.867020238552698,17.335233634595415,-6.515342975787587,-7.046184144228035,-13.128187659018463,-17.14935408029549
Talia,S13,epb_12_rr_ich_ch68_epm_bbpf_bc_NumberShape_S13.csv,-31.50365365705043,-23.570247916275132,-13.969025837352445,-6.705117005465931,-0.14447333563831175,-4.603772680856589,-20.823181385873905,-16.018182365745513,1.763672828065486,9.438450955155123,7.017840448909948,19.245858428377232,24.177477034732036,8.846058075585411,-6.137834273451672,4.712578003241486,18.92914843726049,29.946862220082984,29.54648074026146,38.48880046597715,39.16092373474601,28.397392420884465,13.263464808476433,-7.53180917818791,27.880121016228372,45.48181827074998,29.937413527307488,-7.689729145515619,26.469779993037648,33.78583345072271,33.43582813541753,23.80221849957143,-36.189201795977226,-40.71677335240899,-46.61598769473231,-29.31104777129759,-20.508030230391327,-14.114088773384916,-11.101537558114376,-17.122769148674507,-31.132683295999527,-49.932888248938376,-44.84018484551043,-32.60827326363547,-14.321745480430698,-6.472940795991991,-2.551230183474431,7.550436083175126,1.1900236292490332,-10.038285052116894,-26.486006446741495,-38.827443706416666,-18.61657708447429,-9.648040056248133,2.7580380738806776,12.388477824927115,29.290299321507515,18.556994353090193,13.049425953691216,3.1192044644617174,-15.631925878621281,25.79182931098586,42.41933120859378,27.478802061523574,0.7024260379592339,5.60407820642175,-11.894802020979506,-16.247883851119962
Talia,S13,epb_13_rr_ich_ch68_epm_bbpf_bc_NumberShape_S13.csv,-38.74471600302161,-28.249629825285712,-18.770534481587646,-10.93596321155473,-4.9831228163854995,-9.262774891803845,-20.936316997759075,-17.59718799578424,-2.75270385208987,2.5683427433141146,0.7072746561931906,13.376304496660003,17.64498431625376,3.2102138489301106,-8.457361375208418,1.226824915012373,14.959475368539115,23.199661471605683,24.38790807461882,34.96544138318637,35.69224403866196,25.70156714729834,10.043712873748186,-8.013943058378489,23.927637832021162,43.9896833086641,32.45513144965589,-2.6895307791996816,30.09738541439833,38.385263755038686,33.840839533341175,21.462080527780845,-40.63941765864198,-45.598235354825896,-48.92031364453229,-33.294577335060616,-26.01085780111931,-16.69283865040944,-15.114671990848088,-20.006706738890422,-31.132199104236165,-48.32093227003509,-37.41915534851333,-27.397429686505326,-12.434106314415624,-8.260260995476722,-6.231557478419771,5.419086568753687,2.577923449417836,-5.504072538821286,-19.527630657531102,-30.89814315057899,-11.550902881759198,-1.015515156623288,8.05464567662533,14.916105085556234,33.60453614741801,25.357819922312984,20.827437588409516,12.909354030522913,-8.183535388881038,35.57706628484987,48.685400236446924,35.25133216406644,-1.8395007155192487,7.138053687279229,-5.817735236213933,-8.956666259659354
Talia,S13,epb_14_rr_ich_ch68_epm_bbpf_bc_NumberShape_S13.csv,18.210423998220485,12.241306911071339,7.965425498302133,3.8681165095912475,-2.606910843466296,-1.0005534052208909,13.703274349662038,14.49284038329879,-6.19915020228353,-8.451447640950471,-4.338013303981036,-15.20373116695679,-19.03343405439404,-6.930489526227077,4.798373221973596,-4.240744791392218,-16.084179559870233,-23.440608183688205,-23.49111237672648,-31.93459542108731,-33.50996836252676,-24.25817151024875,-10.86685041402537,5.878879422443556,-22.76917995712769,-38.435034522257375,-23.885456647544302,9.220993985471699,-22.75236962911909,-31.015503112565938,-28.487799482495824,-19.053459160372796,25.41409690273495,27.813174050524196,34.17106542697588,23.108655299159224,14.623251600374417,11.373436484057812,10.207129451592621,15.398621062034826,24.50244830526273,44.07209892724185,39.76383752251529,26.958014370255164,11.749278157749247,5.348114739026707,4.089506731881627,-4.3893777887565095,-1.2195838480318377,7.906936668245021,21.84724367445996,35.815778958731215,20.984605527673992,10.219417020337106,-2.7630035163956337,-10.25721463628246,-26.249207405427914,-14.708188532589368,-9.628504846709955,2.6355148462485154,21.144984867478524,-18.174891907262193,-36.336269793975525,-22.401359974855943,0.2597816627213842,-0.43792138343129144,14.673638940554866,20.09401155453416
Talia,S13,epb_21_rr_ich_ch68_epm_bbpf_bc_NumberShape_S13.csv,-24.688803986454996,-18.254802857309965,-13.50021315445357,-8.441268463675323,-4.118448253863438,-7.422917615684351,-20.17017698804433,-18.39566959429681,-3.7364216729610042,1.3067026713779386,1.1827190590106675,9.578866353777709,11.859675874200242,-0.12354062085381717,-9.495230069575575,-2.4187437630824857,8.955518684158884,15.691381844011401,16.858111053020554,22.715610387931054,23.83866133175247,16.574395734409407,5.935352716196433,-11.201154465232657,20.04351968088686,30.684042933163912,25.893731158958637,-6.029599699036151,18.18803732431395,24.05670369228545,21.843632362379502,15.984123315981826,-26.079162407725104,-26.456043960403623,-29.653412892258398,-21.64927657654389,-16.99479298290179,-10.706950198056155,-10.472833313412593,-11.957270820361053,-20.728864573049304,-34.695331799744054,-29.298818447335528,-18.956146024461813,-7.345212644749579,-3.861745177330831,-3.8161160315189706,4.337617476780024,3.0688418565945046,-3.102963661603805,-13.776112054140471,-23.604259552163654,-6.432064902105268,-1.351412374852197,6.758628607270994,11.083550009412338,23.565814581340803,18.61558411061106,18.900221403706105,13.683349193825435,-2.5377829558062923,33.465120743793214,35.056309898483256,25.106979054386525,-2.9240195840244896,1.6784905030014559,-6.5803699778685925,-5.533327875338305
Talia,S13,epb_22_rr_ich_ch68_epm_bbpf_bc_NumberShape_S13.csv,-26.517142830973764,-18.420279186237057,-13.165199626843629,-8.059258115912504,-0.7992082741538246,-2.102385946589574,-13.147601513771862,-11.681298581988731,2.8697085227788786,4.938097229533099,1.4559057808354217,9.898749984934302,14.022159303384237,6.150801807656479,-0.8348427533140274,4.740524099058463,13.510008123419537,18.444454503510855,16.424978884583425,23.576655257426694,25.460621979980587,20.399555160592325,12.252261653030663,-3.6844251172606084,24.1343733328278,32.650351572427816,27.914182634974555,-4.701913367023003,22.791866000529293,23.963583806606106,20.777380738014706,12.773799999191032,-30.263687295671236,-33.51711060744302,-37.56310412028962,-26.006314025691594,-18.88222110057197,-13.693003431084708,-11.905821869884027,-16.167468575921603,-25.00818847088255,-38.94723116082016,-33.03704099403851,-24.431660106823152,-11.607719554489675,-7.126552646921241,-5.621872938242221,1.449044710338897,-0.5745466415844994,-7.805615724514922,-19.45281505357927,-27.715492465994828,-8.082464510100207,-4.795101605532563,2.5483586850824347,6.518438120171454,21.729458321822065,15.913680886264661,16.67844104721667,11.741524792371997,-2.31223612487825,32.669977955100265,36.480918646991356,27.562035696585173,2.6241687736442336,4.914198453622708,-6.3735759046095755,-5.97583784165867
Talia,S13,epb_23_rr_ich_ch68_epm_bbpf_bc_NumberShape_S13.csv,-39.75091593296661,-29.396714535214237,-20.928023589610824,-12.332876541745428,-7.133525939988625,-9.13275538432528,-26.697225146777775,-22.032445442186788,-2.1502502521225018,3.715738363117817,1.4569077154647234,15.932042063500957,18.553810383471948,4.397816329232968,-8.675991811611906,2.983062499905386,17.99558545463278,26.821087838576283,28.876251999567664,40.19585487060231,39.361722539637924,30.96407412507226,14.366159333173437,-6.115231849987751,31.771370643590913,50.11708347012429,38.048105987102176,0.7634123292479494,34.14270762056392,40.5956750503877,37.21463145217276,25.498668764235962,-44.12662730226879,-49.94422530828327,-55.97587015370137,-35.8084558083201,-28.00269680737659,-20.10116253337485,-18.29686192585754,-22.94864264885217,-37.50204645695738,-54.66319117146484,-45.53960669985303,-32.34471436949396,-14.61116662676496,-7.942740230006554,-6.795013526842961,7.841006633836451,3.796039245417776,-6.24962892135179,-22.34086683455976,-38.83955479096185,-14.299382986640872,-4.152796688994232,9.142231020046925,16.625887050418257,36.081267544499674,24.199211618996877,18.411893413403046,11.665989398248461,-8.647258859852299,35.28837319072535,49.00751062746455,35.185686938631044,3.801326286254363,9.893279666231372,-2.952495862135323,-8.280505168736223
Talia,S13,epb_24_rr_ich_ch68_epm_bbpf_bc_NumberShape_S13.csv,-31.301720970554328,-23.69885863123163,-15.65763440639015,-8.663125403513575,-1.2321530815302237,-6.52198087659781,-21.87753232748365,-17.11175829711365,1.1080193645403633,6.655974298517583,5.278797690505695,15.366287853206984,19.215205816873198,5.8955396793665615,-5.090587286396371,7.675418540700296,18.008358921206174,24.95343034850181,26.230687745165774,34.8815584170399,37.155380142176334,30.817087762714678,18.748882815955625,-1.3058247243885714,32.862815777607985,45.51300265887814,34.99626368332102,-3.334241331571294,26.627328722784423,29.685678560290143,30.77819988173434,22.11430803147903,-37.91706164346557,-41.834156897291194,-48.0175822571229,-31.345134039077866,-22.39083171120672,-15.127283784194422,-13.170002482128865,-19.107906498145415,-32.91673782231271,-50.331681839076985,-43.839856971588524,-31.06358426676255,-12.678479585428134,-5.5804362500160485,-3.531741281425605,7.4328131486123965,2.9325893891818935,-7.562856532964358,-22.50363519373087,-36.663627804809714,-16.617031334313022,-6.141013127895556,4.732973143557965,12.406048764285943,27.804432102833157,15.853148107719791,12.629734058955302,5.0372008398826695,-11.875107966589917,24.3404790097192,35.37885036112259,24.054298048408235,7.771806648365454,10.2645312318962,-7.775697543878788,-11.420265724977561
Talia,S14,epb_11_rr_ich_ch68_epm_bbpf_bc_NumberShape_S14.csv,-13.114480549923513,-13.262912190496461,-13.950499386289449,-10.229130190168481,-10.268671761558457,-8.642797410657534,-9.196098457486835,-5.070004903087547,-9.79022541833956,-7.767726613844251,-6.580583161105194,0.2305527642317006,-5.0599542806676565,-5.351345331541995,-9.091245558697612,-9.860484738304132,6.054484222400572,4.092676178577057,6.904171798651042,15.154696183050838,11.797889834187902,9.468342407155632,1.4982797835064872,0.09500766536898966,5.228505966669881,26.055824767583392,9.28432626487958,-5.813892897852551,15.842024328550197,30.29813940255641,21.25871257850903,9.796882765763058,-13.635224052161853,-13.214985828885618,-11.429400147124017,-14.68168350576904,-11.153165952865125,-12.041396922092426,-10.391344934343975,-12.399555467413267,-14.114022246212857,-10.36044741704916,-10.602482529029414,-6.560593455645653,-6.883000693261232,-5.287553733204535,-4.939325791640226,2.420786956408257,1.361899406804253,0.4800945584916941,-3.562546090754272,-12.900283557371871,-7.035729535040267,3.1077355472782138,9.741330527858434,11.749943514435014,22.626792163142564,21.777065487214493,16.620842260516916,7.687467668796781,-7.447473996930986,22.071973082008366,35.00737478183691,26.26552779186479,-3.7503296595852644,-7.662045476038302,-6.339477100151099,-4.537225781317238
Talia,S14,epb_12_rr_ich_ch68_epm_bbpf_bc_NumberShape_S14.csv,-13.82132754966124,-12.387326506511291,-14.060044146546069,-11.666560063047614,-9.666887295967616,-8.65039362543464,-10.041979589673446,-2.806259068807611,-8.268610493043182,-7.124666032677595,-6.562584831253039,0.7545559828835788,-4.868869617866106,-5.955274318778053,-5.081702436283339,-6.6761705251217185,8.642960542692842,4.473555525678237,5.306605150104842,13.193002452708855,11.82726916259046,10.762225615001727,4.417097624488216,-1.0571845005515392,6.35940383378953,22.660846861422467,9.605091896709835,-4.284835908828998,13.442840947025571,27.25199394002572,18.37099950487385,8.45614490472478,-13.148965360878627,-12.377379915485323,-10.324521610457795,-15.263318622984222,-11.187169740616495,-13.12000645335962,-10.648436747052237,-12.73242756743786,-13.578701022077137,-10.673690894403386,-11.450756773169452,-6.646815781028209,-5.655553184597545,-5.105355669605046,-4.510353870863861,2.465640999489657,2.020301717705423,1.3005537368436026,-1.57573639110368,-8.447940841051,-4.673603541138357,4.013200100459063,9.658464327164635,10.447654521469115,19.67060746258151,19.614656124473395,16.28215659109631,7.775573241144679,-7.8901290976448815,19.536864628345615,33.09020776838882,23.05415369938539,-1.772260111188211,-7.394247330259617,-7.489983532358188,-5.8066011577563446
Talia,S14,epb_13_rr_ich_ch68_epm_bbpf_bc_NumberShape_S14.csv,-17.289293730162274,-17.019416359212183,-16.11207274679061,-9.415059349576653,-10.94416337495073,-11.35101182709971,-13.294360367700172,-4.817716092443111,-10.632821440009819,-7.577547888671575,-6.28773682218541,3.084562504136661,-2.727905321830021,-6.552955967993834,-6.80529462701555,-5.224806398434545,7.738437382184525,6.596316909570401,8.17305157858434,15.379696030262277,13.987132632316243,13.148576021955428,6.632479590381073,-1.8331582821094705,7.6276957368148715,24.30212847882117,10.097976179363847,-6.464809173156607,14.471368598727912,29.876200429695718,21.59627351144676,11.481582059030591,-18.19281017103491,-17.401227019634494,-15.859017464439523,-18.497765823593497,-14.336607416205817,-13.15689330051902,-11.027426741353812,-14.155793219029066,-20.125910832241797,-12.289128285814913,-12.619497325718287,-7.723809642628404,-7.850757190097876,-5.462483394515564,-3.1052876332341772,5.438795275433964,3.7878619481925027,2.916050765885389,-2.973035031287197,-9.066987746657896,-5.154090574567016,5.035069099539473,11.727127552953204,14.256004648196635,24.111189455963597,23.048347123205797,18.36997673186985,8.614642763133956,-8.348514492437582,22.37633099015139,36.33076207344209,23.406949961223876,-0.9352292911937298,-7.125614621592738,-8.519275029047181,-5.335284955263281
Talia,S14,epb_14_rr_ich_ch68_epm_bbpf_bc_NumberShape_S14.csv,-10.140386259070958,-10.528928450211374,-9.721239474814032,-5.908672131452265,-5.447189569914795,-5.400974301713164,-6.983315447875911,-2.2625610584881377,-8.382491742928497,-3.7572555867266493,-2.218613282038047,3.940015609097504,-1.520280855207618,-7.52083535792246,-5.165932586400941,-7.328557832305871,6.839476590446665,5.617794904400996,7.385589805399717,13.213961623408204,10.808645948335272,9.925417200901625,1.1724730233563623,-12.005641276841471,0.13814260515078935,21.338508161301597,3.5521869896845977,-12.374926716939836,8.069456965234716,24.73348038321598,19.0392060055154,10.261550429906322,-9.907291060620398,-8.436883104027872,-8.346968165755897,-12.319347918343336,-6.421407785759136,-7.704447894199748,-6.308305828804692,-9.771359140104495,-11.981943917818061,-7.563541949507935,-9.634625335383658,-4.882171371924801,-3.2161669051452964,-1.9145432617986722,0.5738801982602457,6.291561932959418,4.639228329236996,2.6071199711758135,0.6235037340357452,-9.507737825194075,-7.185008784311549,2.3176353475690896,10.559794624939142,13.067928987154023,21.220487784489197,18.344792802728612,13.596705098805412,3.580779909609738,-13.398082256748733,13.436485505159277,30.142403034619523,16.038258336828044,-8.278876605014045,-14.076777209619376,-13.166629539041184,-12.386558719354644
Talia,S14,epb_21_rr_ich_ch68_epm_bbpf_bc_NumberShape_S14.csv,-9.66544087105792,-10.760170495436888,-13.202660270490698,-12.1618296973085,-10.247851874693524,-8.855169817897137,-9.739418804408906,-2.1333355202561974,-8.313265508430446,-9.539712858647237,-9.62805455631392,-0.691655004854277,-3.529522726379237,-5.996051400746688,-4.99085138194322,-1.766357760695302,8.23406910414757,2.9076926195881496,2.171736264217728,6.688739300879585,10.118967143697999,12.826448183337735,7.5869220614681625,4.779290738493368,10.683564255598853,20.3938675063401,10.404444756698343,-2.5936742887352953,15.27811176714402,22.4954985773108,12.22708282666428,2.8047141294994193,-9.577707377039836,-9.618775405653956,-7.508548204459583,-14.869725893469349,-9.61610171766428,-13.500739425776194,-12.368859950199049,-14.693424151187076,-14.21379711633009,-8.376835560812571,-7.46917617890374,-5.5674987898117685,-8.037902021854725,-10.409809987804547,-8.689462007883183,-3.378309190971622,-3.004143853816451,-0.9253603745854501,-1.7712513556394784,-5.924783352253755,-0.8071237244724921,3.6542781373876,5.7223627010061735,6.289294496743338,14.97517534847355,16.557314097940292,15.841871688604575,10.278378079123208,-2.2772728642472186,21.873488053528877,29.669947516102035,24.406591905951863,4.563199628548907,-3.61302825694331,-3.5426232190054256,0.14423939753879647
Talia,S14,epb_22_rr_ich_ch68_epm_bbpf_bc_NumberShape_S14.csv,-5.017234838471924,-8.232083287092516,-9.85850128368137,-9.464970513585172,-7.130989695123999,-7.071717093129571,-6.47934506946709,-0.9915875969860134,-9.724110328888518,-7.272277872569745,-6.185648225549579,0.025704673156089958,-4.892940134845847,-6.028688125911876,-4.420839813304177,-7.297235028466235,6.983514907642362,2.488783624334801,3.0095161713727894,10.4674195213608,10.208493357337302,9.926467003399255,4.919257868492227,4.343909856257786,5.397603393925264,20.145689023770093,9.6254728285341,-6.099365259277691,13.730461139844572,25.52041969015551,15.60211028144798,4.2788613761298935,-7.897413090362305,-6.514277238720289,-7.992005566564689,-11.896935322279571,-7.343998182125743,-10.182744441360402,-9.172407203897961,-13.908657303547594,-13.27896296452391,-8.998683468321564,-9.625131140504251,-7.7307895575807635,-8.3641082227483,-8.004728402462094,-5.2794740427536215,-1.4318989036480123,-2.5442455301261644,-3.0103874555859433,-2.3482807013680818,-7.053830088457071,-4.707800835163974,3.4866349301680963,5.809644473958467,7.304263674622479,17.068810029150164,17.044113306961897,14.86104221553274,7.579206721623033,-6.92253944529344,19.101380243033145,30.880864128541816,22.178869120465308,-0.5354254898731781,-7.939601088992198,-7.848017898497593,-5.288626319358634
Talia,S14,epb_23_rr_ich_ch68_epm_bbpf_bc_NumberShape_S14.csv,-14.577237011998188,-15.344680519496189,-17.739677227796864,-15.66655733086698,-12.982407883737999,-11.28430867407037,-10.00249400756965,-1.987244248037053,-13.283870696314754,-10.706680554721268,-10.422155677371212,-4.095721132604597,-7.939348996248719,-10.224882518474152,-5.165486934233649,-3.9199534484746152,7.989218883031652,2.9725985404328763,3.9175234205754563,11.74127484532215,12.14796186502695,9.327792145678057,8.580330943635872,7.753146883188531,11.064981503104917,27.62543546866275,15.979575687417912,0.5874472955607655,20.36810312247175,30.361060142992333,18.543968214791295,6.39718075283971,-15.817262305769962,-14.076150299290536,-10.960681670281627,-19.248043821946972,-15.114564534415134,-16.97819984780765,-15.335593127841285,-18.465973531038195,-16.47003295321401,-15.056928402826696,-12.66576636612423,-10.17336433463444,-10.931874788369202,-11.11069115533319,-9.51917151841759,-2.5264673551488914,-1.8220918091833151,-2.3244287191178543,-3.003718399020987,-9.072921334846274,-2.2366257546491406,5.345590712829929,8.637008826756535,8.660110032666921,22.564490614116647,21.929479093057665,20.69809729504862,13.850991202290205,0.10840594134463133,27.096220888410425,37.61993582122671,27.85923804776001,5.167987448886157,-1.4904870286102831,1.0712496326670657,3.777339977760311
Talia,S14,epb_24_rr_ich_ch68_epm_bbpf_bc_NumberShape_S14.csv,-19.04147049850344,-13.335924546333285,-17.004962244828377,-14.450875986672843,-11.896404260285989,-9.695080291775119,-11.41436328264157,-2.0973645876183644,-11.722441463072972,-10.346910167362108,-8.967113517996921,-0.3677263097888334,-7.942870492935958,-10.574010414789207,-3.7630003761979776,-3.9563657867266304,6.43130957749822,2.413524698607711,3.0052055622556,10.794889237639696,10.474972236973967,10.87530470791301,6.842893885663745,5.305005209263644,7.746154402948853,25.941851443555944,10.732723923569576,1.1313093969197676,17.000679958134295,26.741457031695127,16.352518638027973,6.470462172560038,-17.268957546251315,-17.791960798037,-10.051001994954001,-17.919843442818166,-13.886719337922072,-15.734122387723543,-12.268792253691784,-16.797821299519295,-16.510738983550173,-9.443364095658334,-8.977034515283778,-5.9232973760946885,-8.792152251082026,-8.89102424211999,-8.07849024430467,-1.1453729985853147,-0.8681225950287179,-1.1012751093341426,-1.4081437381727449,-7.814023911898816,-0.18578306627154187,3.875015062691901,8.67246020931642,8.193614803239514,19.329363660873078,19.947324701172573,18.66180242239359,16.199721094381953,3.4641578102603243,24.817920451378907,34.495584538983614,23.277997077776874,4.108449091962308,-1.2347900338142597,0.38794661817534365,4.978115020135921
Talia,S15,epb_11_rr_ich_ch68_epm_bbpf_bc_NumberShape_S15.csv,-2.0770937628521002,-1.3854562304949785,-4.637498906943379,-4.035781896334123,-3.4424518091183103,-1.4516513365671808,-0.9771430945878808,-1.8424870714426962,-1.6703391705933435,0.414792621548511,2.651076338199025,4.155105988592603,-0.14652611143388924,-3.1975704409575645,-5.5321813798366,-12.836934153013429,-4.821807468846148,-0.780533470366685,3.9238125579811594,7.240395371789517,4.849150368482634,-1.8134169145296561,-13.554800884013874,-19.070548454865204,-5.666786204985426,6.587751006150188,-1.8838027199329146,-4.956533507419591,10.005476802658832,11.40323808545911,5.290890318225128,4.8532252413835675,-3.8031577102488123,-4.691499846062114,-0.4710172544024872,-3.8065412632756117,-3.704297729795502,-3.554965743153709,-4.667925188152787,-4.606146466815913,-4.7174258109848255,2.448942701217121,5.529214794846975,-0.13024841412503188,-3.1150434739519604,-2.9769275721744943,-0.619645683409132,5.920630792788039,1.3006289189394409,-0.3909750431450082,5.023108604822199,7.79860031620931,6.662742586605549,4.19229764359301,1.1132838383004908,1.0371310562710845,6.927941295384622,4.14527054682049,6.624153711801115,9.092361413496901,5.58199706896833,10.272672268418674,10.342020121931071,15.833111926088474,-21.47789370778547,-15.616240920667284,0.5345275899344802,2.3757419384551333
Talia,S15,epb_12_rr_ich_ch68_epm_bbpf_bc_NumberShape_S15.csv,-1.44016194448529,-1.3722198716771539,-0.22636357429623757,0.5127534264955823,-0.3301617684889455,-2.477720370644666,-0.6010613443865179,0.17304906259409894,-1.1787565898829735,-5.58378827740829,-4.79850121469781,-7.68825873573154,-4.202758033486598,0.36288438111017257,4.978588606937397,12.083147677665796,3.460654903993407,-2.6623080921286975,-5.330019772995915,-5.858882339839859,-5.862197168837013,2.946887735277517,11.424750422928355,16.416660917359337,6.601402737574412,-3.1472879245851484,4.174630479103041,9.237096413873346,-4.061498306251506,-4.685128291267564,-4.078925577227503,-5.7703656828512235,0.19805277602794627,1.5515317963864947,0.7949011190155839,0.9072074145234001,0.08608215428304404,0.877859630392234,2.481480072104489,0.5631208101748981,4.0637175476878715,-0.14137661143607913,-2.5562306173698306,1.190943801346215,2.1946739990892645,1.2278403891433567,0.018901069145712088,-6.523564023315138,-1.4929093531973991,-1.1879922765410669,-2.601815443195198,-5.002093242584059,-3.5232216059475117,-1.4897044980176506,0.008029585042145328,0.23698309615399088,-3.9965503737622035,-1.0636300891804038,-2.1843102530943375,-5.25640046525412,-1.6144208281644101,-5.185683541844776,-5.538735833507873,-9.002189316477379,18.501039990144516,18.06983637770966,2.84365142805966,1.5288349978892803
Talia,S15,epb_13_rr_ich_ch68_epm_bbpf_bc_NumberShape_S15.csv,-2.8812047144741952,-1.110144394435297,2.142143904663283,3.8424396690395484,2.4553226743375087,-0.10889242002268143,-0.009256350900596276,1.9963035991530194,-0.051005599458940135,-2.0080745828805098,-0.38714730585797097,-5.296587213530694,-1.024620850591743,2.583576450624092,7.083579428685412,15.932963783930708,8.087254012653762,1.7266482941091383,-2.495245297845431,-4.208646356879119,-1.8088100019819886,5.599757549697586,16.70246215636677,19.912281698460696,7.199465637412022,-1.9214859824487773,3.0990218542159385,3.9300256843871186,-7.762843742360995,-6.483349653201439,-4.0693762534546005,-4.07245946057016,-0.573834136149942,-1.7502835434724726,-3.204048002032589,0.19401021063029156,0.7611739605909329,4.377253908240893,4.551582453133067,5.220862727557488,3.4354273352171605,-2.846960937848379,-7.363990766758798,-0.5664346110114011,3.709327217824158,5.0346989820253985,4.102831781968807,-3.6257617576320973,0.029817662140867212,-1.0403713690075214,-5.697926908695928,-10.846496323439302,-8.411928768821097,-5.563716231569314,-2.4540177182657605,-0.32540506233351546,-5.260956185926796,-3.2189117398100096,-7.059590326416574,-9.306247873942763,-6.016545483296087,-9.845179335592398,-8.033999633687078,-15.373873844872582,20.489038379869346,14.996851787091524,-1.7293081880357122,-3.381181382936004
Talia,S15,epb_14_rr_ich_ch68_epm_bbpf_bc_NumberShape_S15.csv,-1.6215406222368995,-2.782043667984562,-5.362076802456732,-6.383806313200074,-7.1316177098548055,-5.7586697213203175,-3.815229139827456,-4.106808089077986,-3.685225649167788,-1.4842513077883928,-1.4345750031047444,4.338171501433407,-0.26461567150690285,-3.568211857448057,-7.95343172756993,-12.910451604022638,-5.213660399127791,-0.6997399763508673,3.5551517756339877,6.612837271693588,5.581665010192776,-2.8831994284856823,-11.145477856614118,-14.889539824193253,-2.2024060890329875,5.32538513429254,0.9057140748129796,-2.6085301761904707,9.733467420112275,8.420710875478655,7.329514513798637,6.201054295212206,-3.707138716810512,-3.519494729840808,-1.8332784668445747,-4.325447461773336,-4.128039567480109,-5.234938711764953,-5.22343724657129,-4.239504445978248,-4.99038766228757,-0.9499441082476885,3.3167387292728967,-1.558903687755054,-2.7375402468914407,-4.500388220060654,-4.254420393291288,4.342027183702979,0.55044929721874,1.7144331020785772,5.125428725318256,6.3009588149334075,7.1973746133516565,7.429560535682226,4.321294893799435,2.7666727549978085,7.548235331179344,5.1854106835277065,9.268861450159505,10.908806206908153,6.1074207969763075,11.719337157826727,11.24988220583727,16.727096041145064,-16.588044665100774,-9.911894648468955,2.8879186021537753,2.9363352665134657
Talia,S15,epb_21_rr_ich_ch68_epm_bbpf_bc_NumberShape_S15.csv,-2.3591409367631586,0.5494573979077582,2.581363305523063,4.56858184888679,4.85530260263772,3.954436191450672,3.0456985662340084,4.424766874959229,3.08414161289901,2.4585711607682414,3.2183825314218875,-1.3631722289305834,0.9522721680399251,3.3888757462876584,6.420548580479185,11.114056462295075,5.022981641196197,-0.19300202859680646,-3.7892397345974698,-7.298931593674114,-4.660967048176858,2.9827639007875897,13.137976461735505,14.475667691972468,-0.4079350448505202,-7.65217983990434,-7.643837933928862,-1.138247778942337,-10.784486812445586,-7.745135779020111,-7.227800229098263,-5.035648790674306,0.21671058497867746,-1.005636292752461,-2.5854245118626253,1.6502608601539512,1.3249247821175576,5.289056014862463,4.5474844655480355,3.809177230210187,1.9394614798173344,-1.5914389635025517,-2.5873756476409686,-0.637099251588296,2.25007201590881,4.356398750573532,4.264394949562699,-2.2124570356748032,-0.4435319592863489,-2.0716397362185996,-4.511465709361578,-5.168583602874916,-4.059378163714564,-2.7216543625823704,-2.807012179374404,-2.0580758768850997,-5.049511883504612,-2.4668659130761434,-4.450231886086377,-4.31182945193946,-2.043575989611291,-2.014241305080723,-4.610254438830886,-8.222751120820176,9.675746065761931,2.9545929944059064,0.5616357101336795,1.853998900470409
Talia,S15,epb_22_rr_ich_ch68_epm_bbpf_bc_NumberShape_S15.csv,-0.03565268737125536,-1.4022115060363465,-3.7951836417332885,-5.473263553971695,-5.690619506318981,-3.3894943909150794,-1.8001474876290404,-4.295055472771102,-3.604464845693884,-1.2948880233201077,-0.8022768519814664,4.424022717205109,-1.1388444274133638,-4.823152840776591,-8.331056400414262,-14.81649255949984,-7.159264430277585,-0.1375207596274928,4.4923931594637745,7.858996624600094,4.177814453579812,-4.26741424300126,-16.075237527723214,-18.666810799345978,-3.7876486844642523,7.146783455351425,4.451060940306799,-2.12022811037205,11.19234354706415,10.021266551476982,7.261258432656327,6.381625252611826,-1.561959466390333,-0.4209640664114339,0.23396153119966137,-1.9960392820731758,-2.5519138980334075,-4.118557291402454,-5.471452733859475,-4.0604200737734235,-3.7410253777026927,1.038788953362304,5.695232706785499,-0.8898034026490335,-3.301316595925299,-3.859310405128085,-2.957564494084085,3.936572315316109,1.8246309565457064,0.8868887052316458,5.112422480148789,7.444638481218978,7.10495487127995,5.00447975251225,4.249477064988475,2.9464689387468166,7.443128070692225,5.236077282163307,6.643855777034414,8.09205584633099,3.4541621182877567,6.724385893341751,9.120144955709382,12.653090800865511,-16.40412993684463,-8.008594153404244,0.04447311985092875,-0.04747237969808303
Talia,S15,epb_23_rr_ich_ch68_epm_bbpf_bc_NumberShape_S15.csv,2.652765352296462,5.464245783667796,5.812893582367939,5.700737691508329,6.629054714519931,5.617613174650181,6.455902580150288,7.309992320533775,5.623437519312647,2.0970421432549315,2.1203032063758767,-3.597796351599917,1.3108964664504952,5.371576003623819,10.367106422389302,13.939999330029137,5.831861170670565,-0.2570845599905375,-5.176553443195745,-10.2332677963962,-7.866876703706723,-0.85620613764318,11.633840633798904,16.95622617852313,-0.41450060667056465,-10.847126898858113,-7.313588611523266,2.1266148196889945,-12.814405395670233,-12.682488827632174,-9.235090410776891,-6.321784671468822,4.083662021255826,3.8316658585115797,1.7127892398538902,4.037323178752079,4.375372600115895,5.757625417105212,5.194297944556627,4.388006746878897,4.874210029425469,1.5000659063110169,-1.0828329651068014,1.5220154818366198,3.3841432046795505,3.7462321142744686,4.424140241536388,-4.3256291144785735,-1.0818148398357734,-1.7988129340217645,-3.1619004968381588,-3.3996364392470593,-4.220165956870577,-4.397437987317118,-4.847325911797649,-4.283103474281368,-9.055036110607924,-6.15940546318136,-8.99770698721783,-8.503604537354242,-3.2537737032621803,-11.233789515253337,-12.368541443941579,-15.463951589128756,13.860797716394488,8.105673420955272,-1.4114839057448523,-1.1574121137284508
Talia,S15,epb_24_rr_ich_ch68_epm_bbpf_bc_NumberShape_S15.csv,-1.2406469659450825,-3.421917352414657,-3.7628197535982184,-4.553872134203181,-5.82114689543347,-6.000899695709809,-5.903004696188869,-7.155787935656197,-5.402241859723764,-2.1742719211024624,-0.9296403492381617,4.440770873265191,-0.8010134677495878,-5.259176100532609,-10.062276605429505,-14.586058430457628,-5.523425291027896,0.046226123293807785,5.122398417139409,7.6645071302161805,5.236875820240385,-1.8760416862614246,-14.59423193447815,-15.264681822837018,-1.7049377915534951,6.0015131445849335,3.3958416635927153,-2.9006562569880927,8.702844466710486,8.539028871471759,8.098962041603246,7.159461213225924,-2.054206459616592,-1.096733311523246,1.8117710586188218,-2.116626416121231,-2.5826244167170964,-2.799483267138361,-1.2430479806824437,-2.171971381927531,-2.1447754010187183,0.13558400006985186,3.8223006434599016,-0.3331016848661322,-0.8659238723805518,-0.7291441296206222,-0.12073117164159188,5.799572713088668,2.6743108888404894,3.074808299015892,4.825758670259831,6.543474078197668,6.013468971624851,4.490224549895025,4.6424437848980835,4.34137379797176,6.910702852872033,3.8782711050659406,6.109551850092059,6.3927154418011005,4.350499321418045,5.498081308519522,7.301882208595778,9.413570298285501,-14.321313519203006,-7.524132693438169,-1.8540795934381136,-1.5421525138890564
