dataset,subject,block_id,Fp1,AF7,AF3,F1,F3,F5,F7,FT7,FC5,FC3,FC1,C1,C3,C5,T7,TP7,CP5,CP3,CP1,P1,P3,P5,P7,P9,PO7,PO3,O1,Iz,Oz,POz,Pz,CPz,Fpz,Fp2,AF8,AF4,AFz,Fz,F2,F4,F6,F8,FT8,FC6,FC4,FC2,FCz,Cz,C2,C4,C6,T8,TP8,CP6,CP4,CP2,P2,P4,P6,P8,P10,PO8,PO4,O2,PO9,I1,I2,PO10
Angelique,S02,epbin_Dig_1F_C1 21 rr icfilt ica ep1 but chanlocs chansel chanlabels S02.csv,-3.6251939704426612,-15.325649902209479,3.515956696438893,0.06710877014490199,1.4120799117338396,0.7507459003562721,1.4893489990985649,1.1333389914550802,2.931791094579434,-2.999454858449609,-5.839645845785337,-4.957646660330979,-5.568831707975283,2.415088645856638,10.314568104194189,4.381152024577521,0.26703665032840906,-1.9528950183298839,-3.6222196876319543,-1.067710721619896,-0.5266338046747748,1.0632071943279962,-2.9096387008332822,-8.116078992489914,-7.554738747899702,2.2181012715437967,-15.61570926695945,-6.074527218706455,-2.227105326817321,1.9217779119132798,-1.2974627566747226,-1.399734398468635,-8.117691438107261,-14.010513128038733,-12.814956235854964,-2.0528878540084157,-3.2245722946333824,-3.014792490532989,-6.156426006819254,-9.211263318156211,-5.364608413926592,-17.01155632164364,-1.8307821091562946,-4.575495068486153,-6.39228535118684,-4.671447554653096,-2.7100315847685,-6.410238972719915,-3.6710489687744023,1.632840756306931,-4.285480434661751,1.5176444906746673,6.21329342189994,6.538884413586903,1.8707681366735627,-0.4597755467024823,3.5651720156400586,3.346518893272471,11.934180600553255,23.34181814377057,31.416774016823542,28.63066558473834,7.0303571247428485,2.702570493965441,-19.156480288156136,-16.762029815729452,27.361696059899618,51.60075787263021
Angelique,S02,epbin_Dig_1F_Par 11 rr icfilt ica ep1 but chanlocs chansel chanlabels S02.csv,-3.6251939704426612,-15.325649902209479,3.515956696438893,0.06710877014490199,1.4120799117338396,0.7507459003562721,1.4893489990985649,1.1333389914550802,2.931791094579434,-2.999454858449609,-5.839645845785337,-4.957646660330979,-5.568831707975283,2.415088645856638,10.314568104194189,4.381152024577521,0.26703665032840906,-1.9528950183298839,-3.6222196876319543,-1.067710721619896,-0.5266338046747748,1.0632071943279962,-2.9096387008332822,-8.116078992489914,-7.554738747899702,2.2181012715437967,-15.61570926695945,-6.074527218706455,-2.227105326817321,1.9217779119132798,-1.2974627566747226,-1.399734398468635,-8.117691438107261,-14.010513128038733,-12.814956235854964,-2.0528878540084157,-3.2245722946333824,-3.014792490532989,-6.156426006819254,-9.211263318156211,-5.364608413926592,-17.01155632164364,-1.8307821091562946,-4.575495068486153,-6.39228535118684,-4.671447554653096,-2.7100315847685,-6.410238972719915,-3.6710489687744023,1.632840756306931,-4.285480434661751,1.5176444906746673,6.21329342189994,6.538884413586903,1.8707681366735627,-0.4597755467024823,3.5651720156400586,3.346518893272471,11.934180600553255,23.34181814377057,31.416774016823542,28.63066558473834,7.0303571247428485,2.702570493965441,-19.156480288156136,-16.762029815729452,27.361696059899618,51.60075787263021
Angelique,S02,epbin_Dig_20F_Atp_C1 23 rr icfilt ica ep1 but chanlocs chansel chanlabels S02.csv,-3.6251939704426612,-15.325649902209479,3.515956696438893,0.06710877014490199,1.4120799117338396,0.7507459003562721,1.4893489990985649,1.1333389914550802,2.931791094579434,-2.999454858449609,-5.839645845785337,-4.957646660330979,-5.568831707975283,2.415088645856638,10.314568104194189,4.381152024577521,0.26703665032840906,-1.9528950183298839,-3.6222196876319543,-1.067710721619896,-0.5266338046747748,1.0632071943279962,-2.9096387008332822,-8.116078992489914,-7.554738747899702,2.2181012715437967,-15.61570926695945,-6.074527218706455,-2.227105326817321,1.9217779119132798,-1.2974627566747226,-1.399734398468635,-8.117691438107261,-14.010513128038733,-12.814956235854964,-2.0528878540084157,-3.2245722946333824,-3.014792490532989,-6.156426006819254,-9.211263318156211,-5.364608413926592,-17.01155632164364,-1.8307821091562946,-4.575495068486153,-6.39228535118684,-4.671447554653096,-2.7100315847685,-6.410238972719915,-3.6710489687744023,1.632840756306931,-4.285480434661751,1.5176444906746673,6.21329342189994,6.538884413586903,1.8707681366735627,-0.4597755467024823,3.5651720156400586,3.346518893272471,11.934180600553255,23.34181814377057,31.416774016823542,28.63066558473834,7.0303571247428485,2.702570493965441,-19.156480288156136,-16.762029815729452,27.361696059899618,51.60075787263021
Angelique,S02,epbin_Dig_20F_Atp_Par 13 rr icfilt ica ep1 but chanlocs chansel chanlabels S02.csv,-3.6251939704426612,-15.325649902209479,3.515956696438893,0.06710877014490199,1.4120799117338396,0.7507459003562721,1.4893489990985649,1.1333389914550802,2.931791094579434,-2.999454858449609,-5.839645845785337,-4.957646660330979,-5.568831707975283,2.415088645856638,10.314568104194189,4.381152024577521,0.26703665032840906,-1.9528950183298839,-3.6222196876319543,-1.067710721619896,-0.5266338046747748,1.0632071943279962,-2.9096387008332822,-8.116078992489914,-7.554738747899702,2.2181012715437967,-15.61570926695945,-6.074527218706455,-2.227105326817321,1.9217779119132798,-1.2974627566747226,-1.399734398468635,-8.117691438107261,-14.010513128038733,-12.814956235854964,-2.0528878540084157,-3.2245722946333824,-3.014792490532989,-6.156426006819254,-9.211263318156211,-5.364608413926592,-17.01155632164364,-1.8307821091562946,-4.575495068486153,-6.39228535118684,-4.671447554653096,-2.7100315847685,-6.410238972719915,-3.6710489687744023,1.632840756306931,-4.285480434661751,1.5176444906746673,6.21329342189994,6.538884413586903,1.8707681366735627,-0.4597755467024823,3.5651720156400586,3.346518893272471,11.934180600553255,23.34181814377057,31.416774016823542,28.63066558473834,7.0303571247428485,2.702570493965441,-19.156480288156136,-16.762029815729452,27.361696059899618,51.60075787263021
Angelique,S02,epbin_Dig_20F_Std_C1 22 rr icfilt ica ep1 but chanlocs chansel chanlabels S02.csv,-3.6251939704426612,-15.325649902209479,3.515956696438893,0.06710877014490199,1.4120799117338396,0.7507459003562721,1.4893489990985649,1.1333389914550802,2.931791094579434,-2.999454858449609,-5.839645845785337,-4.957646660330979,-5.568831707975283,2.415088645856638,10.314568104194189,4.381152024577521,0.26703665032840906,-1.9528950183298839,-3.6222196876319543,-1.067710721619896,-0.5266338046747748,1.0632071943279962,-2.9096387008332822,-8.116078992489914,-7.554738747899702,2.2181012715437967,-15.61570926695945,-6.074527218706455,-2.227105326817321,1.9217779119132798,-1.2974627566747226,-1.399734398468635,-8.117691438107261,-14.010513128038733,-12.814956235854964,-2.0528878540084157,-3.2245722946333824,-3.014792490532989,-6.156426006819254,-9.211263318156211,-5.364608413926592,-17.01155632164364,-1.8307821091562946,-4.575495068486153,-6.39228535118684,-4.671447554653096,-2.7100315847685,-6.410238972719915,-3.6710489687744023,1.632840756306931,-4.285480434661751,1.5176444906746673,6.21329342189994,6.538884413586903,1.8707681366735627,-0.4597755467024823,3.5651720156400586,3.346518893272471,11.934180600553255,23.34181814377057,31.416774016823542,28.63066558473834,7.0303571247428485,2.702570493965441,-19.156480288156136,-16.762029815729452,27.361696059899618,51.60075787263021
Angelique,S02,epbin_Dig_20F_Std_Par 12 rr icfilt ica ep1 but chanlocs chansel chanlabels S02.csv,-3.6251939704426612,-15.325649902209479,3.515956696438893,0.06710877014490199,1.4120799117338396,0.7507459003562721,1.4893489990985649,1.1333389914550802,2.931791094579434,-2.999454858449609,-5.839645845785337,-4.957646660330979,-5.568831707975283,2.415088645856638,10.314568104194189,4.381152024577521,0.26703665032840906,-1.9528950183298839,-3.6222196876319543,-1.067710721619896,-0.5266338046747748,1.0632071943279962,-2.9096387008332822,-8.116078992489914,-7.554738747899702,2.2181012715437967,-15.61570926695945,-6.074527218706455,-2.227105326817321,1.9217779119132798,-1.2974627566747226,-1.399734398468635,-8.117691438107261,-14.010513128038733,-12.814956235854964,-2.0528878540084157,-3.2245722946333824,-3.014792490532989,-6.156426006819254,-9.211263318156211,-5.364608413926592,-17.01155632164364,-1.8307821091562946,-4.575495068486153,-6.39228535118684,-4.671447554653096,-2.7100315847685,-6.410238972719915,-3.6710489687744023,1.632840756306931,-4.285480434661751,1.5176444906746673,6.21329342189994,6.538884413586903,1.8707681366735627,-0.4597755467024823,3.5651720156400586,3.346518893272471,11.934180600553255,23.34181814377057,31.416774016823542,28.63066558473834,7.0303571247428485,2.702570493965441,-19.156480288156136,-16.762029815729452,27.361696059899618,51.60075787263021
Angelique,S02,epbin_NumWoGE_1F_C1 24 rr icfilt ica ep1 but chanlocs chansel chanlabels S02.csv,-3.6251939704426612,-15.325649902209479,3.515956696438893,0.06710877014490199,1.4120799117338396,0.7507459003562721,1.4893489990985649,1.1333389914550802,2.931791094579434,-2.999454858449609,-5.839645845785337,-4.957646660330979,-5.568831707975283,2.415088645856638,10.314568104194189,4.381152024577521,0.26703665032840906,-1.9528950183298839,-3.6222196876319543,-1.067710721619896,-0.5266338046747748,1.0632071943279962,-2.9096387008332822,-8.116078992489914,-7.554738747899702,2.2181012715437967,-15.61570926695945,-6.074527218706455,-2.227105326817321,1.9217779119132798,-1.2974627566747226,-1.399734398468635,-8.117691438107261,-14.010513128038733,-12.814956235854964,-2.0528878540084157,-3.2245722946333824,-3.014792490532989,-6.156426006819254,-9.211263318156211,-5.364608413926592,-17.01155632164364,-1.8307821091562946,-4.575495068486153,-6.39228535118684,-4.671447554653096,-2.7100315847685,-6.410238972719915,-3.6710489687744023,1.632840756306931,-4.285480434661751,1.5176444906746673,6.21329342189994,6.538884413586903,1.8707681366735627,-0.4597755467024823,3.5651720156400586,3.346518893272471,11.934180600553255,23.34181814377057,31.416774016823542,28.63066558473834,7.0303571247428485,2.702570493965441,-19.156480288156136,-16.762029815729452,27.361696059899618,51.60075787263021
Angelique,S02,epbin_NumWoGE_1F_Par 14 rr icfilt ica ep1 but chanlocs chansel chanlabels S02.csv,-3.6251939704426612,-15.325649902209479,3.515956696438893,0.06710877014490199,1.4120799117338396,0.7507459003562721,1.4893489990985649,1.1333389914550802,2.931791094579434,-2.999454858449609,-5.839645845785337,-4.957646660330979,-5.568831707975283,2.415088645856638,10.314568104194189,4.381152024577521,0.26703665032840906,-1.9528950183298839,-3.6222196876319543,-1.067710721619896,-0.5266338046747748,1.0632071943279962,-2.9096387008332822,-8.116078992489914,-7.554738747899702,2.2181012715437967,-15.61570926695945,-6.074527218706455,-2.227105326817321,1.9217779119132798,-1.2974627566747226,-1.399734398468635,-8.117691438107261,-14.010513128038733,-12.814956235854964,-2.0528878540084157,-3.2245722946333824,-3.014792490532989,-6.156426006819254,-9.211263318156211,-5.364608413926592,-17.01155632164364,-1.8307821091562946,-4.575495068486153,-6.39228535118684,-4.671447554653096,-2.7100315847685,-6.410238972719915,-3.6710489687744023,1.632840756306931,-4.285480434661751,1.5176444906746673,6.21329342189994,6.538884413586903,1.8707681366735627,-0.4597755467024823,3.5651720156400586,3.346518893272471,11.934180600553255,23.34181814377057,31.416774016823542,28.63066558473834,7.0303571247428485,2.702570493965441,-19.156480288156136,-16.762029815729452,27.361696059899618,51.60075787263021
Angelique,S02,epbin_NumWoGE_20F_Atp_C1 26 rr icfilt ica ep1 but chanlocs chansel chanlabels S02.csv,-3.6251939704426612,-15.325649902209479,3.515956696438893,0.06710877014490199,1.4120799117338396,0.7507459003562721,1.4893489990985649,1.1333389914550802,2.931791094579434,-2.999454858449609,-5.839645845785337,-4.957646660330979,-5.568831707975283,2.415088645856638,10.314568104194189,4.381152024577521,0.26703665032840906,-1.9528950183298839,-3.6222196876319543,-1.067710721619896,-0.5266338046747748,1.0632071943279962,-2.9096387008332822,-8.116078992489914,-7.554738747899702,2.2181012715437967,-15.61570926695945,-6.074527218706455,-2.227105326817321,1.9217779119132798,-1.2974627566747226,-1.399734398468635,-8.117691438107261,-14.010513128038733,-12.814956235854964,-2.0528878540084157,-3.2245722946333824,-3.014792490532989,-6.156426006819254,-9.211263318156211,-5.364608413926592,-17.01155632164364,-1.8307821091562946,-4.575495068486153,-6.39228535118684,-4.671447554653096,-2.7100315847685,-6.410238972719915,-3.6710489687744023,1.632840756306931,-4.285480434661751,1.5176444906746673,6.21329342189994,6.538884413586903,1.8707681366735627,-0.4597755467024823,3.5651720156400586,3.346518893272471,11.934180600553255,23.34181814377057,31.416774016823542,28.63066558473834,7.0303571247428485,2.702570493965441,-19.156480288156136,-16.762029815729452,27.361696059899618,51.60075787263021
Angelique,S02,epbin_NumWoGE_20F_Atp_Par 16 rr icfilt ica ep1 but chanlocs chansel chanlabels S02.csv,-3.6251939704426612,-15.325649902209479,3.515956696438893,0.06710877014490199,1.4120799117338396,0.7507459003562721,1.4893489990985649,1.1333389914550802,2.931791094579434,-2.999454858449609,-5.839645845785337,-4.957646660330979,-5.568831707975283,2.415088645856638,10.314568104194189,4.381152024577521,0.26703665032840906,-1.9528950183298839,-3.6222196876319543,-1.067710721619896,-0.5266338046747748,1.0632071943279962,-2.9096387008332822,-8.116078992489914,-7.554738747899702,2.2181012715437967,-15.61570926695945,-6.074527218706455,-2.227105326817321,1.9217779119132798,-1.2974627566747226,-1.399734398468635,-8.117691438107261,-14.010513128038733,-12.814956235854964,-2.0528878540084157,-3.2245722946333824,-3.014792490532989,-6.156426006819254,-9.211263318156211,-5.364608413926592,-17.01155632164364,-1.8307821091562946,-4.575495068486153,-6.39228535118684,-4.671447554653096,-2.7100315847685,-6.410238972719915,-3.6710489687744023,1.632840756306931,-4.285480434661751,1.5176444906746673,6.21329342189994,6.538884413586903,1.8707681366735627,-0.4597755467024823,3.5651720156400586,3.346518893272471,11.934180600553255,23.34181814377057,31.416774016823542,28.63066558473834,7.0303571247428485,2.702570493965441,-19.156480288156136,-16.762029815729452,27.361696059899618,51.60075787263021
Angelique,S02,epbin_NumWoGE_20F_Std_C1 25 rr icfilt ica ep1 but chanlocs chansel chanlabels S02.csv,-3.6251939704426612,-15.325649902209479,3.515956696438893,0.06710877014490199,1.4120799117338396,0.7507459003562721,1.4893489990985649,1.1333389914550802,2.931791094579434,-2.999454858449609,-5.839645845785337,-4.957646660330979,-5.568831707975283,2.415088645856638,10.314568104194189,4.381152024577521,0.26703665032840906,-1.9528950183298839,-3.6222196876319543,-1.067710721619896,-0.5266338046747748,1.0632071943279962,-2.9096387008332822,-8.116078992489914,-7.554738747899702,2.2181012715437967,-15.61570926695945,-6.074527218706455,-2.227105326817321,1.9217779119132798,-1.2974627566747226,-1.399734398468635,-8.117691438107261,-14.010513128038733,-12.814956235854964,-2.0528878540084157,-3.2245722946333824,-3.014792490532989,-6.156426006819254,-9.211263318156211,-5.364608413926592,-17.01155632164364,-1.8307821091562946,-4.575495068486153,-6.39228535118684,-4.671447554653096,-2.7100315847685,-6.410238972719915,-3.6710489687744023,1.632840756306931,-4.285480434661751,1.5176444906746673,6.21329342189994,6.538884413586903,1.8707681366735627,-0.4597755467024823,3.5651720156400586,3.346518893272471,11.934180600553255,23.34181814377057,31.416774016823542,28.63066558473834,7.0303571247428485,2.702570493965441,-19.156480288156136,-16.762029815729452,27.361696059899618,51.60075787263021
Angelique,S02,epbin_NumWoGE_20F_Std_Par 15 rr icfilt ica ep1 but chanlocs chansel chanlabels S02.csv,-3.6251939704426612,-15.325649902209479,3.515956696438893,0.06710877014490199,1.4120799117338396,0.7507459003562721,1.4893489990985649,1.1333389914550802,2.931791094579434,-2.999454858449609,-5.839645845785337,-4.957646660330979,-5.568831707975283,2.415088645856638,10.314568104194189,4.381152024577521,0.26703665032840906,-1.9528950183298839,-3.6222196876319543,-1.067710721619896,-0.5266338046747748,1.0632071943279962,-2.9096387008332822,-8.116078992489914,-7.554738747899702,2.2181012715437967,-15.61570926695945,-6.074527218706455,-2.227105326817321,1.9217779119132798,-1.2974627566747226,-1.399734398468635,-8.117691438107261,-14.010513128038733,-12.814956235854964,-2.0528878540084157,-3.2245722946333824,-3.014792490532989,-6.156426006819254,-9.211263318156211,-5.364608413926592,-17.01155632164364,-1.8307821091562946,-4.575495068486153,-6.39228535118684,-4.671447554653096,-2.7100315847685,-6.410238972719915,-3.6710489687744023,1.632840756306931,-4.285480434661751,1.5176444906746673,6.21329342189994,6.538884413586903,1.8707681366735627,-0.4597755467024823,3.5651720156400586,3.346518893272471,11.934180600553255,23.34181814377057,31.416774016823542,28.63066558473834,7.0303571247428485,2.702570493965441,-19.156480288156136,-16.762029815729452,27.361696059899618,51.60075787263021
Angelique,S03,epbin_Dig_1F_C1 21 rr fixF8 ica ep1 but chanlocs chansel chanlabels S03.csv,-9.629188378244267,-1.2590810525785232,-9.435794035354798,-4.062306839610715,-6.552396577390194,-11.47580829938208,9.78033514199178,-10.049596966293034,-7.271476124345301,-4.014263934354772,-1.1672938736727996,-3.30658195443686,-3.8623038213975396,-1.730560632146866,-7.993061817082114,-4.078700923373704,-3.2626193063384488,-1.163918698162713,-1.2744139498726965,1.0549002217385743,1.8079223914827125,4.315894689496091,1.7710944288529769,2.3280639199371476,8.979546422099492,6.765145114028644,6.4922877228802,4.687828418124894,3.688489745240146,7.512352226337676,-1.7051033911668567,-1.1867840884420613,-3.5299273699318015,-0.8105676069300521,-5.913661620738954,-2.5516939977856725,-3.851703451644248,-4.221841673504789,-3.4535150948404123,-4.050262066007433,-2.6250795257250576,-3.6723559075789525,-2.4783268593716854,4.1545525812289865,0.21306288281869107,-0.24601636942965555,-2.6656917409007534,0.4683570641367676,2.0827209977322236,-3.1209318836037196,0.9950834075324525,1.4257267839585637,7.835774319418615,2.2682151023126056,-5.325470623405855,-1.1435503982236606,-3.00464489500743,-3.2897281481219567,6.770586482163852,1.7962958240611575,10.335219226159841,8.23572504638595,1.1772298164067658,8.855510155730448,10.565545736813258,3.2741488635460825,12.293337575720287,8.505275043604833
Angelique,S03,epbin_Dig_1F_Par 11 rr fixF8 ica ep1 but chanlocs chansel chanlabels S03.csv,-9.629188378244267,-1.2590810525785232,-9.435794035354798,-4.062306839610715,-6.552396577390194,-11.47580829938208,9.78033514199178,-10.049596966293034,-7.271476124345301,-4.014263934354772,-1.1672938736727996,-3.30658195443686,-3.8623038213975396,-1.730560632146866,-7.993061817082114,-4.078700923373704,-3.2626193063384488,-1.163918698162713,-1.2744139498726965,1.0549002217385743,1.8079223914827125,4.315894689496091,1.7710944288529769,2.3280639199371476,8.979546422099492,6.765145114028644,6.4922877228802,4.687828418124894,3.688489745240146,7.512352226337676,-1.7051033911668567,-1.1867840884420613,-3.5299273699318015,-0.8105676069300521,-5.913661620738954,-2.5516939977856725,-3.851703451644248,-4.221841673504789,-3.4535150948404123,-4.050262066007433,-2.6250795257250576,-3.6723559075789525,-2.4783268593716854,4.1545525812289865,0.21306288281869107,-0.24601636942965555,-2.6656917409007534,0.4683570641367676,2.0827209977322236,-3.1209318836037196,0.9950834075324525,1.4257267839585637,7.835774319418615,2.2682151023126056,-5.325470623405855,-1.1435503982236606,-3.00464489500743,-3.2897281481219567,6.770586482163852,1.7962958240611575,10.335219226159841,8.23572504638595,1.1772298164067658,8.855510155730448,10.565545736813258,3.2741488635460825,12.293337575720287,8.505275043604833
Angelique,S03,epbin_Dig_20F_Atp_C1 23 rr fixF8 ica ep1 but chanlocs chansel chanlabels S03.csv,-9.629188378244267,-1.2590810525785232,-9.435794035354798,-4.062306839610715,-6.552396577390194,-11.47580829938208,9.78033514199178,-10.049596966293034,-7.271476124345301,-4.014263934354772,-1.1672938736727996,-3.30658195443686,-3.8623038213975396,-1.730560632146866,-7.993061817082114,-4.078700923373704,-3.2626193063384488,-1.163918698162713,-1.2744139498726965,1.0549002217385743,1.8079223914827125,4.315894689496091,1.7710944288529769,2.3280639199371476,8.979546422099492,6.765145114028644,6.4922877228802,4.687828418124894,3.688489745240146,7.512352226337676,-1.7051033911668567,-1.1867840884420613,-3.5299273699318015,-0.8105676069300521,-5.913661620738954,-2.5516939977856725,-3.851703451644248,-4.221841673504789,-3.4535150948404123,-4.050262066007433,-2.6250795257250576,-3.6723559075789525,-2.4783268593716854,4.1545525812289865,0.21306288281869107,-0.24601636942965555,-2.6656917409007534,0.4683570641367676,2.0827209977322236,-3.1209318836037196,0.9950834075324525,1.4257267839585637,7.835774319418615,2.2682151023126056,-5.325470623405855,-1.1435503982236606,-3.00464489500743,-3.2897281481219567,6.770586482163852,1.7962958240611575,10.335219226159841,8.23572504638595,1.1772298164067658,8.855510155730448,10.565545736813258,3.2741488635460825,12.293337575720287,8.505275043604833
Angelique,S03,epbin_Dig_20F_Atp_Par 13 rr fixF8 ica ep1 but chanlocs chansel chanlabels S03.csv,-9.629188378244267,-1.2590810525785232,-9.435794035354798,-4.062306839610715,-6.552396577390194,-11.47580829938208,9.78033514199178,-10.049596966293034,-7.271476124345301,-4.014263934354772,-1.1672938736727996,-3.30658195443686,-3.8623038213975396,-1.730560632146866,-7.993061817082114,-4.078700923373704,-3.2626193063384488,-1.163918698162713,-1.2744139498726965,1.0549002217385743,1.8079223914827125,4.315894689496091,1.7710944288529769,2.3280639199371476,8.979546422099492,6.765145114028644,6.4922877228802,4.687828418124894,3.688489745240146,7.512352226337676,-1.7051033911668567,-1.1867840884420613,-3.5299273699318015,-0.8105676069300521,-5.913661620738954,-2.5516939977856725,-3.851703451644248,-4.221841673504789,-3.4535150948404123,-4.050262066007433,-2.6250795257250576,-3.6723559075789525,-2.4783268593716854,4.1545525812289865,0.21306288281869107,-0.24601636942965555,-2.6656917409007534,0.4683570641367676,2.0827209977322236,-3.1209318836037196,0.9950834075324525,1.4257267839585637,7.835774319418615,2.2682151023126056,-5.325470623405855,-1.1435503982236606,-3.00464489500743,-3.2897281481219567,6.770586482163852,1.7962958240611575,10.335219226159841,8.23572504638595,1.1772298164067658,8.855510155730448,10.565545736813258,3.2741488635460825,12.293337575720287,8.505275043604833
Angelique,S03,epbin_Dig_20F_Std_C1 22 rr fixF8 ica ep1 but chanlocs chansel chanlabels S03.csv,-9.629188378244267,-1.2590810525785232,-9.435794035354798,-4.062306839610715,-6.552396577390194,-11.47580829938208,9.78033514199178,-10.049596966293034,-7.271476124345301,-4.014263934354772,-1.1672938736727996,-3.30658195443686,-3.8623038213975396,-1.730560632146866,-7.993061817082114,-4.078700923373704,-3.2626193063384488,-1.163918698162713,-1.2744139498726965,1.0549002217385743,1.8079223914827125,4.315894689496091,1.7710944288529769,2.3280639199371476,8.979546422099492,6.765145114028644,6.4922877228802,4.687828418124894,3.688489745240146,7.512352226337676,-1.7051033911668567,-1.1867840884420613,-3.5299273699318015,-0.8105676069300521,-5.913661620738954,-2.5516939977856725,-3.851703451644248,-4.221841673504789,-3.4535150948404123,-4.050262066007433,-2.6250795257250576,-3.6723559075789525,-2.4783268593716854,4.1545525812289865,0.21306288281869107,-0.24601636942965555,-2.6656917409007534,0.4683570641367676,2.0827209977322236,-3.1209318836037196,0.9950834075324525,1.4257267839585637,7.835774319418615,2.2682151023126056,-5.325470623405855,-1.1435503982236606,-3.00464489500743,-3.2897281481219567,6.770586482163852,1.7962958240611575,10.335219226159841,8.23572504638595,1.1772298164067658,8.855510155730448,10.565545736813258,3.2741488635460825,12.293337575720287,8.505275043604833
Angelique,S03,epbin_Dig_20F_Std_Par 12 rr fixF8 ica ep1 but chanlocs chansel chanlabels S03.csv,-9.629188378244267,-1.2590810525785232,-9.435794035354798,-4.062306839610715,-6.552396577390194,-11.47580829938208,9.78033514199178,-10.049596966293034,-7.271476124345301,-4.014263934354772,-1.1672938736727996,-3.30658195443686,-3.8623038213975396,-1.730560632146866,-7.993061817082114,-4.078700923373704,-3.2626193063384488,-1.163918698162713,-1.2744139498726965,1.0549002217385743,1.8079223914827125,4.315894689496091,1.7710944288529769,2.3280639199371476,8.979546422099492,6.765145114028644,6.4922877228802,4.687828418124894,3.688489745240146,7.512352226337676,-1.7051033911668567,-1.1867840884420613,-3.5299273699318015,-0.8105676069300521,-5.913661620738954,-2.5516939977856725,-3.851703451644248,-4.221841673504789,-3.4535150948404123,-4.050262066007433,-2.6250795257250576,-3.6723559075789525,-2.4783268593716854,4.1545525812289865,0.21306288281869107,-0.24601636942965555,-2.6656917409007534,0.4683570641367676,2.0827209977322236,-3.1209318836037196,0.9950834075324525,1.4257267839585637,7.835774319418615,2.2682151023126056,-5.325470623405855,-1.1435503982236606,-3.00464489500743,-3.2897281481219567,6.770586482163852,1.7962958240611575,10.335219226159841,8.23572504638595,1.1772298164067658,8.855510155730448,10.565545736813258,3.2741488635460825,12.293337575720287,8.505275043604833
Angelique,S03,epbin_NumWoGE_1F_C1 24 rr fixF8 ica ep1 but chanlocs chansel chanlabels S03.csv,-9.629188378244267,-1.2590810525785232,-9.435794035354798,-4.062306839610715,-6.552396577390194,-11.47580829938208,9.78033514199178,-10.049596966293034,-7.271476124345301,-4.014263934354772,-1.1672938736727996,-3.30658195443686,-3.8623038213975396,-1.730560632146866,-7.993061817082114,-4.078700923373704,-3.2626193063384488,-1.163918698162713,-1.2744139498726965,1.0549002217385743,1.8079223914827125,4.315894689496091,1.7710944288529769,2.3280639199371476,8.979546422099492,6.765145114028644,6.4922877228802,4.687828418124894,3.688489745240146,7.512352226337676,-1.7051033911668567,-1.1867840884420613,-3.5299273699318015,-0.8105676069300521,-5.913661620738954,-2.5516939977856725,-3.851703451644248,-4.221841673504789,-3.4535150948404123,-4.050262066007433,-2.6250795257250576,-3.6723559075789525,-2.4783268593716854,4.1545525812289865,0.21306288281869107,-0.24601636942965555,-2.6656917409007534,0.4683570641367676,2.0827209977322236,-3.1209318836037196,0.9950834075324525,1.4257267839585637,7.835774319418615,2.2682151023126056,-5.325470623405855,-1.1435503982236606,-3.00464489500743,-3.2897281481219567,6.770586482163852,1.7962958240611575,10.335219226159841,8.23572504638595,1.1772298164067658,8.855510155730448,10.565545736813258,3.2741488635460825,12.293337575720287,8.505275043604833
Angelique,S03,epbin_NumWoGE_1F_Par 14 rr fixF8 ica ep1 but chanlocs chansel chanlabels S03.csv,-9.629188378244267,-1.2590810525785232,-9.435794035354798,-4.062306839610715,-6.552396577390194,-11.47580829938208,9.78033514199178,-10.049596966293034,-7.271476124345301,-4.014263934354772,-1.1672938736727996,-3.30658195443686,-3.8623038213975396,-1.730560632146866,-7.993061817082114,-4.078700923373704,-3.2626193063384488,-1.163918698162713,-1.2744139498726965,1.0549002217385743,1.8079223914827125,4.315894689496091,1.7710944288529769,2.3280639199371476,8.979546422099492,6.765145114028644,6.4922877228802,4.687828418124894,3.688489745240146,7.512352226337676,-1.7051033911668567,-1.1867840884420613,-3.5299273699318015,-0.8105676069300521,-5.913661620738954,-2.5516939977856725,-3.851703451644248,-4.221841673504789,-3.4535150948404123,-4.050262066007433,-2.6250795257250576,-3.6723559075789525,-2.4783268593716854,4.1545525812289865,0.21306288281869107,-0.24601636942965555,-2.6656917409007534,0.4683570641367676,2.0827209977322236,-3.1209318836037196,0.9950834075324525,1.4257267839585637,7.835774319418615,2.2682151023126056,-5.325470623405855,-1.1435503982236606,-3.00464489500743,-3.2897281481219567,6.770586482163852,1.7962958240611575,10.335219226159841,8.23572504638595,1.1772298164067658,8.855510155730448,10.565545736813258,3.2741488635460825,12.293337575720287,8.505275043604833
Angelique,S03,epbin_NumWoGE_20F_Atp_C1 26 rr fixF8 ica ep1 but chanlocs chansel chanlabels S03.csv,-9.629188378244267,-1.2590810525785232,-9.435794035354798,-4.062306839610715,-6.552396577390194,-11.47580829938208,9.78033514199178,-10.049596966293034,-7.271476124345301,-4.014263934354772,-1.1672938736727996,-3.30658195443686,-3.8623038213975396,-1.730560632146866,-7.993061817082114,-4.078700923373704,-3.2626193063384488,-1.163918698162713,-1.2744139498726965,1.0549002217385743,1.8079223914827125,4.315894689496091,1.7710944288529769,2.3280639199371476,8.979546422099492,6.765145114028644,6.4922877228802,4.687828418124894,3.688489745240146,7.512352226337676,-1.7051033911668567,-1.1867840884420613,-3.5299273699318015,-0.8105676069300521,-5.913661620738954,-2.5516939977856725,-3.851703451644248,-4.221841673504789,-3.4535150948404123,-4.050262066007433,-2.6250795257250576,-3.6723559075789525,-2.4783268593716854,4.1545525812289865,0.21306288281869107,-0.24601636942965555,-2.6656917409007534,0.4683570641367676,2.0827209977322236,-3.1209318836037196,0.9950834075324525,1.4257267839585637,7.835774319418615,2.2682151023126056,-5.325470623405855,-1.1435503982236606,-3.00464489500743,-3.2897281481219567,6.770586482163852,1.7962958240611575,10.335219226159841,8.23572504638595,1.1772298164067658,8.855510155730448,10.565545736813258,3.2741488635460825,12.293337575720287,8.505275043604833
Angelique,S03,epbin_NumWoGE_20F_Atp_Par 16 rr fixF8 ica ep1 but chanlocs chansel chanlabels S03.csv,-9.629188378244267,-1.2590810525785232,-9.435794035354798,-4.062306839610715,-6.552396577390194,-11.47580829938208,9.78033514199178,-10.049596966293034,-7.271476124345301,-4.014263934354772,-1.1672938736727996,-3.30658195443686,-3.8623038213975396,-1.730560632146866,-7.993061817082114,-4.078700923373704,-3.2626193063384488,-1.163918698162713,-1.2744139498726965,1.0549002217385743,1.8079223914827125,4.315894689496091,1.7710944288529769,2.3280639199371476,8.979546422099492,6.765145114028644,6.4922877228802,4.687828418124894,3.688489745240146,7.512352226337676,-1.7051033911668567,-1.1867840884420613,-3.5299273699318015,-0.8105676069300521,-5.913661620738954,-2.5516939977856725,-3.851703451644248,-4.221841673504789,-3.4535150948404123,-4.050262066007433,-2.6250795257250576,-3.6723559075789525,-2.4783268593716854,4.1545525812289865,0.21306288281869107,-0.24601636942965555,-2.6656917409007534,0.4683570641367676,2.0827209977322236,-3.1209318836037196,0.9950834075324525,1.4257267839585637,7.835774319418615,2.2682151023126056,-5.325470623405855,-1.1435503982236606,-3.00464489500743,-3.2897281481219567,6.770586482163852,1.7962958240611575,10.335219226159841,8.23572504638595,1.1772298164067658,8.855510155730448,10.565545736813258,3.2741488635460825,12.293337575720287,8.505275043604833
Angelique,S03,epbin_NumWoGE_20F_Std_C1 25 rr fixF8 ica ep1 but chanlocs chansel chanlabels S03.csv,-9.629188378244267,-1.2590810525785232,-9.435794035354798,-4.062306839610715,-6.552396577390194,-11.47580829938208,9.78033514199178,-10.049596966293034,-7.271476124345301,-4.014263934354772,-1.1672938736727996,-3.30658195443686,-3.8623038213975396,-1.730560632146866,-7.993061817082114,-4.078700923373704,-3.2626193063384488,-1.163918698162713,-1.2744139498726965,1.0549002217385743,1.8079223914827125,4.315894689496091,1.7710944288529769,2.3280639199371476,8.979546422099492,6.765145114028644,6.4922877228802,4.687828418124894,3.688489745240146,7.512352226337676,-1.7051033911668567,-1.1867840884420613,-3.5299273699318015,-0.8105676069300521,-5.913661620738954,-2.5516939977856725,-3.851703451644248,-4.221841673504789,-3.4535150948404123,-4.050262066007433,-2.6250795257250576,-3.6723559075789525,-2.4783268593716854,4.1545525812289865,0.21306288281869107,-0.24601636942965555,-2.6656917409007534,0.4683570641367676,2.0827209977322236,-3.1209318836037196,0.9950834075324525,1.4257267839585637,7.835774319418615,2.2682151023126056,-5.325470623405855,-1.1435503982236606,-3.00464489500743,-3.2897281481219567,6.770586482163852,1.7962958240611575,10.335219226159841,8.23572504638595,1.1772298164067658,8.855510155730448,10.565545736813258,3.2741488635460825,12.293337575720287,8.505275043604833
Angelique,S03,epbin_NumWoGE_20F_Std_Par 15 rr fixF8 ica ep1 but chanlocs chansel chanlabels S03.csv,-9.629188378244267,-1.2590810525785232,-9.435794035354798,-4.062306839610715,-6.552396577390194,-11.47580829938208,9.78033514199178,-10.049596966293034,-7.271476124345301,-4.014263934354772,-1.1672938736727996,-3.30658195443686,-3.8623038213975396,-1.730560632146866,-7.993061817082114,-4.078700923373704,-3.2626193063384488,-1.163918698162713,-1.2744139498726965,1.0549002217385743,1.8079223914827125,4.315894689496091,1.7710944288529769,2.3280639199371476,8.979546422099492,6.765145114028644,6.4922877228802,4.687828418124894,3.688489745240146,7.512352226337676,-1.7051033911668567,-1.1867840884420613,-3.5299273699318015,-0.8105676069300521,-5.913661620738954,-2.5516939977856725,-3.851703451644248,-4.221841673504789,-3.4535150948404123,-4.050262066007433,-2.6250795257250576,-3.6723559075789525,-2.4783268593716854,4.1545525812289865,0.21306288281869107,-0.24601636942965555,-2.6656917409007534,0.4683570641367676,2.0827209977322236,-3.1209318836037196,0.9950834075324525,1.4257267839585637,7.835774319418615,2.2682151023126056,-5.325470623405855,-1.1435503982236606,-3.00464489500743,-3.2897281481219567,6.770586482163852,1.7962958240611575,10.335219226159841,8.23572504638595,1.1772298164067658,8.855510155730448,10.565545736813258,3.2741488635460825,12.293337575720287,8.505275043604833
Angelique,S04,epbin_Dig_1F_C1 21 rr ica ep1 but chanlocs chansel chanlabels S04.csv,19.605860580407892,5.111685216873581,13.038813629635872,9.913974661361351,6.931292838305695,11.411907653117526,17.959753360912057,4.156821891902045,16.693681330461658,15.585656080008745,13.489707800345183,8.802350628745021,5.666264170019869,12.216821509905161,0.6477752670735609,-4.082847753197077,10.444902474776075,3.3124422685723673,6.171425740063019,0.374087837316033,-3.919112399850558,-0.691580139276239,-27.763430211132796,-31.690559939516607,-38.37008534081436,-11.30297647155746,-28.884970809399384,-44.08122546480232,-15.22700924911824,1.9154261968249595,4.628148789361854,10.038895257424695,10.38001656730736,23.05013804462927,4.914761440531185,8.437337822501501,8.873857181715545,4.370279847047188,5.968099549650821,2.2223492356499692,-6.920362821401365,11.50321749220639,12.577417345498555,11.3154312706533,7.652314428793849,11.049664031564856,11.273933678079137,9.003427748953422,10.071852818193737,10.724903160619274,18.83528130366161,15.114564386452333,9.401708522913852,10.851359258219997,8.131155851987392,11.253743772118762,4.661423674401028,-2.6519571258725096,0.1316393595513438,-0.6990215894909713,-19.1015964020321,-27.179962408313312,-9.868756768921696,4.6540955109920406,-45.82652272974087,-42.11715574280142,-46.431769151854965,-37.73077999100889
Angelique,S04,epbin_Dig_1F_Par 11 rr ica ep1 but chanlocs chansel chanlabels S04.csv,19.605860580407892,5.111685216873581,13.038813629635872,9.913974661361351,6.931292838305695,11.411907653117526,17.959753360912057,4.156821891902045,16.693681330461658,15.585656080008745,13.489707800345183,8.802350628745021,5.666264170019869,12.216821509905161,0.6477752670735609,-4.082847753197077,10.444902474776075,3.3124422685723673,6.171425740063019,0.374087837316033,-3.919112399850558,-0.691580139276239,-27.763430211132796,-31.690559939516607,-38.37008534081436,-11.30297647155746,-28.884970809399384,-44.08122546480232,-15.22700924911824,1.9154261968249595,4.628148789361854,10.038895257424695,10.38001656730736,23.05013804462927,4.914761440531185,8.437337822501501,8.873857181715545,4.370279847047188,5.968099549650821,2.2223492356499692,-6.920362821401365,11.50321749220639,12.577417345498555,11.3154312706533,7.652314428793849,11.049664031564856,11.273933678079137,9.003427748953422,10.071852818193737,10.724903160619274,18.83528130366161,15.114564386452333,9.401708522913852,10.851359258219997,8.131155851987392,11.253743772118762,4.661423674401028,-2.6519571258725096,0.1316393595513438,-0.6990215894909713,-19.1015964020321,-27.179962408313312,-9.868756768921696,4.6540955109920406,-45.82652272974087,-42.11715574280142,-46.431769151854965,-37.73077999100889
Angelique,S04,epbin_Dig_20F_Atp_C1 23 rr ica ep1 but chanlocs chansel chanlabels S04.csv,19.605860580407892,5.111685216873581,13.038813629635872,9.913974661361351,6.931292838305695,11.411907653117526,17.959753360912057,4.156821891902045,16.693681330461658,15.585656080008745,13.489707800345183,8.802350628745021,5.666264170019869,12.216821509905161,0.6477752670735609,-4.082847753197077,10.444902474776075,3.3124422685723673,6.171425740063019,0.374087837316033,-3.919112399850558,-0.691580139276239,-27.763430211132796,-31.690559939516607,-38.37008534081436,-11.30297647155746,-28.884970809399384,-44.08122546480232,-15.22700924911824,1.9154261968249595,4.628148789361854,10.038895257424695,10.38001656730736,23.05013804462927,4.914761440531185,8.437337822501501,8.873857181715545,4.370279847047188,5.968099549650821,2.2223492356499692,-6.920362821401365,11.50321749220639,12.577417345498555,11.3154312706533,7.652314428793849,11.049664031564856,11.273933678079137,9.003427748953422,10.071852818193737,10.724903160619274,18.83528130366161,15.114564386452333,9.401708522913852,10.851359258219997,8.131155851987392,11.253743772118762,4.661423674401028,-2.6519571258725096,0.1316393595513438,-0.6990215894909713,-19.1015964020321,-27.179962408313312,-9.868756768921696,4.6540955109920406,-45.82652272974087,-42.11715574280142,-46.431769151854965,-37.73077999100889
Angelique,S04,epbin_Dig_20F_Atp_Par 13 rr ica ep1 but chanlocs chansel chanlabels S04.csv,19.605860580407892,5.111685216873581,13.038813629635872,9.913974661361351,6.931292838305695,11.411907653117526,17.959753360912057,4.156821891902045,16.693681330461658,15.585656080008745,13.489707800345183,8.802350628745021,5.666264170019869,12.216821509905161,0.6477752670735609,-4.082847753197077,10.444902474776075,3.3124422685723673,6.171425740063019,0.374087837316033,-3.919112399850558,-0.691580139276239,-27.763430211132796,-31.690559939516607,-38.37008534081436,-11.30297647155746,-28.884970809399384,-44.08122546480232,-15.22700924911824,1.9154261968249595,4.628148789361854,10.038895257424695,10.38001656730736,23.05013804462927,4.914761440531185,8.437337822501501,8.873857181715545,4.370279847047188,5.968099549650821,2.2223492356499692,-6.920362821401365,11.50321749220639,12.577417345498555,11.3154312706533,7.652314428793849,11.049664031564856,11.273933678079137,9.003427748953422,10.071852818193737,10.724903160619274,18.83528130366161,15.114564386452333,9.401708522913852,10.851359258219997,8.131155851987392,11.253743772118762,4.661423674401028,-2.6519571258725096,0.1316393595513438,-0.6990215894909713,-19.1015964020321,-27.179962408313312,-9.868756768921696,4.6540955109920406,-45.82652272974087,-42.11715574280142,-46.431769151854965,-37.73077999100889
Angelique,S04,epbin_Dig_20F_Std_C1 22 rr ica ep1 but chanlocs chansel chanlabels S04.csv,19.605860580407892,5.111685216873581,13.038813629635872,9.913974661361351,6.931292838305695,11.411907653117526,17.959753360912057,4.156821891902045,16.693681330461658,15.585656080008745,13.489707800345183,8.802350628745021,5.666264170019869,12.216821509905161,0.6477752670735609,-4.082847753197077,10.444902474776075,3.3124422685723673,6.171425740063019,0.374087837316033,-3.919112399850558,-0.691580139276239,-27.763430211132796,-31.690559939516607,-38.37008534081436,-11.30297647155746,-28.884970809399384,-44.08122546480232,-15.22700924911824,1.9154261968249595,4.628148789361854,10.038895257424695,10.38001656730736,23.05013804462927,4.914761440531185,8.437337822501501,8.873857181715545,4.370279847047188,5.968099549650821,2.2223492356499692,-6.920362821401365,11.50321749220639,12.577417345498555,11.3154312706533,7.652314428793849,11.049664031564856,11.273933678079137,9.003427748953422,10.071852818193737,10.724903160619274,18.83528130366161,15.114564386452333,9.401708522913852,10.851359258219997,8.131155851987392,11.253743772118762,4.661423674401028,-2.6519571258725096,0.1316393595513438,-0.6990215894909713,-19.1015964020321,-27.179962408313312,-9.868756768921696,4.6540955109920406,-45.82652272974087,-42.11715574280142,-46.431769151854965,-37.73077999100889
Angelique,S04,epbin_Dig_20F_Std_Par 12 rr ica ep1 but chanlocs chansel chanlabels S04.csv,19.605860580407892,5.111685216873581,13.038813629635872,9.913974661361351,6.931292838305695,11.411907653117526,17.959753360912057,4.156821891902045,16.693681330461658,15.585656080008745,13.489707800345183,8.802350628745021,5.666264170019869,12.216821509905161,0.6477752670735609,-4.082847753197077,10.444902474776075,3.3124422685723673,6.171425740063019,0.374087837316033,-3.919112399850558,-0.691580139276239,-27.763430211132796,-31.690559939516607,-38.37008534081436,-11.30297647155746,-28.884970809399384,-44.08122546480232,-15.22700924911824,1.9154261968249595,4.628148789361854,10.038895257424695,10.38001656730736,23.05013804462927,4.914761440531185,8.437337822501501,8.873857181715545,4.370279847047188,5.968099549650821,2.2223492356499692,-6.920362821401365,11.50321749220639,12.577417345498555,11.3154312706533,7.652314428793849,11.049664031564856,11.273933678079137,9.003427748953422,10.071852818193737,10.724903160619274,18.83528130366161,15.114564386452333,9.401708522913852,10.851359258219997,8.131155851987392,11.253743772118762,4.661423674401028,-2.6519571258725096,0.1316393595513438,-0.6990215894909713,-19.1015964020321,-27.179962408313312,-9.868756768921696,4.6540955109920406,-45.82652272974087,-42.11715574280142,-46.431769151854965,-37.73077999100889
Angelique,S04,epbin_NumWoGE_1F_C1 24 rr ica ep1 but chanlocs chansel chanlabels S04.csv,19.605860580407892,5.111685216873581,13.038813629635872,9.913974661361351,6.931292838305695,11.411907653117526,17.959753360912057,4.156821891902045,16.693681330461658,15.585656080008745,13.489707800345183,8.802350628745021,5.666264170019869,12.216821509905161,0.6477752670735609,-4.082847753197077,10.444902474776075,3.3124422685723673,6.171425740063019,0.374087837316033,-3.919112399850558,-0.691580139276239,-27.763430211132796,-31.690559939516607,-38.37008534081436,-11.30297647155746,-28.884970809399384,-44.08122546480232,-15.22700924911824,1.9154261968249595,4.628148789361854,10.038895257424695,10.38001656730736,23.05013804462927,4.914761440531185,8.437337822501501,8.873857181715545,4.370279847047188,5.968099549650821,2.2223492356499692,-6.920362821401365,11.50321749220639,12.577417345498555,11.3154312706533,7.652314428793849,11.049664031564856,11.273933678079137,9.003427748953422,10.071852818193737,10.724903160619274,18.83528130366161,15.114564386452333,9.401708522913852,10.851359258219997,8.131155851987392,11.253743772118762,4.661423674401028,-2.6519571258725096,0.1316393595513438,-0.6990215894909713,-19.1015964020321,-27.179962408313312,-9.868756768921696,4.6540955109920406,-45.82652272974087,-42.11715574280142,-46.431769151854965,-37.73077999100889
Angelique,S04,epbin_NumWoGE_1F_Par 14 rr ica ep1 but chanlocs chansel chanlabels S04.csv,19.605860580407892,5.111685216873581,13.038813629635872,9.913974661361351,6.931292838305695,11.411907653117526,17.959753360912057,4.156821891902045,16.693681330461658,15.585656080008745,13.489707800345183,8.802350628745021,5.666264170019869,12.216821509905161,0.6477752670735609,-4.082847753197077,10.444902474776075,3.3124422685723673,6.171425740063019,0.374087837316033,-3.919112399850558,-0.691580139276239,-27.763430211132796,-31.690559939516607,-38.37008534081436,-11.30297647155746,-28.884970809399384,-44.08122546480232,-15.22700924911824,1.9154261968249595,4.628148789361854,10.038895257424695,10.38001656730736,23.05013804462927,4.914761440531185,8.437337822501501,8.873857181715545,4.370279847047188,5.968099549650821,2.2223492356499692,-6.920362821401365,11.50321749220639,12.577417345498555,11.3154312706533,7.652314428793849,11.049664031564856,11.273933678079137,9.003427748953422,10.071852818193737,10.724903160619274,18.83528130366161,15.114564386452333,9.401708522913852,10.851359258219997,8.131155851987392,11.253743772118762,4.661423674401028,-2.6519571258725096,0.1316393595513438,-0.6990215894909713,-19.1015964020321,-27.179962408313312,-9.868756768921696,4.6540955109920406,-45.82652272974087,-42.11715574280142,-46.431769151854965,-37.73077999100889
Angelique,S04,epbin_NumWoGE_20F_Atp_C1 26 rr ica ep1 but chanlocs chansel chanlabels S04.csv,19.605860580407892,5.111685216873581,13.038813629635872,9.913974661361351,6.931292838305695,11.411907653117526,17.959753360912057,4.156821891902045,16.693681330461658,15.585656080008745,13.489707800345183,8.802350628745021,5.666264170019869,12.216821509905161,0.6477752670735609,-4.082847753197077,10.444902474776075,3.3124422685723673,6.171425740063019,0.374087837316033,-3.919112399850558,-0.691580139276239,-27.763430211132796,-31.690559939516607,-38.37008534081436,-11.30297647155746,-28.884970809399384,-44.08122546480232,-15.22700924911824,1.9154261968249595,4.628148789361854,10.038895257424695,10.38001656730736,23.05013804462927,4.914761440531185,8.437337822501501,8.873857181715545,4.370279847047188,5.968099549650821,2.2223492356499692,-6.920362821401365,11.50321749220639,12.577417345498555,11.3154312706533,7.652314428793849,11.049664031564856,11.273933678079137,9.003427748953422,10.071852818193737,10.724903160619274,18.83528130366161,15.114564386452333,9.401708522913852,10.851359258219997,8.131155851987392,11.253743772118762,4.661423674401028,-2.6519571258725096,0.1316393595513438,-0.6990215894909713,-19.1015964020321,-27.179962408313312,-9.868756768921696,4.6540955109920406,-45.82652272974087,-42.11715574280142,-46.431769151854965,-37.73077999100889
Angelique,S04,epbin_NumWoGE_20F_Atp_Par 16 rr ica ep1 but chanlocs chansel chanlabels S04.csv,19.605860580407892,5.111685216873581,13.038813629635872,9.913974661361351,6.931292838305695,11.411907653117526,17.959753360912057,4.156821891902045,16.693681330461658,15.585656080008745,13.489707800345183,8.802350628745021,5.666264170019869,12.216821509905161,0.6477752670735609,-4.082847753197077,10.444902474776075,3.3124422685723673,6.171425740063019,0.374087837316033,-3.919112399850558,-0.691580139276239,-27.763430211132796,-31.690559939516607,-38.37008534081436,-11.30297647155746,-28.884970809399384,-44.08122546480232,-15.22700924911824,1.9154261968249595,4.628148789361854,10.038895257424695,10.38001656730736,23.05013804462927,4.914761440531185,8.437337822501501,8.873857181715545,4.370279847047188,5.968099549650821,2.2223492356499692,-6.920362821401365,11.50321749220639,12.577417345498555,11.3154312706533,7.652314428793849,11.049664031564856,11.273933678079137,9.003427748953422,10.071852818193737,10.724903160619274,18.83528130366161,15.114564386452333,9.401708522913852,10.851359258219997,8.131155851987392,11.253743772118762,4.661423674401028,-2.6519571258725096,0.1316393595513438,-0.6990215894909713,-19.1015964020321,-27.179962408313312,-9.868756768921696,4.6540955109920406,-45.82652272974087,-42.11715574280142,-46.431769151854965,-37.73077999100889
Angelique,S04,epbin_NumWoGE_20F_Std_C1 25 rr ica ep1 but chanlocs chansel chanlabels S04.csv,19.605860580407892,5.111685216873581,13.038813629635872,9.913974661361351,6.931292838305695,11.411907653117526,17.959753360912057,4.156821891902045,16.693681330461658,15.585656080008745,13.489707800345183,8.802350628745021,5.666264170019869,12.216821509905161,0.6477752670735609,-4.082847753197077,10.444902474776075,3.3124422685723673,6.171425740063019,0.374087837316033,-3.919112399850558,-0.691580139276239,-27.763430211132796,-31.690559939516607,-38.37008534081436,-11.30297647155746,-28.884970809399384,-44.08122546480232,-15.22700924911824,1.9154261968249595,4.628148789361854,10.038895257424695,10.38001656730736,23.05013804462927,4.914761440531185,8.437337822501501,8.873857181715545,4.370279847047188,5.968099549650821,2.2223492356499692,-6.920362821401365,11.50321749220639,12.577417345498555,11.3154312706533,7.652314428793849,11.049664031564856,11.273933678079137,9.003427748953422,10.071852818193737,10.724903160619274,18.83528130366161,15.114564386452333,9.401708522913852,10.851359258219997,8.131155851987392,11.253743772118762,4.661423674401028,-2.6519571258725096,0.1316393595513438,-0.6990215894909713,-19.1015964020321,-27.179962408313312,-9.868756768921696,4.6540955109920406,-45.82652272974087,-42.11715574280142,-46.431769151854965,-37.73077999100889
Angelique,S04,epbin_NumWoGE_20F_Std_Par 15 rr ica ep1 but chanlocs chansel chanlabels S04.csv,19.605860580407892,5.111685216873581,13.038813629635872,9.913974661361351,6.931292838305695,11.411907653117526,17.959753360912057,4.156821891902045,16.693681330461658,15.585656080008745,13.489707800345183,8.802350628745021,5.666264170019869,12.216821509905161,0.6477752670735609,-4.082847753197077,10.444902474776075,3.3124422685723673,6.171425740063019,0.374087837316033,-3.919112399850558,-0.691580139276239,-27.763430211132796,-31.690559939516607,-38.37008534081436,-11.30297647155746,-28.884970809399384,-44.08122546480232,-15.22700924911824,1.9154261968249595,4.628148789361854,10.038895257424695,10.38001656730736,23.05013804462927,4.914761440531185,8.437337822501501,8.873857181715545,4.370279847047188,5.968099549650821,2.2223492356499692,-6.920362821401365,11.50321749220639,12.577417345498555,11.3154312706533,7.652314428793849,11.049664031564856,11.273933678079137,9.003427748953422,10.071852818193737,10.724903160619274,18.83528130366161,15.114564386452333,9.401708522913852,10.851359258219997,8.131155851987392,11.253743772118762,4.661423674401028,-2.6519571258725096,0.1316393595513438,-0.6990215894909713,-19.1015964020321,-27.179962408313312,-9.868756768921696,4.6540955109920406,-45.82652272974087,-42.11715574280142,-46.431769151854965,-37.73077999100889
Angelique,S05,epbin_Dig_1F_C1 21 rr icfilt ica ep1 but chanlocs chansel chanlabels S05.csv,-16.79394064342024,12.550744513068183,-5.62158555811523,-14.053382597024237,-15.58349035145531,-10.845729430245063,-6.51878575608819,-10.23827881851863,-4.585309086239482,-11.200545303802388,-12.476448038408929,-6.0166017746513045,-3.3336761526305074,-0.06779196995686501,7.52229959364295,16.083080924521756,15.61696081666241,3.4316739043074094,-0.06731041292151306,8.898792021710907,17.898923703222348,25.024321904339068,34.7864527584493,22.6327600502703,51.15844396186129,22.206043863344046,31.74977739446366,16.298416683339106,15.468433949595568,11.297419178250228,2.1526759010675276,-4.263563509244281,-13.768407802746502,-15.682235809418335,-18.759611321327924,-16.195667593003318,-14.549024941216539,-17.429943414729948,-18.56409776828627,-20.20968296742331,-16.73706350199478,-18.41847264137177,-16.148203952155573,-17.073679359241364,-16.039524027404806,-14.189054120034621,-15.148440536472272,-6.2193630358694,-14.411006905862806,-14.203688745358477,-18.038385772451946,-5.839561793153763,-1.4266631634833393,-9.46953274061846,-11.902718604547372,-7.725155257195033,-1.6940549958387179,-4.748852195512486,4.284453649776638,7.497468859558691,9.26705304019945,13.407671506663625,5.240035825995928,18.25249651012303,36.06673129317264,28.5687056826055,17.32934181094855,11.56735611768439
Angelique,S05,epbin_Dig_1F_Par 11 rr icfilt ica ep1 but chanlocs chansel chanlabels S05.csv,-16.79394064342024,12.550744513068183,-5.62158555811523,-14.053382597024237,-15.58349035145531,-10.845729430245063,-6.51878575608819,-10.23827881851863,-4.585309086239482,-11.200545303802388,-12.476448038408929,-6.0166017746513045,-3.3336761526305074,-0.06779196995686501,7.52229959364295,16.083080924521756,15.61696081666241,3.4316739043074094,-0.06731041292151306,8.898792021710907,17.898923703222348,25.024321904339068,34.7864527584493,22.6327600502703,51.15844396186129,22.206043863344046,31.74977739446366,16.298416683339106,15.468433949595568,11.297419178250228,2.1526759010675276,-4.263563509244281,-13.768407802746502,-15.682235809418335,-18.759611321327924,-16.195667593003318,-14.549024941216539,-17.429943414729948,-18.56409776828627,-20.20968296742331,-16.73706350199478,-18.41847264137177,-16.148203952155573,-17.073679359241364,-16.039524027404806,-14.189054120034621,-15.148440536472272,-6.2193630358694,-14.411006905862806,-14.203688745358477,-18.038385772451946,-5.839561793153763,-1.4266631634833393,-9.46953274061846,-11.902718604547372,-7.725155257195033,-1.6940549958387179,-4.748852195512486,4.284453649776638,7.497468859558691,9.26705304019945,13.407671506663625,5.240035825995928,18.25249651012303,36.06673129317264,28.5687056826055,17.32934181094855,11.56735611768439
Angelique,S05,epbin_Dig_20F_Atp_C1 23 rr icfilt ica ep1 but chanlocs chansel chanlabels S05.csv,-16.79394064342024,12.550744513068183,-5.62158555811523,-14.053382597024237,-15.58349035145531,-10.845729430245063,-6.51878575608819,-10.23827881851863,-4.585309086239482,-11.200545303802388,-12.476448038408929,-6.0166017746513045,-3.3336761526305074,-0.06779196995686501,7.52229959364295,16.083080924521756,15.61696081666241,3.4316739043074094,-0.06731041292151306,8.898792021710907,17.898923703222348,25.024321904339068,34.7864527584493,22.6327600502703,51.15844396186129,22.206043863344046,31.74977739446366,16.298416683339106,15.468433949595568,11.297419178250228,2.1526759010675276,-4.263563509244281,-13.768407802746502,-15.682235809418335,-18.759611321327924,-16.195667593003318,-14.549024941216539,-17.429943414729948,-18.56409776828627,-20.20968296742331,-16.73706350199478,-18.41847264137177,-16.148203952155573,-17.073679359241364,-16.039524027404806,-14.189054120034621,-15.148440536472272,-6.2193630358694,-14.411006905862806,-14.203688745358477,-18.038385772451946,-5.839561793153763,-1.4266631634833393,-9.46953274061846,-11.902718604547372,-7.725155257195033,-1.6940549958387179,-4.748852195512486,4.284453649776638,7.497468859558691,9.26705304019945,13.407671506663625,5.240035825995928,18.25249651012303,36.06673129317264,28.5687056826055,17.32934181094855,11.56735611768439
Angelique,S05,epbin_Dig_20F_Atp_Par 13 rr icfilt ica ep1 but chanlocs chansel chanlabels S05.csv,-16.79394064342024,12.550744513068183,-5.62158555811523,-14.053382597024237,-15.58349035145531,-10.845729430245063,-6.51878575608819,-10.23827881851863,-4.585309086239482,-11.200545303802388,-12.476448038408929,-6.0166017746513045,-3.3336761526305074,-0.06779196995686501,7.52229959364295,16.083080924521756,15.61696081666241,3.4316739043074094,-0.06731041292151306,8.898792021710907,17.898923703222348,25.024321904339068,34.7864527584493,22.6327600502703,51.15844396186129,22.206043863344046,31.74977739446366,16.298416683339106,15.468433949595568,11.297419178250228,2.1526759010675276,-4.263563509244281,-13.768407802746502,-15.682235809418335,-18.759611321327924,-16.195667593003318,-14.549024941216539,-17.429943414729948,-18.56409776828627,-20.20968296742331,-16.73706350199478,-18.41847264137177,-16.148203952155573,-17.073679359241364,-16.039524027404806,-14.189054120034621,-15.148440536472272,-6.2193630358694,-14.411006905862806,-14.203688745358477,-18.038385772451946,-5.839561793153763,-1.4266631634833393,-9.46953274061846,-11.902718604547372,-7.725155257195033,-1.6940549958387179,-4.748852195512486,4.284453649776638,7.497468859558691,9.26705304019945,13.407671506663625,5.240035825995928,18.25249651012303,36.06673129317264,28.5687056826055,17.32934181094855,11.56735611768439
Angelique,S05,epbin_Dig_20F_Std_C1 22 rr icfilt ica ep1 but chanlocs chansel chanlabels S05.csv,-16.79394064342024,12.550744513068183,-5.62158555811523,-14.053382597024237,-15.58349035145531,-10.845729430245063,-6.51878575608819,-10.23827881851863,-4.585309086239482,-11.200545303802388,-12.476448038408929,-6.0166017746513045,-3.3336761526305074,-0.06779196995686501,7.52229959364295,16.083080924521756,15.61696081666241,3.4316739043074094,-0.06731041292151306,8.898792021710907,17.898923703222348,25.024321904339068,34.7864527584493,22.6327600502703,51.15844396186129,22.206043863344046,31.74977739446366,16.298416683339106,15.468433949595568,11.297419178250228,2.1526759010675276,-4.263563509244281,-13.768407802746502,-15.682235809418335,-18.759611321327924,-16.195667593003318,-14.549024941216539,-17.429943414729948,-18.56409776828627,-20.20968296742331,-16.73706350199478,-18.41847264137177,-16.148203952155573,-17.073679359241364,-16.039524027404806,-14.189054120034621,-15.148440536472272,-6.2193630358694,-14.411006905862806,-14.203688745358477,-18.038385772451946,-5.839561793153763,-1.4266631634833393,-9.46953274061846,-11.902718604547372,-7.725155257195033,-1.6940549958387179,-4.748852195512486,4.284453649776638,7.497468859558691,9.26705304019945,13.407671506663625,5.240035825995928,18.25249651012303,36.06673129317264,28.5687056826055,17.32934181094855,11.56735611768439
Angelique,S05,epbin_Dig_20F_Std_Par 12 rr icfilt ica ep1 but chanlocs chansel chanlabels S05.csv,-16.79394064342024,12.550744513068183,-5.62158555811523,-14.053382597024237,-15.58349035145531,-10.845729430245063,-6.51878575608819,-10.23827881851863,-4.585309086239482,-11.200545303802388,-12.476448038408929,-6.0166017746513045,-3.3336761526305074,-0.06779196995686501,7.52229959364295,16.083080924521756,15.61696081666241,3.4316739043074094,-0.06731041292151306,8.898792021710907,17.898923703222348,25.024321904339068,34.7864527584493,22.6327600502703,51.15844396186129,22.206043863344046,31.74977739446366,16.298416683339106,15.468433949595568,11.297419178250228,2.1526759010675276,-4.263563509244281,-13.768407802746502,-15.682235809418335,-18.759611321327924,-16.195667593003318,-14.549024941216539,-17.429943414729948,-18.56409776828627,-20.20968296742331,-16.73706350199478,-18.41847264137177,-16.148203952155573,-17.073679359241364,-16.039524027404806,-14.189054120034621,-15.148440536472272,-6.2193630358694,-14.411006905862806,-14.203688745358477,-18.038385772451946,-5.839561793153763,-1.4266631634833393,-9.46953274061846,-11.902718604547372,-7.725155257195033,-1.6940549958387179,-4.748852195512486,4.284453649776638,7.497468859558691,9.26705304019945,13.407671506663625,5.240035825995928,18.25249651012303,36.06673129317264,28.5687056826055,17.32934181094855,11.56735611768439
Angelique,S05,epbin_NumWoGE_1F_C1 24 rr icfilt ica ep1 but chanlocs chansel chanlabels S05.csv,-16.79394064342024,12.550744513068183,-5.62158555811523,-14.053382597024237,-15.58349035145531,-10.845729430245063,-6.51878575608819,-10.23827881851863,-4.585309086239482,-11.200545303802388,-12.476448038408929,-6.0166017746513045,-3.3336761526305074,-0.06779196995686501,7.52229959364295,16.083080924521756,15.61696081666241,3.4316739043074094,-0.06731041292151306,8.898792021710907,17.898923703222348,25.024321904339068,34.7864527584493,22.6327600502703,51.15844396186129,22.206043863344046,31.74977739446366,16.298416683339106,15.468433949595568,11.297419178250228,2.1526759010675276,-4.263563509244281,-13.768407802746502,-15.682235809418335,-18.759611321327924,-16.195667593003318,-14.549024941216539,-17.429943414729948,-18.56409776828627,-20.20968296742331,-16.73706350199478,-18.41847264137177,-16.148203952155573,-17.073679359241364,-16.039524027404806,-14.189054120034621,-15.148440536472272,-6.2193630358694,-14.411006905862806,-14.203688745358477,-18.038385772451946,-5.839561793153763,-1.4266631634833393,-9.46953274061846,-11.902718604547372,-7.725155257195033,-1.6940549958387179,-4.748852195512486,4.284453649776638,7.497468859558691,9.26705304019945,13.407671506663625,5.240035825995928,18.25249651012303,36.06673129317264,28.5687056826055,17.32934181094855,11.56735611768439
Angelique,S05,epbin_NumWoGE_1F_Par 14 rr icfilt ica ep1 but chanlocs chansel chanlabels S05.csv,-16.79394064342024,12.550744513068183,-5.62158555811523,-14.053382597024237,-15.58349035145531,-10.845729430245063,-6.51878575608819,-10.23827881851863,-4.585309086239482,-11.200545303802388,-12.476448038408929,-6.0166017746513045,-3.3336761526305074,-0.06779196995686501,7.52229959364295,16.083080924521756,15.61696081666241,3.4316739043074094,-0.06731041292151306,8.898792021710907,17.898923703222348,25.024321904339068,34.7864527584493,22.6327600502703,51.15844396186129,22.206043863344046,31.74977739446366,16.298416683339106,15.468433949595568,11.297419178250228,2.1526759010675276,-4.263563509244281,-13.768407802746502,-15.682235809418335,-18.759611321327924,-16.195667593003318,-14.549024941216539,-17.429943414729948,-18.56409776828627,-20.20968296742331,-16.73706350199478,-18.41847264137177,-16.148203952155573,-17.073679359241364,-16.039524027404806,-14.189054120034621,-15.148440536472272,-6.2193630358694,-14.411006905862806,-14.203688745358477,-18.038385772451946,-5.839561793153763,-1.4266631634833393,-9.46953274061846,-11.902718604547372,-7.725155257195033,-1.6940549958387179,-4.748852195512486,4.284453649776638,7.497468859558691,9.26705304019945,13.407671506663625,5.240035825995928,18.25249651012303,36.06673129317264,28.5687056826055,17.32934181094855,11.56735611768439
Angelique,S05,epbin_NumWoGE_20F_Atp_C1 26 rr icfilt ica ep1 but chanlocs chansel chanlabels S05.csv,-16.79394064342024,12.550744513068183,-5.62158555811523,-14.053382597024237,-15.58349035145531,-10.845729430245063,-6.51878575608819,-10.23827881851863,-4.585309086239482,-11.200545303802388,-12.476448038408929,-6.0166017746513045,-3.3336761526305074,-0.06779196995686501,7.52229959364295,16.083080924521756,15.61696081666241,3.4316739043074094,-0.06731041292151306,8.898792021710907,17.898923703222348,25.024321904339068,34.7864527584493,22.6327600502703,51.15844396186129,22.206043863344046,31.74977739446366,16.298416683339106,15.468433949595568,11.297419178250228,2.1526759010675276,-4.263563509244281,-13.768407802746502,-15.682235809418335,-18.759611321327924,-16.195667593003318,-14.549024941216539,-17.429943414729948,-18.56409776828627,-20.20968296742331,-16.73706350199478,-18.41847264137177,-16.148203952155573,-17.073679359241364,-16.039524027404806,-14.189054120034621,-15.148440536472272,-6.2193630358694,-14.411006905862806,-14.203688745358477,-18.038385772451946,-5.839561793153763,-1.4266631634833393,-9.46953274061846,-11.902718604547372,-7.725155257195033,-1.6940549958387179,-4.748852195512486,4.284453649776638,7.497468859558691,9.26705304019945,13.407671506663625,5.240035825995928,18.25249651012303,36.06673129317264,28.5687056826055,17.32934181094855,11.56735611768439
Angelique,S05,epbin_NumWoGE_20F_Atp_Par 16 rr icfilt ica ep1 but chanlocs chansel chanlabels S05.csv,-16.79394064342024,12.550744513068183,-5.62158555811523,-14.053382597024237,-15.58349035145531,-10.845729430245063,-6.51878575608819,-10.23827881851863,-4.585309086239482,-11.200545303802388,-12.476448038408929,-6.0166017746513045,-3.3336761526305074,-0.06779196995686501,7.52229959364295,16.083080924521756,15.61696081666241,3.4316739043074094,-0.06731041292151306,8.898792021710907,17.898923703222348,25.024321904339068,34.7864527584493,22.6327600502703,51.15844396186129,22.206043863344046,31.74977739446366,16.298416683339106,15.468433949595568,11.297419178250228,2.1526759010675276,-4.263563509244281,-13.768407802746502,-15.682235809418335,-18.759611321327924,-16.195667593003318,-14.549024941216539,-17.429943414729948,-18.56409776828627,-20.20968296742331,-16.73706350199478,-18.41847264137177,-16.148203952155573,-17.073679359241364,-16.039524027404806,-14.189054120034621,-15.148440536472272,-6.2193630358694,-14.411006905862806,-14.203688745358477,-18.038385772451946,-5.839561793153763,-1.4266631634833393,-9.46953274061846,-11.902718604547372,-7.725155257195033,-1.6940549958387179,-4.748852195512486,4.284453649776638,7.497468859558691,9.26705304019945,13.407671506663625,5.240035825995928,18.25249651012303,36.06673129317264,28.5687056826055,17.32934181094855,11.56735611768439
Angelique,S05,epbin_NumWoGE_20F_Std_C1 25 rr icfilt ica ep1 but chanlocs chansel chanlabels S05.csv,-16.79394064342024,12.550744513068183,-5.62158555811523,-14.053382597024237,-15.58349035145531,-10.845729430245063,-6.51878575608819,-10.23827881851863,-4.585309086239482,-11.200545303802388,-12.476448038408929,-6.0166017746513045,-3.3336761526305074,-0.06779196995686501,7.52229959364295,16.083080924521756,15.61696081666241,3.4316739043074094,-0.06731041292151306,8.898792021710907,17.898923703222348,25.024321904339068,34.7864527584493,22.6327600502703,51.15844396186129,22.206043863344046,31.74977739446366,16.298416683339106,15.468433949595568,11.297419178250228,2.1526759010675276,-4.263563509244281,-13.768407802746502,-15.682235809418335,-18.759611321327924,-16.195667593003318,-14.549024941216539,-17.429943414729948,-18.56409776828627,-20.20968296742331,-16.73706350199478,-18.41847264137177,-16.148203952155573,-17.073679359241364,-16.039524027404806,-14.189054120034621,-15.148440536472272,-6.2193630358694,-14.411006905862806,-14.203688745358477,-18.038385772451946,-5.839561793153763,-1.4266631634833393,-9.46953274061846,-11.902718604547372,-7.725155257195033,-1.6940549958387179,-4.748852195512486,4.284453649776638,7.497468859558691,9.26705304019945,13.407671506663625,5.240035825995928,18.25249651012303,36.06673129317264,28.5687056826055,17.32934181094855,11.56735611768439
Angelique,S05,epbin_NumWoGE_20F_Std_Par 15 rr icfilt ica ep1 but chanlocs chansel chanlabels S05.csv,-16.79394064342024,12.550744513068183,-5.62158555811523,-14.053382597024237,-15.58349035145531,-10.845729430245063,-6.51878575608819,-10.23827881851863,-4.585309086239482,-11.200545303802388,-12.476448038408929,-6.0166017746513045,-3.3336761526305074,-0.06779196995686501,7.52229959364295,16.083080924521756,15.61696081666241,3.4316739043074094,-0.06731041292151306,8.898792021710907,17.898923703222348,25.024321904339068,34.7864527584493,22.6327600502703,51.15844396186129,22.206043863344046,31.74977739446366,16.298416683339106,15.468433949595568,11.297419178250228,2.1526759010675276,-4.263563509244281,-13.768407802746502,-15.682235809418335,-18.759611321327924,-16.195667593003318,-14.549024941216539,-17.429943414729948,-18.56409776828627,-20.20968296742331,-16.73706350199478,-18.41847264137177,-16.148203952155573,-17.073679359241364,-16.039524027404806,-14.189054120034621,-15.148440536472272,-6.2193630358694,-14.411006905862806,-14.203688745358477,-18.038385772451946,-5.839561793153763,-1.4266631634833393,-9.46953274061846,-11.902718604547372,-7.725155257195033,-1.6940549958387179,-4.748852195512486,4.284453649776638,7.497468859558691,9.26705304019945,13.407671506663625,5.240035825995928,18.25249651012303,36.06673129317264,28.5687056826055,17.32934181094855,11.56735611768439
Angelique,S07,epbin_Dig_1F_C1 21 rr icfilt ica ep1 but chanlocs chansel chanlabels S07.csv,-1.1960246296447843,-3.612543077654348,-4.501552556796699,-4.464008127402589,-2.646285090048461,-2.611997371381223,-2.6021916747514666,-2.234014475636332,-6.1821727251016725,-6.376315947033406,-4.619656572451664,-3.322472032131147,-5.846121120853559,-6.433840309165304,-2.8118320130624697,-2.0037765598128234,-7.418641480126866,-7.588898472561974,-2.9872422050293244,-4.293833978406207,-6.389884590564282,-9.857367735001551,-7.463180989690117,-5.481719893891731,-2.595126809230859,-3.0949794713532106,-4.0518305843121265,8.353325201575784,3.4957453654982,-1.4899697283764641,-3.571236292143867,-3.7308418284854326,-0.027786730814590082,-2.0315939225812727,-1.9884234019906593,-0.722690375836446,-0.626780622188878,-1.6251201284868046,-1.232308495628365,-1.5009492509083777,2.1028804855344903,0.8606284706193724,3.895370061752112,3.4178690007640515,-2.0014196754824995,-1.9017167709300065,0.8458341441025897,-1.0461334181657296,-0.415891912671867,-0.5010021004640808,3.779993232430836,5.1441033701519485,10.03991042542025,5.944066173837427,1.8899332906831556,0.8777929273711905,1.5417126873279317,4.042512982923463,9.693274136674148,15.708189469244333,15.330420885161981,14.2280977419802,7.097838617985891,9.559076391981089,-8.284894130088896,0.45564449078609626,13.070532753768292,14.01151683935602
Angelique,S07,epbin_Dig_1F_Par 11 rr icfilt ica ep1 but chanlocs chansel chanlabels S07.csv,-1.1960246296447843,-3.612543077654348,-4.501552556796699,-4.464008127402589,-2.646285090048461,-2.611997371381223,-2.6021916747514666,-2.234014475636332,-6.1821727251016725,-6.376315947033406,-4.619656572451664,-3.322472032131147,-5.846121120853559,-6.433840309165304,-2.8118320130624697,-2.0037765598128234,-7.418641480126866,-7.588898472561974,-2.9872422050293244,-4.293833978406207,-6.389884590564282,-9.857367735001551,-7.463180989690117,-5.481719893891731,-2.595126809230859,-3.0949794713532106,-4.0518305843121265,8.353325201575784,3.4957453654982,-1.4899697283764641,-3.571236292143867,-3.7308418284854326,-0.027786730814590082,-2.0315939225812727,-1.9884234019906593,-0.722690375836446,-0.626780622188878,-1.6251201284868046,-1.232308495628365,-1.5009492509083777,2.1028804855344903,0.8606284706193724,3.895370061752112,3.4178690007640515,-2.0014196754824995,-1.9017167709300065,0.8458341441025897,-1.0461334181657296,-0.415891912671867,-0.5010021004640808,3.779993232430836,5.1441033701519485,10.03991042542025,5.944066173837427,1.8899332906831556,0.8777929273711905,1.5417126873279317,4.042512982923463,9.693274136674148,15.708189469244333,15.330420885161981,14.2280977419802,7.097838617985891,9.559076391981089,-8.284894130088896,0.45564449078609626,13.070532753768292,14.01151683935602
Angelique,S07,epbin_Dig_20F_Atp_C1 23 rr icfilt ica ep1 but chanlocs chansel chanlabels S07.csv,-1.1960246296447843,-3.612543077654348,-4.501552556796699,-4.464008127402589,-2.646285090048461,-2.611997371381223,-2.6021916747514666,-2.234014475636332,-6.1821727251016725,-6.376315947033406,-4.619656572451664,-3.322472032131147,-5.846121120853559,-6.433840309165304,-2.8118320130624697,-2.0037765598128234,-7.418641480126866,-7.588898472561974,-2.9872422050293244,-4.293833978406207,-6.389884590564282,-9.857367735001551,-7.463180989690117,-5.481719893891731,-2.595126809230859,-3.0949794713532106,-4.0518305843121265,8.353325201575784,3.4957453654982,-1.4899697283764641,-3.571236292143867,-3.7308418284854326,-0.027786730814590082,-2.0315939225812727,-1.9884234019906593,-0.722690375836446,-0.626780622188878,-1.6251201284868046,-1.232308495628365,-1.5009492509083777,2.1028804855344903,0.8606284706193724,3.895370061752112,3.4178690007640515,-2.0014196754824995,-1.9017167709300065,0.8458341441025897,-1.0461334181657296,-0.415891912671867,-0.5010021004640808,3.779993232430836,5.1441033701519485,10.03991042542025,5.944066173837427,1.8899332906831556,0.8777929273711905,1.5417126873279317,4.042512982923463,9.693274136674148,15.708189469244333,15.330420885161981,14.2280977419802,7.097838617985891,9.559076391981089,-8.284894130088896,0.45564449078609626,13.070532753768292,14.01151683935602
Angelique,S07,epbin_Dig_20F_Atp_Par 13 rr icfilt ica ep1 but chanlocs chansel chanlabels S07.csv,-1.1960246296447843,-3.612543077654348,-4.501552556796699,-4.464008127402589,-2.646285090048461,-2.611997371381223,-2.6021916747514666,-2.234014475636332,-6.1821727251016725,-6.376315947033406,-4.619656572451664,-3.322472032131147,-5.846121120853559,-6.433840309165304,-2.8118320130624697,-2.0037765598128234,-7.418641480126866,-7.588898472561974,-2.9872422050293244,-4.293833978406207,-6.389884590564282,-9.857367735001551,-7.463180989690117,-5.481719893891731,-2.595126809230859,-3.0949794713532106,-4.0518305843121265,8.353325201575784,3.4957453654982,-1.4899697283764641,-3.571236292143867,-3.7308418284854326,-0.027786730814590082,-2.0315939225812727,-1.9884234019906593,-0.722690375836446,-0.626780622188878,-1.6251201284868046,-1.232308495628365,-1.5009492509083777,2.1028804855344903,0.8606284706193724,3.895370061752112,3.4178690007640515,-2.0014196754824995,-1.9017167709300065,0.8458341441025897,-1.0461334181657296,-0.415891912671867,-0.5010021004640808,3.779993232430836,5.1441033701519485,10.03991042542025,5.944066173837427,1.8899332906831556,0.8777929273711905,1.5417126873279317,4.042512982923463,9.693274136674148,15.708189469244333,15.330420885161981,14.2280977419802,7.097838617985891,9.559076391981089,-8.284894130088896,0.45564449078609626,13.070532753768292,14.01151683935602
Angelique,S07,epbin_Dig_20F_Std_C1 22 rr icfilt ica ep1 but chanlocs chansel chanlabels S07.csv,-1.1960246296447843,-3.612543077654348,-4.501552556796699,-4.464008127402589,-2.646285090048461,-2.611997371381223,-2.6021916747514666,-2.234014475636332,-6.1821727251016725,-6.376315947033406,-4.619656572451664,-3.322472032131147,-5.846121120853559,-6.433840309165304,-2.8118320130624697,-2.0037765598128234,-7.418641480126866,-7.588898472561974,-2.9872422050293244,-4.293833978406207,-6.389884590564282,-9.857367735001551,-7.463180989690117,-5.481719893891731,-2.595126809230859,-3.0949794713532106,-4.0518305843121265,8.353325201575784,3.4957453654982,-1.4899697283764641,-3.571236292143867,-3.7308418284854326,-0.027786730814590082,-2.0315939225812727,-1.9884234019906593,-0.722690375836446,-0.626780622188878,-1.6251201284868046,-1.232308495628365,-1.5009492509083777,2.1028804855344903,0.8606284706193724,3.895370061752112,3.4178690007640515,-2.0014196754824995,-1.9017167709300065,0.8458341441025897,-1.0461334181657296,-0.415891912671867,-0.5010021004640808,3.779993232430836,5.1441033701519485,10.03991042542025,5.944066173837427,1.8899332906831556,0.8777929273711905,1.5417126873279317,4.042512982923463,9.693274136674148,15.708189469244333,15.330420885161981,14.2280977419802,7.097838617985891,9.559076391981089,-8.284894130088896,0.45564449078609626,13.070532753768292,14.01151683935602
Angelique,S07,epbin_Dig_20F_Std_Par 12 rr icfilt ica ep1 but chanlocs chansel chanlabels S07.csv,-1.1960246296447843,-3.612543077654348,-4.501552556796699,-4.464008127402589,-2.646285090048461,-2.611997371381223,-2.6021916747514666,-2.234014475636332,-6.1821727251016725,-6.376315947033406,-4.619656572451664,-3.322472032131147,-5.846121120853559,-6.433840309165304,-2.8118320130624697,-2.0037765598128234,-7.418641480126866,-7.588898472561974,-2.9872422050293244,-4.293833978406207,-6.389884590564282,-9.857367735001551,-7.463180989690117,-5.481719893891731,-2.595126809230859,-3.0949794713532106,-4.0518305843121265,8.353325201575784,3.4957453654982,-1.4899697283764641,-3.571236292143867,-3.7308418284854326,-0.027786730814590082,-2.0315939225812727,-1.9884234019906593,-0.722690375836446,-0.626780622188878,-1.6251201284868046,-1.232308495628365,-1.5009492509083777,2.1028804855344903,0.8606284706193724,3.895370061752112,3.4178690007640515,-2.0014196754824995,-1.9017167709300065,0.8458341441025897,-1.0461334181657296,-0.415891912671867,-0.5010021004640808,3.779993232430836,5.1441033701519485,10.03991042542025,5.944066173837427,1.8899332906831556,0.8777929273711905,1.5417126873279317,4.042512982923463,9.693274136674148,15.708189469244333,15.330420885161981,14.2280977419802,7.097838617985891,9.559076391981089,-8.284894130088896,0.45564449078609626,13.070532753768292,14.01151683935602
Angelique,S07,epbin_NumWoGE_1F_C1 24 rr icfilt ica ep1 but chanlocs chansel chanlabels S07.csv,-1.1960246296447843,-3.612543077654348,-4.501552556796699,-4.464008127402589,-2.646285090048461,-2.611997371381223,-2.6021916747514666,-2.234014475636332,-6.1821727251016725,-6.376315947033406,-4.619656572451664,-3.322472032131147,-5.846121120853559,-6.433840309165304,-2.8118320130624697,-2.0037765598128234,-7.418641480126866,-7.588898472561974,-2.9872422050293244,-4.293833978406207,-6.389884590564282,-9.857367735001551,-7.463180989690117,-5.481719893891731,-2.595126809230859,-3.0949794713532106,-4.0518305843121265,8.353325201575784,3.4957453654982,-1.4899697283764641,-3.571236292143867,-3.7308418284854326,-0.027786730814590082,-2.0315939225812727,-1.9884234019906593,-0.722690375836446,-0.626780622188878,-1.6251201284868046,-1.232308495628365,-1.5009492509083777,2.1028804855344903,0.8606284706193724,3.895370061752112,3.4178690007640515,-2.0014196754824995,-1.9017167709300065,0.8458341441025897,-1.0461334181657296,-0.415891912671867,-0.5010021004640808,3.779993232430836,5.1441033701519485,10.03991042542025,5.944066173837427,1.8899332906831556,0.8777929273711905,1.5417126873279317,4.042512982923463,9.693274136674148,15.708189469244333,15.330420885161981,14.2280977419802,7.097838617985891,9.559076391981089,-8.284894130088896,0.45564449078609626,13.070532753768292,14.01151683935602
Angelique,S07,epbin_NumWoGE_1F_Par 14 rr icfilt ica ep1 but chanlocs chansel chanlabels S07.csv,-1.1960246296447843,-3.612543077654348,-4.501552556796699,-4.464008127402589,-2.646285090048461,-2.611997371381223,-2.6021916747514666,-2.234014475636332,-6.1821727251016725,-6.376315947033406,-4.619656572451664,-3.322472032131147,-5.846121120853559,-6.433840309165304,-2.8118320130624697,-2.0037765598128234,-7.418641480126866,-7.588898472561974,-2.9872422050293244,-4.293833978406207,-6.389884590564282,-9.857367735001551,-7.463180989690117,-5.481719893891731,-2.595126809230859,-3.0949794713532106,-4.0518305843121265,8.353325201575784,3.4957453654982,-1.4899697283764641,-3.571236292143867,-3.7308418284854326,-0.027786730814590082,-2.0315939225812727,-1.9884234019906593,-0.722690375836446,-0.626780622188878,-1.6251201284868046,-1.232308495628365,-1.5009492509083777,2.1028804855344903,0.8606284706193724,3.895370061752112,3.4178690007640515,-2.0014196754824995,-1.9017167709300065,0.8458341441025897,-1.0461334181657296,-0.415891912671867,-0.5010021004640808,3.779993232430836,5.1441033701519485,10.03991042542025,5.944066173837427,1.8899332906831556,0.8777929273711905,1.5417126873279317,4.042512982923463,9.693274136674148,15.708189469244333,15.330420885161981,14.2280977419802,7.097838617985891,9.559076391981089,-8.284894130088896,0.45564449078609626,13.070532753768292,14.01151683935602
Angelique,S07,epbin_NumWoGE_20F_Atp_C1 26 rr icfilt ica ep1 but chanlocs chansel chanlabels S07.csv,-1.1960246296447843,-3.612543077654348,-4.501552556796699,-4.464008127402589,-2.646285090048461,-2.611997371381223,-2.6021916747514666,-2.234014475636332,-6.1821727251016725,-6.376315947033406,-4.619656572451664,-3.322472032131147,-5.846121120853559,-6.433840309165304,-2.8118320130624697,-2.0037765598128234,-7.418641480126866,-7.588898472561974,-2.9872422050293244,-4.293833978406207,-6.389884590564282,-9.857367735001551,-7.463180989690117,-5.481719893891731,-2.595126809230859,-3.0949794713532106,-4.0518305843121265,8.353325201575784,3.4957453654982,-1.4899697283764641,-3.571236292143867,-3.7308418284854326,-0.027786730814590082,-2.0315939225812727,-1.9884234019906593,-0.722690375836446,-0.626780622188878,-1.6251201284868046,-1.232308495628365,-1.5009492509083777,2.1028804855344903,0.8606284706193724,3.895370061752112,3.4178690007640515,-2.0014196754824995,-1.9017167709300065,0.8458341441025897,-1.0461334181657296,-0.415891912671867,-0.5010021004640808,3.779993232430836,5.1441033701519485,10.03991042542025,5.944066173837427,1.8899332906831556,0.8777929273711905,1.5417126873279317,4.042512982923463,9.693274136674148,15.708189469244333,15.330420885161981,14.2280977419802,7.097838617985891,9.559076391981089,-8.284894130088896,0.45564449078609626,13.070532753768292,14.01151683935602
Angelique,S07,epbin_NumWoGE_20F_Atp_Par 16 rr icfilt ica ep1 but chanlocs chansel chanlabels S07.csv,-1.1960246296447843,-3.612543077654348,-4.501552556796699,-4.464008127402589,-2.646285090048461,-2.611997371381223,-2.6021916747514666,-2.234014475636332,-6.1821727251016725,-6.376315947033406,-4.619656572451664,-3.322472032131147,-5.846121120853559,-6.433840309165304,-2.8118320130624697,-2.0037765598128234,-7.418641480126866,-7.588898472561974,-2.9872422050293244,-4.293833978406207,-6.389884590564282,-9.857367735001551,-7.463180989690117,-5.481719893891731,-2.595126809230859,-3.0949794713532106,-4.0518305843121265,8.353325201575784,3.4957453654982,-1.4899697283764641,-3.571236292143867,-3.7308418284854326,-0.027786730814590082,-2.0315939225812727,-1.9884234019906593,-0.722690375836446,-0.626780622188878,-1.6251201284868046,-1.232308495628365,-1.5009492509083777,2.1028804855344903,0.8606284706193724,3.895370061752112,3.4178690007640515,-2.0014196754824995,-1.9017167709300065,0.8458341441025897,-1.0461334181657296,-0.415891912671867,-0.5010021004640808,3.779993232430836,5.1441033701519485,10.03991042542025,5.944066173837427,1.8899332906831556,0.8777929273711905,1.5417126873279317,4.042512982923463,9.693274136674148,15.708189469244333,15.330420885161981,14.2280977419802,7.097838617985891,9.559076391981089,-8.284894130088896,0.45564449078609626,13.070532753768292,14.01151683935602
Angelique,S07,epbin_NumWoGE_20F_Std_C1 25 rr icfilt ica ep1 but chanlocs chansel chanlabels S07.csv,-1.1960246296447843,-3.612543077654348,-4.501552556796699,-4.464008127402589,-2.646285090048461,-2.611997371381223,-2.6021916747514666,-2.234014475636332,-6.1821727251016725,-6.376315947033406,-4.619656572451664,-3.322472032131147,-5.846121120853559,-6.433840309165304,-2.8118320130624697,-2.0037765598128234,-7.418641480126866,-7.588898472561974,-2.9872422050293244,-4.293833978406207,-6.389884590564282,-9.857367735001551,-7.463180989690117,-5.481719893891731,-2.595126809230859,-3.0949794713532106,-4.0518305843121265,8.353325201575784,3.4957453654982,-1.4899697283764641,-3.571236292143867,-3.7308418284854326,-0.027786730814590082,-2.0315939225812727,-1.9884234019906593,-0.722690375836446,-0.626780622188878,-1.6251201284868046,-1.232308495628365,-1.5009492509083777,2.1028804855344903,0.8606284706193724,3.895370061752112,3.4178690007640515,-2.0014196754824995,-1.9017167709300065,0.8458341441025897,-1.0461334181657296,-0.415891912671867,-0.5010021004640808,3.779993232430836,5.1441033701519485,10.03991042542025,5.944066173837427,1.8899332906831556,0.8777929273711905,1.5417126873279317,4.042512982923463,9.693274136674148,15.708189469244333,15.330420885161981,14.2280977419802,7.097838617985891,9.559076391981089,-8.284894130088896,0.45564449078609626,13.070532753768292,14.01151683935602
Angelique,S07,epbin_NumWoGE_20F_Std_Par 15 rr icfilt ica ep1 but chanlocs chansel chanlabels S07.csv,-1.1960246296447843,-3.612543077654348,-4.501552556796699,-4.464008127402589,-2.646285090048461,-2.611997371381223,-2.6021916747514666,-2.234014475636332,-6.1821727251016725,-6.376315947033406,-4.619656572451664,-3.322472032131147,-5.846121120853559,-6.433840309165304,-2.8118320130624697,-2.0037765598128234,-7.418641480126866,-7.588898472561974,-2.9872422050293244,-4.293833978406207,-6.389884590564282,-9.857367735001551,-7.463180989690117,-5.481719893891731,-2.595126809230859,-3.0949794713532106,-4.0518305843121265,8.353325201575784,3.4957453654982,-1.4899697283764641,-3.571236292143867,-3.7308418284854326,-0.027786730814590082,-2.0315939225812727,-1.9884234019906593,-0.722690375836446,-0.626780622188878,-1.6251201284868046,-1.232308495628365,-1.5009492509083777,2.1028804855344903,0.8606284706193724,3.895370061752112,3.4178690007640515,-2.0014196754824995,-1.9017167709300065,0.8458341441025897,-1.0461334181657296,-0.415891912671867,-0.5010021004640808,3.779993232430836,5.1441033701519485,10.03991042542025,5.944066173837427,1.8899332906831556,0.8777929273711905,1.5417126873279317,4.042512982923463,9.693274136674148,15.708189469244333,15.330420885161981,14.2280977419802,7.097838617985891,9.559076391981089,-8.284894130088896,0.45564449078609626,13.070532753768292,14.01151683935602
Angelique,S08,epbin_Dig_1F_C1 21 rr fixPO8 icfilt ica ep1 but chanlocs chansel chanlabels S08.csv,-5.505853356388292,-3.081973791215964,3.9908707065605684,8.171653484344162,2.9264104385430176,6.047855868038565,-0.8021050694199483,-3.1636658691723176,0.7286433697434117,10.70366117887582,9.92363928725075,6.489120870390965,10.025626643296786,-27.604619722719782,-3.8782291773232873,-5.225451554137505,3.6081317652875793,2.813911036777089,7.673961197262867,-1.0791623741041374,-6.160525910406164,-11.401434142641445,-1.3644102055356713,-7.090315046660079,-15.880339506742665,-12.125438969570755,-24.394989332060945,-21.337106059245418,-24.161847941180397,-9.71010179397276,4.403692051595644,10.684791805116243,-4.14530269817855,-6.192550150571509,3.247784568603267,3.8047923281553233,4.927521954243827,9.985664420875324,11.080957920817697,25.25146034159022,23.757336954505675,-4.616691785767339,-2.1787765510650963,9.11711625055165,12.504154965312626,15.978718224854104,16.67312896368204,14.155520375323183,17.797802307982067,19.059572222699273,4.442554925414862,-3.6037673825786807,-4.3570804029651065,1.168591925139642,13.667709790747185,10.208886950423313,5.582946539757267,4.269266092108733,-0.12223400307902983,-3.9292701921081576,-18.208713365368293,-8.380668670017855,-5.604260172618784,-15.608476752936848,-12.015020019091029,-20.826709976626493,-15.96004812447555,-5.15631045792582
Angelique,S08,epbin_Dig_1F_Par 11 rr fixPO8 icfilt ica ep1 but chanlocs chansel chanlabels S08.csv,-5.505853356388292,-3.081973791215964,3.9908707065605684,8.171653484344162,2.9264104385430176,6.047855868038565,-0.8021050694199483,-3.1636658691723176,0.7286433697434117,10.70366117887582,9.92363928725075,6.489120870390965,10.025626643296786,-27.604619722719782,-3.8782291773232873,-5.225451554137505,3.6081317652875793,2.813911036777089,7.673961197262867,-1.0791623741041374,-6.160525910406164,-11.401434142641445,-1.3644102055356713,-7.090315046660079,-15.880339506742665,-12.125438969570755,-24.394989332060945,-21.337106059245418,-24.161847941180397,-9.71010179397276,4.403692051595644,10.684791805116243,-4.14530269817855,-6.192550150571509,3.247784568603267,3.8047923281553233,4.927521954243827,9.985664420875324,11.080957920817697,25.25146034159022,23.757336954505675,-4.616691785767339,-2.1787765510650963,9.11711625055165,12.504154965312626,15.978718224854104,16.67312896368204,14.155520375323183,17.797802307982067,19.059572222699273,4.442554925414862,-3.6037673825786807,-4.3570804029651065,1.168591925139642,13.667709790747185,10.208886950423313,5.582946539757267,4.269266092108733,-0.12223400307902983,-3.9292701921081576,-18.208713365368293,-8.380668670017855,-5.604260172618784,-15.608476752936848,-12.015020019091029,-20.826709976626493,-15.96004812447555,-5.15631045792582
Angelique,S08,epbin_Dig_20F_Atp_C1 23 rr fixPO8 icfilt ica ep1 but chanlocs chansel chanlabels S08.csv,-5.505853356388292,-3.081973791215964,3.9908707065605684,8.171653484344162,2.9264104385430176,6.047855868038565,-0.8021050694199483,-3.1636658691723176,0.7286433697434117,10.70366117887582,9.92363928725075,6.489120870390965,10.025626643296786,-27.604619722719782,-3.8782291773232873,-5.225451554137505,3.6081317652875793,2.813911036777089,7.673961197262867,-1.0791623741041374,-6.160525910406164,-11.401434142641445,-1.3644102055356713,-7.090315046660079,-15.880339506742665,-12.125438969570755,-24.394989332060945,-21.337106059245418,-24.161847941180397,-9.71010179397276,4.403692051595644,10.684791805116243,-4.14530269817855,-6.192550150571509,3.247784568603267,3.8047923281553233,4.927521954243827,9.985664420875324,11.080957920817697,25.25146034159022,23.757336954505675,-4.616691785767339,-2.1787765510650963,9.11711625055165,12.504154965312626,15.978718224854104,16.67312896368204,14.155520375323183,17.797802307982067,19.059572222699273,4.442554925414862,-3.6037673825786807,-4.3570804029651065,1.168591925139642,13.667709790747185,10.208886950423313,5.582946539757267,4.269266092108733,-0.12223400307902983,-3.9292701921081576,-18.208713365368293,-8.380668670017855,-5.604260172618784,-15.608476752936848,-12.015020019091029,-20.826709976626493,-15.96004812447555,-5.15631045792582
Angelique,S08,epbin_Dig_20F_Atp_Par 13 rr fixPO8 icfilt ica ep1 but chanlocs chansel chanlabels S08.csv,-5.505853356388292,-3.081973791215964,3.9908707065605684,8.171653484344162,2.9264104385430176,6.047855868038565,-0.8021050694199483,-3.1636658691723176,0.7286433697434117,10.70366117887582,9.92363928725075,6.489120870390965,10.025626643296786,-27.604619722719782,-3.8782291773232873,-5.225451554137505,3.6081317652875793,2.813911036777089,7.673961197262867,-1.0791623741041374,-6.160525910406164,-11.401434142641445,-1.3644102055356713,-7.090315046660079,-15.880339506742665,-12.125438969570755,-24.394989332060945,-21.337106059245418,-24.161847941180397,-9.71010179397276,4.403692051595644,10.684791805116243,-4.14530269817855,-6.192550150571509,3.247784568603267,3.8047923281553233,4.927521954243827,9.985664420875324,11.080957920817697,25.25146034159022,23.757336954505675,-4.616691785767339,-2.1787765510650963,9.11711625055165,12.504154965312626,15.978718224854104,16.67312896368204,14.155520375323183,17.797802307982067,19.059572222699273,4.442554925414862,-3.6037673825786807,-4.3570804029651065,1.168591925139642,13.667709790747185,10.208886950423313,5.582946539757267,4.269266092108733,-0.12223400307902983,-3.9292701921081576,-18.208713365368293,-8.380668670017855,-5.604260172618784,-15.608476752936848,-12.015020019091029,-20.826709976626493,-15.96004812447555,-5.15631045792582
Angelique,S08,epbin_Dig_20F_Std_C1 22 rr fixPO8 icfilt ica ep1 but chanlocs chansel chanlabels S08.csv,-5.505853356388292,-3.081973791215964,3.9908707065605684,8.171653484344162,2.9264104385430176,6.047855868038565,-0.8021050694199483,-3.1636658691723176,0.7286433697434117,10.70366117887582,9.92363928725075,6.489120870390965,10.025626643296786,-27.604619722719782,-3.8782291773232873,-5.225451554137505,3.6081317652875793,2.813911036777089,7.673961197262867,-1.0791623741041374,-6.160525910406164,-11.401434142641445,-1.3644102055356713,-7.090315046660079,-15.880339506742665,-12.125438969570755,-24.394989332060945,-21.337106059245418,-24.161847941180397,-9.71010179397276,4.403692051595644,10.684791805116243,-4.14530269817855,-6.192550150571509,3.247784568603267,3.8047923281553233,4.927521954243827,9.985664420875324,11.080957920817697,25.25146034159022,23.757336954505675,-4.616691785767339,-2.1787765510650963,9.11711625055165,12.504154965312626,15.978718224854104,16.67312896368204,14.155520375323183,17.797802307982067,19.059572222699273,4.442554925414862,-3.6037673825786807,-4.3570804029651065,1.168591925139642,13.667709790747185,10.208886950423313,5.582946539757267,4.269266092108733,-0.12223400307902983,-3.9292701921081576,-18.208713365368293,-8.380668670017855,-5.604260172618784,-15.608476752936848,-12.015020019091029,-20.826709976626493,-15.96004812447555,-5.15631045792582
Angelique,S08,epbin_Dig_20F_Std_Par 12 rr fixPO8 icfilt ica ep1 but chanlocs chansel chanlabels S08.csv,-5.505853356388292,-3.081973791215964,3.9908707065605684,8.171653484344162,2.9264104385430176,6.047855868038565,-0.8021050694199483,-3.1636658691723176,0.7286433697434117,10.70366117887582,9.92363928725075,6.489120870390965,10.025626643296786,-27.604619722719782,-3.8782291773232873,-5.225451554137505,3.6081317652875793,2.813911036777089,7.673961197262867,-1.0791623741041374,-6.160525910406164,-11.401434142641445,-1.3644102055356713,-7.090315046660079,-15.880339506742665,-12.125438969570755,-24.394989332060945,-21.337106059245418,-24.161847941180397,-9.71010179397276,4.403692051595644,10.684791805116243,-4.14530269817855,-6.192550150571509,3.247784568603267,3.8047923281553233,4.927521954243827,9.985664420875324,11.080957920817697,25.25146034159022,23.757336954505675,-4.616691785767339,-2.1787765510650963,9.11711625055165,12.504154965312626,15.978718224854104,16.67312896368204,14.155520375323183,17.797802307982067,19.059572222699273,4.442554925414862,-3.6037673825786807,-4.3570804029651065,1.168591925139642,13.667709790747185,10.208886950423313,5.582946539757267,4.269266092108733,-0.12223400307902983,-3.9292701921081576,-18.208713365368293,-8.380668670017855,-5.604260172618784,-15.608476752936848,-12.015020019091029,-20.826709976626493,-15.96004812447555,-5.15631045792582
Angelique,S08,epbin_NumWoGE_1F_C1 24 rr fixPO8 icfilt ica ep1 but chanlocs chansel chanlabels S08.csv,-5.505853356388292,-3.081973791215964,3.9908707065605684,8.171653484344162,2.9264104385430176,6.047855868038565,-0.8021050694199483,-3.1636658691723176,0.7286433697434117,10.70366117887582,9.92363928725075,6.489120870390965,10.025626643296786,-27.604619722719782,-3.8782291773232873,-5.225451554137505,3.6081317652875793,2.813911036777089,7.673961197262867,-1.0791623741041374,-6.160525910406164,-11.401434142641445,-1.3644102055356713,-7.090315046660079,-15.880339506742665,-12.125438969570755,-24.394989332060945,-21.337106059245418,-24.161847941180397,-9.71010179397276,4.403692051595644,10.684791805116243,-4.14530269817855,-6.192550150571509,3.247784568603267,3.8047923281553233,4.927521954243827,9.985664420875324,11.080957920817697,25.25146034159022,23.757336954505675,-4.616691785767339,-2.1787765510650963,9.11711625055165,12.504154965312626,15.978718224854104,16.67312896368204,14.155520375323183,17.797802307982067,19.059572222699273,4.442554925414862,-3.6037673825786807,-4.3570804029651065,1.168591925139642,13.667709790747185,10.208886950423313,5.582946539757267,4.269266092108733,-0.12223400307902983,-3.9292701921081576,-18.208713365368293,-8.380668670017855,-5.604260172618784,-15.608476752936848,-12.015020019091029,-20.826709976626493,-15.96004812447555,-5.15631045792582
Angelique,S08,epbin_NumWoGE_1F_Par 14 rr fixPO8 icfilt ica ep1 but chanlocs chansel chanlabels S08.csv,-5.505853356388292,-3.081973791215964,3.9908707065605684,8.171653484344162,2.9264104385430176,6.047855868038565,-0.8021050694199483,-3.1636658691723176,0.7286433697434117,10.70366117887582,9.92363928725075,6.489120870390965,10.025626643296786,-27.604619722719782,-3.8782291773232873,-5.225451554137505,3.6081317652875793,2.813911036777089,7.673961197262867,-1.0791623741041374,-6.160525910406164,-11.401434142641445,-1.3644102055356713,-7.090315046660079,-15.880339506742665,-12.125438969570755,-24.394989332060945,-21.337106059245418,-24.161847941180397,-9.71010179397276,4.403692051595644,10.684791805116243,-4.14530269817855,-6.192550150571509,3.247784568603267,3.8047923281553233,4.927521954243827,9.985664420875324,11.080957920817697,25.25146034159022,23.757336954505675,-4.616691785767339,-2.1787765510650963,9.11711625055165,12.504154965312626,15.978718224854104,16.67312896368204,14.155520375323183,17.797802307982067,19.059572222699273,4.442554925414862,-3.6037673825786807,-4.3570804029651065,1.168591925139642,13.667709790747185,10.208886950423313,5.582946539757267,4.269266092108733,-0.12223400307902983,-3.9292701921081576,-18.208713365368293,-8.380668670017855,-5.604260172618784,-15.608476752936848,-12.015020019091029,-20.826709976626493,-15.96004812447555,-5.15631045792582
Angelique,S08,epbin_NumWoGE_20F_Atp_C1 26 rr fixPO8 icfilt ica ep1 but chanlocs chansel chanlabels S08.csv,-5.505853356388292,-3.081973791215964,3.9908707065605684,8.171653484344162,2.9264104385430176,6.047855868038565,-0.8021050694199483,-3.1636658691723176,0.7286433697434117,10.70366117887582,9.92363928725075,6.489120870390965,10.025626643296786,-27.604619722719782,-3.8782291773232873,-5.225451554137505,3.6081317652875793,2.813911036777089,7.673961197262867,-1.0791623741041374,-6.160525910406164,-11.401434142641445,-1.3644102055356713,-7.090315046660079,-15.880339506742665,-12.125438969570755,-24.394989332060945,-21.337106059245418,-24.161847941180397,-9.71010179397276,4.403692051595644,10.684791805116243,-4.14530269817855,-6.192550150571509,3.247784568603267,3.8047923281553233,4.927521954243827,9.985664420875324,11.080957920817697,25.25146034159022,23.757336954505675,-4.616691785767339,-2.1787765510650963,9.11711625055165,12.504154965312626,15.978718224854104,16.67312896368204,14.155520375323183,17.797802307982067,19.059572222699273,4.442554925414862,-3.6037673825786807,-4.3570804029651065,1.168591925139642,13.667709790747185,10.208886950423313,5.582946539757267,4.269266092108733,-0.12223400307902983,-3.9292701921081576,-18.208713365368293,-8.380668670017855,-5.604260172618784,-15.608476752936848,-12.015020019091029,-20.826709976626493,-15.96004812447555,-5.15631045792582
Angelique,S08,epbin_NumWoGE_20F_Atp_Par 16 rr fixPO8 icfilt ica ep1 but chanlocs chansel chanlabels S08.csv,-5.505853356388292,-3.081973791215964,3.9908707065605684,8.171653484344162,2.9264104385430176,6.047855868038565,-0.8021050694199483,-3.1636658691723176,0.7286433697434117,10.70366117887582,9.92363928725075,6.489120870390965,10.025626643296786,-27.604619722719782,-3.8782291773232873,-5.225451554137505,3.6081317652875793,2.813911036777089,7.673961197262867,-1.0791623741041374,-6.160525910406164,-11.401434142641445,-1.3644102055356713,-7.090315046660079,-15.880339506742665,-12.125438969570755,-24.394989332060945,-21.337106059245418,-24.161847941180397,-9.71010179397276,4.403692051595644,10.684791805116243,-4.14530269817855,-6.192550150571509,3.247784568603267,3.8047923281553233,4.927521954243827,9.985664420875324,11.080957920817697,25.25146034159022,23.757336954505675,-4.616691785767339,-2.1787765510650963,9.11711625055165,12.504154965312626,15.978718224854104,16.67312896368204,14.155520375323183,17.797802307982067,19.059572222699273,4.442554925414862,-3.6037673825786807,-4.3570804029651065,1.168591925139642,13.667709790747185,10.208886950423313,5.582946539757267,4.269266092108733,-0.12223400307902983,-3.9292701921081576,-18.208713365368293,-8.380668670017855,-5.604260172618784,-15.608476752936848,-12.015020019091029,-20.826709976626493,-15.96004812447555,-5.15631045792582
Angelique,S08,epbin_NumWoGE_20F_Std_C1 25 rr fixPO8 icfilt ica ep1 but chanlocs chansel chanlabels S08.csv,-5.505853356388292,-3.081973791215964,3.9908707065605684,8.171653484344162,2.9264104385430176,6.047855868038565,-0.8021050694199483,-3.1636658691723176,0.7286433697434117,10.70366117887582,9.92363928725075,6.489120870390965,10.025626643296786,-27.604619722719782,-3.8782291773232873,-5.225451554137505,3.6081317652875793,2.813911036777089,7.673961197262867,-1.0791623741041374,-6.160525910406164,-11.401434142641445,-1.3644102055356713,-7.090315046660079,-15.880339506742665,-12.125438969570755,-24.394989332060945,-21.337106059245418,-24.161847941180397,-9.71010179397276,4.403692051595644,10.684791805116243,-4.14530269817855,-6.192550150571509,3.247784568603267,3.8047923281553233,4.927521954243827,9.985664420875324,11.080957920817697,25.25146034159022,23.757336954505675,-4.616691785767339,-2.1787765510650963,9.11711625055165,12.504154965312626,15.978718224854104,16.67312896368204,14.155520375323183,17.797802307982067,19.059572222699273,4.442554925414862,-3.6037673825786807,-4.3570804029651065,1.168591925139642,13.667709790747185,10.208886950423313,5.582946539757267,4.269266092108733,-0.12223400307902983,-3.9292701921081576,-18.208713365368293,-8.380668670017855,-5.604260172618784,-15.608476752936848,-12.015020019091029,-20.826709976626493,-15.96004812447555,-5.15631045792582
Angelique,S08,epbin_NumWoGE_20F_Std_Par 15 rr fixPO8 icfilt ica ep1 but chanlocs chansel chanlabels S08.csv,-5.505853356388292,-3.081973791215964,3.9908707065605684,8.171653484344162,2.9264104385430176,6.047855868038565,-0.8021050694199483,-3.1636658691723176,0.7286433697434117,10.70366117887582,9.92363928725075,6.489120870390965,10.025626643296786,-27.604619722719782,-3.8782291773232873,-5.225451554137505,3.6081317652875793,2.813911036777089,7.673961197262867,-1.0791623741041374,-6.160525910406164,-11.401434142641445,-1.3644102055356713,-7.090315046660079,-15.880339506742665,-12.125438969570755,-24.394989332060945,-21.337106059245418,-24.161847941180397,-9.71010179397276,4.403692051595644,10.684791805116243,-4.14530269817855,-6.192550150571509,3.247784568603267,3.8047923281553233,4.927521954243827,9.985664420875324,11.080957920817697,25.25146034159022,23.757336954505675,-4.616691785767339,-2.1787765510650963,9.11711625055165,12.504154965312626,15.978718224854104,16.67312896368204,14.155520375323183,17.797802307982067,19.059572222699273,4.442554925414862,-3.6037673825786807,-4.3570804029651065,1.168591925139642,13.667709790747185,10.208886950423313,5.582946539757267,4.269266092108733,-0.12223400307902983,-3.9292701921081576,-18.208713365368293,-8.380668670017855,-5.604260172618784,-15.608476752936848,-12.015020019091029,-20.826709976626493,-15.96004812447555,-5.15631045792582
Angelique,S09,epbin_Dig_1F_C1 21 rr icfilt ica ep1 but chanlocs chansel chanlabels S09.csv,-5.428155095074121,2.756996624835476,-8.694147414835665,-4.653677838536394,-3.2006445206203855,-1.4479231000506536,1.3129990895518995,3.172492620437299,-4.546380735103704,0.6671398915532578,-2.386425471082177,-1.8402244000261068,4.562745976281623,0.008213629888583925,2.0669050558401523,7.452195007468372,7.300590664424247,7.962358897425228,2.3708064494122585,7.495883604432586,10.88842003519404,16.09313753521376,16.444608548292383,16.352772441028833,25.54935197266191,15.22593256364109,28.28466927289825,12.808131635777885,20.150597720564523,11.013837373271652,3.269696759219155,-0.9806693293386388,-4.068594166669637,-5.584996149386415,-14.260298445842146,-12.48162629167334,-7.371215574126765,-5.868958076514014,-9.911695615782893,-12.987299206706126,-22.366833769483392,-18.601040098395913,-27.385149199972904,-22.317588249619533,-17.59111012949552,-10.541405688430576,-5.078404228109043,-2.6004101557424186,-5.790217222619554,-13.956379750777401,-11.709846203258795,-12.527600097860082,-8.771093318129687,-6.775764892881028,-7.300853008658558,-4.959584426312597,0.5190751278324565,-0.8802277423396074,-2.4441581037836038,2.540107984354901,-3.5571437498741307,3.1479635635079584,5.498895111108214,7.845027093847955,22.030736564930958,25.604137656913085,14.699923818005416,5.771389685965591
Angelique,S09,epbin_Dig_1F_Par 11 rr icfilt ica ep1 but chanlocs chansel chanlabels S09.csv,-5.428155095074121,2.756996624835476,-8.694147414835665,-4.653677838536394,-3.2006445206203855,-1.4479231000506536,1.3129990895518995,3.172492620437299,-4.546380735103704,0.6671398915532578,-2.386425471082177,-1.8402244000261068,4.562745976281623,0.008213629888583925,2.0669050558401523,7.452195007468372,7.300590664424247,7.962358897425228,2.3708064494122585,7.495883604432586,10.88842003519404,16.09313753521376,16.444608548292383,16.352772441028833,25.54935197266191,15.22593256364109,28.28466927289825,12.808131635777885,20.150597720564523,11.013837373271652,3.269696759219155,-0.9806693293386388,-4.068594166669637,-5.584996149386415,-14.260298445842146,-12.48162629167334,-7.371215574126765,-5.868958076514014,-9.911695615782893,-12.987299206706126,-22.366833769483392,-18.601040098395913,-27.385149199972904,-22.317588249619533,-17.59111012949552,-10.541405688430576,-5.078404228109043,-2.6004101557424186,-5.790217222619554,-13.956379750777401,-11.709846203258795,-12.527600097860082,-8.771093318129687,-6.775764892881028,-7.300853008658558,-4.959584426312597,0.5190751278324565,-0.8802277423396074,-2.4441581037836038,2.540107984354901,-3.5571437498741307,3.1479635635079584,5.498895111108214,7.845027093847955,22.030736564930958,25.604137656913085,14.699923818005416,5.771389685965591
Angelique,S09,epbin_Dig_20F_Atp_C1 23 rr icfilt ica ep1 but chanlocs chansel chanlabels S09.csv,-5.428155095074121,2.756996624835476,-8.694147414835665,-4.653677838536394,-3.2006445206203855,-1.4479231000506536,1.3129990895518995,3.172492620437299,-4.546380735103704,0.6671398915532578,-2.386425471082177,-1.8402244000261068,4.562745976281623,0.008213629888583925,2.0669050558401523,7.452195007468372,7.300590664424247,7.962358897425228,2.3708064494122585,7.495883604432586,10.88842003519404,16.09313753521376,16.444608548292383,16.352772441028833,25.54935197266191,15.22593256364109,28.28466927289825,12.808131635777885,20.150597720564523,11.013837373271652,3.269696759219155,-0.9806693293386388,-4.068594166669637,-5.584996149386415,-14.260298445842146,-12.48162629167334,-7.371215574126765,-5.868958076514014,-9.911695615782893,-12.987299206706126,-22.366833769483392,-18.601040098395913,-27.385149199972904,-22.317588249619533,-17.59111012949552,-10.541405688430576,-5.078404228109043,-2.6004101557424186,-5.790217222619554,-13.956379750777401,-11.709846203258795,-12.527600097860082,-8.771093318129687,-6.775764892881028,-7.300853008658558,-4.959584426312597,0.5190751278324565,-0.8802277423396074,-2.4441581037836038,2.540107984354901,-3.5571437498741307,3.1479635635079584,5.498895111108214,7.845027093847955,22.030736564930958,25.604137656913085,14.699923818005416,5.771389685965591
Angelique,S09,epbin_Dig_20F_Atp_Par 13 rr icfilt ica ep1 but chanlocs chansel chanlabels S09.csv,-5.428155095074121,2.756996624835476,-8.694147414835665,-4.653677838536394,-3.2006445206203855,-1.4479231000506536,1.3129990895518995,3.172492620437299,-4.546380735103704,0.6671398915532578,-2.386425471082177,-1.8402244000261068,4.562745976281623,0.008213629888583925,2.0669050558401523,7.452195007468372,7.300590664424247,7.962358897425228,2.3708064494122585,7.495883604432586,10.88842003519404,16.09313753521376,16.444608548292383,16.352772441028833,25.54935197266191,15.22593256364109,28.28466927289825,12.808131635777885,20.150597720564523,11.013837373271652,3.269696759219155,-0.9806693293386388,-4.068594166669637,-5.584996149386415,-14.260298445842146,-12.48162629167334,-7.371215574126765,-5.868958076514014,-9.911695615782893,-12.987299206706126,-22.366833769483392,-18.601040098395913,-27.385149199972904,-22.317588249619533,-17.59111012949552,-10.541405688430576,-5.078404228109043,-2.6004101557424186,-5.790217222619554,-13.956379750777401,-11.709846203258795,-12.527600097860082,-8.771093318129687,-6.775764892881028,-7.300853008658558,-4.959584426312597,0.5190751278324565,-0.8802277423396074,-2.4441581037836038,2.540107984354901,-3.5571437498741307,3.1479635635079584,5.498895111108214,7.845027093847955,22.030736564930958,25.604137656913085,14.699923818005416,5.771389685965591
Angelique,S09,epbin_Dig_20F_Std_C1 22 rr icfilt ica ep1 but chanlocs chansel chanlabels S09.csv,-5.428155095074121,2.756996624835476,-8.694147414835665,-4.653677838536394,-3.2006445206203855,-1.4479231000506536,1.3129990895518995,3.172492620437299,-4.546380735103704,0.6671398915532578,-2.386425471082177,-1.8402244000261068,4.562745976281623,0.008213629888583925,2.0669050558401523,7.452195007468372,7.300590664424247,7.962358897425228,2.3708064494122585,7.495883604432586,10.88842003519404,16.09313753521376,16.444608548292383,16.352772441028833,25.54935197266191,15.22593256364109,28.28466927289825,12.808131635777885,20.150597720564523,11.013837373271652,3.269696759219155,-0.9806693293386388,-4.068594166669637,-5.584996149386415,-14.260298445842146,-12.48162629167334,-7.371215574126765,-5.868958076514014,-9.911695615782893,-12.987299206706126,-22.366833769483392,-18.601040098395913,-27.385149199972904,-22.317588249619533,-17.59111012949552,-10.541405688430576,-5.078404228109043,-2.6004101557424186,-5.790217222619554,-13.956379750777401,-11.709846203258795,-12.527600097860082,-8.771093318129687,-6.775764892881028,-7.300853008658558,-4.959584426312597,0.5190751278324565,-0.8802277423396074,-2.4441581037836038,2.540107984354901,-3.5571437498741307,3.1479635635079584,5.498895111108214,7.845027093847955,22.030736564930958,25.604137656913085,14.699923818005416,5.771389685965591
Angelique,S09,epbin_Dig_20F_Std_Par 12 rr icfilt ica ep1 but chanlocs chansel chanlabels S09.csv,-5.428155095074121,2.756996624835476,-8.694147414835665,-4.653677838536394,-3.2006445206203855,-1.4479231000506536,1.3129990895518995,3.172492620437299,-4.546380735103704,0.6671398915532578,-2.386425471082177,-1.8402244000261068,4.562745976281623,0.008213629888583925,2.0669050558401523,7.452195007468372,7.300590664424247,7.962358897425228,2.3708064494122585,7.495883604432586,10.88842003519404,16.09313753521376,16.444608548292383,16.352772441028833,25.54935197266191,15.22593256364109,28.28466927289825,12.808131635777885,20.150597720564523,11.013837373271652,3.269696759219155,-0.9806693293386388,-4.068594166669637,-5.584996149386415,-14.260298445842146,-12.48162629167334,-7.371215574126765,-5.868958076514014,-9.911695615782893,-12.987299206706126,-22.366833769483392,-18.601040098395913,-27.385149199972904,-22.317588249619533,-17.59111012949552,-10.541405688430576,-5.078404228109043,-2.6004101557424186,-5.790217222619554,-13.956379750777401,-11.709846203258795,-12.527600097860082,-8.771093318129687,-6.775764892881028,-7.300853008658558,-4.959584426312597,0.5190751278324565,-0.8802277423396074,-2.4441581037836038,2.540107984354901,-3.5571437498741307,3.1479635635079584,5.498895111108214,7.845027093847955,22.030736564930958,25.604137656913085,14.699923818005416,5.771389685965591
Angelique,S09,epbin_NumWoGE_1F_C1 24 rr icfilt ica ep1 but chanlocs chansel chanlabels S09.csv,-5.428155095074121,2.756996624835476,-8.694147414835665,-4.653677838536394,-3.2006445206203855,-1.4479231000506536,1.3129990895518995,3.172492620437299,-4.546380735103704,0.6671398915532578,-2.386425471082177,-1.8402244000261068,4.562745976281623,0.008213629888583925,2.0669050558401523,7.452195007468372,7.300590664424247,7.962358897425228,2.3708064494122585,7.495883604432586,10.88842003519404,16.09313753521376,16.444608548292383,16.352772441028833,25.54935197266191,15.22593256364109,28.28466927289825,12.808131635777885,20.150597720564523,11.013837373271652,3.269696759219155,-0.9806693293386388,-4.068594166669637,-5.584996149386415,-14.260298445842146,-12.48162629167334,-7.371215574126765,-5.868958076514014,-9.911695615782893,-12.987299206706126,-22.366833769483392,-18.601040098395913,-27.385149199972904,-22.317588249619533,-17.59111012949552,-10.541405688430576,-5.078404228109043,-2.6004101557424186,-5.790217222619554,-13.956379750777401,-11.709846203258795,-12.527600097860082,-8.771093318129687,-6.775764892881028,-7.300853008658558,-4.959584426312597,0.5190751278324565,-0.8802277423396074,-2.4441581037836038,2.540107984354901,-3.5571437498741307,3.1479635635079584,5.498895111108214,7.845027093847955,22.030736564930958,25.604137656913085,14.699923818005416,5.771389685965591
Angelique,S09,epbin_NumWoGE_1F_Par 14 rr icfilt ica ep1 but chanlocs chansel chanlabels S09.csv,-5.428155095074121,2.756996624835476,-8.694147414835665,-4.653677838536394,-3.2006445206203855,-1.4479231000506536,1.3129990895518995,3.172492620437299,-4.546380735103704,0.6671398915532578,-2.386425471082177,-1.8402244000261068,4.562745976281623,0.008213629888583925,2.0669050558401523,7.452195007468372,7.300590664424247,7.962358897425228,2.3708064494122585,7.495883604432586,10.88842003519404,16.09313753521376,16.444608548292383,16.352772441028833,25.54935197266191,15.22593256364109,28.28466927289825,12.808131635777885,20.150597720564523,11.013837373271652,3.269696759219155,-0.9806693293386388,-4.068594166669637,-5.584996149386415,-14.260298445842146,-12.48162629167334,-7.371215574126765,-5.868958076514014,-9.911695615782893,-12.987299206706126,-22.366833769483392,-18.601040098395913,-27.385149199972904,-22.317588249619533,-17.59111012949552,-10.541405688430576,-5.078404228109043,-2.6004101557424186,-5.790217222619554,-13.956379750777401,-11.709846203258795,-12.527600097860082,-8.771093318129687,-6.775764892881028,-7.300853008658558,-4.959584426312597,0.5190751278324565,-0.8802277423396074,-2.4441581037836038,2.540107984354901,-3.5571437498741307,3.1479635635079584,5.498895111108214,7.845027093847955,22.030736564930958,25.604137656913085,14.699923818005416,5.771389685965591
Angelique,S09,epbin_NumWoGE_20F_Atp_C1 26 rr icfilt ica ep1 but chanlocs chansel chanlabels S09.csv,-5.428155095074121,2.756996624835476,-8.694147414835665,-4.653677838536394,-3.2006445206203855,-1.4479231000506536,1.3129990895518995,3.172492620437299,-4.546380735103704,0.6671398915532578,-2.386425471082177,-1.8402244000261068,4.562745976281623,0.008213629888583925,2.0669050558401523,7.452195007468372,7.300590664424247,7.962358897425228,2.3708064494122585,7.495883604432586,10.88842003519404,16.09313753521376,16.444608548292383,16.352772441028833,25.54935197266191,15.22593256364109,28.28466927289825,12.808131635777885,20.150597720564523,11.013837373271652,3.269696759219155,-0.9806693293386388,-4.068594166669637,-5.584996149386415,-14.260298445842146,-12.48162629167334,-7.371215574126765,-5.868958076514014,-9.911695615782893,-12.987299206706126,-22.366833769483392,-18.601040098395913,-27.385149199972904,-22.317588249619533,-17.59111012949552,-10.541405688430576,-5.078404228109043,-2.6004101557424186,-5.790217222619554,-13.956379750777401,-11.709846203258795,-12.527600097860082,-8.771093318129687,-6.775764892881028,-7.300853008658558,-4.959584426312597,0.5190751278324565,-0.8802277423396074,-2.4441581037836038,2.540107984354901,-3.5571437498741307,3.1479635635079584,5.498895111108214,7.845027093847955,22.030736564930958,25.604137656913085,14.699923818005416,5.771389685965591
Angelique,S09,epbin_NumWoGE_20F_Atp_Par 16 rr icfilt ica ep1 but chanlocs chansel chanlabels S09.csv,-5.428155095074121,2.756996624835476,-8.694147414835665,-4.653677838536394,-3.2006445206203855,-1.4479231000506536,1.3129990895518995,3.172492620437299,-4.546380735103704,0.6671398915532578,-2.386425471082177,-1.8402244000261068,4.562745976281623,0.008213629888583925,2.0669050558401523,7.452195007468372,7.300590664424247,7.962358897425228,2.3708064494122585,7.495883604432586,10.88842003519404,16.09313753521376,16.444608548292383,16.352772441028833,25.54935197266191,15.22593256364109,28.28466927289825,12.808131635777885,20.150597720564523,11.013837373271652,3.269696759219155,-0.9806693293386388,-4.068594166669637,-5.584996149386415,-14.260298445842146,-12.48162629167334,-7.371215574126765,-5.868958076514014,-9.911695615782893,-12.987299206706126,-22.366833769483392,-18.601040098395913,-27.385149199972904,-22.317588249619533,-17.59111012949552,-10.541405688430576,-5.078404228109043,-2.6004101557424186,-5.790217222619554,-13.956379750777401,-11.709846203258795,-12.527600097860082,-8.771093318129687,-6.775764892881028,-7.300853008658558,-4.959584426312597,0.5190751278324565,-0.8802277423396074,-2.4441581037836038,2.540107984354901,-3.5571437498741307,3.1479635635079584,5.498895111108214,7.845027093847955,22.030736564930958,25.604137656913085,14.699923818005416,5.771389685965591
Angelique,S09,epbin_NumWoGE_20F_Std_C1 25 rr icfilt ica ep1 but chanlocs chansel chanlabels S09.csv,-5.428155095074121,2.756996624835476,-8.694147414835665,-4.653677838536394,-3.2006445206203855,-1.4479231000506536,1.3129990895518995,3.172492620437299,-4.546380735103704,0.6671398915532578,-2.386425471082177,-1.8402244000261068,4.562745976281623,0.008213629888583925,2.0669050558401523,7.452195007468372,7.300590664424247,7.962358897425228,2.3708064494122585,7.495883604432586,10.88842003519404,16.09313753521376,16.444608548292383,16.352772441028833,25.54935197266191,15.22593256364109,28.28466927289825,12.808131635777885,20.150597720564523,11.013837373271652,3.269696759219155,-0.9806693293386388,-4.068594166669637,-5.584996149386415,-14.260298445842146,-12.48162629167334,-7.371215574126765,-5.868958076514014,-9.911695615782893,-12.987299206706126,-22.366833769483392,-18.601040098395913,-27.385149199972904,-22.317588249619533,-17.59111012949552,-10.541405688430576,-5.078404228109043,-2.6004101557424186,-5.790217222619554,-13.956379750777401,-11.709846203258795,-12.527600097860082,-8.771093318129687,-6.775764892881028,-7.300853008658558,-4.959584426312597,0.5190751278324565,-0.8802277423396074,-2.4441581037836038,2.540107984354901,-3.5571437498741307,3.1479635635079584,5.498895111108214,7.845027093847955,22.030736564930958,25.604137656913085,14.699923818005416,5.771389685965591
Angelique,S09,epbin_NumWoGE_20F_Std_Par 15 rr icfilt ica ep1 but chanlocs chansel chanlabels S09.csv,-5.428155095074121,2.756996624835476,-8.694147414835665,-4.653677838536394,-3.2006445206203855,-1.4479231000506536,1.3129990895518995,3.172492620437299,-4.546380735103704,0.6671398915532578,-2.386425471082177,-1.8402244000261068,4.562745976281623,0.008213629888583925,2.0669050558401523,7.452195007468372,7.300590664424247,7.962358897425228,2.3708064494122585,7.495883604432586,10.88842003519404,16.09313753521376,16.444608548292383,16.352772441028833,25.54935197266191,15.22593256364109,28.28466927289825,12.808131635777885,20.150597720564523,11.013837373271652,3.269696759219155,-0.9806693293386388,-4.068594166669637,-5.584996149386415,-14.260298445842146,-12.48162629167334,-7.371215574126765,-5.868958076514014,-9.911695615782893,-12.987299206706126,-22.366833769483392,-18.601040098395913,-27.385149199972904,-22.317588249619533,-17.59111012949552,-10.541405688430576,-5.078404228109043,-2.6004101557424186,-5.790217222619554,-13.956379750777401,-11.709846203258795,-12.527600097860082,-8.771093318129687,-6.775764892881028,-7.300853008658558,-4.959584426312597,0.5190751278324565,-0.8802277423396074,-2.4441581037836038,2.540107984354901,-3.5571437498741307,3.1479635635079584,5.498895111108214,7.845027093847955,22.030736564930958,25.604137656913085,14.699923818005416,5.771389685965591
Angelique,S10,epbin_Dig_1F_C1 21 rr ica ep1 but chanlocs chansel chanlabels S10.csv,-11.452345163371593,-12.600412506322625,-0.7609880027739748,8.318236129403882,-0.9525642778773095,-1.1874619809710214,-11.67279893874683,-7.925660967068514,9.015471526308135,0.4268990445963842,7.196104770149422,13.564799896735446,11.90763794347185,2.356037196457046,-12.353171796356124,-8.966885800912898,1.5959497069228104,14.956068892720612,15.598586226745914,10.976751213737487,19.606846947351574,0.8296091282344203,-2.08551283174461,-24.546913012739843,-44.78904842810036,2.505691630545313,7.191987282761642,-18.748178807682827,-8.067701591803804,7.174100503316518,12.12639722712642,10.332158222505559,-10.099573008586447,-12.086034580938147,-7.867236915267707,-3.491201018068911,-2.665303101227014,7.349275697247514,-4.101085719955244,20.349590404145555,7.35636412429627,2.202576021353372,3.7928556876548365,5.67720816825866,6.503289949299738,10.59921668651375,6.2806021080386625,10.752809301738996,16.614667588558014,9.162615344111726,4.982119557497328,1.8773475087306117,9.799557800392535,6.130326276765975,6.326756037850338,13.227114527399308,9.253898254153523,9.015726405466934,2.989247376536161,-2.8921875336193494,-4.6596954587555075,-18.362225922816275,5.954387441947409,-14.307294381196519,-22.304280189618503,-15.775940059283904,-24.44095007196794,-22.71423465856148
Angelique,S10,epbin_Dig_1F_Par 11 rr ica ep1 but chanlocs chansel chanlabels S10.csv,-11.452345163371593,-12.600412506322625,-0.7609880027739748,8.318236129403882,-0.9525642778773095,-1.1874619809710214,-11.67279893874683,-7.925660967068514,9.015471526308135,0.4268990445963842,7.196104770149422,13.564799896735446,11.90763794347185,2.356037196457046,-12.353171796356124,-8.966885800912898,1.5959497069228104,14.956068892720612,15.598586226745914,10.976751213737487,19.606846947351574,0.8296091282344203,-2.08551283174461,-24.546913012739843,-44.78904842810036,2.505691630545313,7.191987282761642,-18.748178807682827,-8.067701591803804,7.174100503316518,12.12639722712642,10.332158222505559,-10.099573008586447,-12.086034580938147,-7.867236915267707,-3.491201018068911,-2.665303101227014,7.349275697247514,-4.101085719955244,20.349590404145555,7.35636412429627,2.202576021353372,3.7928556876548365,5.67720816825866,6.503289949299738,10.59921668651375,6.2806021080386625,10.752809301738996,16.614667588558014,9.162615344111726,4.982119557497328,1.8773475087306117,9.799557800392535,6.130326276765975,6.326756037850338,13.227114527399308,9.253898254153523,9.015726405466934,2.989247376536161,-2.8921875336193494,-4.6596954587555075,-18.362225922816275,5.954387441947409,-14.307294381196519,-22.304280189618503,-15.775940059283904,-24.44095007196794,-22.71423465856148
Angelique,S10,epbin_Dig_20F_Atp_C1 23 rr ica ep1 but chanlocs chansel chanlabels S10.csv,-11.452345163371593,-12.600412506322625,-0.7609880027739748,8.318236129403882,-0.9525642778773095,-1.1874619809710214,-11.67279893874683,-7.925660967068514,9.015471526308135,0.4268990445963842,7.196104770149422,13.564799896735446,11.90763794347185,2.356037196457046,-12.353171796356124,-8.966885800912898,1.5959497069228104,14.956068892720612,15.598586226745914,10.976751213737487,19.606846947351574,0.8296091282344203,-2.08551283174461,-24.546913012739843,-44.78904842810036,2.505691630545313,7.191987282761642,-18.748178807682827,-8.067701591803804,7.174100503316518,12.12639722712642,10.332158222505559,-10.099573008586447,-12.086034580938147,-7.867236915267707,-3.491201018068911,-2.665303101227014,7.349275697247514,-4.101085719955244,20.349590404145555,7.35636412429627,2.202576021353372,3.7928556876548365,5.67720816825866,6.503289949299738,10.59921668651375,6.2806021080386625,10.752809301738996,16.614667588558014,9.162615344111726,4.982119557497328,1.8773475087306117,9.799557800392535,6.130326276765975,6.326756037850338,13.227114527399308,9.253898254153523,9.015726405466934,2.989247376536161,-2.8921875336193494,-4.6596954587555075,-18.362225922816275,5.954387441947409,-14.307294381196519,-22.304280189618503,-15.775940059283904,-24.44095007196794,-22.71423465856148
Angelique,S10,epbin_Dig_20F_Atp_Par 13 rr ica ep1 but chanlocs chansel chanlabels S10.csv,-11.452345163371593,-12.600412506322625,-0.7609880027739748,8.318236129403882,-0.9525642778773095,-1.1874619809710214,-11.67279893874683,-7.925660967068514,9.015471526308135,0.4268990445963842,7.196104770149422,13.564799896735446,11.90763794347185,2.356037196457046,-12.353171796356124,-8.966885800912898,1.5959497069228104,14.956068892720612,15.598586226745914,10.976751213737487,19.606846947351574,0.8296091282344203,-2.08551283174461,-24.546913012739843,-44.78904842810036,2.505691630545313,7.191987282761642,-18.748178807682827,-8.067701591803804,7.174100503316518,12.12639722712642,10.332158222505559,-10.099573008586447,-12.086034580938147,-7.867236915267707,-3.491201018068911,-2.665303101227014,7.349275697247514,-4.101085719955244,20.349590404145555,7.35636412429627,2.202576021353372,3.7928556876548365,5.67720816825866,6.503289949299738,10.59921668651375,6.2806021080386625,10.752809301738996,16.614667588558014,9.162615344111726,4.982119557497328,1.8773475087306117,9.799557800392535,6.130326276765975,6.326756037850338,13.227114527399308,9.253898254153523,9.015726405466934,2.989247376536161,-2.8921875336193494,-4.6596954587555075,-18.362225922816275,5.954387441947409,-14.307294381196519,-22.304280189618503,-15.775940059283904,-24.44095007196794,-22.71423465856148
Angelique,S10,epbin_Dig_20F_Std_C1 22 rr ica ep1 but chanlocs chansel chanlabels S10.csv,-11.452345163371593,-12.600412506322625,-0.7609880027739748,8.318236129403882,-0.9525642778773095,-1.1874619809710214,-11.67279893874683,-7.925660967068514,9.015471526308135,0.4268990445963842,7.196104770149422,13.564799896735446,11.90763794347185,2.356037196457046,-12.353171796356124,-8.966885800912898,1.5959497069228104,14.956068892720612,15.598586226745914,10.976751213737487,19.606846947351574,0.8296091282344203,-2.08551283174461,-24.546913012739843,-44.78904842810036,2.505691630545313,7.191987282761642,-18.748178807682827,-8.067701591803804,7.174100503316518,12.12639722712642,10.332158222505559,-10.099573008586447,-12.086034580938147,-7.867236915267707,-3.491201018068911,-2.665303101227014,7.349275697247514,-4.101085719955244,20.349590404145555,7.35636412429627,2.202576021353372,3.7928556876548365,5.67720816825866,6.503289949299738,10.59921668651375,6.2806021080386625,10.752809301738996,16.614667588558014,9.162615344111726,4.982119557497328,1.8773475087306117,9.799557800392535,6.130326276765975,6.326756037850338,13.227114527399308,9.253898254153523,9.015726405466934,2.989247376536161,-2.8921875336193494,-4.6596954587555075,-18.362225922816275,5.954387441947409,-14.307294381196519,-22.304280189618503,-15.775940059283904,-24.44095007196794,-22.71423465856148
Angelique,S10,epbin_Dig_20F_Std_Par 12 rr ica ep1 but chanlocs chansel chanlabels S10.csv,-11.452345163371593,-12.600412506322625,-0.7609880027739748,8.318236129403882,-0.9525642778773095,-1.1874619809710214,-11.67279893874683,-7.925660967068514,9.015471526308135,0.4268990445963842,7.196104770149422,13.564799896735446,11.90763794347185,2.356037196457046,-12.353171796356124,-8.966885800912898,1.5959497069228104,14.956068892720612,15.598586226745914,10.976751213737487,19.606846947351574,0.8296091282344203,-2.08551283174461,-24.546913012739843,-44.78904842810036,2.505691630545313,7.191987282761642,-18.748178807682827,-8.067701591803804,7.174100503316518,12.12639722712642,10.332158222505559,-10.099573008586447,-12.086034580938147,-7.867236915267707,-3.491201018068911,-2.665303101227014,7.349275697247514,-4.101085719955244,20.349590404145555,7.35636412429627,2.202576021353372,3.7928556876548365,5.67720816825866,6.503289949299738,10.59921668651375,6.2806021080386625,10.752809301738996,16.614667588558014,9.162615344111726,4.982119557497328,1.8773475087306117,9.799557800392535,6.130326276765975,6.326756037850338,13.227114527399308,9.253898254153523,9.015726405466934,2.989247376536161,-2.8921875336193494,-4.6596954587555075,-18.362225922816275,5.954387441947409,-14.307294381196519,-22.304280189618503,-15.775940059283904,-24.44095007196794,-22.71423465856148
Angelique,S10,epbin_NumWoGE_1F_C1 24 rr ica ep1 but chanlocs chansel chanlabels S10.csv,-11.452345163371593,-12.600412506322625,-0.7609880027739748,8.318236129403882,-0.9525642778773095,-1.1874619809710214,-11.67279893874683,-7.925660967068514,9.015471526308135,0.4268990445963842,7.196104770149422,13.564799896735446,11.90763794347185,2.356037196457046,-12.353171796356124,-8.966885800912898,1.5959497069228104,14.956068892720612,15.598586226745914,10.976751213737487,19.606846947351574,0.8296091282344203,-2.08551283174461,-24.546913012739843,-44.78904842810036,2.505691630545313,7.191987282761642,-18.748178807682827,-8.067701591803804,7.174100503316518,12.12639722712642,10.332158222505559,-10.099573008586447,-12.086034580938147,-7.867236915267707,-3.491201018068911,-2.665303101227014,7.349275697247514,-4.101085719955244,20.349590404145555,7.35636412429627,2.202576021353372,3.7928556876548365,5.67720816825866,6.503289949299738,10.59921668651375,6.2806021080386625,10.752809301738996,16.614667588558014,9.162615344111726,4.982119557497328,1.8773475087306117,9.799557800392535,6.130326276765975,6.326756037850338,13.227114527399308,9.253898254153523,9.015726405466934,2.989247376536161,-2.8921875336193494,-4.6596954587555075,-18.362225922816275,5.954387441947409,-14.307294381196519,-22.304280189618503,-15.775940059283904,-24.44095007196794,-22.71423465856148
Angelique,S10,epbin_NumWoGE_1F_Par 14 rr ica ep1 but chanlocs chansel chanlabels S10.csv,-11.452345163371593,-12.600412506322625,-0.7609880027739748,8.318236129403882,-0.9525642778773095,-1.1874619809710214,-11.67279893874683,-7.925660967068514,9.015471526308135,0.4268990445963842,7.196104770149422,13.564799896735446,11.90763794347185,2.356037196457046,-12.353171796356124,-8.966885800912898,1.5959497069228104,14.956068892720612,15.598586226745914,10.976751213737487,19.606846947351574,0.8296091282344203,-2.08551283174461,-24.546913012739843,-44.78904842810036,2.505691630545313,7.191987282761642,-18.748178807682827,-8.067701591803804,7.174100503316518,12.12639722712642,10.332158222505559,-10.099573008586447,-12.086034580938147,-7.867236915267707,-3.491201018068911,-2.665303101227014,7.349275697247514,-4.101085719955244,20.349590404145555,7.35636412429627,2.202576021353372,3.7928556876548365,5.67720816825866,6.503289949299738,10.59921668651375,6.2806021080386625,10.752809301738996,16.614667588558014,9.162615344111726,4.982119557497328,1.8773475087306117,9.799557800392535,6.130326276765975,6.326756037850338,13.227114527399308,9.253898254153523,9.015726405466934,2.989247376536161,-2.8921875336193494,-4.6596954587555075,-18.362225922816275,5.954387441947409,-14.307294381196519,-22.304280189618503,-15.775940059283904,-24.44095007196794,-22.71423465856148
Angelique,S10,epbin_NumWoGE_20F_Atp_C1 26 rr ica ep1 but chanlocs chansel chanlabels S10.csv,-11.452345163371593,-12.600412506322625,-0.7609880027739748,8.318236129403882,-0.9525642778773095,-1.1874619809710214,-11.67279893874683,-7.925660967068514,9.015471526308135,0.4268990445963842,7.196104770149422,13.564799896735446,11.90763794347185,2.356037196457046,-12.353171796356124,-8.966885800912898,1.5959497069228104,14.956068892720612,15.598586226745914,10.976751213737487,19.606846947351574,0.8296091282344203,-2.08551283174461,-24.546913012739843,-44.78904842810036,2.505691630545313,7.191987282761642,-18.748178807682827,-8.067701591803804,7.174100503316518,12.12639722712642,10.332158222505559,-10.099573008586447,-12.086034580938147,-7.867236915267707,-3.491201018068911,-2.665303101227014,7.349275697247514,-4.101085719955244,20.349590404145555,7.35636412429627,2.202576021353372,3.7928556876548365,5.67720816825866,6.503289949299738,10.59921668651375,6.2806021080386625,10.752809301738996,16.614667588558014,9.162615344111726,4.982119557497328,1.8773475087306117,9.799557800392535,6.130326276765975,6.326756037850338,13.227114527399308,9.253898254153523,9.015726405466934,2.989247376536161,-2.8921875336193494,-4.6596954587555075,-18.362225922816275,5.954387441947409,-14.307294381196519,-22.304280189618503,-15.775940059283904,-24.44095007196794,-22.71423465856148
Angelique,S10,epbin_NumWoGE_20F_Atp_Par 16 rr ica ep1 but chanlocs chansel chanlabels S10.csv,-11.452345163371593,-12.600412506322625,-0.7609880027739748,8.318236129403882,-0.9525642778773095,-1.1874619809710214,-11.67279893874683,-7.925660967068514,9.015471526308135,0.4268990445963842,7.196104770149422,13.564799896735446,11.90763794347185,2.356037196457046,-12.353171796356124,-8.966885800912898,1.5959497069228104,14.956068892720612,15.598586226745914,10.976751213737487,19.606846947351574,0.8296091282344203,-2.08551283174461,-24.546913012739843,-44.78904842810036,2.505691630545313,7.191987282761642,-18.748178807682827,-8.067701591803804,7.174100503316518,12.12639722712642,10.332158222505559,-10.099573008586447,-12.086034580938147,-7.867236915267707,-3.491201018068911,-2.665303101227014,7.349275697247514,-4.101085719955244,20.349590404145555,7.35636412429627,2.202576021353372,3.7928556876548365,5.67720816825866,6.503289949299738,10.59921668651375,6.2806021080386625,10.752809301738996,16.614667588558014,9.162615344111726,4.982119557497328,1.8773475087306117,9.799557800392535,6.130326276765975,6.326756037850338,13.227114527399308,9.253898254153523,9.015726405466934,2.989247376536161,-2.8921875336193494,-4.6596954587555075,-18.362225922816275,5.954387441947409,-14.307294381196519,-22.304280189618503,-15.775940059283904,-24.44095007196794,-22.71423465856148
Angelique,S10,epbin_NumWoGE_20F_Std_C1 25 rr ica ep1 but chanlocs chansel chanlabels S10.csv,-11.452345163371593,-12.600412506322625,-0.7609880027739748,8.318236129403882,-0.9525642778773095,-1.1874619809710214,-11.67279893874683,-7.925660967068514,9.015471526308135,0.4268990445963842,7.196104770149422,13.564799896735446,11.90763794347185,2.356037196457046,-12.353171796356124,-8.966885800912898,1.5959497069228104,14.956068892720612,15.598586226745914,10.976751213737487,19.606846947351574,0.8296091282344203,-2.08551283174461,-24.546913012739843,-44.78904842810036,2.505691630545313,7.191987282761642,-18.748178807682827,-8.067701591803804,7.174100503316518,12.12639722712642,10.332158222505559,-10.099573008586447,-12.086034580938147,-7.867236915267707,-3.491201018068911,-2.665303101227014,7.349275697247514,-4.101085719955244,20.349590404145555,7.35636412429627,2.202576021353372,3.7928556876548365,5.67720816825866,6.503289949299738,10.59921668651375,6.2806021080386625,10.752809301738996,16.614667588558014,9.162615344111726,4.982119557497328,1.8773475087306117,9.799557800392535,6.130326276765975,6.326756037850338,13.227114527399308,9.253898254153523,9.015726405466934,2.989247376536161,-2.8921875336193494,-4.6596954587555075,-18.362225922816275,5.954387441947409,-14.307294381196519,-22.304280189618503,-15.775940059283904,-24.44095007196794,-22.71423465856148
Angelique,S10,epbin_NumWoGE_20F_Std_Par 15 rr ica ep1 but chanlocs chansel chanlabels S10.csv,-11.452345163371593,-12.600412506322625,-0.7609880027739748,8.318236129403882,-0.9525642778773095,-1.1874619809710214,-11.67279893874683,-7.925660967068514,9.015471526308135,0.4268990445963842,7.196104770149422,13.564799896735446,11.90763794347185,2.356037196457046,-12.353171796356124,-8.966885800912898,1.5959497069228104,14.956068892720612,15.598586226745914,10.976751213737487,19.606846947351574,0.8296091282344203,-2.08551283174461,-24.546913012739843,-44.78904842810036,2.505691630545313,7.191987282761642,-18.748178807682827,-8.067701591803804,7.174100503316518,12.12639722712642,10.332158222505559,-10.099573008586447,-12.086034580938147,-7.867236915267707,-3.491201018068911,-2.665303101227014,7.349275697247514,-4.101085719955244,20.349590404145555,7.35636412429627,2.202576021353372,3.7928556876548365,5.67720816825866,6.503289949299738,10.59921668651375,6.2806021080386625,10.752809301738996,16.614667588558014,9.162615344111726,4.982119557497328,1.8773475087306117,9.799557800392535,6.130326276765975,6.326756037850338,13.227114527399308,9.253898254153523,9.015726405466934,2.989247376536161,-2.8921875336193494,-4.6596954587555075,-18.362225922816275,5.954387441947409,-14.307294381196519,-22.304280189618503,-15.775940059283904,-24.44095007196794,-22.71423465856148
Angelique,S11,epbin_Dig_1F_C1 21 rr fixF7 icfilt ica ep1 but chanlocs chansel chanlabels S11.csv,-12.27451143907149,29.265615479804264,-19.606162536498662,-24.266122719052106,-14.981941741498112,-8.287109142277915,5.290647307459362,-5.106562840008699,-12.653981450426016,-10.584160738052443,-20.08113453881405,-17.677709919085864,-7.809688239826328,-16.884534607355775,-6.8394305385486565,21.77177023056459,9.783436251434912,-8.213481946339295,-14.15464844777932,-6.54214547464614,8.247721386705134,22.856386190544548,46.075886436982685,63.85990687537021,48.27100872000045,24.22738665326922,35.69510698216484,58.20311442173551,28.430297522966423,5.701572805371352,-12.198196872712266,-17.472068545793167,-9.199271143959214,-7.242521741001754,-9.695186549809772,-15.616375750961634,-19.154296436964767,-23.7213926930884,-24.036793277806904,-26.2081759167131,-14.670048658108161,-9.031956943125245,-20.87951479837,-26.62689884031414,-23.82295738613987,-41.37853955704062,-24.12314975048141,-18.251219063606463,-20.400453929277525,-22.250654099197885,-19.18914369411296,-9.09807002331382,-18.560146356136165,-16.750176469982783,-20.219271875358913,-19.03840526636541,-12.76952587179803,-10.753602383989326,-10.310428839811038,5.920025421206297,30.465677840044194,20.249262285765646,9.034507817192818,45.38266525810677,55.36050493804812,52.39158922761795,49.42937637040396,52.71833277733978
Angelique,S11,epbin_Dig_1F_Par 11 rr fixF7 icfilt ica ep1 but chanlocs chansel chanlabels S11.csv,-12.27451143907149,29.265615479804264,-19.606162536498662,-24.266122719052106,-14.981941741498112,-8.287109142277915,5.290647307459362,-5.106562840008699,-12.653981450426016,-10.584160738052443,-20.08113453881405,-17.677709919085864,-7.809688239826328,-16.884534607355775,-6.8394305385486565,21.77177023056459,9.783436251434912,-8.213481946339295,-14.15464844777932,-6.54214547464614,8.247721386705134,22.856386190544548,46.075886436982685,63.85990687537021,48.27100872000045,24.22738665326922,35.69510698216484,58.20311442173551,28.430297522966423,5.701572805371352,-12.198196872712266,-17.472068545793167,-9.199271143959214,-7.242521741001754,-9.695186549809772,-15.616375750961634,-19.154296436964767,-23.7213926930884,-24.036793277806904,-26.2081759167131,-14.670048658108161,-9.031956943125245,-20.87951479837,-26.62689884031414,-23.82295738613987,-41.37853955704062,-24.12314975048141,-18.251219063606463,-20.400453929277525,-22.250654099197885,-19.18914369411296,-9.09807002331382,-18.560146356136165,-16.750176469982783,-20.219271875358913,-19.03840526636541,-12.76952587179803,-10.753602383989326,-10.310428839811038,5.920025421206297,30.465677840044194,20.249262285765646,9.034507817192818,45.38266525810677,55.36050493804812,52.39158922761795,49.42937637040396,52.71833277733978
Angelique,S11,epbin_Dig_20F_Atp_C1 23 rr fixF7 icfilt ica ep1 but chanlocs chansel chanlabels S11.csv,-12.27451143907149,29.265615479804264,-19.606162536498662,-24.266122719052106,-14.981941741498112,-8.287109142277915,5.290647307459362,-5.106562840008699,-12.653981450426016,-10.584160738052443,-20.08113453881405,-17.677709919085864,-7.809688239826328,-16.884534607355775,-6.8394305385486565,21.77177023056459,9.783436251434912,-8.213481946339295,-14.15464844777932,-6.54214547464614,8.247721386705134,22.856386190544548,46.075886436982685,63.85990687537021,48.27100872000045,24.22738665326922,35.69510698216484,58.20311442173551,28.430297522966423,5.701572805371352,-12.198196872712266,-17.472068545793167,-9.199271143959214,-7.242521741001754,-9.695186549809772,-15.616375750961634,-19.154296436964767,-23.7213926930884,-24.036793277806904,-26.2081759167131,-14.670048658108161,-9.031956943125245,-20.87951479837,-26.62689884031414,-23.82295738613987,-41.37853955704062,-24.12314975048141,-18.251219063606463,-20.400453929277525,-22.250654099197885,-19.18914369411296,-9.09807002331382,-18.560146356136165,-16.750176469982783,-20.219271875358913,-19.03840526636541,-12.76952587179803,-10.753602383989326,-10.310428839811038,5.920025421206297,30.465677840044194,20.249262285765646,9.034507817192818,45.38266525810677,55.36050493804812,52.39158922761795,49.42937637040396,52.71833277733978
Angelique,S11,epbin_Dig_20F_Atp_Par 13 rr fixF7 icfilt ica ep1 but chanlocs chansel chanlabels S11.csv,-12.27451143907149,29.265615479804264,-19.606162536498662,-24.266122719052106,-14.981941741498112,-8.287109142277915,5.290647307459362,-5.106562840008699,-12.653981450426016,-10.584160738052443,-20.08113453881405,-17.677709919085864,-7.809688239826328,-16.884534607355775,-6.8394305385486565,21.77177023056459,9.783436251434912,-8.213481946339295,-14.15464844777932,-6.54214547464614,8.247721386705134,22.856386190544548,46.075886436982685,63.85990687537021,48.27100872000045,24.22738665326922,35.69510698216484,58.20311442173551,28.430297522966423,5.701572805371352,-12.198196872712266,-17.472068545793167,-9.199271143959214,-7.242521741001754,-9.695186549809772,-15.616375750961634,-19.154296436964767,-23.7213926930884,-24.036793277806904,-26.2081759167131,-14.670048658108161,-9.031956943125245,-20.87951479837,-26.62689884031414,-23.82295738613987,-41.37853955704062,-24.12314975048141,-18.251219063606463,-20.400453929277525,-22.250654099197885,-19.18914369411296,-9.09807002331382,-18.560146356136165,-16.750176469982783,-20.219271875358913,-19.03840526636541,-12.76952587179803,-10.753602383989326,-10.310428839811038,5.920025421206297,30.465677840044194,20.249262285765646,9.034507817192818,45.38266525810677,55.36050493804812,52.39158922761795,49.42937637040396,52.71833277733978
Angelique,S11,epbin_Dig_20F_Std_C1 22 rr fixF7 icfilt ica ep1 but chanlocs chansel chanlabels S11.csv,-12.27451143907149,29.265615479804264,-19.606162536498662,-24.266122719052106,-14.981941741498112,-8.287109142277915,5.290647307459362,-5.106562840008699,-12.653981450426016,-10.584160738052443,-20.08113453881405,-17.677709919085864,-7.809688239826328,-16.884534607355775,-6.8394305385486565,21.77177023056459,9.783436251434912,-8.213481946339295,-14.15464844777932,-6.54214547464614,8.247721386705134,22.856386190544548,46.075886436982685,63.85990687537021,48.27100872000045,24.22738665326922,35.69510698216484,58.20311442173551,28.430297522966423,5.701572805371352,-12.198196872712266,-17.472068545793167,-9.199271143959214,-7.242521741001754,-9.695186549809772,-15.616375750961634,-19.154296436964767,-23.7213926930884,-24.036793277806904,-26.2081759167131,-14.670048658108161,-9.031956943125245,-20.87951479837,-26.62689884031414,-23.82295738613987,-41.37853955704062,-24.12314975048141,-18.251219063606463,-20.400453929277525,-22.250654099197885,-19.18914369411296,-9.09807002331382,-18.560146356136165,-16.750176469982783,-20.219271875358913,-19.03840526636541,-12.76952587179803,-10.753602383989326,-10.310428839811038,5.920025421206297,30.465677840044194,20.249262285765646,9.034507817192818,45.38266525810677,55.36050493804812,52.39158922761795,49.42937637040396,52.71833277733978
Angelique,S11,epbin_Dig_20F_Std_Par 12 rr fixF7 icfilt ica ep1 but chanlocs chansel chanlabels S11.csv,-12.27451143907149,29.265615479804264,-19.606162536498662,-24.266122719052106,-14.981941741498112,-8.287109142277915,5.290647307459362,-5.106562840008699,-12.653981450426016,-10.584160738052443,-20.08113453881405,-17.677709919085864,-7.809688239826328,-16.884534607355775,-6.8394305385486565,21.77177023056459,9.783436251434912,-8.213481946339295,-14.15464844777932,-6.54214547464614,8.247721386705134,22.856386190544548,46.075886436982685,63.85990687537021,48.27100872000045,24.22738665326922,35.69510698216484,58.20311442173551,28.430297522966423,5.701572805371352,-12.198196872712266,-17.472068545793167,-9.199271143959214,-7.242521741001754,-9.695186549809772,-15.616375750961634,-19.154296436964767,-23.7213926930884,-24.036793277806904,-26.2081759167131,-14.670048658108161,-9.031956943125245,-20.87951479837,-26.62689884031414,-23.82295738613987,-41.37853955704062,-24.12314975048141,-18.251219063606463,-20.400453929277525,-22.250654099197885,-19.18914369411296,-9.09807002331382,-18.560146356136165,-16.750176469982783,-20.219271875358913,-19.03840526636541,-12.76952587179803,-10.753602383989326,-10.310428839811038,5.920025421206297,30.465677840044194,20.249262285765646,9.034507817192818,45.38266525810677,55.36050493804812,52.39158922761795,49.42937637040396,52.71833277733978
Angelique,S11,epbin_NumWoGE_1F_C1 24 rr fixF7 icfilt ica ep1 but chanlocs chansel chanlabels S11.csv,-12.27451143907149,29.265615479804264,-19.606162536498662,-24.266122719052106,-14.981941741498112,-8.287109142277915,5.290647307459362,-5.106562840008699,-12.653981450426016,-10.584160738052443,-20.08113453881405,-17.677709919085864,-7.809688239826328,-16.884534607355775,-6.8394305385486565,21.77177023056459,9.783436251434912,-8.213481946339295,-14.15464844777932,-6.54214547464614,8.247721386705134,22.856386190544548,46.075886436982685,63.85990687537021,48.27100872000045,24.22738665326922,35.69510698216484,58.20311442173551,28.430297522966423,5.701572805371352,-12.198196872712266,-17.472068545793167,-9.199271143959214,-7.242521741001754,-9.695186549809772,-15.616375750961634,-19.154296436964767,-23.7213926930884,-24.036793277806904,-26.2081759167131,-14.670048658108161,-9.031956943125245,-20.87951479837,-26.62689884031414,-23.82295738613987,-41.37853955704062,-24.12314975048141,-18.251219063606463,-20.400453929277525,-22.250654099197885,-19.18914369411296,-9.09807002331382,-18.560146356136165,-16.750176469982783,-20.219271875358913,-19.03840526636541,-12.76952587179803,-10.753602383989326,-10.310428839811038,5.920025421206297,30.465677840044194,20.249262285765646,9.034507817192818,45.38266525810677,55.36050493804812,52.39158922761795,49.42937637040396,52.71833277733978
Angelique,S11,epbin_NumWoGE_1F_Par 14 rr fixF7 icfilt ica ep1 but chanlocs chansel chanlabels S11.csv,-12.27451143907149,29.265615479804264,-19.606162536498662,-24.266122719052106,-14.981941741498112,-8.287109142277915,5.290647307459362,-5.106562840008699,-12.653981450426016,-10.584160738052443,-20.08113453881405,-17.677709919085864,-7.809688239826328,-16.884534607355775,-6.8394305385486565,21.77177023056459,9.783436251434912,-8.213481946339295,-14.15464844777932,-6.54214547464614,8.247721386705134,22.856386190544548,46.075886436982685,63.85990687537021,48.27100872000045,24.22738665326922,35.69510698216484,58.20311442173551,28.430297522966423,5.701572805371352,-12.198196872712266,-17.472068545793167,-9.199271143959214,-7.242521741001754,-9.695186549809772,-15.616375750961634,-19.154296436964767,-23.7213926930884,-24.036793277806904,-26.2081759167131,-14.670048658108161,-9.031956943125245,-20.87951479837,-26.62689884031414,-23.82295738613987,-41.37853955704062,-24.12314975048141,-18.251219063606463,-20.400453929277525,-22.250654099197885,-19.18914369411296,-9.09807002331382,-18.560146356136165,-16.750176469982783,-20.219271875358913,-19.03840526636541,-12.76952587179803,-10.753602383989326,-10.310428839811038,5.920025421206297,30.465677840044194,20.249262285765646,9.034507817192818,45.38266525810677,55.36050493804812,52.39158922761795,49.42937637040396,52.71833277733978
Angelique,S11,epbin_NumWoGE_20F_Atp_C1 26 rr fixF7 icfilt ica ep1 but chanlocs chansel chanlabels S11.csv,-12.27451143907149,29.265615479804264,-19.606162536498662,-24.266122719052106,-14.981941741498112,-8.287109142277915,5.290647307459362,-5.106562840008699,-12.653981450426016,-10.584160738052443,-20.08113453881405,-17.677709919085864,-7.809688239826328,-16.884534607355775,-6.8394305385486565,21.77177023056459,9.783436251434912,-8.213481946339295,-14.15464844777932,-6.54214547464614,8.247721386705134,22.856386190544548,46.075886436982685,63.85990687537021,48.27100872000045,24.22738665326922,35.69510698216484,58.20311442173551,28.430297522966423,5.701572805371352,-12.198196872712266,-17.472068545793167,-9.199271143959214,-7.242521741001754,-9.695186549809772,-15.616375750961634,-19.154296436964767,-23.7213926930884,-24.036793277806904,-26.2081759167131,-14.670048658108161,-9.031956943125245,-20.87951479837,-26.62689884031414,-23.82295738613987,-41.37853955704062,-24.12314975048141,-18.251219063606463,-20.400453929277525,-22.250654099197885,-19.18914369411296,-9.09807002331382,-18.560146356136165,-16.750176469982783,-20.219271875358913,-19.03840526636541,-12.76952587179803,-10.753602383989326,-10.310428839811038,5.920025421206297,30.465677840044194,20.249262285765646,9.034507817192818,45.38266525810677,55.36050493804812,52.39158922761795,49.42937637040396,52.71833277733978
Angelique,S11,epbin_NumWoGE_20F_Atp_Par 16 rr fixF7 icfilt ica ep1 but chanlocs chansel chanlabels S11.csv,-12.27451143907149,29.265615479804264,-19.606162536498662,-24.266122719052106,-14.981941741498112,-8.287109142277915,5.290647307459362,-5.106562840008699,-12.653981450426016,-10.584160738052443,-20.08113453881405,-17.677709919085864,-7.809688239826328,-16.884534607355775,-6.8394305385486565,21.77177023056459,9.783436251434912,-8.213481946339295,-14.15464844777932,-6.54214547464614,8.247721386705134,22.856386190544548,46.075886436982685,63.85990687537021,48.27100872000045,24.22738665326922,35.69510698216484,58.20311442173551,28.430297522966423,5.701572805371352,-12.198196872712266,-17.472068545793167,-9.199271143959214,-7.242521741001754,-9.695186549809772,-15.616375750961634,-19.154296436964767,-23.7213926930884,-24.036793277806904,-26.2081759167131,-14.670048658108161,-9.031956943125245,-20.87951479837,-26.62689884031414,-23.82295738613987,-41.37853955704062,-24.12314975048141,-18.251219063606463,-20.400453929277525,-22.250654099197885,-19.18914369411296,-9.09807002331382,-18.560146356136165,-16.750176469982783,-20.219271875358913,-19.03840526636541,-12.76952587179803,-10.753602383989326,-10.310428839811038,5.920025421206297,30.465677840044194,20.249262285765646,9.034507817192818,45.38266525810677,55.36050493804812,52.39158922761795,49.42937637040396,52.71833277733978
Angelique,S11,epbin_NumWoGE_20F_Std_C1 25 rr fixF7 icfilt ica ep1 but chanlocs chansel chanlabels S11.csv,-12.27451143907149,29.265615479804264,-19.606162536498662,-24.266122719052106,-14.981941741498112,-8.287109142277915,5.290647307459362,-5.106562840008699,-12.653981450426016,-10.584160738052443,-20.08113453881405,-17.677709919085864,-7.809688239826328,-16.884534607355775,-6.8394305385486565,21.77177023056459,9.783436251434912,-8.213481946339295,-14.15464844777932,-6.54214547464614,8.247721386705134,22.856386190544548,46.075886436982685,63.85990687537021,48.27100872000045,24.22738665326922,35.69510698216484,58.20311442173551,28.430297522966423,5.701572805371352,-12.198196872712266,-17.472068545793167,-9.199271143959214,-7.242521741001754,-9.695186549809772,-15.616375750961634,-19.154296436964767,-23.7213926930884,-24.036793277806904,-26.2081759167131,-14.670048658108161,-9.031956943125245,-20.87951479837,-26.62689884031414,-23.82295738613987,-41.37853955704062,-24.12314975048141,-18.251219063606463,-20.400453929277525,-22.250654099197885,-19.18914369411296,-9.09807002331382,-18.560146356136165,-16.750176469982783,-20.219271875358913,-19.03840526636541,-12.76952587179803,-10.753602383989326,-10.310428839811038,5.920025421206297,30.465677840044194,20.249262285765646,9.034507817192818,45.38266525810677,55.36050493804812,52.39158922761795,49.42937637040396,52.71833277733978
Angelique,S11,epbin_NumWoGE_20F_Std_Par 15 rr fixF7 icfilt ica ep1 but chanlocs chansel chanlabels S11.csv,-12.27451143907149,29.265615479804264,-19.606162536498662,-24.266122719052106,-14.981941741498112,-8.287109142277915,5.290647307459362,-5.106562840008699,-12.653981450426016,-10.584160738052443,-20.08113453881405,-17.677709919085864,-7.809688239826328,-16.884534607355775,-6.8394305385486565,21.77177023056459,9.783436251434912,-8.213481946339295,-14.15464844777932,-6.54214547464614,8.247721386705134,22.856386190544548,46.075886436982685,63.85990687537021,48.27100872000045,24.22738665326922,35.69510698216484,58.20311442173551,28.430297522966423,5.701572805371352,-12.198196872712266,-17.472068545793167,-9.199271143959214,-7.242521741001754,-9.695186549809772,-15.616375750961634,-19.154296436964767,-23.7213926930884,-24.036793277806904,-26.2081759167131,-14.670048658108161,-9.031956943125245,-20.87951479837,-26.62689884031414,-23.82295738613987,-41.37853955704062,-24.12314975048141,-18.251219063606463,-20.400453929277525,-22.250654099197885,-19.18914369411296,-9.09807002331382,-18.560146356136165,-16.750176469982783,-20.219271875358913,-19.03840526636541,-12.76952587179803,-10.753602383989326,-10.310428839811038,5.920025421206297,30.465677840044194,20.249262285765646,9.034507817192818,45.38266525810677,55.36050493804812,52.39158922761795,49.42937637040396,52.71833277733978
Angelique,S13,epbin_Dig_1F_C1 21 rr fixO1 icfilt ica ep1 but chanlocs chansel chanlabels S13.csv,-0.5374539427220814,-0.8843186024147044,-1.540582125663145,-7.471197512911565,6.802074072571716,1.0109273328948662,-3.4490844985874274,3.489162003208714,-1.1805572639571154,-0.8760703419950941,-7.784175384141224,-8.85008877421694,-0.038862294281439835,7.003413312022696,5.03417710642744,5.680222168254707,12.908783351323159,0.31914246571511823,-4.725062036425969,-3.0828421572125784,-0.518644112615773,7.957012471543453,20.550754613845864,22.291608436581296,24.77338911095309,-0.8619088333796739,5.8365560239465815,-0.2696530437178607,-6.401811935005307,-10.847734621765271,-12.372532380152085,-13.261242176889615,4.683020343461467,-3.2389227098409217,-3.55378115177008,-6.73672563448659,-3.3438508236285425,-7.032574661687458,-7.645067871849231,-9.67514296003974,6.760891153465513,1.035889765059179,4.267210894574044,-2.913120576835162,-7.003678325261928,-11.643260132537257,-12.220574095744439,-13.066337110315,-12.038419869452856,-9.326959463666643,-3.1882727628509326,8.47830098077119,2.138989565921274,-12.368504843533218,-8.573903660801323,-17.11429987417537,-7.728851418231144,-6.21975829302424,0.2684780546051265,17.740415682160688,15.653360551114607,13.75776502370291,-10.149318123562383,0.0005925094231241456,20.815994753652298,14.184178355542839,7.929502054976562,18.363338650143742
Angelique,S13,epbin_Dig_1F_Par 11 rr fixO1 icfilt ica ep1 but chanlocs chansel chanlabels S13.csv,-0.5374539427220814,-0.8843186024147044,-1.540582125663145,-7.471197512911565,6.802074072571716,1.0109273328948662,-3.4490844985874274,3.489162003208714,-1.1805572639571154,-0.8760703419950941,-7.784175384141224,-8.85008877421694,-0.038862294281439835,7.003413312022696,5.03417710642744,5.680222168254707,12.908783351323159,0.31914246571511823,-4.725062036425969,-3.0828421572125784,-0.518644112615773,7.957012471543453,20.550754613845864,22.291608436581296,24.77338911095309,-0.8619088333796739,5.8365560239465815,-0.2696530437178607,-6.401811935005307,-10.847734621765271,-12.372532380152085,-13.261242176889615,4.683020343461467,-3.2389227098409217,-3.55378115177008,-6.73672563448659,-3.3438508236285425,-7.032574661687458,-7.645067871849231,-9.67514296003974,6.760891153465513,1.035889765059179,4.267210894574044,-2.913120576835162,-7.003678325261928,-11.643260132537257,-12.220574095744439,-13.066337110315,-12.038419869452856,-9.326959463666643,-3.1882727628509326,8.47830098077119,2.138989565921274,-12.368504843533218,-8.573903660801323,-17.11429987417537,-7.728851418231144,-6.21975829302424,0.2684780546051265,17.740415682160688,15.653360551114607,13.75776502370291,-10.149318123562383,0.0005925094231241456,20.815994753652298,14.184178355542839,7.929502054976562,18.363338650143742
Angelique,S13,epbin_Dig_20F_Atp_C1 23 rr fixO1 icfilt ica ep1 but chanlocs chansel chanlabels S13.csv,-0.5374539427220814,-0.8843186024147044,-1.540582125663145,-7.471197512911565,6.802074072571716,1.0109273328948662,-3.4490844985874274,3.489162003208714,-1.1805572639571154,-0.8760703419950941,-7.784175384141224,-8.85008877421694,-0.038862294281439835,7.003413312022696,5.03417710642744,5.680222168254707,12.908783351323159,0.31914246571511823,-4.725062036425969,-3.0828421572125784,-0.518644112615773,7.957012471543453,20.550754613845864,22.291608436581296,24.77338911095309,-0.8619088333796739,5.8365560239465815,-0.2696530437178607,-6.401811935005307,-10.847734621765271,-12.372532380152085,-13.261242176889615,4.683020343461467,-3.2389227098409217,-3.55378115177008,-6.73672563448659,-3.3438508236285425,-7.032574661687458,-7.645067871849231,-9.67514296003974,6.760891153465513,1.035889765059179,4.267210894574044,-2.913120576835162,-7.003678325261928,-11.643260132537257,-12.220574095744439,-13.066337110315,-12.038419869452856,-9.326959463666643,-3.1882727628509326,8.47830098077119,2.138989565921274,-12.368504843533218,-8.573903660801323,-17.11429987417537,-7.728851418231144,-6.21975829302424,0.2684780546051265,17.740415682160688,15.653360551114607,13.75776502370291,-10.149318123562383,0.0005925094231241456,20.815994753652298,14.184178355542839,7.929502054976562,18.363338650143742
Angelique,S13,epbin_Dig_20F_Atp_Par 13 rr fixO1 icfilt ica ep1 but chanlocs chansel chanlabels S13.csv,-0.5374539427220814,-0.8843186024147044,-1.540582125663145,-7.471197512911565,6.802074072571716,1.0109273328948662,-3.4490844985874274,3.489162003208714,-1.1805572639571154,-0.8760703419950941,-7.784175384141224,-8.85008877421694,-0.038862294281439835,7.003413312022696,5.03417710642744,5.680222168254707,12.908783351323159,0.31914246571511823,-4.725062036425969,-3.0828421572125784,-0.518644112615773,7.957012471543453,20.550754613845864,22.291608436581296,24.77338911095309,-0.8619088333796739,5.8365560239465815,-0.2696530437178607,-6.401811935005307,-10.847734621765271,-12.372532380152085,-13.261242176889615,4.683020343461467,-3.2389227098409217,-3.55378115177008,-6.73672563448659,-3.3438508236285425,-7.032574661687458,-7.645067871849231,-9.67514296003974,6.760891153465513,1.035889765059179,4.267210894574044,-2.913120576835162,-7.003678325261928,-11.643260132537257,-12.220574095744439,-13.066337110315,-12.038419869452856,-9.326959463666643,-3.1882727628509326,8.47830098077119,2.138989565921274,-12.368504843533218,-8.573903660801323,-17.11429987417537,-7.728851418231144,-6.21975829302424,0.2684780546051265,17.740415682160688,15.653360551114607,13.75776502370291,-10.149318123562383,0.0005925094231241456,20.815994753652298,14.184178355542839,7.929502054976562,18.363338650143742
Angelique,S13,epbin_Dig_20F_Std_C1 22 rr fixO1 icfilt ica ep1 but chanlocs chansel chanlabels S13.csv,-0.5374539427220814,-0.8843186024147044,-1.540582125663145,-7.471197512911565,6.802074072571716,1.0109273328948662,-3.4490844985874274,3.489162003208714,-1.1805572639571154,-0.8760703419950941,-7.784175384141224,-8.85008877421694,-0.038862294281439835,7.003413312022696,5.03417710642744,5.680222168254707,12.908783351323159,0.31914246571511823,-4.725062036425969,-3.0828421572125784,-0.518644112615773,7.957012471543453,20.550754613845864,22.291608436581296,24.77338911095309,-0.8619088333796739,5.8365560239465815,-0.2696530437178607,-6.401811935005307,-10.847734621765271,-12.372532380152085,-13.261242176889615,4.683020343461467,-3.2389227098409217,-3.55378115177008,-6.73672563448659,-3.3438508236285425,-7.032574661687458,-7.645067871849231,-9.67514296003974,6.760891153465513,1.035889765059179,4.267210894574044,-2.913120576835162,-7.003678325261928,-11.643260132537257,-12.220574095744439,-13.066337110315,-12.038419869452856,-9.326959463666643,-3.1882727628509326,8.47830098077119,2.138989565921274,-12.368504843533218,-8.573903660801323,-17.11429987417537,-7.728851418231144,-6.21975829302424,0.2684780546051265,17.740415682160688,15.653360551114607,13.75776502370291,-10.149318123562383,0.0005925094231241456,20.815994753652298,14.184178355542839,7.929502054976562,18.363338650143742
Angelique,S13,epbin_Dig_20F_Std_Par 12 rr fixO1 icfilt ica ep1 but chanlocs chansel chanlabels S13.csv,-0.5374539427220814,-0.8843186024147044,-1.540582125663145,-7.471197512911565,6.802074072571716,1.0109273328948662,-3.4490844985874274,3.489162003208714,-1.1805572639571154,-0.8760703419950941,-7.784175384141224,-8.85008877421694,-0.038862294281439835,7.003413312022696,5.03417710642744,5.680222168254707,12.908783351323159,0.31914246571511823,-4.725062036425969,-3.0828421572125784,-0.518644112615773,7.957012471543453,20.550754613845864,22.291608436581296,24.77338911095309,-0.8619088333796739,5.8365560239465815,-0.2696530437178607,-6.401811935005307,-10.847734621765271,-12.372532380152085,-13.261242176889615,4.683020343461467,-3.2389227098409217,-3.55378115177008,-6.73672563448659,-3.3438508236285425,-7.032574661687458,-7.645067871849231,-9.67514296003974,6.760891153465513,1.035889765059179,4.267210894574044,-2.913120576835162,-7.003678325261928,-11.643260132537257,-12.220574095744439,-13.066337110315,-12.038419869452856,-9.326959463666643,-3.1882727628509326,8.47830098077119,2.138989565921274,-12.368504843533218,-8.573903660801323,-17.11429987417537,-7.728851418231144,-6.21975829302424,0.2684780546051265,17.740415682160688,15.653360551114607,13.75776502370291,-10.149318123562383,0.0005925094231241456,20.815994753652298,14.184178355542839,7.929502054976562,18.363338650143742
Angelique,S13,epbin_NumWoGE_1F_C1 24 rr fixO1 icfilt ica ep1 but chanlocs chansel chanlabels S13.csv,-0.5374539427220814,-0.8843186024147044,-1.540582125663145,-7.471197512911565,6.802074072571716,1.0109273328948662,-3.4490844985874274,3.489162003208714,-1.1805572639571154,-0.8760703419950941,-7.784175384141224,-8.85008877421694,-0.038862294281439835,7.003413312022696,5.03417710642744,5.680222168254707,12.908783351323159,0.31914246571511823,-4.725062036425969,-3.0828421572125784,-0.518644112615773,7.957012471543453,20.550754613845864,22.291608436581296,24.77338911095309,-0.8619088333796739,5.8365560239465815,-0.2696530437178607,-6.401811935005307,-10.847734621765271,-12.372532380152085,-13.261242176889615,4.683020343461467,-3.2389227098409217,-3.55378115177008,-6.73672563448659,-3.3438508236285425,-7.032574661687458,-7.645067871849231,-9.67514296003974,6.760891153465513,1.035889765059179,4.267210894574044,-2.913120576835162,-7.003678325261928,-11.643260132537257,-12.220574095744439,-13.066337110315,-12.038419869452856,-9.326959463666643,-3.1882727628509326,8.47830098077119,2.138989565921274,-12.368504843533218,-8.573903660801323,-17.11429987417537,-7.728851418231144,-6.21975829302424,0.2684780546051265,17.740415682160688,15.653360551114607,13.75776502370291,-10.149318123562383,0.0005925094231241456,20.815994753652298,14.184178355542839,7.929502054976562,18.363338650143742
Angelique,S13,epbin_NumWoGE_1F_Par 14 rr fixO1 icfilt ica ep1 but chanlocs chansel chanlabels S13.csv,-0.5374539427220814,-0.8843186024147044,-1.540582125663145,-7.471197512911565,6.802074072571716,1.0109273328948662,-3.4490844985874274,3.489162003208714,-1.1805572639571154,-0.8760703419950941,-7.784175384141224,-8.85008877421694,-0.038862294281439835,7.003413312022696,5.03417710642744,5.680222168254707,12.908783351323159,0.31914246571511823,-4.725062036425969,-3.0828421572125784,-0.518644112615773,7.957012471543453,20.550754613845864,22.291608436581296,24.77338911095309,-0.8619088333796739,5.8365560239465815,-0.2696530437178607,-6.401811935005307,-10.847734621765271,-12.372532380152085,-13.261242176889615,4.683020343461467,-3.2389227098409217,-3.55378115177008,-6.73672563448659,-3.3438508236285425,-7.032574661687458,-7.645067871849231,-9.67514296003974,6.760891153465513,1.035889765059179,4.267210894574044,-2.913120576835162,-7.003678325261928,-11.643260132537257,-12.220574095744439,-13.066337110315,-12.038419869452856,-9.326959463666643,-3.1882727628509326,8.47830098077119,2.138989565921274,-12.368504843533218,-8.573903660801323,-17.11429987417537,-7.728851418231144,-6.21975829302424,0.2684780546051265,17.740415682160688,15.653360551114607,13.75776502370291,-10.149318123562383,0.0005925094231241456,20.815994753652298,14.184178355542839,7.929502054976562,18.363338650143742
Angelique,S13,epbin_NumWoGE_20F_Atp_C1 26 rr fixO1 icfilt ica ep1 but chanlocs chansel chanlabels S13.csv,-0.5374539427220814,-0.8843186024147044,-1.540582125663145,-7.471197512911565,6.802074072571716,1.0109273328948662,-3.4490844985874274,3.489162003208714,-1.1805572639571154,-0.8760703419950941,-7.784175384141224,-8.85008877421694,-0.038862294281439835,7.003413312022696,5.03417710642744,5.680222168254707,12.908783351323159,0.31914246571511823,-4.725062036425969,-3.0828421572125784,-0.518644112615773,7.957012471543453,20.550754613845864,22.291608436581296,24.77338911095309,-0.8619088333796739,5.8365560239465815,-0.2696530437178607,-6.401811935005307,-10.847734621765271,-12.372532380152085,-13.261242176889615,4.683020343461467,-3.2389227098409217,-3.55378115177008,-6.73672563448659,-3.3438508236285425,-7.032574661687458,-7.645067871849231,-9.67514296003974,6.760891153465513,1.035889765059179,4.267210894574044,-2.913120576835162,-7.003678325261928,-11.643260132537257,-12.220574095744439,-13.066337110315,-12.038419869452856,-9.326959463666643,-3.1882727628509326,8.47830098077119,2.138989565921274,-12.368504843533218,-8.573903660801323,-17.11429987417537,-7.728851418231144,-6.21975829302424,0.2684780546051265,17.740415682160688,15.653360551114607,13.75776502370291,-10.149318123562383,0.0005925094231241456,20.815994753652298,14.184178355542839,7.929502054976562,18.363338650143742
Angelique,S13,epbin_NumWoGE_20F_Atp_Par 16 rr fixO1 icfilt ica ep1 but chanlocs chansel chanlabels S13.csv,-0.5374539427220814,-0.8843186024147044,-1.540582125663145,-7.471197512911565,6.802074072571716,1.0109273328948662,-3.4490844985874274,3.489162003208714,-1.1805572639571154,-0.8760703419950941,-7.784175384141224,-8.85008877421694,-0.038862294281439835,7.003413312022696,5.03417710642744,5.680222168254707,12.908783351323159,0.31914246571511823,-4.725062036425969,-3.0828421572125784,-0.518644112615773,7.957012471543453,20.550754613845864,22.291608436581296,24.77338911095309,-0.8619088333796739,5.8365560239465815,-0.2696530437178607,-6.401811935005307,-10.847734621765271,-12.372532380152085,-13.261242176889615,4.683020343461467,-3.2389227098409217,-3.55378115177008,-6.73672563448659,-3.3438508236285425,-7.032574661687458,-7.645067871849231,-9.67514296003974,6.760891153465513,1.035889765059179,4.267210894574044,-2.913120576835162,-7.003678325261928,-11.643260132537257,-12.220574095744439,-13.066337110315,-12.038419869452856,-9.326959463666643,-3.1882727628509326,8.47830098077119,2.138989565921274,-12.368504843533218,-8.573903660801323,-17.11429987417537,-7.728851418231144,-6.21975829302424,0.2684780546051265,17.740415682160688,15.653360551114607,13.75776502370291,-10.149318123562383,0.0005925094231241456,20.815994753652298,14.184178355542839,7.929502054976562,18.363338650143742
Angelique,S13,epbin_NumWoGE_20F_Std_C1 25 rr fixO1 icfilt ica ep1 but chanlocs chansel chanlabels S13.csv,-0.5374539427220814,-0.8843186024147044,-1.540582125663145,-7.471197512911565,6.802074072571716,1.0109273328948662,-3.4490844985874274,3.489162003208714,-1.1805572639571154,-0.8760703419950941,-7.784175384141224,-8.85008877421694,-0.038862294281439835,7.003413312022696,5.03417710642744,5.680222168254707,12.908783351323159,0.31914246571511823,-4.725062036425969,-3.0828421572125784,-0.518644112615773,7.957012471543453,20.550754613845864,22.291608436581296,24.77338911095309,-0.8619088333796739,5.8365560239465815,-0.2696530437178607,-6.401811935005307,-10.847734621765271,-12.372532380152085,-13.261242176889615,4.683020343461467,-3.2389227098409217,-3.55378115177008,-6.73672563448659,-3.3438508236285425,-7.032574661687458,-7.645067871849231,-9.67514296003974,6.760891153465513,1.035889765059179,4.267210894574044,-2.913120576835162,-7.003678325261928,-11.643260132537257,-12.220574095744439,-13.066337110315,-12.038419869452856,-9.326959463666643,-3.1882727628509326,8.47830098077119,2.138989565921274,-12.368504843533218,-8.573903660801323,-17.11429987417537,-7.728851418231144,-6.21975829302424,0.2684780546051265,17.740415682160688,15.653360551114607,13.75776502370291,-10.149318123562383,0.0005925094231241456,20.815994753652298,14.184178355542839,7.929502054976562,18.363338650143742
Angelique,S13,epbin_NumWoGE_20F_Std_Par 15 rr fixO1 icfilt ica ep1 but chanlocs chansel chanlabels S13.csv,-0.5374539427220814,-0.8843186024147044,-1.540582125663145,-7.471197512911565,6.802074072571716,1.0109273328948662,-3.4490844985874274,3.489162003208714,-1.1805572639571154,-0.8760703419950941,-7.784175384141224,-8.85008877421694,-0.038862294281439835,7.003413312022696,5.03417710642744,5.680222168254707,12.908783351323159,0.31914246571511823,-4.725062036425969,-3.0828421572125784,-0.518644112615773,7.957012471543453,20.550754613845864,22.291608436581296,24.77338911095309,-0.8619088333796739,5.8365560239465815,-0.2696530437178607,-6.401811935005307,-10.847734621765271,-12.372532380152085,-13.261242176889615,4.683020343461467,-3.2389227098409217,-3.55378115177008,-6.73672563448659,-3.3438508236285425,-7.032574661687458,-7.645067871849231,-9.67514296003974,6.760891153465513,1.035889765059179,4.267210894574044,-2.913120576835162,-7.003678325261928,-11.643260132537257,-12.220574095744439,-13.066337110315,-12.038419869452856,-9.326959463666643,-3.1882727628509326,8.47830098077119,2.138989565921274,-12.368504843533218,-8.573903660801323,-17.11429987417537,-7.728851418231144,-6.21975829302424,0.2684780546051265,17.740415682160688,15.653360551114607,13.75776502370291,-10.149318123562383,0.0005925094231241456,20.815994753652298,14.184178355542839,7.929502054976562,18.363338650143742
Angelique,S15,epbin_Dig_1F_C1 21 rr fixC5 ica ep1 but chanlocs chansel chanlabels S15.csv,-10.077052746408583,-3.3724945168674845,-2.9045705905975043,2.741772308072486,-2.4956573101632396,14.918898821541363,5.759828448426559,-1.9999425056991909,6.57142057155711,0.038551533400109736,1.5656043806012883,5.707497410303178,2.8763468953335933,2.126109097359555,6.4604478903281715,-2.5812736512744174,-3.0694394628405437,-2.3666936912741168,4.552884151442501,1.706846960705015,-2.3365198020233087,-7.367798340220361,-5.086336027787622,4.709888159471475,-14.798189750394057,-3.093015236054544,-14.129666431203264,-19.826305426077628,-4.693761265068922,1.7421565955671785,9.41105096502209,12.171655987794978,-4.126335845305774,-29.38435246873887,1.563665313975934,-1.527131149504543,-2.210670293590096,-0.1350792186300869,1.2220703650165854,-22.999680217728567,12.230349501909386,2.471893163884843,1.857904534690141,8.92006894239557,4.738070168268633,8.1528775843096,5.548295536701692,7.586725575184276,7.550318103591899,9.966434462510293,5.815569565036584,8.034475034528551,8.59007352226267,7.12109631245388,6.632284344814342,8.906616850133233,10.384309175288172,10.092743456372196,7.825697365624831,6.798896886630762,-6.128846228591489,-0.44592673243332753,3.0184226880598057,-1.8261214620740027,-17.346452674227837,-24.17866508119429,-16.551118926241877,-11.030716817130942
Angelique,S15,epbin_Dig_1F_Par 11 rr fixC5 ica ep1 but chanlocs chansel chanlabels S15.csv,-10.077052746408583,-3.3724945168674845,-2.9045705905975043,2.741772308072486,-2.4956573101632396,14.918898821541363,5.759828448426559,-1.9999425056991909,6.57142057155711,0.038551533400109736,1.5656043806012883,5.707497410303178,2.8763468953335933,2.126109097359555,6.4604478903281715,-2.5812736512744174,-3.0694394628405437,-2.3666936912741168,4.552884151442501,1.706846960705015,-2.3365198020233087,-7.367798340220361,-5.086336027787622,4.709888159471475,-14.798189750394057,-3.093015236054544,-14.129666431203264,-19.826305426077628,-4.693761265068922,1.7421565955671785,9.41105096502209,12.171655987794978,-4.126335845305774,-29.38435246873887,1.563665313975934,-1.527131149504543,-2.210670293590096,-0.1350792186300869,1.2220703650165854,-22.999680217728567,12.230349501909386,2.471893163884843,1.857904534690141,8.92006894239557,4.738070168268633,8.1528775843096,5.548295536701692,7.586725575184276,7.550318103591899,9.966434462510293,5.815569565036584,8.034475034528551,8.59007352226267,7.12109631245388,6.632284344814342,8.906616850133233,10.384309175288172,10.092743456372196,7.825697365624831,6.798896886630762,-6.128846228591489,-0.44592673243332753,3.0184226880598057,-1.8261214620740027,-17.346452674227837,-24.17866508119429,-16.551118926241877,-11.030716817130942
Angelique,S15,epbin_Dig_20F_Atp_C1 23 rr fixC5 ica ep1 but chanlocs chansel chanlabels S15.csv,-10.077052746408583,-3.3724945168674845,-2.9045705905975043,2.741772308072486,-2.4956573101632396,14.918898821541363,5.759828448426559,-1.9999425056991909,6.57142057155711,0.038551533400109736,1.5656043806012883,5.707497410303178,2.8763468953335933,2.126109097359555,6.4604478903281715,-2.5812736512744174,-3.0694394628405437,-2.3666936912741168,4.552884151442501,1.706846960705015,-2.3365198020233087,-7.367798340220361,-5.086336027787622,4.709888159471475,-14.798189750394057,-3.093015236054544,-14.129666431203264,-19.826305426077628,-4.693761265068922,1.7421565955671785,9.41105096502209,12.171655987794978,-4.126335845305774,-29.38435246873887,1.563665313975934,-1.527131149504543,-2.210670293590096,-0.1350792186300869,1.2220703650165854,-22.999680217728567,12.230349501909386,2.471893163884843,1.857904534690141,8.92006894239557,4.738070168268633,8.1528775843096,5.548295536701692,7.586725575184276,7.550318103591899,9.966434462510293,5.815569565036584,8.034475034528551,8.59007352226267,7.12109631245388,6.632284344814342,8.906616850133233,10.384309175288172,10.092743456372196,7.825697365624831,6.798896886630762,-6.128846228591489,-0.44592673243332753,3.0184226880598057,-1.8261214620740027,-17.346452674227837,-24.17866508119429,-16.551118926241877,-11.030716817130942
Angelique,S15,epbin_Dig_20F_Atp_Par 13 rr fixC5 ica ep1 but chanlocs chansel chanlabels S15.csv,-10.077052746408583,-3.3724945168674845,-2.9045705905975043,2.741772308072486,-2.4956573101632396,14.918898821541363,5.759828448426559,-1.9999425056991909,6.57142057155711,0.038551533400109736,1.5656043806012883,5.707497410303178,2.8763468953335933,2.126109097359555,6.4604478903281715,-2.5812736512744174,-3.0694394628405437,-2.3666936912741168,4.552884151442501,1.706846960705015,-2.3365198020233087,-7.367798340220361,-5.086336027787622,4.709888159471475,-14.798189750394057,-3.093015236054544,-14.129666431203264,-19.826305426077628,-4.693761265068922,1.7421565955671785,9.41105096502209,12.171655987794978,-4.126335845305774,-29.38435246873887,1.563665313975934,-1.527131149504543,-2.210670293590096,-0.1350792186300869,1.2220703650165854,-22.999680217728567,12.230349501909386,2.471893163884843,1.857904534690141,8.92006894239557,4.738070168268633,8.1528775843096,5.548295536701692,7.586725575184276,7.550318103591899,9.966434462510293,5.815569565036584,8.034475034528551,8.59007352226267,7.12109631245388,6.632284344814342,8.906616850133233,10.384309175288172,10.092743456372196,7.825697365624831,6.798896886630762,-6.128846228591489,-0.44592673243332753,3.0184226880598057,-1.8261214620740027,-17.346452674227837,-24.17866508119429,-16.551118926241877,-11.030716817130942
Angelique,S15,epbin_Dig_20F_Std_C1 22 rr fixC5 ica ep1 but chanlocs chansel chanlabels S15.csv,-10.077052746408583,-3.3724945168674845,-2.9045705905975043,2.741772308072486,-2.4956573101632396,14.918898821541363,5.759828448426559,-1.9999425056991909,6.57142057155711,0.038551533400109736,1.5656043806012883,5.707497410303178,2.8763468953335933,2.126109097359555,6.4604478903281715,-2.5812736512744174,-3.0694394628405437,-2.3666936912741168,4.552884151442501,1.706846960705015,-2.3365198020233087,-7.367798340220361,-5.086336027787622,4.709888159471475,-14.798189750394057,-3.093015236054544,-14.129666431203264,-19.826305426077628,-4.693761265068922,1.7421565955671785,9.41105096502209,12.171655987794978,-4.126335845305774,-29.38435246873887,1.563665313975934,-1.527131149504543,-2.210670293590096,-0.1350792186300869,1.2220703650165854,-22.999680217728567,12.230349501909386,2.471893163884843,1.857904534690141,8.92006894239557,4.738070168268633,8.1528775843096,5.548295536701692,7.586725575184276,7.550318103591899,9.966434462510293,5.815569565036584,8.034475034528551,8.59007352226267,7.12109631245388,6.632284344814342,8.906616850133233,10.384309175288172,10.092743456372196,7.825697365624831,6.798896886630762,-6.128846228591489,-0.44592673243332753,3.0184226880598057,-1.8261214620740027,-17.346452674227837,-24.17866508119429,-16.551118926241877,-11.030716817130942
Angelique,S15,epbin_Dig_20F_Std_Par 12 rr fixC5 ica ep1 but chanlocs chansel chanlabels S15.csv,-10.077052746408583,-3.3724945168674845,-2.9045705905975043,2.741772308072486,-2.4956573101632396,14.918898821541363,5.759828448426559,-1.9999425056991909,6.57142057155711,0.038551533400109736,1.5656043806012883,5.707497410303178,2.8763468953335933,2.126109097359555,6.4604478903281715,-2.5812736512744174,-3.0694394628405437,-2.3666936912741168,4.552884151442501,1.706846960705015,-2.3365198020233087,-7.367798340220361,-5.086336027787622,4.709888159471475,-14.798189750394057,-3.093015236054544,-14.129666431203264,-19.826305426077628,-4.693761265068922,1.7421565955671785,9.41105096502209,12.171655987794978,-4.126335845305774,-29.38435246873887,1.563665313975934,-1.527131149504543,-2.210670293590096,-0.1350792186300869,1.2220703650165854,-22.999680217728567,12.230349501909386,2.471893163884843,1.857904534690141,8.92006894239557,4.738070168268633,8.1528775843096,5.548295536701692,7.586725575184276,7.550318103591899,9.966434462510293,5.815569565036584,8.034475034528551,8.59007352226267,7.12109631245388,6.632284344814342,8.906616850133233,10.384309175288172,10.092743456372196,7.825697365624831,6.798896886630762,-6.128846228591489,-0.44592673243332753,3.0184226880598057,-1.8261214620740027,-17.346452674227837,-24.17866508119429,-16.551118926241877,-11.030716817130942
Angelique,S15,epbin_NumWoGE_1F_C1 24 rr fixC5 ica ep1 but chanlocs chansel chanlabels S15.csv,-10.077052746408583,-3.3724945168674845,-2.9045705905975043,2.741772308072486,-2.4956573101632396,14.918898821541363,5.759828448426559,-1.9999425056991909,6.57142057155711,0.038551533400109736,1.5656043806012883,5.707497410303178,2.8763468953335933,2.126109097359555,6.4604478903281715,-2.5812736512744174,-3.0694394628405437,-2.3666936912741168,4.552884151442501,1.706846960705015,-2.3365198020233087,-7.367798340220361,-5.086336027787622,4.709888159471475,-14.798189750394057,-3.093015236054544,-14.129666431203264,-19.826305426077628,-4.693761265068922,1.7421565955671785,9.41105096502209,12.171655987794978,-4.126335845305774,-29.38435246873887,1.563665313975934,-1.527131149504543,-2.210670293590096,-0.1350792186300869,1.2220703650165854,-22.999680217728567,12.230349501909386,2.471893163884843,1.857904534690141,8.92006894239557,4.738070168268633,8.1528775843096,5.548295536701692,7.586725575184276,7.550318103591899,9.966434462510293,5.815569565036584,8.034475034528551,8.59007352226267,7.12109631245388,6.632284344814342,8.906616850133233,10.384309175288172,10.092743456372196,7.825697365624831,6.798896886630762,-6.128846228591489,-0.44592673243332753,3.0184226880598057,-1.8261214620740027,-17.346452674227837,-24.17866508119429,-16.551118926241877,-11.030716817130942
Angelique,S15,epbin_NumWoGE_1F_Par 14 rr fixC5 ica ep1 but chanlocs chansel chanlabels S15.csv,-10.077052746408583,-3.3724945168674845,-2.9045705905975043,2.741772308072486,-2.4956573101632396,14.918898821541363,5.759828448426559,-1.9999425056991909,6.57142057155711,0.038551533400109736,1.5656043806012883,5.707497410303178,2.8763468953335933,2.126109097359555,6.4604478903281715,-2.5812736512744174,-3.0694394628405437,-2.3666936912741168,4.552884151442501,1.706846960705015,-2.3365198020233087,-7.367798340220361,-5.086336027787622,4.709888159471475,-14.798189750394057,-3.093015236054544,-14.129666431203264,-19.826305426077628,-4.693761265068922,1.7421565955671785,9.41105096502209,12.171655987794978,-4.126335845305774,-29.38435246873887,1.563665313975934,-1.527131149504543,-2.210670293590096,-0.1350792186300869,1.2220703650165854,-22.999680217728567,12.230349501909386,2.471893163884843,1.857904534690141,8.92006894239557,4.738070168268633,8.1528775843096,5.548295536701692,7.586725575184276,7.550318103591899,9.966434462510293,5.815569565036584,8.034475034528551,8.59007352226267,7.12109631245388,6.632284344814342,8.906616850133233,10.384309175288172,10.092743456372196,7.825697365624831,6.798896886630762,-6.128846228591489,-0.44592673243332753,3.0184226880598057,-1.8261214620740027,-17.346452674227837,-24.17866508119429,-16.551118926241877,-11.030716817130942
Angelique,S15,epbin_NumWoGE_20F_Atp_C1 26 rr fixC5 ica ep1 but chanlocs chansel chanlabels S15.csv,-10.077052746408583,-3.3724945168674845,-2.9045705905975043,2.741772308072486,-2.4956573101632396,14.918898821541363,5.759828448426559,-1.9999425056991909,6.57142057155711,0.038551533400109736,1.5656043806012883,5.707497410303178,2.8763468953335933,2.126109097359555,6.4604478903281715,-2.5812736512744174,-3.0694394628405437,-2.3666936912741168,4.552884151442501,1.706846960705015,-2.3365198020233087,-7.367798340220361,-5.086336027787622,4.709888159471475,-14.798189750394057,-3.093015236054544,-14.129666431203264,-19.826305426077628,-4.693761265068922,1.7421565955671785,9.41105096502209,12.171655987794978,-4.126335845305774,-29.38435246873887,1.563665313975934,-1.527131149504543,-2.210670293590096,-0.1350792186300869,1.2220703650165854,-22.999680217728567,12.230349501909386,2.471893163884843,1.857904534690141,8.92006894239557,4.738070168268633,8.1528775843096,5.548295536701692,7.586725575184276,7.550318103591899,9.966434462510293,5.815569565036584,8.034475034528551,8.59007352226267,7.12109631245388,6.632284344814342,8.906616850133233,10.384309175288172,10.092743456372196,7.825697365624831,6.798896886630762,-6.128846228591489,-0.44592673243332753,3.0184226880598057,-1.8261214620740027,-17.346452674227837,-24.17866508119429,-16.551118926241877,-11.030716817130942
Angelique,S15,epbin_NumWoGE_20F_Atp_Par 16 rr fixC5 ica ep1 but chanlocs chansel chanlabels S15.csv,-10.077052746408583,-3.3724945168674845,-2.9045705905975043,2.741772308072486,-2.4956573101632396,14.918898821541363,5.759828448426559,-1.9999425056991909,6.57142057155711,0.038551533400109736,1.5656043806012883,5.707497410303178,2.8763468953335933,2.126109097359555,6.4604478903281715,-2.5812736512744174,-3.0694394628405437,-2.3666936912741168,4.552884151442501,1.706846960705015,-2.3365198020233087,-7.367798340220361,-5.086336027787622,4.709888159471475,-14.798189750394057,-3.093015236054544,-14.129666431203264,-19.826305426077628,-4.693761265068922,1.7421565955671785,9.41105096502209,12.171655987794978,-4.126335845305774,-29.38435246873887,1.563665313975934,-1.527131149504543,-2.210670293590096,-0.1350792186300869,1.2220703650165854,-22.999680217728567,12.230349501909386,2.471893163884843,1.857904534690141,8.92006894239557,4.738070168268633,8.1528775843096,5.548295536701692,7.586725575184276,7.550318103591899,9.966434462510293,5.815569565036584,8.034475034528551,8.59007352226267,7.12109631245388,6.632284344814342,8.906616850133233,10.384309175288172,10.092743456372196,7.825697365624831,6.798896886630762,-6.128846228591489,-0.44592673243332753,3.0184226880598057,-1.8261214620740027,-17.346452674227837,-24.17866508119429,-16.551118926241877,-11.030716817130942
Angelique,S15,epbin_NumWoGE_20F_Std_C1 25 rr fixC5 ica ep1 but chanlocs chansel chanlabels S15.csv,-10.077052746408583,-3.3724945168674845,-2.9045705905975043,2.741772308072486,-2.4956573101632396,14.918898821541363,5.759828448426559,-1.9999425056991909,6.57142057155711,0.038551533400109736,1.5656043806012883,5.707497410303178,2.8763468953335933,2.126109097359555,6.4604478903281715,-2.5812736512744174,-3.0694394628405437,-2.3666936912741168,4.552884151442501,1.706846960705015,-2.3365198020233087,-7.367798340220361,-5.086336027787622,4.709888159471475,-14.798189750394057,-3.093015236054544,-14.129666431203264,-19.826305426077628,-4.693761265068922,1.7421565955671785,9.41105096502209,12.171655987794978,-4.126335845305774,-29.38435246873887,1.563665313975934,-1.527131149504543,-2.210670293590096,-0.1350792186300869,1.2220703650165854,-22.999680217728567,12.230349501909386,2.471893163884843,1.857904534690141,8.92006894239557,4.738070168268633,8.1528775843096,5.548295536701692,7.586725575184276,7.550318103591899,9.966434462510293,5.815569565036584,8.034475034528551,8.59007352226267,7.12109631245388,6.632284344814342,8.906616850133233,10.384309175288172,10.092743456372196,7.825697365624831,6.798896886630762,-6.128846228591489,-0.44592673243332753,3.0184226880598057,-1.8261214620740027,-17.346452674227837,-24.17866508119429,-16.551118926241877,-11.030716817130942
Angelique,S15,epbin_NumWoGE_20F_Std_Par 15 rr fixC5 ica ep1 but chanlocs chansel chanlabels S15.csv,-10.077052746408583,-3.3724945168674845,-2.9045705905975043,2.741772308072486,-2.4956573101632396,14.918898821541363,5.759828448426559,-1.9999425056991909,6.57142057155711,0.038551533400109736,1.5656043806012883,5.707497410303178,2.8763468953335933,2.126109097359555,6.4604478903281715,-2.5812736512744174,-3.0694394628405437,-2.3666936912741168,4.552884151442501,1.706846960705015,-2.3365198020233087,-7.367798340220361,-5.086336027787622,4.709888159471475,-14.798189750394057,-3.093015236054544,-14.129666431203264,-19.826305426077628,-4.693761265068922,1.7421565955671785,9.41105096502209,12.171655987794978,-4.126335845305774,-29.38435246873887,1.563665313975934,-1.527131149504543,-2.210670293590096,-0.1350792186300869,1.2220703650165854,-22.999680217728567,12.230349501909386,2.471893163884843,1.857904534690141,8.92006894239557,4.738070168268633,8.1528775843096,5.548295536701692,7.586725575184276,7.550318103591899,9.966434462510293,5.815569565036584,8.034475034528551,8.59007352226267,7.12109631245388,6.632284344814342,8.906616850133233,10.384309175288172,10.092743456372196,7.825697365624831,6.798896886630762,-6.128846228591489,-0.44592673243332753,3.0184226880598057,-1.8261214620740027,-17.346452674227837,-24.17866508119429,-16.551118926241877,-11.030716817130942
Angelique,S16,epbin_Dig_1F_C1 21 rr icfilt ica ep1 but chanlocs chansel chanlabels S16.csv,-2.753788003907342,-3.3880528104379084,4.489580035808213,6.912835172182274,-1.1792255657405784,2.363075529061784,1.8266850151577,-0.6131414943318945,0.11710106933240017,5.30702503684227,7.596120919781462,10.56350203506155,2.240142058798996,1.6478556678654714,-0.7401148596798978,-10.694153734509602,-6.834824111815981,0.6418452634901062,6.061277368248156,1.3803353216287548,-3.843447833982911,-12.030898500455923,-15.606324399224585,-26.12274025903268,-25.78656416512491,-4.964209962217411,-20.15240909153181,-21.322103449327336,-0.452928672353338,10.668327614204957,7.50781065839336,10.145707792172407,1.894443156340669,2.6583634596109107,3.3205854963449384,3.9912332807572315,5.052865040967167,7.298591500995721,10.871578399667168,9.992949027661723,6.814384353066045,2.8126380323909346,-2.7706278370003465,7.080370056920974,11.920143829834238,12.005172607206086,9.54967245970104,11.953138353334685,13.578194896434484,7.842234579500921,9.208241772728503,4.086719103332518,-1.6173222685268187,7.544493221664863,9.3276182539774,7.285655328797044,8.8215656411603,7.411807929925858,5.513403123994393,-2.431943606420905,-11.776323226578388,-1.9924130671654487,8.228065125089872,-0.33240760784448814,-40.05849822517797,-40.38702652982215,-18.436642351241787,0.7547828833011231
Angelique,S16,epbin_Dig_1F_Par 11 rr icfilt ica ep1 but chanlocs chansel chanlabels S16.csv,-2.753788003907342,-3.3880528104379084,4.489580035808213,6.912835172182274,-1.1792255657405784,2.363075529061784,1.8266850151577,-0.6131414943318945,0.11710106933240017,5.30702503684227,7.596120919781462,10.56350203506155,2.240142058798996,1.6478556678654714,-0.7401148596798978,-10.694153734509602,-6.834824111815981,0.6418452634901062,6.061277368248156,1.3803353216287548,-3.843447833982911,-12.030898500455923,-15.606324399224585,-26.12274025903268,-25.78656416512491,-4.964209962217411,-20.15240909153181,-21.322103449327336,-0.452928672353338,10.668327614204957,7.50781065839336,10.145707792172407,1.894443156340669,2.6583634596109107,3.3205854963449384,3.9912332807572315,5.052865040967167,7.298591500995721,10.871578399667168,9.992949027661723,6.814384353066045,2.8126380323909346,-2.7706278370003465,7.080370056920974,11.920143829834238,12.005172607206086,9.54967245970104,11.953138353334685,13.578194896434484,7.842234579500921,9.208241772728503,4.086719103332518,-1.6173222685268187,7.544493221664863,9.3276182539774,7.285655328797044,8.8215656411603,7.411807929925858,5.513403123994393,-2.431943606420905,-11.776323226578388,-1.9924130671654487,8.228065125089872,-0.33240760784448814,-40.05849822517797,-40.38702652982215,-18.436642351241787,0.7547828833011231
Angelique,S16,epbin_Dig_20F_Atp_C1 23 rr icfilt ica ep1 but chanlocs chansel chanlabels S16.csv,-2.753788003907342,-3.3880528104379084,4.489580035808213,6.912835172182274,-1.1792255657405784,2.363075529061784,1.8266850151577,-0.6131414943318945,0.11710106933240017,5.30702503684227,7.596120919781462,10.56350203506155,2.240142058798996,1.6478556678654714,-0.7401148596798978,-10.694153734509602,-6.834824111815981,0.6418452634901062,6.061277368248156,1.3803353216287548,-3.843447833982911,-12.030898500455923,-15.606324399224585,-26.12274025903268,-25.78656416512491,-4.964209962217411,-20.15240909153181,-21.322103449327336,-0.452928672353338,10.668327614204957,7.50781065839336,10.145707792172407,1.894443156340669,2.6583634596109107,3.3205854963449384,3.9912332807572315,5.052865040967167,7.298591500995721,10.871578399667168,9.992949027661723,6.814384353066045,2.8126380323909346,-2.7706278370003465,7.080370056920974,11.920143829834238,12.005172607206086,9.54967245970104,11.953138353334685,13.578194896434484,7.842234579500921,9.208241772728503,4.086719103332518,-1.6173222685268187,7.544493221664863,9.3276182539774,7.285655328797044,8.8215656411603,7.411807929925858,5.513403123994393,-2.431943606420905,-11.776323226578388,-1.9924130671654487,8.228065125089872,-0.33240760784448814,-40.05849822517797,-40.38702652982215,-18.436642351241787,0.7547828833011231
Angelique,S16,epbin_Dig_20F_Atp_Par 13 rr icfilt ica ep1 but chanlocs chansel chanlabels S16.csv,-2.753788003907342,-3.3880528104379084,4.489580035808213,6.912835172182274,-1.1792255657405784,2.363075529061784,1.8266850151577,-0.6131414943318945,0.11710106933240017,5.30702503684227,7.596120919781462,10.56350203506155,2.240142058798996,1.6478556678654714,-0.7401148596798978,-10.694153734509602,-6.834824111815981,0.6418452634901062,6.061277368248156,1.3803353216287548,-3.843447833982911,-12.030898500455923,-15.606324399224585,-26.12274025903268,-25.78656416512491,-4.964209962217411,-20.15240909153181,-21.322103449327336,-0.452928672353338,10.668327614204957,7.50781065839336,10.145707792172407,1.894443156340669,2.6583634596109107,3.3205854963449384,3.9912332807572315,5.052865040967167,7.298591500995721,10.871578399667168,9.992949027661723,6.814384353066045,2.8126380323909346,-2.7706278370003465,7.080370056920974,11.920143829834238,12.005172607206086,9.54967245970104,11.953138353334685,13.578194896434484,7.842234579500921,9.208241772728503,4.086719103332518,-1.6173222685268187,7.544493221664863,9.3276182539774,7.285655328797044,8.8215656411603,7.411807929925858,5.513403123994393,-2.431943606420905,-11.776323226578388,-1.9924130671654487,8.228065125089872,-0.33240760784448814,-40.05849822517797,-40.38702652982215,-18.436642351241787,0.7547828833011231
Angelique,S16,epbin_Dig_20F_Std_Par 12 rr icfilt ica ep1 but chanlocs chansel chanlabels S16.csv,-2.753788003907342,-3.3880528104379084,4.489580035808213,6.912835172182274,-1.1792255657405784,2.363075529061784,1.8266850151577,-0.6131414943318945,0.11710106933240017,5.30702503684227,7.596120919781462,10.56350203506155,2.240142058798996,1.6478556678654714,-0.7401148596798978,-10.694153734509602,-6.834824111815981,0.6418452634901062,6.061277368248156,1.3803353216287548,-3.843447833982911,-12.030898500455923,-15.606324399224585,-26.12274025903268,-25.78656416512491,-4.964209962217411,-20.15240909153181,-21.322103449327336,-0.452928672353338,10.668327614204957,7.50781065839336,10.145707792172407,1.894443156340669,2.6583634596109107,3.3205854963449384,3.9912332807572315,5.052865040967167,7.298591500995721,10.871578399667168,9.992949027661723,6.814384353066045,2.8126380323909346,-2.7706278370003465,7.080370056920974,11.920143829834238,12.005172607206086,9.54967245970104,11.953138353334685,13.578194896434484,7.842234579500921,9.208241772728503,4.086719103332518,-1.6173222685268187,7.544493221664863,9.3276182539774,7.285655328797044,8.8215656411603,7.411807929925858,5.513403123994393,-2.431943606420905,-11.776323226578388,-1.9924130671654487,8.228065125089872,-0.33240760784448814,-40.05849822517797,-40.38702652982215,-18.436642351241787,0.7547828833011231
Angelique,S16,epbin_NumWoGE_1F_C1 24 rr icfilt ica ep1 but chanlocs chansel chanlabels S16.csv,-2.753788003907342,-3.3880528104379084,4.489580035808213,6.912835172182274,-1.1792255657405784,2.363075529061784,1.8266850151577,-0.6131414943318945,0.11710106933240017,5.30702503684227,7.596120919781462,10.56350203506155,2.240142058798996,1.6478556678654714,-0.7401148596798978,-10.694153734509602,-6.834824111815981,0.6418452634901062,6.061277368248156,1.3803353216287548,-3.843447833982911,-12.030898500455923,-15.606324399224585,-26.12274025903268,-25.78656416512491,-4.964209962217411,-20.15240909153181,-21.322103449327336,-0.452928672353338,10.668327614204957,7.50781065839336,10.145707792172407,1.894443156340669,2.6583634596109107,3.3205854963449384,3.9912332807572315,5.052865040967167,7.298591500995721,10.871578399667168,9.992949027661723,6.814384353066045,2.8126380323909346,-2.7706278370003465,7.080370056920974,11.920143829834238,12.005172607206086,9.54967245970104,11.953138353334685,13.578194896434484,7.842234579500921,9.208241772728503,4.086719103332518,-1.6173222685268187,7.544493221664863,9.3276182539774,7.285655328797044,8.8215656411603,7.411807929925858,5.513403123994393,-2.431943606420905,-11.776323226578388,-1.9924130671654487,8.228065125089872,-0.33240760784448814,-40.05849822517797,-40.38702652982215,-18.436642351241787,0.7547828833011231
Angelique,S16,epbin_NumWoGE_1F_Par 14 rr icfilt ica ep1 but chanlocs chansel chanlabels S16.csv,-2.753788003907342,-3.3880528104379084,4.489580035808213,6.912835172182274,-1.1792255657405784,2.363075529061784,1.8266850151577,-0.6131414943318945,0.11710106933240017,5.30702503684227,7.596120919781462,10.56350203506155,2.240142058798996,1.6478556678654714,-0.7401148596798978,-10.694153734509602,-6.834824111815981,0.6418452634901062,6.061277368248156,1.3803353216287548,-3.843447833982911,-12.030898500455923,-15.606324399224585,-26.12274025903268,-25.78656416512491,-4.964209962217411,-20.15240909153181,-21.322103449327336,-0.452928672353338,10.668327614204957,7.50781065839336,10.145707792172407,1.894443156340669,2.6583634596109107,3.3205854963449384,3.9912332807572315,5.052865040967167,7.298591500995721,10.871578399667168,9.992949027661723,6.814384353066045,2.8126380323909346,-2.7706278370003465,7.080370056920974,11.920143829834238,12.005172607206086,9.54967245970104,11.953138353334685,13.578194896434484,7.842234579500921,9.208241772728503,4.086719103332518,-1.6173222685268187,7.544493221664863,9.3276182539774,7.285655328797044,8.8215656411603,7.411807929925858,5.513403123994393,-2.431943606420905,-11.776323226578388,-1.9924130671654487,8.228065125089872,-0.33240760784448814,-40.05849822517797,-40.38702652982215,-18.436642351241787,0.7547828833011231
Angelique,S16,epbin_NumWoGE_20F_Atp_C1 26 rr icfilt ica ep1 but chanlocs chansel chanlabels S16.csv,-2.753788003907342,-3.3880528104379084,4.489580035808213,6.912835172182274,-1.1792255657405784,2.363075529061784,1.8266850151577,-0.6131414943318945,0.11710106933240017,5.30702503684227,7.596120919781462,10.56350203506155,2.240142058798996,1.6478556678654714,-0.7401148596798978,-10.694153734509602,-6.834824111815981,0.6418452634901062,6.061277368248156,1.3803353216287548,-3.843447833982911,-12.030898500455923,-15.606324399224585,-26.12274025903268,-25.78656416512491,-4.964209962217411,-20.15240909153181,-21.322103449327336,-0.452928672353338,10.668327614204957,7.50781065839336,10.145707792172407,1.894443156340669,2.6583634596109107,3.3205854963449384,3.9912332807572315,5.052865040967167,7.298591500995721,10.871578399667168,9.992949027661723,6.814384353066045,2.8126380323909346,-2.7706278370003465,7.080370056920974,11.920143829834238,12.005172607206086,9.54967245970104,11.953138353334685,13.578194896434484,7.842234579500921,9.208241772728503,4.086719103332518,-1.6173222685268187,7.544493221664863,9.3276182539774,7.285655328797044,8.8215656411603,7.411807929925858,5.513403123994393,-2.431943606420905,-11.776323226578388,-1.9924130671654487,8.228065125089872,-0.33240760784448814,-40.05849822517797,-40.38702652982215,-18.436642351241787,0.7547828833011231
Angelique,S16,epbin_NumWoGE_20F_Atp_Par 16 rr icfilt ica ep1 but chanlocs chansel chanlabels S16.csv,-2.753788003907342,-3.3880528104379084,4.489580035808213,6.912835172182274,-1.1792255657405784,2.363075529061784,1.8266850151577,-0.6131414943318945,0.11710106933240017,5.30702503684227,7.596120919781462,10.56350203506155,2.240142058798996,1.6478556678654714,-0.7401148596798978,-10.694153734509602,-6.834824111815981,0.6418452634901062,6.061277368248156,1.3803353216287548,-3.843447833982911,-12.030898500455923,-15.606324399224585,-26.12274025903268,-25.78656416512491,-4.964209962217411,-20.15240909153181,-21.322103449327336,-0.452928672353338,10.668327614204957,7.50781065839336,10.145707792172407,1.894443156340669,2.6583634596109107,3.3205854963449384,3.9912332807572315,5.052865040967167,7.298591500995721,10.871578399667168,9.992949027661723,6.814384353066045,2.8126380323909346,-2.7706278370003465,7.080370056920974,11.920143829834238,12.005172607206086,9.54967245970104,11.953138353334685,13.578194896434484,7.842234579500921,9.208241772728503,4.086719103332518,-1.6173222685268187,7.544493221664863,9.3276182539774,7.285655328797044,8.8215656411603,7.411807929925858,5.513403123994393,-2.431943606420905,-11.776323226578388,-1.9924130671654487,8.228065125089872,-0.33240760784448814,-40.05849822517797,-40.38702652982215,-18.436642351241787,0.7547828833011231
Angelique,S16,epbin_NumWoGE_20F_Std_C1 25 rr icfilt ica ep1 but chanlocs chansel chanlabels S16.csv,-2.753788003907342,-3.3880528104379084,4.489580035808213,6.912835172182274,-1.1792255657405784,2.363075529061784,1.8266850151577,-0.6131414943318945,0.11710106933240017,5.30702503684227,7.596120919781462,10.56350203506155,2.240142058798996,1.6478556678654714,-0.7401148596798978,-10.694153734509602,-6.834824111815981,0.6418452634901062,6.061277368248156,1.3803353216287548,-3.843447833982911,-12.030898500455923,-15.606324399224585,-26.12274025903268,-25.78656416512491,-4.964209962217411,-20.15240909153181,-21.322103449327336,-0.452928672353338,10.668327614204957,7.50781065839336,10.145707792172407,1.894443156340669,2.6583634596109107,3.3205854963449384,3.9912332807572315,5.052865040967167,7.298591500995721,10.871578399667168,9.992949027661723,6.814384353066045,2.8126380323909346,-2.7706278370003465,7.080370056920974,11.920143829834238,12.005172607206086,9.54967245970104,11.953138353334685,13.578194896434484,7.842234579500921,9.208241772728503,4.086719103332518,-1.6173222685268187,7.544493221664863,9.3276182539774,7.285655328797044,8.8215656411603,7.411807929925858,5.513403123994393,-2.431943606420905,-11.776323226578388,-1.9924130671654487,8.228065125089872,-0.33240760784448814,-40.05849822517797,-40.38702652982215,-18.436642351241787,0.7547828833011231
Angelique,S16,epbin_NumWoGE_20F_Std_Par 15 rr icfilt ica ep1 but chanlocs chansel chanlabels S16.csv,-2.753788003907342,-3.3880528104379084,4.489580035808213,6.912835172182274,-1.1792255657405784,2.363075529061784,1.8266850151577,-0.6131414943318945,0.11710106933240017,5.30702503684227,7.596120919781462,10.56350203506155,2.240142058798996,1.6478556678654714,-0.7401148596798978,-10.694153734509602,-6.834824111815981,0.6418452634901062,6.061277368248156,1.3803353216287548,-3.843447833982911,-12.030898500455923,-15.606324399224585,-26.12274025903268,-25.78656416512491,-4.964209962217411,-20.15240909153181,-21.322103449327336,-0.452928672353338,10.668327614204957,7.50781065839336,10.145707792172407,1.894443156340669,2.6583634596109107,3.3205854963449384,3.9912332807572315,5.052865040967167,7.298591500995721,10.871578399667168,9.992949027661723,6.814384353066045,2.8126380323909346,-2.7706278370003465,7.080370056920974,11.920143829834238,12.005172607206086,9.54967245970104,11.953138353334685,13.578194896434484,7.842234579500921,9.208241772728503,4.086719103332518,-1.6173222685268187,7.544493221664863,9.3276182539774,7.285655328797044,8.8215656411603,7.411807929925858,5.513403123994393,-2.431943606420905,-11.776323226578388,-1.9924130671654487,8.228065125089872,-0.33240760784448814,-40.05849822517797,-40.38702652982215,-18.436642351241787,0.7547828833011231
Angelique,S18,epbin_Dig_1F_C1 21 rr ica ep1 but chanlocs chansel chanlabels S18.csv,-8.186545329627142,-6.00699340023285,-1.7595325053953241,0.8334489772179046,3.303264013621035,2.3634103425917687,3.5858809929506825,3.4563248186420914,-0.3999362629104867,7.426798182065049,13.143191879980849,5.896257556687751,7.201144249477561,5.733475608281035,2.4003772068442877,3.903043171348165,2.7283299745676546,2.909207171412518,5.141625961014263,1.9535449824938982,3.874643913450659,-5.8630511399025975,0.3992401688538477,-10.299657158809687,-3.063723831560025,4.57169161015864,-1.8381218866970057,-1.3942002150885284,0.6242289142965517,2.7490412644451245,5.593071915109179,3.59652264859944,-7.042795941955249,-8.50927260762522,-4.750899883061297,-2.1307266325307364,-2.6439700150041507,-1.3527761956853848,2.3601345146244777,2.7829853428390154,0.45064555266568196,-4.325437533168109,0.5747752754627284,3.1970144897686956,5.042951050878878,4.333804607620151,-2.1663533512364572,0.5650502559754264,2.60700587036564,2.142349525195913,1.6727832157976392,1.7477682164677022,-5.711745371174025,-2.7058918112594554,6.397676151657276,-0.643979097443267,-1.0810038910997029,-2.3435049461343573,1.342283030732462,-5.69647790065063,-7.509368698208024,-3.5073629037548115,0.8410417875003481,2.8152997318709203,-10.794953764662935,-8.716988718301959,-2.190172065348415,-9.625890365001304
Angelique,S18,epbin_Dig_1F_Par 11 rr ica ep1 but chanlocs chansel chanlabels S18.csv,-8.186545329627142,-6.00699340023285,-1.7595325053953241,0.8334489772179046,3.303264013621035,2.3634103425917687,3.5858809929506825,3.4563248186420914,-0.3999362629104867,7.426798182065049,13.143191879980849,5.896257556687751,7.201144249477561,5.733475608281035,2.4003772068442877,3.903043171348165,2.7283299745676546,2.909207171412518,5.141625961014263,1.9535449824938982,3.874643913450659,-5.8630511399025975,0.3992401688538477,-10.299657158809687,-3.063723831560025,4.57169161015864,-1.8381218866970057,-1.3942002150885284,0.6242289142965517,2.7490412644451245,5.593071915109179,3.59652264859944,-7.042795941955249,-8.50927260762522,-4.750899883061297,-2.1307266325307364,-2.6439700150041507,-1.3527761956853848,2.3601345146244777,2.7829853428390154,0.45064555266568196,-4.325437533168109,0.5747752754627284,3.1970144897686956,5.042951050878878,4.333804607620151,-2.1663533512364572,0.5650502559754264,2.60700587036564,2.142349525195913,1.6727832157976392,1.7477682164677022,-5.711745371174025,-2.7058918112594554,6.397676151657276,-0.643979097443267,-1.0810038910997029,-2.3435049461343573,1.342283030732462,-5.69647790065063,-7.509368698208024,-3.5073629037548115,0.8410417875003481,2.8152997318709203,-10.794953764662935,-8.716988718301959,-2.190172065348415,-9.625890365001304
Angelique,S18,epbin_Dig_20F_Atp_C1 23 rr ica ep1 but chanlocs chansel chanlabels S18.csv,-8.186545329627142,-6.00699340023285,-1.7595325053953241,0.8334489772179046,3.303264013621035,2.3634103425917687,3.5858809929506825,3.4563248186420914,-0.3999362629104867,7.426798182065049,13.143191879980849,5.896257556687751,7.201144249477561,5.733475608281035,2.4003772068442877,3.903043171348165,2.7283299745676546,2.909207171412518,5.141625961014263,1.9535449824938982,3.874643913450659,-5.8630511399025975,0.3992401688538477,-10.299657158809687,-3.063723831560025,4.57169161015864,-1.8381218866970057,-1.3942002150885284,0.6242289142965517,2.7490412644451245,5.593071915109179,3.59652264859944,-7.042795941955249,-8.50927260762522,-4.750899883061297,-2.1307266325307364,-2.6439700150041507,-1.3527761956853848,2.3601345146244777,2.7829853428390154,0.45064555266568196,-4.325437533168109,0.5747752754627284,3.1970144897686956,5.042951050878878,4.333804607620151,-2.1663533512364572,0.5650502559754264,2.60700587036564,2.142349525195913,1.6727832157976392,1.7477682164677022,-5.711745371174025,-2.7058918112594554,6.397676151657276,-0.643979097443267,-1.0810038910997029,-2.3435049461343573,1.342283030732462,-5.69647790065063,-7.509368698208024,-3.5073629037548115,0.8410417875003481,2.8152997318709203,-10.794953764662935,-8.716988718301959,-2.190172065348415,-9.625890365001304
Angelique,S18,epbin_Dig_20F_Atp_Par 13 rr ica ep1 but chanlocs chansel chanlabels S18.csv,-8.186545329627142,-6.00699340023285,-1.7595325053953241,0.8334489772179046,3.303264013621035,2.3634103425917687,3.5858809929506825,3.4563248186420914,-0.3999362629104867,7.426798182065049,13.143191879980849,5.896257556687751,7.201144249477561,5.733475608281035,2.4003772068442877,3.903043171348165,2.7283299745676546,2.909207171412518,5.141625961014263,1.9535449824938982,3.874643913450659,-5.8630511399025975,0.3992401688538477,-10.299657158809687,-3.063723831560025,4.57169161015864,-1.8381218866970057,-1.3942002150885284,0.6242289142965517,2.7490412644451245,5.593071915109179,3.59652264859944,-7.042795941955249,-8.50927260762522,-4.750899883061297,-2.1307266325307364,-2.6439700150041507,-1.3527761956853848,2.3601345146244777,2.7829853428390154,0.45064555266568196,-4.325437533168109,0.5747752754627284,3.1970144897686956,5.042951050878878,4.333804607620151,-2.1663533512364572,0.5650502559754264,2.60700587036564,2.142349525195913,1.6727832157976392,1.7477682164677022,-5.711745371174025,-2.7058918112594554,6.397676151657276,-0.643979097443267,-1.0810038910997029,-2.3435049461343573,1.342283030732462,-5.69647790065063,-7.509368698208024,-3.5073629037548115,0.8410417875003481,2.8152997318709203,-10.794953764662935,-8.716988718301959,-2.190172065348415,-9.625890365001304
Angelique,S18,epbin_Dig_20F_Std_C1 22 rr ica ep1 but chanlocs chansel chanlabels S18.csv,-8.186545329627142,-6.00699340023285,-1.7595325053953241,0.8334489772179046,3.303264013621035,2.3634103425917687,3.5858809929506825,3.4563248186420914,-0.3999362629104867,7.426798182065049,13.143191879980849,5.896257556687751,7.201144249477561,5.733475608281035,2.4003772068442877,3.903043171348165,2.7283299745676546,2.909207171412518,5.141625961014263,1.9535449824938982,3.874643913450659,-5.8630511399025975,0.3992401688538477,-10.299657158809687,-3.063723831560025,4.57169161015864,-1.8381218866970057,-1.3942002150885284,0.6242289142965517,2.7490412644451245,5.593071915109179,3.59652264859944,-7.042795941955249,-8.50927260762522,-4.750899883061297,-2.1307266325307364,-2.6439700150041507,-1.3527761956853848,2.3601345146244777,2.7829853428390154,0.45064555266568196,-4.325437533168109,0.5747752754627284,3.1970144897686956,5.042951050878878,4.333804607620151,-2.1663533512364572,0.5650502559754264,2.60700587036564,2.142349525195913,1.6727832157976392,1.7477682164677022,-5.711745371174025,-2.7058918112594554,6.397676151657276,-0.643979097443267,-1.0810038910997029,-2.3435049461343573,1.342283030732462,-5.69647790065063,-7.509368698208024,-3.5073629037548115,0.8410417875003481,2.8152997318709203,-10.794953764662935,-8.716988718301959,-2.190172065348415,-9.625890365001304
Angelique,S18,epbin_Dig_20F_Std_Par 12 rr ica ep1 but chanlocs chansel chanlabels S18.csv,-8.186545329627142,-6.00699340023285,-1.7595325053953241,0.8334489772179046,3.303264013621035,2.3634103425917687,3.5858809929506825,3.4563248186420914,-0.3999362629104867,7.426798182065049,13.143191879980849,5.896257556687751,7.201144249477561,5.733475608281035,2.4003772068442877,3.903043171348165,2.7283299745676546,2.909207171412518,5.141625961014263,1.9535449824938982,3.874643913450659,-5.8630511399025975,0.3992401688538477,-10.299657158809687,-3.063723831560025,4.57169161015864,-1.8381218866970057,-1.3942002150885284,0.6242289142965517,2.7490412644451245,5.593071915109179,3.59652264859944,-7.042795941955249,-8.50927260762522,-4.750899883061297,-2.1307266325307364,-2.6439700150041507,-1.3527761956853848,2.3601345146244777,2.7829853428390154,0.45064555266568196,-4.325437533168109,0.5747752754627284,3.1970144897686956,5.042951050878878,4.333804607620151,-2.1663533512364572,0.5650502559754264,2.60700587036564,2.142349525195913,1.6727832157976392,1.7477682164677022,-5.711745371174025,-2.7058918112594554,6.397676151657276,-0.643979097443267,-1.0810038910997029,-2.3435049461343573,1.342283030732462,-5.69647790065063,-7.509368698208024,-3.5073629037548115,0.8410417875003481,2.8152997318709203,-10.794953764662935,-8.716988718301959,-2.190172065348415,-9.625890365001304
Angelique,S18,epbin_NumWoGE_1F_C1 24 rr ica ep1 but chanlocs chansel chanlabels S18.csv,-8.186545329627142,-6.00699340023285,-1.7595325053953241,0.8334489772179046,3.303264013621035,2.3634103425917687,3.5858809929506825,3.4563248186420914,-0.3999362629104867,7.426798182065049,13.143191879980849,5.896257556687751,7.201144249477561,5.733475608281035,2.4003772068442877,3.903043171348165,2.7283299745676546,2.909207171412518,5.141625961014263,1.9535449824938982,3.874643913450659,-5.8630511399025975,0.3992401688538477,-10.299657158809687,-3.063723831560025,4.57169161015864,-1.8381218866970057,-1.3942002150885284,0.6242289142965517,2.7490412644451245,5.593071915109179,3.59652264859944,-7.042795941955249,-8.50927260762522,-4.750899883061297,-2.1307266325307364,-2.6439700150041507,-1.3527761956853848,2.3601345146244777,2.7829853428390154,0.45064555266568196,-4.325437533168109,0.5747752754627284,3.1970144897686956,5.042951050878878,4.333804607620151,-2.1663533512364572,0.5650502559754264,2.60700587036564,2.142349525195913,1.6727832157976392,1.7477682164677022,-5.711745371174025,-2.7058918112594554,6.397676151657276,-0.643979097443267,-1.0810038910997029,-2.3435049461343573,1.342283030732462,-5.69647790065063,-7.509368698208024,-3.5073629037548115,0.8410417875003481,2.8152997318709203,-10.794953764662935,-8.716988718301959,-2.190172065348415,-9.625890365001304
Angelique,S18,epbin_NumWoGE_1F_Par 14 rr ica ep1 but chanlocs chansel chanlabels S18.csv,-8.186545329627142,-6.00699340023285,-1.7595325053953241,0.8334489772179046,3.303264013621035,2.3634103425917687,3.5858809929506825,3.4563248186420914,-0.3999362629104867,7.426798182065049,13.143191879980849,5.896257556687751,7.201144249477561,5.733475608281035,2.4003772068442877,3.903043171348165,2.7283299745676546,2.909207171412518,5.141625961014263,1.9535449824938982,3.874643913450659,-5.8630511399025975,0.3992401688538477,-10.299657158809687,-3.063723831560025,4.57169161015864,-1.8381218866970057,-1.3942002150885284,0.6242289142965517,2.7490412644451245,5.593071915109179,3.59652264859944,-7.042795941955249,-8.50927260762522,-4.750899883061297,-2.1307266325307364,-2.6439700150041507,-1.3527761956853848,2.3601345146244777,2.7829853428390154,0.45064555266568196,-4.325437533168109,0.5747752754627284,3.1970144897686956,5.042951050878878,4.333804607620151,-2.1663533512364572,0.5650502559754264,2.60700587036564,2.142349525195913,1.6727832157976392,1.7477682164677022,-5.711745371174025,-2.7058918112594554,6.397676151657276,-0.643979097443267,-1.0810038910997029,-2.3435049461343573,1.342283030732462,-5.69647790065063,-7.509368698208024,-3.5073629037548115,0.8410417875003481,2.8152997318709203,-10.794953764662935,-8.716988718301959,-2.190172065348415,-9.625890365001304
Angelique,S18,epbin_NumWoGE_20F_Atp_C1 26 rr ica ep1 but chanlocs chansel chanlabels S18.csv,-8.186545329627142,-6.00699340023285,-1.7595325053953241,0.8334489772179046,3.303264013621035,2.3634103425917687,3.5858809929506825,3.4563248186420914,-0.3999362629104867,7.426798182065049,13.143191879980849,5.896257556687751,7.201144249477561,5.733475608281035,2.4003772068442877,3.903043171348165,2.7283299745676546,2.909207171412518,5.141625961014263,1.9535449824938982,3.874643913450659,-5.8630511399025975,0.3992401688538477,-10.299657158809687,-3.063723831560025,4.57169161015864,-1.8381218866970057,-1.3942002150885284,0.6242289142965517,2.7490412644451245,5.593071915109179,3.59652264859944,-7.042795941955249,-8.50927260762522,-4.750899883061297,-2.1307266325307364,-2.6439700150041507,-1.3527761956853848,2.3601345146244777,2.7829853428390154,0.45064555266568196,-4.325437533168109,0.5747752754627284,3.1970144897686956,5.042951050878878,4.333804607620151,-2.1663533512364572,0.5650502559754264,2.60700587036564,2.142349525195913,1.6727832157976392,1.7477682164677022,-5.711745371174025,-2.7058918112594554,6.397676151657276,-0.643979097443267,-1.0810038910997029,-2.3435049461343573,1.342283030732462,-5.69647790065063,-7.509368698208024,-3.5073629037548115,0.8410417875003481,2.8152997318709203,-10.794953764662935,-8.716988718301959,-2.190172065348415,-9.625890365001304
Angelique,S18,epbin_NumWoGE_20F_Atp_Par 16 rr ica ep1 but chanlocs chansel chanlabels S18.csv,-8.186545329627142,-6.00699340023285,-1.7595325053953241,0.8334489772179046,3.303264013621035,2.3634103425917687,3.5858809929506825,3.4563248186420914,-0.3999362629104867,7.426798182065049,13.143191879980849,5.896257556687751,7.201144249477561,5.733475608281035,2.4003772068442877,3.903043171348165,2.7283299745676546,2.909207171412518,5.141625961014263,1.9535449824938982,3.874643913450659,-5.8630511399025975,0.3992401688538477,-10.299657158809687,-3.063723831560025,4.57169161015864,-1.8381218866970057,-1.3942002150885284,0.6242289142965517,2.7490412644451245,5.593071915109179,3.59652264859944,-7.042795941955249,-8.50927260762522,-4.750899883061297,-2.1307266325307364,-2.6439700150041507,-1.3527761956853848,2.3601345146244777,2.7829853428390154,0.45064555266568196,-4.325437533168109,0.5747752754627284,3.1970144897686956,5.042951050878878,4.333804607620151,-2.1663533512364572,0.5650502559754264,2.60700587036564,2.142349525195913,1.6727832157976392,1.7477682164677022,-5.711745371174025,-2.7058918112594554,6.397676151657276,-0.643979097443267,-1.0810038910997029,-2.3435049461343573,1.342283030732462,-5.69647790065063,-7.509368698208024,-3.5073629037548115,0.8410417875003481,2.8152997318709203,-10.794953764662935,-8.716988718301959,-2.190172065348415,-9.625890365001304
Angelique,S18,epbin_NumWoGE_20F_Std_C1 25 rr ica ep1 but chanlocs chansel chanlabels S18.csv,-8.186545329627142,-6.00699340023285,-1.7595325053953241,0.8334489772179046,3.303264013621035,2.3634103425917687,3.5858809929506825,3.4563248186420914,-0.3999362629104867,7.426798182065049,13.143191879980849,5.896257556687751,7.201144249477561,5.733475608281035,2.4003772068442877,3.903043171348165,2.7283299745676546,2.909207171412518,5.141625961014263,1.9535449824938982,3.874643913450659,-5.8630511399025975,0.3992401688538477,-10.299657158809687,-3.063723831560025,4.57169161015864,-1.8381218866970057,-1.3942002150885284,0.6242289142965517,2.7490412644451245,5.593071915109179,3.59652264859944,-7.042795941955249,-8.50927260762522,-4.750899883061297,-2.1307266325307364,-2.6439700150041507,-1.3527761956853848,2.3601345146244777,2.7829853428390154,0.45064555266568196,-4.325437533168109,0.5747752754627284,3.1970144897686956,5.042951050878878,4.333804607620151,-2.1663533512364572,0.5650502559754264,2.60700587036564,2.142349525195913,1.6727832157976392,1.7477682164677022,-5.711745371174025,-2.7058918112594554,6.397676151657276,-0.643979097443267,-1.0810038910997029,-2.3435049461343573,1.342283030732462,-5.69647790065063,-7.509368698208024,-3.5073629037548115,0.8410417875003481,2.8152997318709203,-10.794953764662935,-8.716988718301959,-2.190172065348415,-9.625890365001304
Angelique,S18,epbin_NumWoGE_20F_Std_Par 15 rr ica ep1 but chanlocs chansel chanlabels S18.csv,-8.186545329627142,-6.00699340023285,-1.7595325053953241,0.8334489772179046,3.303264013621035,2.3634103425917687,3.5858809929506825,3.4563248186420914,-0.3999362629104867,7.426798182065049,13.143191879980849,5.896257556687751,7.201144249477561,5.733475608281035,2.4003772068442877,3.903043171348165,2.7283299745676546,2.909207171412518,5.141625961014263,1.9535449824938982,3.874643913450659,-5.8630511399025975,0.3992401688538477,-10.299657158809687,-3.063723831560025,4.57169161015864,-1.8381218866970057,-1.3942002150885284,0.6242289142965517,2.7490412644451245,5.593071915109179,3.59652264859944,-7.042795941955249,-8.50927260762522,-4.750899883061297,-2.1307266325307364,-2.6439700150041507,-1.3527761956853848,2.3601345146244777,2.7829853428390154,0.45064555266568196,-4.325437533168109,0.5747752754627284,3.1970144897686956,5.042951050878878,4.333804607620151,-2.1663533512364572,0.5650502559754264,2.60700587036564,2.142349525195913,1.6727832157976392,1.7477682164677022,-5.711745371174025,-2.7058918112594554,6.397676151657276,-0.643979097443267,-1.0810038910997029,-2.3435049461343573,1.342283030732462,-5.69647790065063,-7.509368698208024,-3.5073629037548115,0.8410417875003481,2.8152997318709203,-10.794953764662935,-8.716988718301959,-2.190172065348415,-9.625890365001304
Angelique,S19,epbin_Dig_1F_C1 21 rr icfilt ica ep1 but chanlocs chansel chanlabels S19.csv,-1.79908064316773,15.414289922077568,-20.065090986572915,4.736330227219354,9.779549541197461,10.142808840278645,1.2526472081472153,13.864842731616001,10.341810176748467,4.644079693881693,5.384499724908261,4.279378662253375,8.590217617924964,13.23411545361506,7.7914769684854495,3.0173654684831748,9.288790421631967,7.906600194597951,2.7316786192992177,3.3065085674155283,3.2600299971798967,7.341657588938606,3.0404599513673953,-11.602369479387836,0.16632373099623654,3.037530050119046,-5.0691517293495645,-6.790048585527102,-5.672361334852943,3.166531673519694,6.53069201167534,1.577867634358091,-8.78905427398611,-10.54370399965214,-8.172570890360179,-4.942812295882069,-3.3937382509160856,2.5081122206918547,-4.103691923224286,-6.42194163114773,-5.440754435893313,-10.63076350581582,-25.541469712879003,1.6940975786010475,1.6054538093643365,4.418522562972009,5.935871884059539,5.1727519553425205,-6.088447550240308,3.0538968368955066,-3.0938217344620265,-10.901453813066306,5.01006125879765,-2.0538093984766377,2.9737275231019025,1.5804233416375055,8.268843167491315,2.569926831091926,0.8821562054389103,-1.7916550002008786,-18.52077919362032,6.140988183734535,0.8704118388443244,10.127204846861488,-16.126435216514153,-13.382173422748759,-9.236982564886398,-6.46637705956325
Angelique,S19,epbin_Dig_1F_Par 11 rr icfilt ica ep1 but chanlocs chansel chanlabels S19.csv,-1.79908064316773,15.414289922077568,-20.065090986572915,4.736330227219354,9.779549541197461,10.142808840278645,1.2526472081472153,13.864842731616001,10.341810176748467,4.644079693881693,5.384499724908261,4.279378662253375,8.590217617924964,13.23411545361506,7.7914769684854495,3.0173654684831748,9.288790421631967,7.906600194597951,2.7316786192992177,3.3065085674155283,3.2600299971798967,7.341657588938606,3.0404599513673953,-11.602369479387836,0.16632373099623654,3.037530050119046,-5.0691517293495645,-6.790048585527102,-5.672361334852943,3.166531673519694,6.53069201167534,1.577867634358091,-8.78905427398611,-10.54370399965214,-8.172570890360179,-4.942812295882069,-3.3937382509160856,2.5081122206918547,-4.103691923224286,-6.42194163114773,-5.440754435893313,-10.63076350581582,-25.541469712879003,1.6940975786010475,1.6054538093643365,4.418522562972009,5.935871884059539,5.1727519553425205,-6.088447550240308,3.0538968368955066,-3.0938217344620265,-10.901453813066306,5.01006125879765,-2.0538093984766377,2.9737275231019025,1.5804233416375055,8.268843167491315,2.569926831091926,0.8821562054389103,-1.7916550002008786,-18.52077919362032,6.140988183734535,0.8704118388443244,10.127204846861488,-16.126435216514153,-13.382173422748759,-9.236982564886398,-6.46637705956325
Angelique,S19,epbin_Dig_20F_Atp_C1 23 rr icfilt ica ep1 but chanlocs chansel chanlabels S19.csv,-1.79908064316773,15.414289922077568,-20.065090986572915,4.736330227219354,9.779549541197461,10.142808840278645,1.2526472081472153,13.864842731616001,10.341810176748467,4.644079693881693,5.384499724908261,4.279378662253375,8.590217617924964,13.23411545361506,7.7914769684854495,3.0173654684831748,9.288790421631967,7.906600194597951,2.7316786192992177,3.3065085674155283,3.2600299971798967,7.341657588938606,3.0404599513673953,-11.602369479387836,0.16632373099623654,3.037530050119046,-5.0691517293495645,-6.790048585527102,-5.672361334852943,3.166531673519694,6.53069201167534,1.577867634358091,-8.78905427398611,-10.54370399965214,-8.172570890360179,-4.942812295882069,-3.3937382509160856,2.5081122206918547,-4.103691923224286,-6.42194163114773,-5.440754435893313,-10.63076350581582,-25.541469712879003,1.6940975786010475,1.6054538093643365,4.418522562972009,5.935871884059539,5.1727519553425205,-6.088447550240308,3.0538968368955066,-3.0938217344620265,-10.901453813066306,5.01006125879765,-2.0538093984766377,2.9737275231019025,1.5804233416375055,8.268843167491315,2.569926831091926,0.8821562054389103,-1.7916550002008786,-18.52077919362032,6.140988183734535,0.8704118388443244,10.127204846861488,-16.126435216514153,-13.382173422748759,-9.236982564886398,-6.46637705956325
Angelique,S19,epbin_Dig_20F_Atp_Par 13 rr icfilt ica ep1 but chanlocs chansel chanlabels S19.csv,-1.79908064316773,15.414289922077568,-20.065090986572915,4.736330227219354,9.779549541197461,10.142808840278645,1.2526472081472153,13.864842731616001,10.341810176748467,4.644079693881693,5.384499724908261,4.279378662253375,8.590217617924964,13.23411545361506,7.7914769684854495,3.0173654684831748,9.288790421631967,7.906600194597951,2.7316786192992177,3.3065085674155283,3.2600299971798967,7.341657588938606,3.0404599513673953,-11.602369479387836,0.16632373099623654,3.037530050119046,-5.0691517293495645,-6.790048585527102,-5.672361334852943,3.166531673519694,6.53069201167534,1.577867634358091,-8.78905427398611,-10.54370399965214,-8.172570890360179,-4.942812295882069,-3.3937382509160856,2.5081122206918547,-4.103691923224286,-6.42194163114773,-5.440754435893313,-10.63076350581582,-25.541469712879003,1.6940975786010475,1.6054538093643365,4.418522562972009,5.935871884059539,5.1727519553425205,-6.088447550240308,3.0538968368955066,-3.0938217344620265,-10.901453813066306,5.01006125879765,-2.0538093984766377,2.9737275231019025,1.5804233416375055,8.268843167491315,2.569926831091926,0.8821562054389103,-1.7916550002008786,-18.52077919362032,6.140988183734535,0.8704118388443244,10.127204846861488,-16.126435216514153,-13.382173422748759,-9.236982564886398,-6.46637705956325
Angelique,S19,epbin_Dig_20F_Std_C1 22 rr icfilt ica ep1 but chanlocs chansel chanlabels S19.csv,-1.79908064316773,15.414289922077568,-20.065090986572915,4.736330227219354,9.779549541197461,10.142808840278645,1.2526472081472153,13.864842731616001,10.341810176748467,4.644079693881693,5.384499724908261,4.279378662253375,8.590217617924964,13.23411545361506,7.7914769684854495,3.0173654684831748,9.288790421631967,7.906600194597951,2.7316786192992177,3.3065085674155283,3.2600299971798967,7.341657588938606,3.0404599513673953,-11.602369479387836,0.16632373099623654,3.037530050119046,-5.0691517293495645,-6.790048585527102,-5.672361334852943,3.166531673519694,6.53069201167534,1.577867634358091,-8.78905427398611,-10.54370399965214,-8.172570890360179,-4.942812295882069,-3.3937382509160856,2.5081122206918547,-4.103691923224286,-6.42194163114773,-5.440754435893313,-10.63076350581582,-25.541469712879003,1.6940975786010475,1.6054538093643365,4.418522562972009,5.935871884059539,5.1727519553425205,-6.088447550240308,3.0538968368955066,-3.0938217344620265,-10.901453813066306,5.01006125879765,-2.0538093984766377,2.9737275231019025,1.5804233416375055,8.268843167491315,2.569926831091926,0.8821562054389103,-1.7916550002008786,-18.52077919362032,6.140988183734535,0.8704118388443244,10.127204846861488,-16.126435216514153,-13.382173422748759,-9.236982564886398,-6.46637705956325
Angelique,S19,epbin_Dig_20F_Std_Par 12 rr icfilt ica ep1 but chanlocs chansel chanlabels S19.csv,-1.79908064316773,15.414289922077568,-20.065090986572915,4.736330227219354,9.779549541197461,10.142808840278645,1.2526472081472153,13.864842731616001,10.341810176748467,4.644079693881693,5.384499724908261,4.279378662253375,8.590217617924964,13.23411545361506,7.7914769684854495,3.0173654684831748,9.288790421631967,7.906600194597951,2.7316786192992177,3.3065085674155283,3.2600299971798967,7.341657588938606,3.0404599513673953,-11.602369479387836,0.16632373099623654,3.037530050119046,-5.0691517293495645,-6.790048585527102,-5.672361334852943,3.166531673519694,6.53069201167534,1.577867634358091,-8.78905427398611,-10.54370399965214,-8.172570890360179,-4.942812295882069,-3.3937382509160856,2.5081122206918547,-4.103691923224286,-6.42194163114773,-5.440754435893313,-10.63076350581582,-25.541469712879003,1.6940975786010475,1.6054538093643365,4.418522562972009,5.935871884059539,5.1727519553425205,-6.088447550240308,3.0538968368955066,-3.0938217344620265,-10.901453813066306,5.01006125879765,-2.0538093984766377,2.9737275231019025,1.5804233416375055,8.268843167491315,2.569926831091926,0.8821562054389103,-1.7916550002008786,-18.52077919362032,6.140988183734535,0.8704118388443244,10.127204846861488,-16.126435216514153,-13.382173422748759,-9.236982564886398,-6.46637705956325
Angelique,S19,epbin_NumWoGE_1F_C1 24 rr icfilt ica ep1 but chanlocs chansel chanlabels S19.csv,-1.79908064316773,15.414289922077568,-20.065090986572915,4.736330227219354,9.779549541197461,10.142808840278645,1.2526472081472153,13.864842731616001,10.341810176748467,4.644079693881693,5.384499724908261,4.279378662253375,8.590217617924964,13.23411545361506,7.7914769684854495,3.0173654684831748,9.288790421631967,7.906600194597951,2.7316786192992177,3.3065085674155283,3.2600299971798967,7.341657588938606,3.0404599513673953,-11.602369479387836,0.16632373099623654,3.037530050119046,-5.0691517293495645,-6.790048585527102,-5.672361334852943,3.166531673519694,6.53069201167534,1.577867634358091,-8.78905427398611,-10.54370399965214,-8.172570890360179,-4.942812295882069,-3.3937382509160856,2.5081122206918547,-4.103691923224286,-6.42194163114773,-5.440754435893313,-10.63076350581582,-25.541469712879003,1.6940975786010475,1.6054538093643365,4.418522562972009,5.935871884059539,5.1727519553425205,-6.088447550240308,3.0538968368955066,-3.0938217344620265,-10.901453813066306,5.01006125879765,-2.0538093984766377,2.9737275231019025,1.5804233416375055,8.268843167491315,2.569926831091926,0.8821562054389103,-1.7916550002008786,-18.52077919362032,6.140988183734535,0.8704118388443244,10.127204846861488,-16.126435216514153,-13.382173422748759,-9.236982564886398,-6.46637705956325
Angelique,S19,epbin_NumWoGE_1F_Par 14 rr icfilt ica ep1 but chanlocs chansel chanlabels S19.csv,-1.79908064316773,15.414289922077568,-20.065090986572915,4.736330227219354,9.779549541197461,10.142808840278645,1.2526472081472153,13.864842731616001,10.341810176748467,4.644079693881693,5.384499724908261,4.279378662253375,8.590217617924964,13.23411545361506,7.7914769684854495,3.0173654684831748,9.288790421631967,7.906600194597951,2.7316786192992177,3.3065085674155283,3.2600299971798967,7.341657588938606,3.0404599513673953,-11.602369479387836,0.16632373099623654,3.037530050119046,-5.0691517293495645,-6.790048585527102,-5.672361334852943,3.166531673519694,6.53069201167534,1.577867634358091,-8.78905427398611,-10.54370399965214,-8.172570890360179,-4.942812295882069,-3.3937382509160856,2.5081122206918547,-4.103691923224286,-6.42194163114773,-5.440754435893313,-10.63076350581582,-25.541469712879003,1.6940975786010475,1.6054538093643365,4.418522562972009,5.935871884059539,5.1727519553425205,-6.088447550240308,3.0538968368955066,-3.0938217344620265,-10.901453813066306,5.01006125879765,-2.0538093984766377,2.9737275231019025,1.5804233416375055,8.268843167491315,2.569926831091926,0.8821562054389103,-1.7916550002008786,-18.52077919362032,6.140988183734535,0.8704118388443244,10.127204846861488,-16.126435216514153,-13.382173422748759,-9.236982564886398,-6.46637705956325
Angelique,S19,epbin_NumWoGE_20F_Atp_C1 26 rr icfilt ica ep1 but chanlocs chansel chanlabels S19.csv,-1.79908064316773,15.414289922077568,-20.065090986572915,4.736330227219354,9.779549541197461,10.142808840278645,1.2526472081472153,13.864842731616001,10.341810176748467,4.644079693881693,5.384499724908261,4.279378662253375,8.590217617924964,13.23411545361506,7.7914769684854495,3.0173654684831748,9.288790421631967,7.906600194597951,2.7316786192992177,3.3065085674155283,3.2600299971798967,7.341657588938606,3.0404599513673953,-11.602369479387836,0.16632373099623654,3.037530050119046,-5.0691517293495645,-6.790048585527102,-5.672361334852943,3.166531673519694,6.53069201167534,1.577867634358091,-8.78905427398611,-10.54370399965214,-8.172570890360179,-4.942812295882069,-3.3937382509160856,2.5081122206918547,-4.103691923224286,-6.42194163114773,-5.440754435893313,-10.63076350581582,-25.541469712879003,1.6940975786010475,1.6054538093643365,4.418522562972009,5.935871884059539,5.1727519553425205,-6.088447550240308,3.0538968368955066,-3.0938217344620265,-10.901453813066306,5.01006125879765,-2.0538093984766377,2.9737275231019025,1.5804233416375055,8.268843167491315,2.569926831091926,0.8821562054389103,-1.7916550002008786,-18.52077919362032,6.140988183734535,0.8704118388443244,10.127204846861488,-16.126435216514153,-13.382173422748759,-9.236982564886398,-6.46637705956325
Angelique,S19,epbin_NumWoGE_20F_Atp_Par 16 rr icfilt ica ep1 but chanlocs chansel chanlabels S19.csv,-1.79908064316773,15.414289922077568,-20.065090986572915,4.736330227219354,9.779549541197461,10.142808840278645,1.2526472081472153,13.864842731616001,10.341810176748467,4.644079693881693,5.384499724908261,4.279378662253375,8.590217617924964,13.23411545361506,7.7914769684854495,3.0173654684831748,9.288790421631967,7.906600194597951,2.7316786192992177,3.3065085674155283,3.2600299971798967,7.341657588938606,3.0404599513673953,-11.602369479387836,0.16632373099623654,3.037530050119046,-5.0691517293495645,-6.790048585527102,-5.672361334852943,3.166531673519694,6.53069201167534,1.577867634358091,-8.78905427398611,-10.54370399965214,-8.172570890360179,-4.942812295882069,-3.3937382509160856,2.5081122206918547,-4.103691923224286,-6.42194163114773,-5.440754435893313,-10.63076350581582,-25.541469712879003,1.6940975786010475,1.6054538093643365,4.418522562972009,5.935871884059539,5.1727519553425205,-6.088447550240308,3.0538968368955066,-3.0938217344620265,-10.901453813066306,5.01006125879765,-2.0538093984766377,2.9737275231019025,1.5804233416375055,8.268843167491315,2.569926831091926,0.8821562054389103,-1.7916550002008786,-18.52077919362032,6.140988183734535,0.8704118388443244,10.127204846861488,-16.126435216514153,-13.382173422748759,-9.236982564886398,-6.46637705956325
Angelique,S19,epbin_NumWoGE_20F_Std_C1 25 rr icfilt ica ep1 but chanlocs chansel chanlabels S19.csv,-1.79908064316773,15.414289922077568,-20.065090986572915,4.736330227219354,9.779549541197461,10.142808840278645,1.2526472081472153,13.864842731616001,10.341810176748467,4.644079693881693,5.384499724908261,4.279378662253375,8.590217617924964,13.23411545361506,7.7914769684854495,3.0173654684831748,9.288790421631967,7.906600194597951,2.7316786192992177,3.3065085674155283,3.2600299971798967,7.341657588938606,3.0404599513673953,-11.602369479387836,0.16632373099623654,3.037530050119046,-5.0691517293495645,-6.790048585527102,-5.672361334852943,3.166531673519694,6.53069201167534,1.577867634358091,-8.78905427398611,-10.54370399965214,-8.172570890360179,-4.942812295882069,-3.3937382509160856,2.5081122206918547,-4.103691923224286,-6.42194163114773,-5.440754435893313,-10.63076350581582,-25.541469712879003,1.6940975786010475,1.6054538093643365,4.418522562972009,5.935871884059539,5.1727519553425205,-6.088447550240308,3.0538968368955066,-3.0938217344620265,-10.901453813066306,5.01006125879765,-2.0538093984766377,2.9737275231019025,1.5804233416375055,8.268843167491315,2.569926831091926,0.8821562054389103,-1.7916550002008786,-18.52077919362032,6.140988183734535,0.8704118388443244,10.127204846861488,-16.126435216514153,-13.382173422748759,-9.236982564886398,-6.46637705956325
Angelique,S19,epbin_NumWoGE_20F_Std_Par 15 rr icfilt ica ep1 but chanlocs chansel chanlabels S19.csv,-1.79908064316773,15.414289922077568,-20.065090986572915,4.736330227219354,9.779549541197461,10.142808840278645,1.2526472081472153,13.864842731616001,10.341810176748467,4.644079693881693,5.384499724908261,4.279378662253375,8.590217617924964,13.23411545361506,7.7914769684854495,3.0173654684831748,9.288790421631967,7.906600194597951,2.7316786192992177,3.3065085674155283,3.2600299971798967,7.341657588938606,3.0404599513673953,-11.602369479387836,0.16632373099623654,3.037530050119046,-5.0691517293495645,-6.790048585527102,-5.672361334852943,3.166531673519694,6.53069201167534,1.577867634358091,-8.78905427398611,-10.54370399965214,-8.172570890360179,-4.942812295882069,-3.3937382509160856,2.5081122206918547,-4.103691923224286,-6.42194163114773,-5.440754435893313,-10.63076350581582,-25.541469712879003,1.6940975786010475,1.6054538093643365,4.418522562972009,5.935871884059539,5.1727519553425205,-6.088447550240308,3.0538968368955066,-3.0938217344620265,-10.901453813066306,5.01006125879765,-2.0538093984766377,2.9737275231019025,1.5804233416375055,8.268843167491315,2.569926831091926,0.8821562054389103,-1.7916550002008786,-18.52077919362032,6.140988183734535,0.8704118388443244,10.127204846861488,-16.126435216514153,-13.382173422748759,-9.236982564886398,-6.46637705956325
Angelique,S21,epbin_Dig_1F_C1 21 rr fixF7 icfilt ica ep1 but chanlocs chansel chanlabels S21.csv,-4.708245187323315,-4.713607643411685,-9.843822502617957,-14.499236338506643,-0.8174070737894548,-8.502402353670236,-2.385262994926733,6.06022083143451,-6.823173481960259,-5.918117750540068,-15.084101811846287,-10.7184478211404,-5.9327139572941325,-2.102268753588955,-6.424832260135245,17.91900119793235,8.251566545318454,-0.4762428551952774,-8.13427061061249,2.4361048618297083,7.734254564866144,22.15901881965805,42.372679887806555,46.91722603043258,48.78139103959158,19.84313831052401,45.43693494537432,37.85768880454785,26.642148300183898,-0.06769771210652809,-10.542579330710716,-15.861511126598087,-4.206737005037063,-9.320383989300922,-6.3442914815659295,-13.877683906459795,-9.008405351842748,-15.634347384277524,-20.56191902627604,-21.649640700669142,-20.738461232756997,-8.983675891327636,-9.875433904166206,-8.7097686476206,-21.18911278493524,-24.44679519848169,-20.00408342850851,-17.356973691906727,-22.054275155784474,-21.25876195345684,-16.65818216733786,-8.527309096160957,-5.943943286591899,-17.563670117301296,-19.705244504224467,-20.212608444188636,-16.675081718813253,-11.183109285994016,-5.948944306907903,6.835347870361182,17.981232464484844,14.28977902059984,4.870997461963145,25.527077501590007,45.626227922252596,35.10666958504735,25.70630476024124,22.839777518775374
Angelique,S21,epbin_Dig_1F_Par 11 rr fixF7 icfilt ica ep1 but chanlocs chansel chanlabels S21.csv,-4.708245187323315,-4.713607643411685,-9.843822502617957,-14.499236338506643,-0.8174070737894548,-8.502402353670236,-2.385262994926733,6.06022083143451,-6.823173481960259,-5.918117750540068,-15.084101811846287,-10.7184478211404,-5.9327139572941325,-2.102268753588955,-6.424832260135245,17.91900119793235,8.251566545318454,-0.4762428551952774,-8.13427061061249,2.4361048618297083,7.734254564866144,22.15901881965805,42.372679887806555,46.91722603043258,48.78139103959158,19.84313831052401,45.43693494537432,37.85768880454785,26.642148300183898,-0.06769771210652809,-10.542579330710716,-15.861511126598087,-4.206737005037063,-9.320383989300922,-6.3442914815659295,-13.877683906459795,-9.008405351842748,-15.634347384277524,-20.56191902627604,-21.649640700669142,-20.738461232756997,-8.983675891327636,-9.875433904166206,-8.7097686476206,-21.18911278493524,-24.44679519848169,-20.00408342850851,-17.356973691906727,-22.054275155784474,-21.25876195345684,-16.65818216733786,-8.527309096160957,-5.943943286591899,-17.563670117301296,-19.705244504224467,-20.212608444188636,-16.675081718813253,-11.183109285994016,-5.948944306907903,6.835347870361182,17.981232464484844,14.28977902059984,4.870997461963145,25.527077501590007,45.626227922252596,35.10666958504735,25.70630476024124,22.839777518775374
Angelique,S21,epbin_Dig_20F_Atp_C1 23 rr fixF7 icfilt ica ep1 but chanlocs chansel chanlabels S21.csv,-4.708245187323315,-4.713607643411685,-9.843822502617957,-14.499236338506643,-0.8174070737894548,-8.502402353670236,-2.385262994926733,6.06022083143451,-6.823173481960259,-5.918117750540068,-15.084101811846287,-10.7184478211404,-5.9327139572941325,-2.102268753588955,-6.424832260135245,17.91900119793235,8.251566545318454,-0.4762428551952774,-8.13427061061249,2.4361048618297083,7.734254564866144,22.15901881965805,42.372679887806555,46.91722603043258,48.78139103959158,19.84313831052401,45.43693494537432,37.85768880454785,26.642148300183898,-0.06769771210652809,-10.542579330710716,-15.861511126598087,-4.206737005037063,-9.320383989300922,-6.3442914815659295,-13.877683906459795,-9.008405351842748,-15.634347384277524,-20.56191902627604,-21.649640700669142,-20.738461232756997,-8.983675891327636,-9.875433904166206,-8.7097686476206,-21.18911278493524,-24.44679519848169,-20.00408342850851,-17.356973691906727,-22.054275155784474,-21.25876195345684,-16.65818216733786,-8.527309096160957,-5.943943286591899,-17.563670117301296,-19.705244504224467,-20.212608444188636,-16.675081718813253,-11.183109285994016,-5.948944306907903,6.835347870361182,17.981232464484844,14.28977902059984,4.870997461963145,25.527077501590007,45.626227922252596,35.10666958504735,25.70630476024124,22.839777518775374
Angelique,S21,epbin_Dig_20F_Atp_Par 13 rr fixF7 icfilt ica ep1 but chanlocs chansel chanlabels S21.csv,-4.708245187323315,-4.713607643411685,-9.843822502617957,-14.499236338506643,-0.8174070737894548,-8.502402353670236,-2.385262994926733,6.06022083143451,-6.823173481960259,-5.918117750540068,-15.084101811846287,-10.7184478211404,-5.9327139572941325,-2.102268753588955,-6.424832260135245,17.91900119793235,8.251566545318454,-0.4762428551952774,-8.13427061061249,2.4361048618297083,7.734254564866144,22.15901881965805,42.372679887806555,46.91722603043258,48.78139103959158,19.84313831052401,45.43693494537432,37.85768880454785,26.642148300183898,-0.06769771210652809,-10.542579330710716,-15.861511126598087,-4.206737005037063,-9.320383989300922,-6.3442914815659295,-13.877683906459795,-9.008405351842748,-15.634347384277524,-20.56191902627604,-21.649640700669142,-20.738461232756997,-8.983675891327636,-9.875433904166206,-8.7097686476206,-21.18911278493524,-24.44679519848169,-20.00408342850851,-17.356973691906727,-22.054275155784474,-21.25876195345684,-16.65818216733786,-8.527309096160957,-5.943943286591899,-17.563670117301296,-19.705244504224467,-20.212608444188636,-16.675081718813253,-11.183109285994016,-5.948944306907903,6.835347870361182,17.981232464484844,14.28977902059984,4.870997461963145,25.527077501590007,45.626227922252596,35.10666958504735,25.70630476024124,22.839777518775374
Angelique,S21,epbin_Dig_20F_Std_C1 22 rr fixF7 icfilt ica ep1 but chanlocs chansel chanlabels S21.csv,-4.708245187323315,-4.713607643411685,-9.843822502617957,-14.499236338506643,-0.8174070737894548,-8.502402353670236,-2.385262994926733,6.06022083143451,-6.823173481960259,-5.918117750540068,-15.084101811846287,-10.7184478211404,-5.9327139572941325,-2.102268753588955,-6.424832260135245,17.91900119793235,8.251566545318454,-0.4762428551952774,-8.13427061061249,2.4361048618297083,7.734254564866144,22.15901881965805,42.372679887806555,46.91722603043258,48.78139103959158,19.84313831052401,45.43693494537432,37.85768880454785,26.642148300183898,-0.06769771210652809,-10.542579330710716,-15.861511126598087,-4.206737005037063,-9.320383989300922,-6.3442914815659295,-13.877683906459795,-9.008405351842748,-15.634347384277524,-20.56191902627604,-21.649640700669142,-20.738461232756997,-8.983675891327636,-9.875433904166206,-8.7097686476206,-21.18911278493524,-24.44679519848169,-20.00408342850851,-17.356973691906727,-22.054275155784474,-21.25876195345684,-16.65818216733786,-8.527309096160957,-5.943943286591899,-17.563670117301296,-19.705244504224467,-20.212608444188636,-16.675081718813253,-11.183109285994016,-5.948944306907903,6.835347870361182,17.981232464484844,14.28977902059984,4.870997461963145,25.527077501590007,45.626227922252596,35.10666958504735,25.70630476024124,22.839777518775374
Angelique,S21,epbin_Dig_20F_Std_Par 12 rr fixF7 icfilt ica ep1 but chanlocs chansel chanlabels S21.csv,-4.708245187323315,-4.713607643411685,-9.843822502617957,-14.499236338506643,-0.8174070737894548,-8.502402353670236,-2.385262994926733,6.06022083143451,-6.823173481960259,-5.918117750540068,-15.084101811846287,-10.7184478211404,-5.9327139572941325,-2.102268753588955,-6.424832260135245,17.91900119793235,8.251566545318454,-0.4762428551952774,-8.13427061061249,2.4361048618297083,7.734254564866144,22.15901881965805,42.372679887806555,46.91722603043258,48.78139103959158,19.84313831052401,45.43693494537432,37.85768880454785,26.642148300183898,-0.06769771210652809,-10.542579330710716,-15.861511126598087,-4.206737005037063,-9.320383989300922,-6.3442914815659295,-13.877683906459795,-9.008405351842748,-15.634347384277524,-20.56191902627604,-21.649640700669142,-20.738461232756997,-8.983675891327636,-9.875433904166206,-8.7097686476206,-21.18911278493524,-24.44679519848169,-20.00408342850851,-17.356973691906727,-22.054275155784474,-21.25876195345684,-16.65818216733786,-8.527309096160957,-5.943943286591899,-17.563670117301296,-19.705244504224467,-20.212608444188636,-16.675081718813253,-11.183109285994016,-5.948944306907903,6.835347870361182,17.981232464484844,14.28977902059984,4.870997461963145,25.527077501590007,45.626227922252596,35.10666958504735,25.70630476024124,22.839777518775374
Angelique,S21,epbin_NumWoGE_1F_C1 24 rr fixF7 icfilt ica ep1 but chanlocs chansel chanlabels S21.csv,-4.708245187323315,-4.713607643411685,-9.843822502617957,-14.499236338506643,-0.8174070737894548,-8.502402353670236,-2.385262994926733,6.06022083143451,-6.823173481960259,-5.918117750540068,-15.084101811846287,-10.7184478211404,-5.9327139572941325,-2.102268753588955,-6.424832260135245,17.91900119793235,8.251566545318454,-0.4762428551952774,-8.13427061061249,2.4361048618297083,7.734254564866144,22.15901881965805,42.372679887806555,46.91722603043258,48.78139103959158,19.84313831052401,45.43693494537432,37.85768880454785,26.642148300183898,-0.06769771210652809,-10.542579330710716,-15.861511126598087,-4.206737005037063,-9.320383989300922,-6.3442914815659295,-13.877683906459795,-9.008405351842748,-15.634347384277524,-20.56191902627604,-21.649640700669142,-20.738461232756997,-8.983675891327636,-9.875433904166206,-8.7097686476206,-21.18911278493524,-24.44679519848169,-20.00408342850851,-17.356973691906727,-22.054275155784474,-21.25876195345684,-16.65818216733786,-8.527309096160957,-5.943943286591899,-17.563670117301296,-19.705244504224467,-20.212608444188636,-16.675081718813253,-11.183109285994016,-5.948944306907903,6.835347870361182,17.981232464484844,14.28977902059984,4.870997461963145,25.527077501590007,45.626227922252596,35.10666958504735,25.70630476024124,22.839777518775374
Angelique,S21,epbin_NumWoGE_1F_Par 14 rr fixF7 icfilt ica ep1 but chanlocs chansel chanlabels S21.csv,-4.708245187323315,-4.713607643411685,-9.843822502617957,-14.499236338506643,-0.8174070737894548,-8.502402353670236,-2.385262994926733,6.06022083143451,-6.823173481960259,-5.918117750540068,-15.084101811846287,-10.7184478211404,-5.9327139572941325,-2.102268753588955,-6.424832260135245,17.91900119793235,8.251566545318454,-0.4762428551952774,-8.13427061061249,2.4361048618297083,7.734254564866144,22.15901881965805,42.372679887806555,46.91722603043258,48.78139103959158,19.84313831052401,45.43693494537432,37.85768880454785,26.642148300183898,-0.06769771210652809,-10.542579330710716,-15.861511126598087,-4.206737005037063,-9.320383989300922,-6.3442914815659295,-13.877683906459795,-9.008405351842748,-15.634347384277524,-20.56191902627604,-21.649640700669142,-20.738461232756997,-8.983675891327636,-9.875433904166206,-8.7097686476206,-21.18911278493524,-24.44679519848169,-20.00408342850851,-17.356973691906727,-22.054275155784474,-21.25876195345684,-16.65818216733786,-8.527309096160957,-5.943943286591899,-17.563670117301296,-19.705244504224467,-20.212608444188636,-16.675081718813253,-11.183109285994016,-5.948944306907903,6.835347870361182,17.981232464484844,14.28977902059984,4.870997461963145,25.527077501590007,45.626227922252596,35.10666958504735,25.70630476024124,22.839777518775374
Angelique,S21,epbin_NumWoGE_20F_Atp_C1 26 rr fixF7 icfilt ica ep1 but chanlocs chansel chanlabels S21.csv,-4.708245187323315,-4.713607643411685,-9.843822502617957,-14.499236338506643,-0.8174070737894548,-8.502402353670236,-2.385262994926733,6.06022083143451,-6.823173481960259,-5.918117750540068,-15.084101811846287,-10.7184478211404,-5.9327139572941325,-2.102268753588955,-6.424832260135245,17.91900119793235,8.251566545318454,-0.4762428551952774,-8.13427061061249,2.4361048618297083,7.734254564866144,22.15901881965805,42.372679887806555,46.91722603043258,48.78139103959158,19.84313831052401,45.43693494537432,37.85768880454785,26.642148300183898,-0.06769771210652809,-10.542579330710716,-15.861511126598087,-4.206737005037063,-9.320383989300922,-6.3442914815659295,-13.877683906459795,-9.008405351842748,-15.634347384277524,-20.56191902627604,-21.649640700669142,-20.738461232756997,-8.983675891327636,-9.875433904166206,-8.7097686476206,-21.18911278493524,-24.44679519848169,-20.00408342850851,-17.356973691906727,-22.054275155784474,-21.25876195345684,-16.65818216733786,-8.527309096160957,-5.943943286591899,-17.563670117301296,-19.705244504224467,-20.212608444188636,-16.675081718813253,-11.183109285994016,-5.948944306907903,6.835347870361182,17.981232464484844,14.28977902059984,4.870997461963145,25.527077501590007,45.626227922252596,35.10666958504735,25.70630476024124,22.839777518775374
Angelique,S21,epbin_NumWoGE_20F_Atp_Par 16 rr fixF7 icfilt ica ep1 but chanlocs chansel chanlabels S21.csv,-4.708245187323315,-4.713607643411685,-9.843822502617957,-14.499236338506643,-0.8174070737894548,-8.502402353670236,-2.385262994926733,6.06022083143451,-6.823173481960259,-5.918117750540068,-15.084101811846287,-10.7184478211404,-5.9327139572941325,-2.102268753588955,-6.424832260135245,17.91900119793235,8.251566545318454,-0.4762428551952774,-8.13427061061249,2.4361048618297083,7.734254564866144,22.15901881965805,42.372679887806555,46.91722603043258,48.78139103959158,19.84313831052401,45.43693494537432,37.85768880454785,26.642148300183898,-0.06769771210652809,-10.542579330710716,-15.861511126598087,-4.206737005037063,-9.320383989300922,-6.3442914815659295,-13.877683906459795,-9.008405351842748,-15.634347384277524,-20.56191902627604,-21.649640700669142,-20.738461232756997,-8.983675891327636,-9.875433904166206,-8.7097686476206,-21.18911278493524,-24.44679519848169,-20.00408342850851,-17.356973691906727,-22.054275155784474,-21.25876195345684,-16.65818216733786,-8.527309096160957,-5.943943286591899,-17.563670117301296,-19.705244504224467,-20.212608444188636,-16.675081718813253,-11.183109285994016,-5.948944306907903,6.835347870361182,17.981232464484844,14.28977902059984,4.870997461963145,25.527077501590007,45.626227922252596,35.10666958504735,25.70630476024124,22.839777518775374
Angelique,S21,epbin_NumWoGE_20F_Std_C1 25 rr fixF7 icfilt ica ep1 but chanlocs chansel chanlabels S21.csv,-4.708245187323315,-4.713607643411685,-9.843822502617957,-14.499236338506643,-0.8174070737894548,-8.502402353670236,-2.385262994926733,6.06022083143451,-6.823173481960259,-5.918117750540068,-15.084101811846287,-10.7184478211404,-5.9327139572941325,-2.102268753588955,-6.424832260135245,17.91900119793235,8.251566545318454,-0.4762428551952774,-8.13427061061249,2.4361048618297083,7.734254564866144,22.15901881965805,42.372679887806555,46.91722603043258,48.78139103959158,19.84313831052401,45.43693494537432,37.85768880454785,26.642148300183898,-0.06769771210652809,-10.542579330710716,-15.861511126598087,-4.206737005037063,-9.320383989300922,-6.3442914815659295,-13.877683906459795,-9.008405351842748,-15.634347384277524,-20.56191902627604,-21.649640700669142,-20.738461232756997,-8.983675891327636,-9.875433904166206,-8.7097686476206,-21.18911278493524,-24.44679519848169,-20.00408342850851,-17.356973691906727,-22.054275155784474,-21.25876195345684,-16.65818216733786,-8.527309096160957,-5.943943286591899,-17.563670117301296,-19.705244504224467,-20.212608444188636,-16.675081718813253,-11.183109285994016,-5.948944306907903,6.835347870361182,17.981232464484844,14.28977902059984,4.870997461963145,25.527077501590007,45.626227922252596,35.10666958504735,25.70630476024124,22.839777518775374
Angelique,S21,epbin_NumWoGE_20F_Std_Par 15 rr fixF7 icfilt ica ep1 but chanlocs chansel chanlabels S21.csv,-4.708245187323315,-4.713607643411685,-9.843822502617957,-14.499236338506643,-0.8174070737894548,-8.502402353670236,-2.385262994926733,6.06022083143451,-6.823173481960259,-5.918117750540068,-15.084101811846287,-10.7184478211404,-5.9327139572941325,-2.102268753588955,-6.424832260135245,17.91900119793235,8.251566545318454,-0.4762428551952774,-8.13427061061249,2.4361048618297083,7.734254564866144,22.15901881965805,42.372679887806555,46.91722603043258,48.78139103959158,19.84313831052401,45.43693494537432,37.85768880454785,26.642148300183898,-0.06769771210652809,-10.542579330710716,-15.861511126598087,-4.206737005037063,-9.320383989300922,-6.3442914815659295,-13.877683906459795,-9.008405351842748,-15.634347384277524,-20.56191902627604,-21.649640700669142,-20.738461232756997,-8.983675891327636,-9.875433904166206,-8.7097686476206,-21.18911278493524,-24.44679519848169,-20.00408342850851,-17.356973691906727,-22.054275155784474,-21.25876195345684,-16.65818216733786,-8.527309096160957,-5.943943286591899,-17.563670117301296,-19.705244504224467,-20.212608444188636,-16.675081718813253,-11.183109285994016,-5.948944306907903,6.835347870361182,17.981232464484844,14.28977902059984,4.870997461963145,25.527077501590007,45.626227922252596,35.10666958504735,25.70630476024124,22.839777518775374
Angelique,S22,epbin_Dig_1F_C1 21 rr fixFC4 icfilt ica ep1 but chanlocs chansel chanlabels S22.csv,-0.8787269198331168,19.13055252827193,9.436343584915805,8.371664128294146,8.067648326380215,20.04173895166812,16.203497124915653,16.485579915825255,20.833506959106877,3.0611154065886423,3.7231886039622895,4.714877042557942,11.86902049584314,12.186239919221805,15.028473470136424,6.85552852914568,8.059687774416949,3.869397014920035,1.5372987170003767,-1.6543801306808048,3.704769735572293,5.808373123573627,-2.14383410552765,-2.7945121636655106,-2.4403921030939517,-0.7026034580600832,-7.86327826985443,-4.60396276963094,-10.104547599544269,-5.788757163165074,-3.3599239484575754,-1.161100178362263,-3.0234111559391397,0.02730670470704212,-2.3667187103965417,-3.3990731303780013,6.805054221192965,2.0741000345128597,-0.8861643384210026,-1.5897263938801716,0.2113710299678615,-5.601740593984832,-4.421087453474138,-2.2976615202602684,-2.874290425789484,-4.4575703664795245,1.97237423429919,-2.09648739683563,-3.0783745792237918,-2.5755739113029574,-9.406287318923676,-6.977483950060583,-9.184785346627738,-7.695507312150706,0.7536039649918789,-3.827887168134712,-4.838717953226683,-4.787217915655137,-12.761756493694847,-8.673504925958566,-14.033370333134654,-12.122504370335857,-6.398832179042522,-11.547321824519758,2.835074021691729,-4.671500499481843,-3.591098142793316,-10.98570844364023
Angelique,S22,epbin_Dig_1F_Par 11 rr fixFC4 icfilt ica ep1 but chanlocs chansel chanlabels S22.csv,-0.8787269198331168,19.13055252827193,9.436343584915805,8.371664128294146,8.067648326380215,20.04173895166812,16.203497124915653,16.485579915825255,20.833506959106877,3.0611154065886423,3.7231886039622895,4.714877042557942,11.86902049584314,12.186239919221805,15.028473470136424,6.85552852914568,8.059687774416949,3.869397014920035,1.5372987170003767,-1.6543801306808048,3.704769735572293,5.808373123573627,-2.14383410552765,-2.7945121636655106,-2.4403921030939517,-0.7026034580600832,-7.86327826985443,-4.60396276963094,-10.104547599544269,-5.788757163165074,-3.3599239484575754,-1.161100178362263,-3.0234111559391397,0.02730670470704212,-2.3667187103965417,-3.3990731303780013,6.805054221192965,2.0741000345128597,-0.8861643384210026,-1.5897263938801716,0.2113710299678615,-5.601740593984832,-4.421087453474138,-2.2976615202602684,-2.874290425789484,-4.4575703664795245,1.97237423429919,-2.09648739683563,-3.0783745792237918,-2.5755739113029574,-9.406287318923676,-6.977483950060583,-9.184785346627738,-7.695507312150706,0.7536039649918789,-3.827887168134712,-4.838717953226683,-4.787217915655137,-12.761756493694847,-8.673504925958566,-14.033370333134654,-12.122504370335857,-6.398832179042522,-11.547321824519758,2.835074021691729,-4.671500499481843,-3.591098142793316,-10.98570844364023
Angelique,S22,epbin_Dig_20F_Atp_C1 23 rr fixFC4 icfilt ica ep1 but chanlocs chansel chanlabels S22.csv,-0.8787269198331168,19.13055252827193,9.436343584915805,8.371664128294146,8.067648326380215,20.04173895166812,16.203497124915653,16.485579915825255,20.833506959106877,3.0611154065886423,3.7231886039622895,4.714877042557942,11.86902049584314,12.186239919221805,15.028473470136424,6.85552852914568,8.059687774416949,3.869397014920035,1.5372987170003767,-1.6543801306808048,3.704769735572293,5.808373123573627,-2.14383410552765,-2.7945121636655106,-2.4403921030939517,-0.7026034580600832,-7.86327826985443,-4.60396276963094,-10.104547599544269,-5.788757163165074,-3.3599239484575754,-1.161100178362263,-3.0234111559391397,0.02730670470704212,-2.3667187103965417,-3.3990731303780013,6.805054221192965,2.0741000345128597,-0.8861643384210026,-1.5897263938801716,0.2113710299678615,-5.601740593984832,-4.421087453474138,-2.2976615202602684,-2.874290425789484,-4.4575703664795245,1.97237423429919,-2.09648739683563,-3.0783745792237918,-2.5755739113029574,-9.406287318923676,-6.977483950060583,-9.184785346627738,-7.695507312150706,0.7536039649918789,-3.827887168134712,-4.838717953226683,-4.787217915655137,-12.761756493694847,-8.673504925958566,-14.033370333134654,-12.122504370335857,-6.398832179042522,-11.547321824519758,2.835074021691729,-4.671500499481843,-3.591098142793316,-10.98570844364023
Angelique,S22,epbin_Dig_20F_Atp_Par 13 rr fixFC4 icfilt ica ep1 but chanlocs chansel chanlabels S22.csv,-0.8787269198331168,19.13055252827193,9.436343584915805,8.371664128294146,8.067648326380215,20.04173895166812,16.203497124915653,16.485579915825255,20.833506959106877,3.0611154065886423,3.7231886039622895,4.714877042557942,11.86902049584314,12.186239919221805,15.028473470136424,6.85552852914568,8.059687774416949,3.869397014920035,1.5372987170003767,-1.6543801306808048,3.704769735572293,5.808373123573627,-2.14383410552765,-2.7945121636655106,-2.4403921030939517,-0.7026034580600832,-7.86327826985443,-4.60396276963094,-10.104547599544269,-5.788757163165074,-3.3599239484575754,-1.161100178362263,-3.0234111559391397,0.02730670470704212,-2.3667187103965417,-3.3990731303780013,6.805054221192965,2.0741000345128597,-0.8861643384210026,-1.5897263938801716,0.2113710299678615,-5.601740593984832,-4.421087453474138,-2.2976615202602684,-2.874290425789484,-4.4575703664795245,1.97237423429919,-2.09648739683563,-3.0783745792237918,-2.5755739113029574,-9.406287318923676,-6.977483950060583,-9.184785346627738,-7.695507312150706,0.7536039649918789,-3.827887168134712,-4.838717953226683,-4.787217915655137,-12.761756493694847,-8.673504925958566,-14.033370333134654,-12.122504370335857,-6.398832179042522,-11.547321824519758,2.835074021691729,-4.671500499481843,-3.591098142793316,-10.98570844364023
Angelique,S22,epbin_Dig_20F_Std_C1 22 rr fixFC4 icfilt ica ep1 but chanlocs chansel chanlabels S22.csv,-0.8787269198331168,19.13055252827193,9.436343584915805,8.371664128294146,8.067648326380215,20.04173895166812,16.203497124915653,16.485579915825255,20.833506959106877,3.0611154065886423,3.7231886039622895,4.714877042557942,11.86902049584314,12.186239919221805,15.028473470136424,6.85552852914568,8.059687774416949,3.869397014920035,1.5372987170003767,-1.6543801306808048,3.704769735572293,5.808373123573627,-2.14383410552765,-2.7945121636655106,-2.4403921030939517,-0.7026034580600832,-7.86327826985443,-4.60396276963094,-10.104547599544269,-5.788757163165074,-3.3599239484575754,-1.161100178362263,-3.0234111559391397,0.02730670470704212,-2.3667187103965417,-3.3990731303780013,6.805054221192965,2.0741000345128597,-0.8861643384210026,-1.5897263938801716,0.2113710299678615,-5.601740593984832,-4.421087453474138,-2.2976615202602684,-2.874290425789484,-4.4575703664795245,1.97237423429919,-2.09648739683563,-3.0783745792237918,-2.5755739113029574,-9.406287318923676,-6.977483950060583,-9.184785346627738,-7.695507312150706,0.7536039649918789,-3.827887168134712,-4.838717953226683,-4.787217915655137,-12.761756493694847,-8.673504925958566,-14.033370333134654,-12.122504370335857,-6.398832179042522,-11.547321824519758,2.835074021691729,-4.671500499481843,-3.591098142793316,-10.98570844364023
Angelique,S22,epbin_Dig_20F_Std_Par 12 rr fixFC4 icfilt ica ep1 but chanlocs chansel chanlabels S22.csv,-0.8787269198331168,19.13055252827193,9.436343584915805,8.371664128294146,8.067648326380215,20.04173895166812,16.203497124915653,16.485579915825255,20.833506959106877,3.0611154065886423,3.7231886039622895,4.714877042557942,11.86902049584314,12.186239919221805,15.028473470136424,6.85552852914568,8.059687774416949,3.869397014920035,1.5372987170003767,-1.6543801306808048,3.704769735572293,5.808373123573627,-2.14383410552765,-2.7945121636655106,-2.4403921030939517,-0.7026034580600832,-7.86327826985443,-4.60396276963094,-10.104547599544269,-5.788757163165074,-3.3599239484575754,-1.161100178362263,-3.0234111559391397,0.02730670470704212,-2.3667187103965417,-3.3990731303780013,6.805054221192965,2.0741000345128597,-0.8861643384210026,-1.5897263938801716,0.2113710299678615,-5.601740593984832,-4.421087453474138,-2.2976615202602684,-2.874290425789484,-4.4575703664795245,1.97237423429919,-2.09648739683563,-3.0783745792237918,-2.5755739113029574,-9.406287318923676,-6.977483950060583,-9.184785346627738,-7.695507312150706,0.7536039649918789,-3.827887168134712,-4.838717953226683,-4.787217915655137,-12.761756493694847,-8.673504925958566,-14.033370333134654,-12.122504370335857,-6.398832179042522,-11.547321824519758,2.835074021691729,-4.671500499481843,-3.591098142793316,-10.98570844364023
Angelique,S22,epbin_NumWoGE_1F_C1 24 rr fixFC4 icfilt ica ep1 but chanlocs chansel chanlabels S22.csv,-0.8787269198331168,19.13055252827193,9.436343584915805,8.371664128294146,8.067648326380215,20.04173895166812,16.203497124915653,16.485579915825255,20.833506959106877,3.0611154065886423,3.7231886039622895,4.714877042557942,11.86902049584314,12.186239919221805,15.028473470136424,6.85552852914568,8.059687774416949,3.869397014920035,1.5372987170003767,-1.6543801306808048,3.704769735572293,5.808373123573627,-2.14383410552765,-2.7945121636655106,-2.4403921030939517,-0.7026034580600832,-7.86327826985443,-4.60396276963094,-10.104547599544269,-5.788757163165074,-3.3599239484575754,-1.161100178362263,-3.0234111559391397,0.02730670470704212,-2.3667187103965417,-3.3990731303780013,6.805054221192965,2.0741000345128597,-0.8861643384210026,-1.5897263938801716,0.2113710299678615,-5.601740593984832,-4.421087453474138,-2.2976615202602684,-2.874290425789484,-4.4575703664795245,1.97237423429919,-2.09648739683563,-3.0783745792237918,-2.5755739113029574,-9.406287318923676,-6.977483950060583,-9.184785346627738,-7.695507312150706,0.7536039649918789,-3.827887168134712,-4.838717953226683,-4.787217915655137,-12.761756493694847,-8.673504925958566,-14.033370333134654,-12.122504370335857,-6.398832179042522,-11.547321824519758,2.835074021691729,-4.671500499481843,-3.591098142793316,-10.98570844364023
Angelique,S22,epbin_NumWoGE_1F_Par 14 rr fixFC4 icfilt ica ep1 but chanlocs chansel chanlabels S22.csv,-0.8787269198331168,19.13055252827193,9.436343584915805,8.371664128294146,8.067648326380215,20.04173895166812,16.203497124915653,16.485579915825255,20.833506959106877,3.0611154065886423,3.7231886039622895,4.714877042557942,11.86902049584314,12.186239919221805,15.028473470136424,6.85552852914568,8.059687774416949,3.869397014920035,1.5372987170003767,-1.6543801306808048,3.704769735572293,5.808373123573627,-2.14383410552765,-2.7945121636655106,-2.4403921030939517,-0.7026034580600832,-7.86327826985443,-4.60396276963094,-10.104547599544269,-5.788757163165074,-3.3599239484575754,-1.161100178362263,-3.0234111559391397,0.02730670470704212,-2.3667187103965417,-3.3990731303780013,6.805054221192965,2.0741000345128597,-0.8861643384210026,-1.5897263938801716,0.2113710299678615,-5.601740593984832,-4.421087453474138,-2.2976615202602684,-2.874290425789484,-4.4575703664795245,1.97237423429919,-2.09648739683563,-3.0783745792237918,-2.5755739113029574,-9.406287318923676,-6.977483950060583,-9.184785346627738,-7.695507312150706,0.7536039649918789,-3.827887168134712,-4.838717953226683,-4.787217915655137,-12.761756493694847,-8.673504925958566,-14.033370333134654,-12.122504370335857,-6.398832179042522,-11.547321824519758,2.835074021691729,-4.671500499481843,-3.591098142793316,-10.98570844364023
Angelique,S22,epbin_NumWoGE_20F_Atp_C1 26 rr fixFC4 icfilt ica ep1 but chanlocs chansel chanlabels S22.csv,-0.8787269198331168,19.13055252827193,9.436343584915805,8.371664128294146,8.067648326380215,20.04173895166812,16.203497124915653,16.485579915825255,20.833506959106877,3.0611154065886423,3.7231886039622895,4.714877042557942,11.86902049584314,12.186239919221805,15.028473470136424,6.85552852914568,8.059687774416949,3.869397014920035,1.5372987170003767,-1.6543801306808048,3.704769735572293,5.808373123573627,-2.14383410552765,-2.7945121636655106,-2.4403921030939517,-0.7026034580600832,-7.86327826985443,-4.60396276963094,-10.104547599544269,-5.788757163165074,-3.3599239484575754,-1.161100178362263,-3.0234111559391397,0.02730670470704212,-2.3667187103965417,-3.3990731303780013,6.805054221192965,2.0741000345128597,-0.8861643384210026,-1.5897263938801716,0.2113710299678615,-5.601740593984832,-4.421087453474138,-2.2976615202602684,-2.874290425789484,-4.4575703664795245,1.97237423429919,-2.09648739683563,-3.0783745792237918,-2.5755739113029574,-9.406287318923676,-6.977483950060583,-9.184785346627738,-7.695507312150706,0.7536039649918789,-3.827887168134712,-4.838717953226683,-4.787217915655137,-12.761756493694847,-8.673504925958566,-14.033370333134654,-12.122504370335857,-6.398832179042522,-11.547321824519758,2.835074021691729,-4.671500499481843,-3.591098142793316,-10.98570844364023
Angelique,S22,epbin_NumWoGE_20F_Atp_Par 16 rr fixFC4 icfilt ica ep1 but chanlocs chansel chanlabels S22.csv,-0.8787269198331168,19.13055252827193,9.436343584915805,8.371664128294146,8.067648326380215,20.04173895166812,16.203497124915653,16.485579915825255,20.833506959106877,3.0611154065886423,3.7231886039622895,4.714877042557942,11.86902049584314,12.186239919221805,15.028473470136424,6.85552852914568,8.059687774416949,3.869397014920035,1.5372987170003767,-1.6543801306808048,3.704769735572293,5.808373123573627,-2.14383410552765,-2.7945121636655106,-2.4403921030939517,-0.7026034580600832,-7.86327826985443,-4.60396276963094,-10.104547599544269,-5.788757163165074,-3.3599239484575754,-1.161100178362263,-3.0234111559391397,0.02730670470704212,-2.3667187103965417,-3.3990731303780013,6.805054221192965,2.0741000345128597,-0.8861643384210026,-1.5897263938801716,0.2113710299678615,-5.601740593984832,-4.421087453474138,-2.2976615202602684,-2.874290425789484,-4.4575703664795245,1.97237423429919,-2.09648739683563,-3.0783745792237918,-2.5755739113029574,-9.406287318923676,-6.977483950060583,-9.184785346627738,-7.695507312150706,0.7536039649918789,-3.827887168134712,-4.838717953226683,-4.787217915655137,-12.761756493694847,-8.673504925958566,-14.033370333134654,-12.122504370335857,-6.398832179042522,-11.547321824519758,2.835074021691729,-4.671500499481843,-3.591098142793316,-10.98570844364023
Angelique,S22,epbin_NumWoGE_20F_Std_C1 25 rr fixFC4 icfilt ica ep1 but chanlocs chansel chanlabels S22.csv,-0.8787269198331168,19.13055252827193,9.436343584915805,8.371664128294146,8.067648326380215,20.04173895166812,16.203497124915653,16.485579915825255,20.833506959106877,3.0611154065886423,3.7231886039622895,4.714877042557942,11.86902049584314,12.186239919221805,15.028473470136424,6.85552852914568,8.059687774416949,3.869397014920035,1.5372987170003767,-1.6543801306808048,3.704769735572293,5.808373123573627,-2.14383410552765,-2.7945121636655106,-2.4403921030939517,-0.7026034580600832,-7.86327826985443,-4.60396276963094,-10.104547599544269,-5.788757163165074,-3.3599239484575754,-1.161100178362263,-3.0234111559391397,0.02730670470704212,-2.3667187103965417,-3.3990731303780013,6.805054221192965,2.0741000345128597,-0.8861643384210026,-1.5897263938801716,0.2113710299678615,-5.601740593984832,-4.421087453474138,-2.2976615202602684,-2.874290425789484,-4.4575703664795245,1.97237423429919,-2.09648739683563,-3.0783745792237918,-2.5755739113029574,-9.406287318923676,-6.977483950060583,-9.184785346627738,-7.695507312150706,0.7536039649918789,-3.827887168134712,-4.838717953226683,-4.787217915655137,-12.761756493694847,-8.673504925958566,-14.033370333134654,-12.122504370335857,-6.398832179042522,-11.547321824519758,2.835074021691729,-4.671500499481843,-3.591098142793316,-10.98570844364023
Angelique,S22,epbin_NumWoGE_20F_Std_Par 15 rr fixFC4 icfilt ica ep1 but chanlocs chansel chanlabels S22.csv,-0.8787269198331168,19.13055252827193,9.436343584915805,8.371664128294146,8.067648326380215,20.04173895166812,16.203497124915653,16.485579915825255,20.833506959106877,3.0611154065886423,3.7231886039622895,4.714877042557942,11.86902049584314,12.186239919221805,15.028473470136424,6.85552852914568,8.059687774416949,3.869397014920035,1.5372987170003767,-1.6543801306808048,3.704769735572293,5.808373123573627,-2.14383410552765,-2.7945121636655106,-2.4403921030939517,-0.7026034580600832,-7.86327826985443,-4.60396276963094,-10.104547599544269,-5.788757163165074,-3.3599239484575754,-1.161100178362263,-3.0234111559391397,0.02730670470704212,-2.3667187103965417,-3.3990731303780013,6.805054221192965,2.0741000345128597,-0.8861643384210026,-1.5897263938801716,0.2113710299678615,-5.601740593984832,-4.421087453474138,-2.2976615202602684,-2.874290425789484,-4.4575703664795245,1.97237423429919,-2.09648739683563,-3.0783745792237918,-2.5755739113029574,-9.406287318923676,-6.977483950060583,-9.184785346627738,-7.695507312150706,0.7536039649918789,-3.827887168134712,-4.838717953226683,-4.787217915655137,-12.761756493694847,-8.673504925958566,-14.033370333134654,-12.122504370335857,-6.398832179042522,-11.547321824519758,2.835074021691729,-4.671500499481843,-3.591098142793316,-10.98570844364023
Angelique,S23,epbin_Dig_1F_C1 21 rr fixP2 fixP3 fixC3 icfilt ica ep1 but chanlocs chansel chanlabels S23.csv,-0.6060560450002024,4.892816672199686,-3.4385661716440854,-0.349324005294204,-3.3147259168251333,9.487416601816346,4.6614617859866785,0.6099140476259952,6.282014765269671,-1.6928390253602217,-3.1769748694270517,-5.067770831000123,-0.8734579579351724,2.5844378298859105,-0.13307924542035182,1.4524485428256375,-2.8072484210283486,-3.5119715896262895,-3.6054413109886534,-1.3458716717765953,-1.798492269565078,-2.8366053552782744,-1.0950093496043132,-0.6038616770578455,-3.685186590455599,-1.213000029163117,4.957802235839922,4.1120384169660955,2.087250321240921,-1.4380114231680765,-1.628208011999586,-5.240869087713975,-3.9243289568171926,-6.052895715417797,-10.3263837008768,-5.169238562027822,-6.126670143348655,-4.143403070838953,-4.124814021552454,-4.226233773287423,-6.294806030805557,-8.479172863690396,-5.774904061079041,-2.8937971716440676,-5.141740969081548,-4.868348764170861,-6.769110002917894,-8.385639765285532,-4.370616195692715,-1.6739361832018873,2.572706081360336,-2.0999501021559865,8.792227314357596,6.87395909966631,2.9199732041524062,0.7786473955233316,1.1361478105300669,4.258001748650579,8.443634086293862,12.257237777837295,13.96193494233913,12.624944878258944,4.61124677953758,8.37029427922183,-2.516108999167796,-1.8277926063502434,8.683638817402228,17.24027507698622
Angelique,S23,epbin_Dig_1F_Par 11 rr fixP2 fixP3 fixC3 icfilt ica ep1 but chanlocs chansel chanlabels S23.csv,-0.6060560450002024,4.892816672199686,-3.4385661716440854,-0.349324005294204,-3.3147259168251333,9.487416601816346,4.6614617859866785,0.6099140476259952,6.282014765269671,-1.6928390253602217,-3.1769748694270517,-5.067770831000123,-0.8734579579351724,2.5844378298859105,-0.13307924542035182,1.4524485428256375,-2.8072484210283486,-3.5119715896262895,-3.6054413109886534,-1.3458716717765953,-1.798492269565078,-2.8366053552782744,-1.0950093496043132,-0.6038616770578455,-3.685186590455599,-1.213000029163117,4.957802235839922,4.1120384169660955,2.087250321240921,-1.4380114231680765,-1.628208011999586,-5.240869087713975,-3.9243289568171926,-6.052895715417797,-10.3263837008768,-5.169238562027822,-6.126670143348655,-4.143403070838953,-4.124814021552454,-4.226233773287423,-6.294806030805557,-8.479172863690396,-5.774904061079041,-2.8937971716440676,-5.141740969081548,-4.868348764170861,-6.769110002917894,-8.385639765285532,-4.370616195692715,-1.6739361832018873,2.572706081360336,-2.0999501021559865,8.792227314357596,6.87395909966631,2.9199732041524062,0.7786473955233316,1.1361478105300669,4.258001748650579,8.443634086293862,12.257237777837295,13.96193494233913,12.624944878258944,4.61124677953758,8.37029427922183,-2.516108999167796,-1.8277926063502434,8.683638817402228,17.24027507698622
Angelique,S23,epbin_Dig_20F_Atp_C1 23 rr fixP2 fixP3 fixC3 icfilt ica ep1 but chanlocs chansel chanlabels S23.csv,-0.6060560450002024,4.892816672199686,-3.4385661716440854,-0.349324005294204,-3.3147259168251333,9.487416601816346,4.6614617859866785,0.6099140476259952,6.282014765269671,-1.6928390253602217,-3.1769748694270517,-5.067770831000123,-0.8734579579351724,2.5844378298859105,-0.13307924542035182,1.4524485428256375,-2.8072484210283486,-3.5119715896262895,-3.6054413109886534,-1.3458716717765953,-1.798492269565078,-2.8366053552782744,-1.0950093496043132,-0.6038616770578455,-3.685186590455599,-1.213000029163117,4.957802235839922,4.1120384169660955,2.087250321240921,-1.4380114231680765,-1.628208011999586,-5.240869087713975,-3.9243289568171926,-6.052895715417797,-10.3263837008768,-5.169238562027822,-6.126670143348655,-4.143403070838953,-4.124814021552454,-4.226233773287423,-6.294806030805557,-8.479172863690396,-5.774904061079041,-2.8937971716440676,-5.141740969081548,-4.868348764170861,-6.769110002917894,-8.385639765285532,-4.370616195692715,-1.6739361832018873,2.572706081360336,-2.0999501021559865,8.792227314357596,6.87395909966631,2.9199732041524062,0.7786473955233316,1.1361478105300669,4.258001748650579,8.443634086293862,12.257237777837295,13.96193494233913,12.624944878258944,4.61124677953758,8.37029427922183,-2.516108999167796,-1.8277926063502434,8.683638817402228,17.24027507698622
Angelique,S23,epbin_Dig_20F_Atp_Par 13 rr fixP2 fixP3 fixC3 icfilt ica ep1 but chanlocs chansel chanlabels S23.csv,-0.6060560450002024,4.892816672199686,-3.4385661716440854,-0.349324005294204,-3.3147259168251333,9.487416601816346,4.6614617859866785,0.6099140476259952,6.282014765269671,-1.6928390253602217,-3.1769748694270517,-5.067770831000123,-0.8734579579351724,2.5844378298859105,-0.13307924542035182,1.4524485428256375,-2.8072484210283486,-3.5119715896262895,-3.6054413109886534,-1.3458716717765953,-1.798492269565078,-2.8366053552782744,-1.0950093496043132,-0.6038616770578455,-3.685186590455599,-1.213000029163117,4.957802235839922,4.1120384169660955,2.087250321240921,-1.4380114231680765,-1.628208011999586,-5.240869087713975,-3.9243289568171926,-6.052895715417797,-10.3263837008768,-5.169238562027822,-6.126670143348655,-4.143403070838953,-4.124814021552454,-4.226233773287423,-6.294806030805557,-8.479172863690396,-5.774904061079041,-2.8937971716440676,-5.141740969081548,-4.868348764170861,-6.769110002917894,-8.385639765285532,-4.370616195692715,-1.6739361832018873,2.572706081360336,-2.0999501021559865,8.792227314357596,6.87395909966631,2.9199732041524062,0.7786473955233316,1.1361478105300669,4.258001748650579,8.443634086293862,12.257237777837295,13.96193494233913,12.624944878258944,4.61124677953758,8.37029427922183,-2.516108999167796,-1.8277926063502434,8.683638817402228,17.24027507698622
Angelique,S23,epbin_Dig_20F_Std_C1 22 rr fixP2 fixP3 fixC3 icfilt ica ep1 but chanlocs chansel chanlabels S23.csv,-0.6060560450002024,4.892816672199686,-3.4385661716440854,-0.349324005294204,-3.3147259168251333,9.487416601816346,4.6614617859866785,0.6099140476259952,6.282014765269671,-1.6928390253602217,-3.1769748694270517,-5.067770831000123,-0.8734579579351724,2.5844378298859105,-0.13307924542035182,1.4524485428256375,-2.8072484210283486,-3.5119715896262895,-3.6054413109886534,-1.3458716717765953,-1.798492269565078,-2.8366053552782744,-1.0950093496043132,-0.6038616770578455,-3.685186590455599,-1.213000029163117,4.957802235839922,4.1120384169660955,2.087250321240921,-1.4380114231680765,-1.628208011999586,-5.240869087713975,-3.9243289568171926,-6.052895715417797,-10.3263837008768,-5.169238562027822,-6.126670143348655,-4.143403070838953,-4.124814021552454,-4.226233773287423,-6.294806030805557,-8.479172863690396,-5.774904061079041,-2.8937971716440676,-5.141740969081548,-4.868348764170861,-6.769110002917894,-8.385639765285532,-4.370616195692715,-1.6739361832018873,2.572706081360336,-2.0999501021559865,8.792227314357596,6.87395909966631,2.9199732041524062,0.7786473955233316,1.1361478105300669,4.258001748650579,8.443634086293862,12.257237777837295,13.96193494233913,12.624944878258944,4.61124677953758,8.37029427922183,-2.516108999167796,-1.8277926063502434,8.683638817402228,17.24027507698622
Angelique,S23,epbin_Dig_20F_Std_Par 12 rr fixP2 fixP3 fixC3 icfilt ica ep1 but chanlocs chansel chanlabels S23.csv,-0.6060560450002024,4.892816672199686,-3.4385661716440854,-0.349324005294204,-3.3147259168251333,9.487416601816346,4.6614617859866785,0.6099140476259952,6.282014765269671,-1.6928390253602217,-3.1769748694270517,-5.067770831000123,-0.8734579579351724,2.5844378298859105,-0.13307924542035182,1.4524485428256375,-2.8072484210283486,-3.5119715896262895,-3.6054413109886534,-1.3458716717765953,-1.798492269565078,-2.8366053552782744,-1.0950093496043132,-0.6038616770578455,-3.685186590455599,-1.213000029163117,4.957802235839922,4.1120384169660955,2.087250321240921,-1.4380114231680765,-1.628208011999586,-5.240869087713975,-3.9243289568171926,-6.052895715417797,-10.3263837008768,-5.169238562027822,-6.126670143348655,-4.143403070838953,-4.124814021552454,-4.226233773287423,-6.294806030805557,-8.479172863690396,-5.774904061079041,-2.8937971716440676,-5.141740969081548,-4.868348764170861,-6.769110002917894,-8.385639765285532,-4.370616195692715,-1.6739361832018873,2.572706081360336,-2.0999501021559865,8.792227314357596,6.87395909966631,2.9199732041524062,0.7786473955233316,1.1361478105300669,4.258001748650579,8.443634086293862,12.257237777837295,13.96193494233913,12.624944878258944,4.61124677953758,8.37029427922183,-2.516108999167796,-1.8277926063502434,8.683638817402228,17.24027507698622
Angelique,S23,epbin_NumWoGE_1F_C1 24 rr fixP2 fixP3 fixC3 icfilt ica ep1 but chanlocs chansel chanlabels S23.csv,-0.6060560450002024,4.892816672199686,-3.4385661716440854,-0.349324005294204,-3.3147259168251333,9.487416601816346,4.6614617859866785,0.6099140476259952,6.282014765269671,-1.6928390253602217,-3.1769748694270517,-5.067770831000123,-0.8734579579351724,2.5844378298859105,-0.13307924542035182,1.4524485428256375,-2.8072484210283486,-3.5119715896262895,-3.6054413109886534,-1.3458716717765953,-1.798492269565078,-2.8366053552782744,-1.0950093496043132,-0.6038616770578455,-3.685186590455599,-1.213000029163117,4.957802235839922,4.1120384169660955,2.087250321240921,-1.4380114231680765,-1.628208011999586,-5.240869087713975,-3.9243289568171926,-6.052895715417797,-10.3263837008768,-5.169238562027822,-6.126670143348655,-4.143403070838953,-4.124814021552454,-4.226233773287423,-6.294806030805557,-8.479172863690396,-5.774904061079041,-2.8937971716440676,-5.141740969081548,-4.868348764170861,-6.769110002917894,-8.385639765285532,-4.370616195692715,-1.6739361832018873,2.572706081360336,-2.0999501021559865,8.792227314357596,6.87395909966631,2.9199732041524062,0.7786473955233316,1.1361478105300669,4.258001748650579,8.443634086293862,12.257237777837295,13.96193494233913,12.624944878258944,4.61124677953758,8.37029427922183,-2.516108999167796,-1.8277926063502434,8.683638817402228,17.24027507698622
Angelique,S23,epbin_NumWoGE_1F_Par 14 rr fixP2 fixP3 fixC3 icfilt ica ep1 but chanlocs chansel chanlabels S23.csv,-0.6060560450002024,4.892816672199686,-3.4385661716440854,-0.349324005294204,-3.3147259168251333,9.487416601816346,4.6614617859866785,0.6099140476259952,6.282014765269671,-1.6928390253602217,-3.1769748694270517,-5.067770831000123,-0.8734579579351724,2.5844378298859105,-0.13307924542035182,1.4524485428256375,-2.8072484210283486,-3.5119715896262895,-3.6054413109886534,-1.3458716717765953,-1.798492269565078,-2.8366053552782744,-1.0950093496043132,-0.6038616770578455,-3.685186590455599,-1.213000029163117,4.957802235839922,4.1120384169660955,2.087250321240921,-1.4380114231680765,-1.628208011999586,-5.240869087713975,-3.9243289568171926,-6.052895715417797,-10.3263837008768,-5.169238562027822,-6.126670143348655,-4.143403070838953,-4.124814021552454,-4.226233773287423,-6.294806030805557,-8.479172863690396,-5.774904061079041,-2.8937971716440676,-5.141740969081548,-4.868348764170861,-6.769110002917894,-8.385639765285532,-4.370616195692715,-1.6739361832018873,2.572706081360336,-2.0999501021559865,8.792227314357596,6.87395909966631,2.9199732041524062,0.7786473955233316,1.1361478105300669,4.258001748650579,8.443634086293862,12.257237777837295,13.96193494233913,12.624944878258944,4.61124677953758,8.37029427922183,-2.516108999167796,-1.8277926063502434,8.683638817402228,17.24027507698622
Angelique,S23,epbin_NumWoGE_20F_Atp_C1 26 rr fixP2 fixP3 fixC3 icfilt ica ep1 but chanlocs chansel chanlabels S23.csv,-0.6060560450002024,4.892816672199686,-3.4385661716440854,-0.349324005294204,-3.3147259168251333,9.487416601816346,4.6614617859866785,0.6099140476259952,6.282014765269671,-1.6928390253602217,-3.1769748694270517,-5.067770831000123,-0.8734579579351724,2.5844378298859105,-0.13307924542035182,1.4524485428256375,-2.8072484210283486,-3.5119715896262895,-3.6054413109886534,-1.3458716717765953,-1.798492269565078,-2.8366053552782744,-1.0950093496043132,-0.6038616770578455,-3.685186590455599,-1.213000029163117,4.957802235839922,4.1120384169660955,2.087250321240921,-1.4380114231680765,-1.628208011999586,-5.240869087713975,-3.9243289568171926,-6.052895715417797,-10.3263837008768,-5.169238562027822,-6.126670143348655,-4.143403070838953,-4.124814021552454,-4.226233773287423,-6.294806030805557,-8.479172863690396,-5.774904061079041,-2.8937971716440676,-5.141740969081548,-4.868348764170861,-6.769110002917894,-8.385639765285532,-4.370616195692715,-1.6739361832018873,2.572706081360336,-2.0999501021559865,8.792227314357596,6.87395909966631,2.9199732041524062,0.7786473955233316,1.1361478105300669,4.258001748650579,8.443634086293862,12.257237777837295,13.96193494233913,12.624944878258944,4.61124677953758,8.37029427922183,-2.516108999167796,-1.8277926063502434,8.683638817402228,17.24027507698622
Angelique,S23,epbin_NumWoGE_20F_Atp_Par 16 rr fixP2 fixP3 fixC3 icfilt ica ep1 but chanlocs chansel chanlabels S23.csv,-0.6060560450002024,4.892816672199686,-3.4385661716440854,-0.349324005294204,-3.3147259168251333,9.487416601816346,4.6614617859866785,0.6099140476259952,6.282014765269671,-1.6928390253602217,-3.1769748694270517,-5.067770831000123,-0.8734579579351724,2.5844378298859105,-0.13307924542035182,1.4524485428256375,-2.8072484210283486,-3.5119715896262895,-3.6054413109886534,-1.3458716717765953,-1.798492269565078,-2.8366053552782744,-1.0950093496043132,-0.6038616770578455,-3.685186590455599,-1.213000029163117,4.957802235839922,4.1120384169660955,2.087250321240921,-1.4380114231680765,-1.628208011999586,-5.240869087713975,-3.9243289568171926,-6.052895715417797,-10.3263837008768,-5.169238562027822,-6.126670143348655,-4.143403070838953,-4.124814021552454,-4.226233773287423,-6.294806030805557,-8.479172863690396,-5.774904061079041,-2.8937971716440676,-5.141740969081548,-4.868348764170861,-6.769110002917894,-8.385639765285532,-4.370616195692715,-1.6739361832018873,2.572706081360336,-2.0999501021559865,8.792227314357596,6.87395909966631,2.9199732041524062,0.7786473955233316,1.1361478105300669,4.258001748650579,8.443634086293862,12.257237777837295,13.96193494233913,12.624944878258944,4.61124677953758,8.37029427922183,-2.516108999167796,-1.8277926063502434,8.683638817402228,17.24027507698622
Angelique,S23,epbin_NumWoGE_20F_Std_C1 25 rr fixP2 fixP3 fixC3 icfilt ica ep1 but chanlocs chansel chanlabels S23.csv,-0.6060560450002024,4.892816672199686,-3.4385661716440854,-0.349324005294204,-3.3147259168251333,9.487416601816346,4.6614617859866785,0.6099140476259952,6.282014765269671,-1.6928390253602217,-3.1769748694270517,-5.067770831000123,-0.8734579579351724,2.5844378298859105,-0.13307924542035182,1.4524485428256375,-2.8072484210283486,-3.5119715896262895,-3.6054413109886534,-1.3458716717765953,-1.798492269565078,-2.8366053552782744,-1.0950093496043132,-0.6038616770578455,-3.685186590455599,-1.213000029163117,4.957802235839922,4.1120384169660955,2.087250321240921,-1.4380114231680765,-1.628208011999586,-5.240869087713975,-3.9243289568171926,-6.052895715417797,-10.3263837008768,-5.169238562027822,-6.126670143348655,-4.143403070838953,-4.124814021552454,-4.226233773287423,-6.294806030805557,-8.479172863690396,-5.774904061079041,-2.8937971716440676,-5.141740969081548,-4.868348764170861,-6.769110002917894,-8.385639765285532,-4.370616195692715,-1.6739361832018873,2.572706081360336,-2.0999501021559865,8.792227314357596,6.87395909966631,2.9199732041524062,0.7786473955233316,1.1361478105300669,4.258001748650579,8.443634086293862,12.257237777837295,13.96193494233913,12.624944878258944,4.61124677953758,8.37029427922183,-2.516108999167796,-1.8277926063502434,8.683638817402228,17.24027507698622
Angelique,S23,epbin_NumWoGE_20F_Std_Par 15 rr fixP2 fixP3 fixC3 icfilt ica ep1 but chanlocs chansel chanlabels S23.csv,-0.6060560450002024,4.892816672199686,-3.4385661716440854,-0.349324005294204,-3.3147259168251333,9.487416601816346,4.6614617859866785,0.6099140476259952,6.282014765269671,-1.6928390253602217,-3.1769748694270517,-5.067770831000123,-0.8734579579351724,2.5844378298859105,-0.13307924542035182,1.4524485428256375,-2.8072484210283486,-3.5119715896262895,-3.6054413109886534,-1.3458716717765953,-1.798492269565078,-2.8366053552782744,-1.0950093496043132,-0.6038616770578455,-3.685186590455599,-1.213000029163117,4.957802235839922,4.1120384169660955,2.087250321240921,-1.4380114231680765,-1.628208011999586,-5.240869087713975,-3.9243289568171926,-6.052895715417797,-10.3263837008768,-5.169238562027822,-6.126670143348655,-4.143403070838953,-4.124814021552454,-4.226233773287423,-6.294806030805557,-8.479172863690396,-5.774904061079041,-2.8937971716440676,-5.141740969081548,-4.868348764170861,-6.769110002917894,-8.385639765285532,-4.370616195692715,-1.6739361832018873,2.572706081360336,-2.0999501021559865,8.792227314357596,6.87395909966631,2.9199732041524062,0.7786473955233316,1.1361478105300669,4.258001748650579,8.443634086293862,12.257237777837295,13.96193494233913,12.624944878258944,4.61124677953758,8.37029427922183,-2.516108999167796,-1.8277926063502434,8.683638817402228,17.24027507698622
Angelique,S24,epbin_Dig_1F_C1 21 rr icfilt ica ep1 but chanlocs chansel chanlabels S24.csv,-22.252581092810004,-7.179659729946049,-14.093219203011698,-5.243694915481905,-3.183911047118283,-2.734685242535599,2.0698109816985233,1.4630889260908622,-8.566374461029344,-1.269768535945813,-5.788679525794914,-1.3094390916331107,-3.1136471452272825,-6.217520437581044,6.033397052181612,-7.088407158984984,-6.827945488128419,-6.187475755125296,-5.425725261090953,-0.375669084161155,-2.718461876804741,-5.589540096590428,-6.531475226071758,-4.485392493628192,1.6549356631946572,-9.937917917922904,12.727391505671607,15.079121181498992,12.315734498865448,6.153605775609765,-4.959031021444213,-0.18865424767908662,-24.44557010814157,-20.014173278015495,-20.951069030350133,-15.022507066233704,-7.52593895952667,-5.381284649942208,-6.32649361551696,-6.2460818090336385,-15.399581993801606,-9.90648282040981,-5.452310219187019,-5.3976417521318,-3.3610715675380125,-4.471887989554585,-4.64976243023592,-0.68982566818192,-1.7396433276305352,-2.3672261947008666,8.670952428907684,9.414393626110575,18.10779089037448,-1.0525803888741592,3.0620932913576424,0.3099049199882219,4.158359993802725,6.160521918629523,10.931796302818544,27.668774063959017,29.702140748498408,29.093968263070987,7.67337810509741,20.45903867330784,-1.7489018076588176,11.91000130642394,21.60561578320185,36.99308059186678
Angelique,S24,epbin_Dig_1F_Par 11 rr icfilt ica ep1 but chanlocs chansel chanlabels S24.csv,-22.252581092810004,-7.179659729946049,-14.093219203011698,-5.243694915481905,-3.183911047118283,-2.734685242535599,2.0698109816985233,1.4630889260908622,-8.566374461029344,-1.269768535945813,-5.788679525794914,-1.3094390916331107,-3.1136471452272825,-6.217520437581044,6.033397052181612,-7.088407158984984,-6.827945488128419,-6.187475755125296,-5.425725261090953,-0.375669084161155,-2.718461876804741,-5.589540096590428,-6.531475226071758,-4.485392493628192,1.6549356631946572,-9.937917917922904,12.727391505671607,15.079121181498992,12.315734498865448,6.153605775609765,-4.959031021444213,-0.18865424767908662,-24.44557010814157,-20.014173278015495,-20.951069030350133,-15.022507066233704,-7.52593895952667,-5.381284649942208,-6.32649361551696,-6.2460818090336385,-15.399581993801606,-9.90648282040981,-5.452310219187019,-5.3976417521318,-3.3610715675380125,-4.471887989554585,-4.64976243023592,-0.68982566818192,-1.7396433276305352,-2.3672261947008666,8.670952428907684,9.414393626110575,18.10779089037448,-1.0525803888741592,3.0620932913576424,0.3099049199882219,4.158359993802725,6.160521918629523,10.931796302818544,27.668774063959017,29.702140748498408,29.093968263070987,7.67337810509741,20.45903867330784,-1.7489018076588176,11.91000130642394,21.60561578320185,36.99308059186678
Angelique,S24,epbin_Dig_20F_Atp_C1 23 rr icfilt ica ep1 but chanlocs chansel chanlabels S24.csv,-22.252581092810004,-7.179659729946049,-14.093219203011698,-5.243694915481905,-3.183911047118283,-2.734685242535599,2.0698109816985233,1.4630889260908622,-8.566374461029344,-1.269768535945813,-5.788679525794914,-1.3094390916331107,-3.1136471452272825,-6.217520437581044,6.033397052181612,-7.088407158984984,-6.827945488128419,-6.187475755125296,-5.425725261090953,-0.375669084161155,-2.718461876804741,-5.589540096590428,-6.531475226071758,-4.485392493628192,1.6549356631946572,-9.937917917922904,12.727391505671607,15.079121181498992,12.315734498865448,6.153605775609765,-4.959031021444213,-0.18865424767908662,-24.44557010814157,-20.014173278015495,-20.951069030350133,-15.022507066233704,-7.52593895952667,-5.381284649942208,-6.32649361551696,-6.2460818090336385,-15.399581993801606,-9.90648282040981,-5.452310219187019,-5.3976417521318,-3.3610715675380125,-4.471887989554585,-4.64976243023592,-0.68982566818192,-1.7396433276305352,-2.3672261947008666,8.670952428907684,9.414393626110575,18.10779089037448,-1.0525803888741592,3.0620932913576424,0.3099049199882219,4.158359993802725,6.160521918629523,10.931796302818544,27.668774063959017,29.702140748498408,29.093968263070987,7.67337810509741,20.45903867330784,-1.7489018076588176,11.91000130642394,21.60561578320185,36.99308059186678
Angelique,S24,epbin_Dig_20F_Atp_Par 13 rr icfilt ica ep1 but chanlocs chansel chanlabels S24.csv,-22.252581092810004,-7.179659729946049,-14.093219203011698,-5.243694915481905,-3.183911047118283,-2.734685242535599,2.0698109816985233,1.4630889260908622,-8.566374461029344,-1.269768535945813,-5.788679525794914,-1.3094390916331107,-3.1136471452272825,-6.217520437581044,6.033397052181612,-7.088407158984984,-6.827945488128419,-6.187475755125296,-5.425725261090953,-0.375669084161155,-2.718461876804741,-5.589540096590428,-6.531475226071758,-4.485392493628192,1.6549356631946572,-9.937917917922904,12.727391505671607,15.079121181498992,12.315734498865448,6.153605775609765,-4.959031021444213,-0.18865424767908662,-24.44557010814157,-20.014173278015495,-20.951069030350133,-15.022507066233704,-7.52593895952667,-5.381284649942208,-6.32649361551696,-6.2460818090336385,-15.399581993801606,-9.90648282040981,-5.452310219187019,-5.3976417521318,-3.3610715675380125,-4.471887989554585,-4.64976243023592,-0.68982566818192,-1.7396433276305352,-2.3672261947008666,8.670952428907684,9.414393626110575,18.10779089037448,-1.0525803888741592,3.0620932913576424,0.3099049199882219,4.158359993802725,6.160521918629523,10.931796302818544,27.668774063959017,29.702140748498408,29.093968263070987,7.67337810509741,20.45903867330784,-1.7489018076588176,11.91000130642394,21.60561578320185,36.99308059186678
Angelique,S24,epbin_Dig_20F_Std_C1 22 rr icfilt ica ep1 but chanlocs chansel chanlabels S24.csv,-22.252581092810004,-7.179659729946049,-14.093219203011698,-5.243694915481905,-3.183911047118283,-2.734685242535599,2.0698109816985233,1.4630889260908622,-8.566374461029344,-1.269768535945813,-5.788679525794914,-1.3094390916331107,-3.1136471452272825,-6.217520437581044,6.033397052181612,-7.088407158984984,-6.827945488128419,-6.187475755125296,-5.425725261090953,-0.375669084161155,-2.718461876804741,-5.589540096590428,-6.531475226071758,-4.485392493628192,1.6549356631946572,-9.937917917922904,12.727391505671607,15.079121181498992,12.315734498865448,6.153605775609765,-4.959031021444213,-0.18865424767908662,-24.44557010814157,-20.014173278015495,-20.951069030350133,-15.022507066233704,-7.52593895952667,-5.381284649942208,-6.32649361551696,-6.2460818090336385,-15.399581993801606,-9.90648282040981,-5.452310219187019,-5.3976417521318,-3.3610715675380125,-4.471887989554585,-4.64976243023592,-0.68982566818192,-1.7396433276305352,-2.3672261947008666,8.670952428907684,9.414393626110575,18.10779089037448,-1.0525803888741592,3.0620932913576424,0.3099049199882219,4.158359993802725,6.160521918629523,10.931796302818544,27.668774063959017,29.702140748498408,29.093968263070987,7.67337810509741,20.45903867330784,-1.7489018076588176,11.91000130642394,21.60561578320185,36.99308059186678
Angelique,S24,epbin_Dig_20F_Std_Par 12 rr icfilt ica ep1 but chanlocs chansel chanlabels S24.csv,-22.252581092810004,-7.179659729946049,-14.093219203011698,-5.243694915481905,-3.183911047118283,-2.734685242535599,2.0698109816985233,1.4630889260908622,-8.566374461029344,-1.269768535945813,-5.788679525794914,-1.3094390916331107,-3.1136471452272825,-6.217520437581044,6.033397052181612,-7.088407158984984,-6.827945488128419,-6.187475755125296,-5.425725261090953,-0.375669084161155,-2.718461876804741,-5.589540096590428,-6.531475226071758,-4.485392493628192,1.6549356631946572,-9.937917917922904,12.727391505671607,15.079121181498992,12.315734498865448,6.153605775609765,-4.959031021444213,-0.18865424767908662,-24.44557010814157,-20.014173278015495,-20.951069030350133,-15.022507066233704,-7.52593895952667,-5.381284649942208,-6.32649361551696,-6.2460818090336385,-15.399581993801606,-9.90648282040981,-5.452310219187019,-5.3976417521318,-3.3610715675380125,-4.471887989554585,-4.64976243023592,-0.68982566818192,-1.7396433276305352,-2.3672261947008666,8.670952428907684,9.414393626110575,18.10779089037448,-1.0525803888741592,3.0620932913576424,0.3099049199882219,4.158359993802725,6.160521918629523,10.931796302818544,27.668774063959017,29.702140748498408,29.093968263070987,7.67337810509741,20.45903867330784,-1.7489018076588176,11.91000130642394,21.60561578320185,36.99308059186678
Angelique,S24,epbin_NumWoGE_1F_C1 24 rr icfilt ica ep1 but chanlocs chansel chanlabels S24.csv,-22.252581092810004,-7.179659729946049,-14.093219203011698,-5.243694915481905,-3.183911047118283,-2.734685242535599,2.0698109816985233,1.4630889260908622,-8.566374461029344,-1.269768535945813,-5.788679525794914,-1.3094390916331107,-3.1136471452272825,-6.217520437581044,6.033397052181612,-7.088407158984984,-6.827945488128419,-6.187475755125296,-5.425725261090953,-0.375669084161155,-2.718461876804741,-5.589540096590428,-6.531475226071758,-4.485392493628192,1.6549356631946572,-9.937917917922904,12.727391505671607,15.079121181498992,12.315734498865448,6.153605775609765,-4.959031021444213,-0.18865424767908662,-24.44557010814157,-20.014173278015495,-20.951069030350133,-15.022507066233704,-7.52593895952667,-5.381284649942208,-6.32649361551696,-6.2460818090336385,-15.399581993801606,-9.90648282040981,-5.452310219187019,-5.3976417521318,-3.3610715675380125,-4.471887989554585,-4.64976243023592,-0.68982566818192,-1.7396433276305352,-2.3672261947008666,8.670952428907684,9.414393626110575,18.10779089037448,-1.0525803888741592,3.0620932913576424,0.3099049199882219,4.158359993802725,6.160521918629523,10.931796302818544,27.668774063959017,29.702140748498408,29.093968263070987,7.67337810509741,20.45903867330784,-1.7489018076588176,11.91000130642394,21.60561578320185,36.99308059186678
Angelique,S24,epbin_NumWoGE_1F_Par 14 rr icfilt ica ep1 but chanlocs chansel chanlabels S24.csv,-22.252581092810004,-7.179659729946049,-14.093219203011698,-5.243694915481905,-3.183911047118283,-2.734685242535599,2.0698109816985233,1.4630889260908622,-8.566374461029344,-1.269768535945813,-5.788679525794914,-1.3094390916331107,-3.1136471452272825,-6.217520437581044,6.033397052181612,-7.088407158984984,-6.827945488128419,-6.187475755125296,-5.425725261090953,-0.375669084161155,-2.718461876804741,-5.589540096590428,-6.531475226071758,-4.485392493628192,1.6549356631946572,-9.937917917922904,12.727391505671607,15.079121181498992,12.315734498865448,6.153605775609765,-4.959031021444213,-0.18865424767908662,-24.44557010814157,-20.014173278015495,-20.951069030350133,-15.022507066233704,-7.52593895952667,-5.381284649942208,-6.32649361551696,-6.2460818090336385,-15.399581993801606,-9.90648282040981,-5.452310219187019,-5.3976417521318,-3.3610715675380125,-4.471887989554585,-4.64976243023592,-0.68982566818192,-1.7396433276305352,-2.3672261947008666,8.670952428907684,9.414393626110575,18.10779089037448,-1.0525803888741592,3.0620932913576424,0.3099049199882219,4.158359993802725,6.160521918629523,10.931796302818544,27.668774063959017,29.702140748498408,29.093968263070987,7.67337810509741,20.45903867330784,-1.7489018076588176,11.91000130642394,21.60561578320185,36.99308059186678
Angelique,S24,epbin_NumWoGE_20F_Atp_C1 26 rr icfilt ica ep1 but chanlocs chansel chanlabels S24.csv,-22.252581092810004,-7.179659729946049,-14.093219203011698,-5.243694915481905,-3.183911047118283,-2.734685242535599,2.0698109816985233,1.4630889260908622,-8.566374461029344,-1.269768535945813,-5.788679525794914,-1.3094390916331107,-3.1136471452272825,-6.217520437581044,6.033397052181612,-7.088407158984984,-6.827945488128419,-6.187475755125296,-5.425725261090953,-0.375669084161155,-2.718461876804741,-5.589540096590428,-6.531475226071758,-4.485392493628192,1.6549356631946572,-9.937917917922904,12.727391505671607,15.079121181498992,12.315734498865448,6.153605775609765,-4.959031021444213,-0.18865424767908662,-24.44557010814157,-20.014173278015495,-20.951069030350133,-15.022507066233704,-7.52593895952667,-5.381284649942208,-6.32649361551696,-6.2460818090336385,-15.399581993801606,-9.90648282040981,-5.452310219187019,-5.3976417521318,-3.3610715675380125,-4.471887989554585,-4.64976243023592,-0.68982566818192,-1.7396433276305352,-2.3672261947008666,8.670952428907684,9.414393626110575,18.10779089037448,-1.0525803888741592,3.0620932913576424,0.3099049199882219,4.158359993802725,6.160521918629523,10.931796302818544,27.668774063959017,29.702140748498408,29.093968263070987,7.67337810509741,20.45903867330784,-1.7489018076588176,11.91000130642394,21.60561578320185,36.99308059186678
Angelique,S24,epbin_NumWoGE_20F_Atp_Par 16 rr icfilt ica ep1 but chanlocs chansel chanlabels S24.csv,-22.252581092810004,-7.179659729946049,-14.093219203011698,-5.243694915481905,-3.183911047118283,-2.734685242535599,2.0698109816985233,1.4630889260908622,-8.566374461029344,-1.269768535945813,-5.788679525794914,-1.3094390916331107,-3.1136471452272825,-6.217520437581044,6.033397052181612,-7.088407158984984,-6.827945488128419,-6.187475755125296,-5.425725261090953,-0.375669084161155,-2.718461876804741,-5.589540096590428,-6.531475226071758,-4.485392493628192,1.6549356631946572,-9.937917917922904,12.727391505671607,15.079121181498992,12.315734498865448,6.153605775609765,-4.959031021444213,-0.18865424767908662,-24.44557010814157,-20.014173278015495,-20.951069030350133,-15.022507066233704,-7.52593895952667,-5.381284649942208,-6.32649361551696,-6.2460818090336385,-15.399581993801606,-9.90648282040981,-5.452310219187019,-5.3976417521318,-3.3610715675380125,-4.471887989554585,-4.64976243023592,-0.68982566818192,-1.7396433276305352,-2.3672261947008666,8.670952428907684,9.414393626110575,18.10779089037448,-1.0525803888741592,3.0620932913576424,0.3099049199882219,4.158359993802725,6.160521918629523,10.931796302818544,27.668774063959017,29.702140748498408,29.093968263070987,7.67337810509741,20.45903867330784,-1.7489018076588176,11.91000130642394,21.60561578320185,36.99308059186678
Angelique,S24,epbin_NumWoGE_20F_Std_C1 25 rr icfilt ica ep1 but chanlocs chansel chanlabels S24.csv,-22.252581092810004,-7.179659729946049,-14.093219203011698,-5.243694915481905,-3.183911047118283,-2.734685242535599,2.0698109816985233,1.4630889260908622,-8.566374461029344,-1.269768535945813,-5.788679525794914,-1.3094390916331107,-3.1136471452272825,-6.217520437581044,6.033397052181612,-7.088407158984984,-6.827945488128419,-6.187475755125296,-5.425725261090953,-0.375669084161155,-2.718461876804741,-5.589540096590428,-6.531475226071758,-4.485392493628192,1.6549356631946572,-9.937917917922904,12.727391505671607,15.079121181498992,12.315734498865448,6.153605775609765,-4.959031021444213,-0.18865424767908662,-24.44557010814157,-20.014173278015495,-20.951069030350133,-15.022507066233704,-7.52593895952667,-5.381284649942208,-6.32649361551696,-6.2460818090336385,-15.399581993801606,-9.90648282040981,-5.452310219187019,-5.3976417521318,-3.3610715675380125,-4.471887989554585,-4.64976243023592,-0.68982566818192,-1.7396433276305352,-2.3672261947008666,8.670952428907684,9.414393626110575,18.10779089037448,-1.0525803888741592,3.0620932913576424,0.3099049199882219,4.158359993802725,6.160521918629523,10.931796302818544,27.668774063959017,29.702140748498408,29.093968263070987,7.67337810509741,20.45903867330784,-1.7489018076588176,11.91000130642394,21.60561578320185,36.99308059186678
Angelique,S24,epbin_NumWoGE_20F_Std_Par 15 rr icfilt ica ep1 but chanlocs chansel chanlabels S24.csv,-22.252581092810004,-7.179659729946049,-14.093219203011698,-5.243694915481905,-3.183911047118283,-2.734685242535599,2.0698109816985233,1.4630889260908622,-8.566374461029344,-1.269768535945813,-5.788679525794914,-1.3094390916331107,-3.1136471452272825,-6.217520437581044,6.033397052181612,-7.088407158984984,-6.827945488128419,-6.187475755125296,-5.425725261090953,-0.375669084161155,-2.718461876804741,-5.589540096590428,-6.531475226071758,-4.485392493628192,1.6549356631946572,-9.937917917922904,12.727391505671607,15.079121181498992,12.315734498865448,6.153605775609765,-4.959031021444213,-0.18865424767908662,-24.44557010814157,-20.014173278015495,-20.951069030350133,-15.022507066233704,-7.52593895952667,-5.381284649942208,-6.32649361551696,-6.2460818090336385,-15.399581993801606,-9.90648282040981,-5.452310219187019,-5.3976417521318,-3.3610715675380125,-4.471887989554585,-4.64976243023592,-0.68982566818192,-1.7396433276305352,-2.3672261947008666,8.670952428907684,9.414393626110575,18.10779089037448,-1.0525803888741592,3.0620932913576424,0.3099049199882219,4.158359993802725,6.160521918629523,10.931796302818544,27.668774063959017,29.702140748498408,29.093968263070987,7.67337810509741,20.45903867330784,-1.7489018076588176,11.91000130642394,21.60561578320185,36.99308059186678
Angelique,S25,epbin_Dig_1F_C1 21 rr fixAF8 icfilt ica ep1 but chanlocs chansel chanlabels S25.csv,2.1205349917142073,1.9056673281151346,7.328143427511882,10.506819434681265,5.679560249385423,8.22245421735879,9.393851912570785,1.1976629334638762,-0.8776863265737201,7.6687637377258335,10.037645850997318,10.256003863098588,10.331377636005111,1.3102953947778722,-4.0898608447973315,-18.987458014642257,-4.066797869403933,1.5608194171879397,7.4899508703898725,8.059278255207031,1.2991722220790205,-14.068474891324241,-41.130273993996205,-37.22256244399665,-25.238380349326896,-1.9371018532692783,-8.868510352804813,-10.170007082553168,-4.137944087477752,4.616529959878222,12.489782399156212,10.220303527487964,2.807875159850282,5.167127276022275,10.794275367869554,12.89871293183623,9.847427686473367,9.19236908642307,10.881214037264755,9.516290936707332,6.577938722405913,14.31698760972896,4.705747963749202,-1.0698458728236218,4.737438679367308,10.031525849243163,8.640692202745234,11.860168369139695,6.743718869107003,3.2150079457011764,1.2839412519435982,0.04578350669013086,-3.471228341226507,-1.4408932706745834,2.427902509030489,4.075400446037341,10.903218830800515,1.1480301924257796,-8.909812224215022,-22.320620368044963,-9.505633709680323,-3.185776665332286,1.3390848506126098,-7.753595357356882,-36.479976630376996,-17.339666569698895,-3.9198109132385888,-8.660590341076073
Angelique,S25,epbin_Dig_1F_Par 11 rr fixAF8 icfilt ica ep1 but chanlocs chansel chanlabels S25.csv,2.1205349917142073,1.9056673281151346,7.328143427511882,10.506819434681265,5.679560249385423,8.22245421735879,9.393851912570785,1.1976629334638762,-0.8776863265737201,7.6687637377258335,10.037645850997318,10.256003863098588,10.331377636005111,1.3102953947778722,-4.0898608447973315,-18.987458014642257,-4.066797869403933,1.5608194171879397,7.4899508703898725,8.059278255207031,1.2991722220790205,-14.068474891324241,-41.130273993996205,-37.22256244399665,-25.238380349326896,-1.9371018532692783,-8.868510352804813,-10.170007082553168,-4.137944087477752,4.616529959878222,12.489782399156212,10.220303527487964,2.807875159850282,5.167127276022275,10.794275367869554,12.89871293183623,9.847427686473367,9.19236908642307,10.881214037264755,9.516290936707332,6.577938722405913,14.31698760972896,4.705747963749202,-1.0698458728236218,4.737438679367308,10.031525849243163,8.640692202745234,11.860168369139695,6.743718869107003,3.2150079457011764,1.2839412519435982,0.04578350669013086,-3.471228341226507,-1.4408932706745834,2.427902509030489,4.075400446037341,10.903218830800515,1.1480301924257796,-8.909812224215022,-22.320620368044963,-9.505633709680323,-3.185776665332286,1.3390848506126098,-7.753595357356882,-36.479976630376996,-17.339666569698895,-3.9198109132385888,-8.660590341076073
Angelique,S25,epbin_Dig_20F_Atp_C1 23 rr fixAF8 icfilt ica ep1 but chanlocs chansel chanlabels S25.csv,2.1205349917142073,1.9056673281151346,7.328143427511882,10.506819434681265,5.679560249385423,8.22245421735879,9.393851912570785,1.1976629334638762,-0.8776863265737201,7.6687637377258335,10.037645850997318,10.256003863098588,10.331377636005111,1.3102953947778722,-4.0898608447973315,-18.987458014642257,-4.066797869403933,1.5608194171879397,7.4899508703898725,8.059278255207031,1.2991722220790205,-14.068474891324241,-41.130273993996205,-37.22256244399665,-25.238380349326896,-1.9371018532692783,-8.868510352804813,-10.170007082553168,-4.137944087477752,4.616529959878222,12.489782399156212,10.220303527487964,2.807875159850282,5.167127276022275,10.794275367869554,12.89871293183623,9.847427686473367,9.19236908642307,10.881214037264755,9.516290936707332,6.577938722405913,14.31698760972896,4.705747963749202,-1.0698458728236218,4.737438679367308,10.031525849243163,8.640692202745234,11.860168369139695,6.743718869107003,3.2150079457011764,1.2839412519435982,0.04578350669013086,-3.471228341226507,-1.4408932706745834,2.427902509030489,4.075400446037341,10.903218830800515,1.1480301924257796,-8.909812224215022,-22.320620368044963,-9.505633709680323,-3.185776665332286,1.3390848506126098,-7.753595357356882,-36.479976630376996,-17.339666569698895,-3.9198109132385888,-8.660590341076073
Angelique,S25,epbin_Dig_20F_Atp_Par 13 rr fixAF8 icfilt ica ep1 but chanlocs chansel chanlabels S25.csv,2.1205349917142073,1.9056673281151346,7.328143427511882,10.506819434681265,5.679560249385423,8.22245421735879,9.393851912570785,1.1976629334638762,-0.8776863265737201,7.6687637377258335,10.037645850997318,10.256003863098588,10.331377636005111,1.3102953947778722,-4.0898608447973315,-18.987458014642257,-4.066797869403933,1.5608194171879397,7.4899508703898725,8.059278255207031,1.2991722220790205,-14.068474891324241,-41.130273993996205,-37.22256244399665,-25.238380349326896,-1.9371018532692783,-8.868510352804813,-10.170007082553168,-4.137944087477752,4.616529959878222,12.489782399156212,10.220303527487964,2.807875159850282,5.167127276022275,10.794275367869554,12.89871293183623,9.847427686473367,9.19236908642307,10.881214037264755,9.516290936707332,6.577938722405913,14.31698760972896,4.705747963749202,-1.0698458728236218,4.737438679367308,10.031525849243163,8.640692202745234,11.860168369139695,6.743718869107003,3.2150079457011764,1.2839412519435982,0.04578350669013086,-3.471228341226507,-1.4408932706745834,2.427902509030489,4.075400446037341,10.903218830800515,1.1480301924257796,-8.909812224215022,-22.320620368044963,-9.505633709680323,-3.185776665332286,1.3390848506126098,-7.753595357356882,-36.479976630376996,-17.339666569698895,-3.9198109132385888,-8.660590341076073
Angelique,S25,epbin_Dig_20F_Std_C1 22 rr fixAF8 icfilt ica ep1 but chanlocs chansel chanlabels S25.csv,2.1205349917142073,1.9056673281151346,7.328143427511882,10.506819434681265,5.679560249385423,8.22245421735879,9.393851912570785,1.1976629334638762,-0.8776863265737201,7.6687637377258335,10.037645850997318,10.256003863098588,10.331377636005111,1.3102953947778722,-4.0898608447973315,-18.987458014642257,-4.066797869403933,1.5608194171879397,7.4899508703898725,8.059278255207031,1.2991722220790205,-14.068474891324241,-41.130273993996205,-37.22256244399665,-25.238380349326896,-1.9371018532692783,-8.868510352804813,-10.170007082553168,-4.137944087477752,4.616529959878222,12.489782399156212,10.220303527487964,2.807875159850282,5.167127276022275,10.794275367869554,12.89871293183623,9.847427686473367,9.19236908642307,10.881214037264755,9.516290936707332,6.577938722405913,14.31698760972896,4.705747963749202,-1.0698458728236218,4.737438679367308,10.031525849243163,8.640692202745234,11.860168369139695,6.743718869107003,3.2150079457011764,1.2839412519435982,0.04578350669013086,-3.471228341226507,-1.4408932706745834,2.427902509030489,4.075400446037341,10.903218830800515,1.1480301924257796,-8.909812224215022,-22.320620368044963,-9.505633709680323,-3.185776665332286,1.3390848506126098,-7.753595357356882,-36.479976630376996,-17.339666569698895,-3.9198109132385888,-8.660590341076073
Angelique,S25,epbin_Dig_20F_Std_Par 12 rr fixAF8 icfilt ica ep1 but chanlocs chansel chanlabels S25.csv,2.1205349917142073,1.9056673281151346,7.328143427511882,10.506819434681265,5.679560249385423,8.22245421735879,9.393851912570785,1.1976629334638762,-0.8776863265737201,7.6687637377258335,10.037645850997318,10.256003863098588,10.331377636005111,1.3102953947778722,-4.0898608447973315,-18.987458014642257,-4.066797869403933,1.5608194171879397,7.4899508703898725,8.059278255207031,1.2991722220790205,-14.068474891324241,-41.130273993996205,-37.22256244399665,-25.238380349326896,-1.9371018532692783,-8.868510352804813,-10.170007082553168,-4.137944087477752,4.616529959878222,12.489782399156212,10.220303527487964,2.807875159850282,5.167127276022275,10.794275367869554,12.89871293183623,9.847427686473367,9.19236908642307,10.881214037264755,9.516290936707332,6.577938722405913,14.31698760972896,4.705747963749202,-1.0698458728236218,4.737438679367308,10.031525849243163,8.640692202745234,11.860168369139695,6.743718869107003,3.2150079457011764,1.2839412519435982,0.04578350669013086,-3.471228341226507,-1.4408932706745834,2.427902509030489,4.075400446037341,10.903218830800515,1.1480301924257796,-8.909812224215022,-22.320620368044963,-9.505633709680323,-3.185776665332286,1.3390848506126098,-7.753595357356882,-36.479976630376996,-17.339666569698895,-3.9198109132385888,-8.660590341076073
Angelique,S25,epbin_NumWoGE_1F_C1 24 rr fixAF8 icfilt ica ep1 but chanlocs chansel chanlabels S25.csv,2.1205349917142073,1.9056673281151346,7.328143427511882,10.506819434681265,5.679560249385423,8.22245421735879,9.393851912570785,1.1976629334638762,-0.8776863265737201,7.6687637377258335,10.037645850997318,10.256003863098588,10.331377636005111,1.3102953947778722,-4.0898608447973315,-18.987458014642257,-4.066797869403933,1.5608194171879397,7.4899508703898725,8.059278255207031,1.2991722220790205,-14.068474891324241,-41.130273993996205,-37.22256244399665,-25.238380349326896,-1.9371018532692783,-8.868510352804813,-10.170007082553168,-4.137944087477752,4.616529959878222,12.489782399156212,10.220303527487964,2.807875159850282,5.167127276022275,10.794275367869554,12.89871293183623,9.847427686473367,9.19236908642307,10.881214037264755,9.516290936707332,6.577938722405913,14.31698760972896,4.705747963749202,-1.0698458728236218,4.737438679367308,10.031525849243163,8.640692202745234,11.860168369139695,6.743718869107003,3.2150079457011764,1.2839412519435982,0.04578350669013086,-3.471228341226507,-1.4408932706745834,2.427902509030489,4.075400446037341,10.903218830800515,1.1480301924257796,-8.909812224215022,-22.320620368044963,-9.505633709680323,-3.185776665332286,1.3390848506126098,-7.753595357356882,-36.479976630376996,-17.339666569698895,-3.9198109132385888,-8.660590341076073
Angelique,S25,epbin_NumWoGE_1F_Par 14 rr fixAF8 icfilt ica ep1 but chanlocs chansel chanlabels S25.csv,2.1205349917142073,1.9056673281151346,7.328143427511882,10.506819434681265,5.679560249385423,8.22245421735879,9.393851912570785,1.1976629334638762,-0.8776863265737201,7.6687637377258335,10.037645850997318,10.256003863098588,10.331377636005111,1.3102953947778722,-4.0898608447973315,-18.987458014642257,-4.066797869403933,1.5608194171879397,7.4899508703898725,8.059278255207031,1.2991722220790205,-14.068474891324241,-41.130273993996205,-37.22256244399665,-25.238380349326896,-1.9371018532692783,-8.868510352804813,-10.170007082553168,-4.137944087477752,4.616529959878222,12.489782399156212,10.220303527487964,2.807875159850282,5.167127276022275,10.794275367869554,12.89871293183623,9.847427686473367,9.19236908642307,10.881214037264755,9.516290936707332,6.577938722405913,14.31698760972896,4.705747963749202,-1.0698458728236218,4.737438679367308,10.031525849243163,8.640692202745234,11.860168369139695,6.743718869107003,3.2150079457011764,1.2839412519435982,0.04578350669013086,-3.471228341226507,-1.4408932706745834,2.427902509030489,4.075400446037341,10.903218830800515,1.1480301924257796,-8.909812224215022,-22.320620368044963,-9.505633709680323,-3.185776665332286,1.3390848506126098,-7.753595357356882,-36.479976630376996,-17.339666569698895,-3.9198109132385888,-8.660590341076073
Angelique,S25,epbin_NumWoGE_20F_Atp_C1 26 rr fixAF8 icfilt ica ep1 but chanlocs chansel chanlabels S25.csv,2.1205349917142073,1.9056673281151346,7.328143427511882,10.506819434681265,5.679560249385423,8.22245421735879,9.393851912570785,1.1976629334638762,-0.8776863265737201,7.6687637377258335,10.037645850997318,10.256003863098588,10.331377636005111,1.3102953947778722,-4.0898608447973315,-18.987458014642257,-4.066797869403933,1.5608194171879397,7.4899508703898725,8.059278255207031,1.2991722220790205,-14.068474891324241,-41.130273993996205,-37.22256244399665,-25.238380349326896,-1.9371018532692783,-8.868510352804813,-10.170007082553168,-4.137944087477752,4.616529959878222,12.489782399156212,10.220303527487964,2.807875159850282,5.167127276022275,10.794275367869554,12.89871293183623,9.847427686473367,9.19236908642307,10.881214037264755,9.516290936707332,6.577938722405913,14.31698760972896,4.705747963749202,-1.0698458728236218,4.737438679367308,10.031525849243163,8.640692202745234,11.860168369139695,6.743718869107003,3.2150079457011764,1.2839412519435982,0.04578350669013086,-3.471228341226507,-1.4408932706745834,2.427902509030489,4.075400446037341,10.903218830800515,1.1480301924257796,-8.909812224215022,-22.320620368044963,-9.505633709680323,-3.185776665332286,1.3390848506126098,-7.753595357356882,-36.479976630376996,-17.339666569698895,-3.9198109132385888,-8.660590341076073
Angelique,S25,epbin_NumWoGE_20F_Atp_Par 16 rr fixAF8 icfilt ica ep1 but chanlocs chansel chanlabels S25.csv,2.1205349917142073,1.9056673281151346,7.328143427511882,10.506819434681265,5.679560249385423,8.22245421735879,9.393851912570785,1.1976629334638762,-0.8776863265737201,7.6687637377258335,10.037645850997318,10.256003863098588,10.331377636005111,1.3102953947778722,-4.0898608447973315,-18.987458014642257,-4.066797869403933,1.5608194171879397,7.4899508703898725,8.059278255207031,1.2991722220790205,-14.068474891324241,-41.130273993996205,-37.22256244399665,-25.238380349326896,-1.9371018532692783,-8.868510352804813,-10.170007082553168,-4.137944087477752,4.616529959878222,12.489782399156212,10.220303527487964,2.807875159850282,5.167127276022275,10.794275367869554,12.89871293183623,9.847427686473367,9.19236908642307,10.881214037264755,9.516290936707332,6.577938722405913,14.31698760972896,4.705747963749202,-1.0698458728236218,4.737438679367308,10.031525849243163,8.640692202745234,11.860168369139695,6.743718869107003,3.2150079457011764,1.2839412519435982,0.04578350669013086,-3.471228341226507,-1.4408932706745834,2.427902509030489,4.075400446037341,10.903218830800515,1.1480301924257796,-8.909812224215022,-22.320620368044963,-9.505633709680323,-3.185776665332286,1.3390848506126098,-7.753595357356882,-36.479976630376996,-17.339666569698895,-3.9198109132385888,-8.660590341076073
Angelique,S25,epbin_NumWoGE_20F_Std_C1 25 rr fixAF8 icfilt ica ep1 but chanlocs chansel chanlabels S25.csv,2.1205349917142073,1.9056673281151346,7.328143427511882,10.506819434681265,5.679560249385423,8.22245421735879,9.393851912570785,1.1976629334638762,-0.8776863265737201,7.6687637377258335,10.037645850997318,10.256003863098588,10.331377636005111,1.3102953947778722,-4.0898608447973315,-18.987458014642257,-4.066797869403933,1.5608194171879397,7.4899508703898725,8.059278255207031,1.2991722220790205,-14.068474891324241,-41.130273993996205,-37.22256244399665,-25.238380349326896,-1.9371018532692783,-8.868510352804813,-10.170007082553168,-4.137944087477752,4.616529959878222,12.489782399156212,10.220303527487964,2.807875159850282,5.167127276022275,10.794275367869554,12.89871293183623,9.847427686473367,9.19236908642307,10.881214037264755,9.516290936707332,6.577938722405913,14.31698760972896,4.705747963749202,-1.0698458728236218,4.737438679367308,10.031525849243163,8.640692202745234,11.860168369139695,6.743718869107003,3.2150079457011764,1.2839412519435982,0.04578350669013086,-3.471228341226507,-1.4408932706745834,2.427902509030489,4.075400446037341,10.903218830800515,1.1480301924257796,-8.909812224215022,-22.320620368044963,-9.505633709680323,-3.185776665332286,1.3390848506126098,-7.753595357356882,-36.479976630376996,-17.339666569698895,-3.9198109132385888,-8.660590341076073
Angelique,S25,epbin_NumWoGE_20F_Std_Par 15 rr fixAF8 icfilt ica ep1 but chanlocs chansel chanlabels S25.csv,2.1205349917142073,1.9056673281151346,7.328143427511882,10.506819434681265,5.679560249385423,8.22245421735879,9.393851912570785,1.1976629334638762,-0.8776863265737201,7.6687637377258335,10.037645850997318,10.256003863098588,10.331377636005111,1.3102953947778722,-4.0898608447973315,-18.987458014642257,-4.066797869403933,1.5608194171879397,7.4899508703898725,8.059278255207031,1.2991722220790205,-14.068474891324241,-41.130273993996205,-37.22256244399665,-25.238380349326896,-1.9371018532692783,-8.868510352804813,-10.170007082553168,-4.137944087477752,4.616529959878222,12.489782399156212,10.220303527487964,2.807875159850282,5.167127276022275,10.794275367869554,12.89871293183623,9.847427686473367,9.19236908642307,10.881214037264755,9.516290936707332,6.577938722405913,14.31698760972896,4.705747963749202,-1.0698458728236218,4.737438679367308,10.031525849243163,8.640692202745234,11.860168369139695,6.743718869107003,3.2150079457011764,1.2839412519435982,0.04578350669013086,-3.471228341226507,-1.4408932706745834,2.427902509030489,4.075400446037341,10.903218830800515,1.1480301924257796,-8.909812224215022,-22.320620368044963,-9.505633709680323,-3.185776665332286,1.3390848506126098,-7.753595357356882,-36.479976630376996,-17.339666569698895,-3.9198109132385888,-8.660590341076073
Angelique,S26,epbin_Dig_1F_C1 21 rr ica ep1 but chanlocs chansel chanlabels S26.csv,-17.23059540921531,-14.556682478707454,-12.82845654441011,-7.524851098201457,-7.139320838713264,-8.60820456023722,-7.1745449695356545,-3.5170165394323853,-6.348832696925331,-4.220052100997707,-6.677724181910589,-5.494150633579361,-4.013630094887532,-2.9997025914587674,-0.573310414479066,-0.16960496529554497,0.9943344940809509,-1.7314149202125355,-2.8796596803298176,-2.435604930172998,0.7906005661399765,2.645317590350637,4.15412147243294,2.6412470776419092,5.996666654814864,4.31604786033034,9.885501339843515,16.118115041861486,14.660696247849886,6.979568880662781,0.2230363658314884,-5.671769628172029,-15.358037279357323,-17.921057071121457,-11.299455713609944,-12.98356981556239,-12.934911523843503,-10.354907926872006,-8.719949677770726,-10.093534285440553,-10.900450931341192,-7.714732197085547,-3.1576029387382656,-6.460816662754704,-7.452175402530095,-6.705590475170793,-7.940545209800899,-5.4682740094931885,-7.514001955386497,-3.2539939169193137,-1.6447067035258838,0.3855343206609978,10.523411858327842,4.521844634235244,1.3367662278524564,-2.5776441378409936,0.7153315445098445,5.733022610319826,12.324524255522999,21.78746013596042,29.20796992983674,28.38447081219499,10.278324210235535,20.783583861791385,5.539462066439671,10.187739695724472,25.328834826490677,35.80754759111089
Angelique,S26,epbin_Dig_1F_Par 11 rr ica ep1 but chanlocs chansel chanlabels S26.csv,-17.23059540921531,-14.556682478707454,-12.82845654441011,-7.524851098201457,-7.139320838713264,-8.60820456023722,-7.1745449695356545,-3.5170165394323853,-6.348832696925331,-4.220052100997707,-6.677724181910589,-5.494150633579361,-4.013630094887532,-2.9997025914587674,-0.573310414479066,-0.16960496529554497,0.9943344940809509,-1.7314149202125355,-2.8796596803298176,-2.435604930172998,0.7906005661399765,2.645317590350637,4.15412147243294,2.6412470776419092,5.996666654814864,4.31604786033034,9.885501339843515,16.118115041861486,14.660696247849886,6.979568880662781,0.2230363658314884,-5.671769628172029,-15.358037279357323,-17.921057071121457,-11.299455713609944,-12.98356981556239,-12.934911523843503,-10.354907926872006,-8.719949677770726,-10.093534285440553,-10.900450931341192,-7.714732197085547,-3.1576029387382656,-6.460816662754704,-7.452175402530095,-6.705590475170793,-7.940545209800899,-5.4682740094931885,-7.514001955386497,-3.2539939169193137,-1.6447067035258838,0.3855343206609978,10.523411858327842,4.521844634235244,1.3367662278524564,-2.5776441378409936,0.7153315445098445,5.733022610319826,12.324524255522999,21.78746013596042,29.20796992983674,28.38447081219499,10.278324210235535,20.783583861791385,5.539462066439671,10.187739695724472,25.328834826490677,35.80754759111089
Angelique,S26,epbin_Dig_20F_Atp_C1 23 rr ica ep1 but chanlocs chansel chanlabels S26.csv,-17.23059540921531,-14.556682478707454,-12.82845654441011,-7.524851098201457,-7.139320838713264,-8.60820456023722,-7.1745449695356545,-3.5170165394323853,-6.348832696925331,-4.220052100997707,-6.677724181910589,-5.494150633579361,-4.013630094887532,-2.9997025914587674,-0.573310414479066,-0.16960496529554497,0.9943344940809509,-1.7314149202125355,-2.8796596803298176,-2.435604930172998,0.7906005661399765,2.645317590350637,4.15412147243294,2.6412470776419092,5.996666654814864,4.31604786033034,9.885501339843515,16.118115041861486,14.660696247849886,6.979568880662781,0.2230363658314884,-5.671769628172029,-15.358037279357323,-17.921057071121457,-11.299455713609944,-12.98356981556239,-12.934911523843503,-10.354907926872006,-8.719949677770726,-10.093534285440553,-10.900450931341192,-7.714732197085547,-3.1576029387382656,-6.460816662754704,-7.452175402530095,-6.705590475170793,-7.940545209800899,-5.4682740094931885,-7.514001955386497,-3.2539939169193137,-1.6447067035258838,0.3855343206609978,10.523411858327842,4.521844634235244,1.3367662278524564,-2.5776441378409936,0.7153315445098445,5.733022610319826,12.324524255522999,21.78746013596042,29.20796992983674,28.38447081219499,10.278324210235535,20.783583861791385,5.539462066439671,10.187739695724472,25.328834826490677,35.80754759111089
Angelique,S26,epbin_Dig_20F_Atp_Par 13 rr ica ep1 but chanlocs chansel chanlabels S26.csv,-17.23059540921531,-14.556682478707454,-12.82845654441011,-7.524851098201457,-7.139320838713264,-8.60820456023722,-7.1745449695356545,-3.5170165394323853,-6.348832696925331,-4.220052100997707,-6.677724181910589,-5.494150633579361,-4.013630094887532,-2.9997025914587674,-0.573310414479066,-0.16960496529554497,0.9943344940809509,-1.7314149202125355,-2.8796596803298176,-2.435604930172998,0.7906005661399765,2.645317590350637,4.15412147243294,2.6412470776419092,5.996666654814864,4.31604786033034,9.885501339843515,16.118115041861486,14.660696247849886,6.979568880662781,0.2230363658314884,-5.671769628172029,-15.358037279357323,-17.921057071121457,-11.299455713609944,-12.98356981556239,-12.934911523843503,-10.354907926872006,-8.719949677770726,-10.093534285440553,-10.900450931341192,-7.714732197085547,-3.1576029387382656,-6.460816662754704,-7.452175402530095,-6.705590475170793,-7.940545209800899,-5.4682740094931885,-7.514001955386497,-3.2539939169193137,-1.6447067035258838,0.3855343206609978,10.523411858327842,4.521844634235244,1.3367662278524564,-2.5776441378409936,0.7153315445098445,5.733022610319826,12.324524255522999,21.78746013596042,29.20796992983674,28.38447081219499,10.278324210235535,20.783583861791385,5.539462066439671,10.187739695724472,25.328834826490677,35.80754759111089
Angelique,S26,epbin_Dig_20F_Std_C1 22 rr ica ep1 but chanlocs chansel chanlabels S26.csv,-17.23059540921531,-14.556682478707454,-12.82845654441011,-7.524851098201457,-7.139320838713264,-8.60820456023722,-7.1745449695356545,-3.5170165394323853,-6.348832696925331,-4.220052100997707,-6.677724181910589,-5.494150633579361,-4.013630094887532,-2.9997025914587674,-0.573310414479066,-0.16960496529554497,0.9943344940809509,-1.7314149202125355,-2.8796596803298176,-2.435604930172998,0.7906005661399765,2.645317590350637,4.15412147243294,2.6412470776419092,5.996666654814864,4.31604786033034,9.885501339843515,16.118115041861486,14.660696247849886,6.979568880662781,0.2230363658314884,-5.671769628172029,-15.358037279357323,-17.921057071121457,-11.299455713609944,-12.98356981556239,-12.934911523843503,-10.354907926872006,-8.719949677770726,-10.093534285440553,-10.900450931341192,-7.714732197085547,-3.1576029387382656,-6.460816662754704,-7.452175402530095,-6.705590475170793,-7.940545209800899,-5.4682740094931885,-7.514001955386497,-3.2539939169193137,-1.6447067035258838,0.3855343206609978,10.523411858327842,4.521844634235244,1.3367662278524564,-2.5776441378409936,0.7153315445098445,5.733022610319826,12.324524255522999,21.78746013596042,29.20796992983674,28.38447081219499,10.278324210235535,20.783583861791385,5.539462066439671,10.187739695724472,25.328834826490677,35.80754759111089
Angelique,S26,epbin_Dig_20F_Std_Par 12 rr ica ep1 but chanlocs chansel chanlabels S26.csv,-17.23059540921531,-14.556682478707454,-12.82845654441011,-7.524851098201457,-7.139320838713264,-8.60820456023722,-7.1745449695356545,-3.5170165394323853,-6.348832696925331,-4.220052100997707,-6.677724181910589,-5.494150633579361,-4.013630094887532,-2.9997025914587674,-0.573310414479066,-0.16960496529554497,0.9943344940809509,-1.7314149202125355,-2.8796596803298176,-2.435604930172998,0.7906005661399765,2.645317590350637,4.15412147243294,2.6412470776419092,5.996666654814864,4.31604786033034,9.885501339843515,16.118115041861486,14.660696247849886,6.979568880662781,0.2230363658314884,-5.671769628172029,-15.358037279357323,-17.921057071121457,-11.299455713609944,-12.98356981556239,-12.934911523843503,-10.354907926872006,-8.719949677770726,-10.093534285440553,-10.900450931341192,-7.714732197085547,-3.1576029387382656,-6.460816662754704,-7.452175402530095,-6.705590475170793,-7.940545209800899,-5.4682740094931885,-7.514001955386497,-3.2539939169193137,-1.6447067035258838,0.3855343206609978,10.523411858327842,4.521844634235244,1.3367662278524564,-2.5776441378409936,0.7153315445098445,5.733022610319826,12.324524255522999,21.78746013596042,29.20796992983674,28.38447081219499,10.278324210235535,20.783583861791385,5.539462066439671,10.187739695724472,25.328834826490677,35.80754759111089
Angelique,S26,epbin_NumWoGE_1F_C1 24 rr ica ep1 but chanlocs chansel chanlabels S26.csv,-17.23059540921531,-14.556682478707454,-12.82845654441011,-7.524851098201457,-7.139320838713264,-8.60820456023722,-7.1745449695356545,-3.5170165394323853,-6.348832696925331,-4.220052100997707,-6.677724181910589,-5.494150633579361,-4.013630094887532,-2.9997025914587674,-0.573310414479066,-0.16960496529554497,0.9943344940809509,-1.7314149202125355,-2.8796596803298176,-2.435604930172998,0.7906005661399765,2.645317590350637,4.15412147243294,2.6412470776419092,5.996666654814864,4.31604786033034,9.885501339843515,16.118115041861486,14.660696247849886,6.979568880662781,0.2230363658314884,-5.671769628172029,-15.358037279357323,-17.921057071121457,-11.299455713609944,-12.98356981556239,-12.934911523843503,-10.354907926872006,-8.719949677770726,-10.093534285440553,-10.900450931341192,-7.714732197085547,-3.1576029387382656,-6.460816662754704,-7.452175402530095,-6.705590475170793,-7.940545209800899,-5.4682740094931885,-7.514001955386497,-3.2539939169193137,-1.6447067035258838,0.3855343206609978,10.523411858327842,4.521844634235244,1.3367662278524564,-2.5776441378409936,0.7153315445098445,5.733022610319826,12.324524255522999,21.78746013596042,29.20796992983674,28.38447081219499,10.278324210235535,20.783583861791385,5.539462066439671,10.187739695724472,25.328834826490677,35.80754759111089
Angelique,S26,epbin_NumWoGE_1F_Par 14 rr ica ep1 but chanlocs chansel chanlabels S26.csv,-17.23059540921531,-14.556682478707454,-12.82845654441011,-7.524851098201457,-7.139320838713264,-8.60820456023722,-7.1745449695356545,-3.5170165394323853,-6.348832696925331,-4.220052100997707,-6.677724181910589,-5.494150633579361,-4.013630094887532,-2.9997025914587674,-0.573310414479066,-0.16960496529554497,0.9943344940809509,-1.7314149202125355,-2.8796596803298176,-2.435604930172998,0.7906005661399765,2.645317590350637,4.15412147243294,2.6412470776419092,5.996666654814864,4.31604786033034,9.885501339843515,16.118115041861486,14.660696247849886,6.979568880662781,0.2230363658314884,-5.671769628172029,-15.358037279357323,-17.921057071121457,-11.299455713609944,-12.98356981556239,-12.934911523843503,-10.354907926872006,-8.719949677770726,-10.093534285440553,-10.900450931341192,-7.714732197085547,-3.1576029387382656,-6.460816662754704,-7.452175402530095,-6.705590475170793,-7.940545209800899,-5.4682740094931885,-7.514001955386497,-3.2539939169193137,-1.6447067035258838,0.3855343206609978,10.523411858327842,4.521844634235244,1.3367662278524564,-2.5776441378409936,0.7153315445098445,5.733022610319826,12.324524255522999,21.78746013596042,29.20796992983674,28.38447081219499,10.278324210235535,20.783583861791385,5.539462066439671,10.187739695724472,25.328834826490677,35.80754759111089
Angelique,S26,epbin_NumWoGE_20F_Atp_C1 26 rr ica ep1 but chanlocs chansel chanlabels S26.csv,-17.23059540921531,-14.556682478707454,-12.82845654441011,-7.524851098201457,-7.139320838713264,-8.60820456023722,-7.1745449695356545,-3.5170165394323853,-6.348832696925331,-4.220052100997707,-6.677724181910589,-5.494150633579361,-4.013630094887532,-2.9997025914587674,-0.573310414479066,-0.16960496529554497,0.9943344940809509,-1.7314149202125355,-2.8796596803298176,-2.435604930172998,0.7906005661399765,2.645317590350637,4.15412147243294,2.6412470776419092,5.996666654814864,4.31604786033034,9.885501339843515,16.118115041861486,14.660696247849886,6.979568880662781,0.2230363658314884,-5.671769628172029,-15.358037279357323,-17.921057071121457,-11.299455713609944,-12.98356981556239,-12.934911523843503,-10.354907926872006,-8.719949677770726,-10.093534285440553,-10.900450931341192,-7.714732197085547,-3.1576029387382656,-6.460816662754704,-7.452175402530095,-6.705590475170793,-7.940545209800899,-5.4682740094931885,-7.514001955386497,-3.2539939169193137,-1.6447067035258838,0.3855343206609978,10.523411858327842,4.521844634235244,1.3367662278524564,-2.5776441378409936,0.7153315445098445,5.733022610319826,12.324524255522999,21.78746013596042,29.20796992983674,28.38447081219499,10.278324210235535,20.783583861791385,5.539462066439671,10.187739695724472,25.328834826490677,35.80754759111089
Angelique,S26,epbin_NumWoGE_20F_Atp_Par 16 rr ica ep1 but chanlocs chansel chanlabels S26.csv,-17.23059540921531,-14.556682478707454,-12.82845654441011,-7.524851098201457,-7.139320838713264,-8.60820456023722,-7.1745449695356545,-3.5170165394323853,-6.348832696925331,-4.220052100997707,-6.677724181910589,-5.494150633579361,-4.013630094887532,-2.9997025914587674,-0.573310414479066,-0.16960496529554497,0.9943344940809509,-1.7314149202125355,-2.8796596803298176,-2.435604930172998,0.7906005661399765,2.645317590350637,4.15412147243294,2.6412470776419092,5.996666654814864,4.31604786033034,9.885501339843515,16.118115041861486,14.660696247849886,6.979568880662781,0.2230363658314884,-5.671769628172029,-15.358037279357323,-17.921057071121457,-11.299455713609944,-12.98356981556239,-12.934911523843503,-10.354907926872006,-8.719949677770726,-10.093534285440553,-10.900450931341192,-7.714732197085547,-3.1576029387382656,-6.460816662754704,-7.452175402530095,-6.705590475170793,-7.940545209800899,-5.4682740094931885,-7.514001955386497,-3.2539939169193137,-1.6447067035258838,0.3855343206609978,10.523411858327842,4.521844634235244,1.3367662278524564,-2.5776441378409936,0.7153315445098445,5.733022610319826,12.324524255522999,21.78746013596042,29.20796992983674,28.38447081219499,10.278324210235535,20.783583861791385,5.539462066439671,10.187739695724472,25.328834826490677,35.80754759111089
Angelique,S26,epbin_NumWoGE_20F_Std_C1 25 rr ica ep1 but chanlocs chansel chanlabels S26.csv,-17.23059540921531,-14.556682478707454,-12.82845654441011,-7.524851098201457,-7.139320838713264,-8.60820456023722,-7.1745449695356545,-3.5170165394323853,-6.348832696925331,-4.220052100997707,-6.677724181910589,-5.494150633579361,-4.013630094887532,-2.9997025914587674,-0.573310414479066,-0.16960496529554497,0.9943344940809509,-1.7314149202125355,-2.8796596803298176,-2.435604930172998,0.7906005661399765,2.645317590350637,4.15412147243294,2.6412470776419092,5.996666654814864,4.31604786033034,9.885501339843515,16.118115041861486,14.660696247849886,6.979568880662781,0.2230363658314884,-5.671769628172029,-15.358037279357323,-17.921057071121457,-11.299455713609944,-12.98356981556239,-12.934911523843503,-10.354907926872006,-8.719949677770726,-10.093534285440553,-10.900450931341192,-7.714732197085547,-3.1576029387382656,-6.460816662754704,-7.452175402530095,-6.705590475170793,-7.940545209800899,-5.4682740094931885,-7.514001955386497,-3.2539939169193137,-1.6447067035258838,0.3855343206609978,10.523411858327842,4.521844634235244,1.3367662278524564,-2.5776441378409936,0.7153315445098445,5.733022610319826,12.324524255522999,21.78746013596042,29.20796992983674,28.38447081219499,10.278324210235535,20.783583861791385,5.539462066439671,10.187739695724472,25.328834826490677,35.80754759111089
Angelique,S26,epbin_NumWoGE_20F_Std_Par 15 rr ica ep1 but chanlocs chansel chanlabels S26.csv,-17.23059540921531,-14.556682478707454,-12.82845654441011,-7.524851098201457,-7.139320838713264,-8.60820456023722,-7.1745449695356545,-3.5170165394323853,-6.348832696925331,-4.220052100997707,-6.677724181910589,-5.494150633579361,-4.013630094887532,-2.9997025914587674,-0.573310414479066,-0.16960496529554497,0.9943344940809509,-1.7314149202125355,-2.8796596803298176,-2.435604930172998,0.7906005661399765,2.645317590350637,4.15412147243294,2.6412470776419092,5.996666654814864,4.31604786033034,9.885501339843515,16.118115041861486,14.660696247849886,6.979568880662781,0.2230363658314884,-5.671769628172029,-15.358037279357323,-17.921057071121457,-11.299455713609944,-12.98356981556239,-12.934911523843503,-10.354907926872006,-8.719949677770726,-10.093534285440553,-10.900450931341192,-7.714732197085547,-3.1576029387382656,-6.460816662754704,-7.452175402530095,-6.705590475170793,-7.940545209800899,-5.4682740094931885,-7.514001955386497,-3.2539939169193137,-1.6447067035258838,0.3855343206609978,10.523411858327842,4.521844634235244,1.3367662278524564,-2.5776441378409936,0.7153315445098445,5.733022610319826,12.324524255522999,21.78746013596042,29.20796992983674,28.38447081219499,10.278324210235535,20.783583861791385,5.539462066439671,10.187739695724472,25.328834826490677,35.80754759111089
Angelique,S27,epbin_Dig_1F_C1 21 rr fixFT8 icfilt ica ep1 but chanlocs chansel chanlabels S27.csv,-5.508714117928115,1.4752891515270568,-0.32746232323596486,-2.585493177006423,-0.7647619043521178,-1.1988318625913614,24.528369379972084,8.252119312590935,12.496417738556543,-2.1543141083796553,-2.975556226130412,0.21889147653852978,3.796163338452272,6.415590671333103,18.70855359064118,1.7573914408495404,2.041926403337657,-1.361176272477084,-3.6946779822206195,-3.973311928314467,-3.91113724336587,-7.397095686540917,-13.245058098672324,-4.570921259803563,-19.046685889209993,-5.234559982049012,-16.952018188189268,4.378260899283117,0.8656841546841824,1.7378658621758611,-0.7607047129983624,-1.1053125137608053,4.4500905545636895,6.5083409724373835,8.645604982520593,-3.990990859042287,2.1452702034824416,-2.6450906093837094,-7.031690152319018,-3.370068276951753,-3.9344130513743987,0.7049395967547286,-3.158961609995387,-2.119970864031778,-3.637519774032228,-5.962513794649051,-5.312511247501811,-0.3339160760870408,-1.8625354833192835,-1.185000023703199,-0.6002067507065482,-8.061844728319208,14.276534335656573,3.2891806173930087,-1.6998627032571278,-0.9316029950323451,3.493161943494899,4.443452539528385,-6.350146010006051,2.5417180326096966,7.3930579336487945,8.586930163475433,-3.473620836912134,9.170128203324197,-11.161822218562357,-2.674364168767426,8.970785998055607,4.974729390738796
Angelique,S27,epbin_Dig_1F_Par 11 rr fixFT8 icfilt ica ep1 but chanlocs chansel chanlabels S27.csv,-5.508714117928115,1.4752891515270568,-0.32746232323596486,-2.585493177006423,-0.7647619043521178,-1.1988318625913614,24.528369379972084,8.252119312590935,12.496417738556543,-2.1543141083796553,-2.975556226130412,0.21889147653852978,3.796163338452272,6.415590671333103,18.70855359064118,1.7573914408495404,2.041926403337657,-1.361176272477084,-3.6946779822206195,-3.973311928314467,-3.91113724336587,-7.397095686540917,-13.245058098672324,-4.570921259803563,-19.046685889209993,-5.234559982049012,-16.952018188189268,4.378260899283117,0.8656841546841824,1.7378658621758611,-0.7607047129983624,-1.1053125137608053,4.4500905545636895,6.5083409724373835,8.645604982520593,-3.990990859042287,2.1452702034824416,-2.6450906093837094,-7.031690152319018,-3.370068276951753,-3.9344130513743987,0.7049395967547286,-3.158961609995387,-2.119970864031778,-3.637519774032228,-5.962513794649051,-5.312511247501811,-0.3339160760870408,-1.8625354833192835,-1.185000023703199,-0.6002067507065482,-8.061844728319208,14.276534335656573,3.2891806173930087,-1.6998627032571278,-0.9316029950323451,3.493161943494899,4.443452539528385,-6.350146010006051,2.5417180326096966,7.3930579336487945,8.586930163475433,-3.473620836912134,9.170128203324197,-11.161822218562357,-2.674364168767426,8.970785998055607,4.974729390738796
Angelique,S27,epbin_Dig_20F_Atp_C1 23 rr fixFT8 icfilt ica ep1 but chanlocs chansel chanlabels S27.csv,-5.508714117928115,1.4752891515270568,-0.32746232323596486,-2.585493177006423,-0.7647619043521178,-1.1988318625913614,24.528369379972084,8.252119312590935,12.496417738556543,-2.1543141083796553,-2.975556226130412,0.21889147653852978,3.796163338452272,6.415590671333103,18.70855359064118,1.7573914408495404,2.041926403337657,-1.361176272477084,-3.6946779822206195,-3.973311928314467,-3.91113724336587,-7.397095686540917,-13.245058098672324,-4.570921259803563,-19.046685889209993,-5.234559982049012,-16.952018188189268,4.378260899283117,0.8656841546841824,1.7378658621758611,-0.7607047129983624,-1.1053125137608053,4.4500905545636895,6.5083409724373835,8.645604982520593,-3.990990859042287,2.1452702034824416,-2.6450906093837094,-7.031690152319018,-3.370068276951753,-3.9344130513743987,0.7049395967547286,-3.158961609995387,-2.119970864031778,-3.637519774032228,-5.962513794649051,-5.312511247501811,-0.3339160760870408,-1.8625354833192835,-1.185000023703199,-0.6002067507065482,-8.061844728319208,14.276534335656573,3.2891806173930087,-1.6998627032571278,-0.9316029950323451,3.493161943494899,4.443452539528385,-6.350146010006051,2.5417180326096966,7.3930579336487945,8.586930163475433,-3.473620836912134,9.170128203324197,-11.161822218562357,-2.674364168767426,8.970785998055607,4.974729390738796
Angelique,S27,epbin_Dig_20F_Atp_Par 13 rr fixFT8 icfilt ica ep1 but chanlocs chansel chanlabels S27.csv,-5.508714117928115,1.4752891515270568,-0.32746232323596486,-2.585493177006423,-0.7647619043521178,-1.1988318625913614,24.528369379972084,8.252119312590935,12.496417738556543,-2.1543141083796553,-2.975556226130412,0.21889147653852978,3.796163338452272,6.415590671333103,18.70855359064118,1.7573914408495404,2.041926403337657,-1.361176272477084,-3.6946779822206195,-3.973311928314467,-3.91113724336587,-7.397095686540917,-13.245058098672324,-4.570921259803563,-19.046685889209993,-5.234559982049012,-16.952018188189268,4.378260899283117,0.8656841546841824,1.7378658621758611,-0.7607047129983624,-1.1053125137608053,4.4500905545636895,6.5083409724373835,8.645604982520593,-3.990990859042287,2.1452702034824416,-2.6450906093837094,-7.031690152319018,-3.370068276951753,-3.9344130513743987,0.7049395967547286,-3.158961609995387,-2.119970864031778,-3.637519774032228,-5.962513794649051,-5.312511247501811,-0.3339160760870408,-1.8625354833192835,-1.185000023703199,-0.6002067507065482,-8.061844728319208,14.276534335656573,3.2891806173930087,-1.6998627032571278,-0.9316029950323451,3.493161943494899,4.443452539528385,-6.350146010006051,2.5417180326096966,7.3930579336487945,8.586930163475433,-3.473620836912134,9.170128203324197,-11.161822218562357,-2.674364168767426,8.970785998055607,4.974729390738796
Angelique,S27,epbin_Dig_20F_Std_C1 22 rr fixFT8 icfilt ica ep1 but chanlocs chansel chanlabels S27.csv,-5.508714117928115,1.4752891515270568,-0.32746232323596486,-2.585493177006423,-0.7647619043521178,-1.1988318625913614,24.528369379972084,8.252119312590935,12.496417738556543,-2.1543141083796553,-2.975556226130412,0.21889147653852978,3.796163338452272,6.415590671333103,18.70855359064118,1.7573914408495404,2.041926403337657,-1.361176272477084,-3.6946779822206195,-3.973311928314467,-3.91113724336587,-7.397095686540917,-13.245058098672324,-4.570921259803563,-19.046685889209993,-5.234559982049012,-16.952018188189268,4.378260899283117,0.8656841546841824,1.7378658621758611,-0.7607047129983624,-1.1053125137608053,4.4500905545636895,6.5083409724373835,8.645604982520593,-3.990990859042287,2.1452702034824416,-2.6450906093837094,-7.031690152319018,-3.370068276951753,-3.9344130513743987,0.7049395967547286,-3.158961609995387,-2.119970864031778,-3.637519774032228,-5.962513794649051,-5.312511247501811,-0.3339160760870408,-1.8625354833192835,-1.185000023703199,-0.6002067507065482,-8.061844728319208,14.276534335656573,3.2891806173930087,-1.6998627032571278,-0.9316029950323451,3.493161943494899,4.443452539528385,-6.350146010006051,2.5417180326096966,7.3930579336487945,8.586930163475433,-3.473620836912134,9.170128203324197,-11.161822218562357,-2.674364168767426,8.970785998055607,4.974729390738796
Angelique,S27,epbin_Dig_20F_Std_Par 12 rr fixFT8 icfilt ica ep1 but chanlocs chansel chanlabels S27.csv,-5.508714117928115,1.4752891515270568,-0.32746232323596486,-2.585493177006423,-0.7647619043521178,-1.1988318625913614,24.528369379972084,8.252119312590935,12.496417738556543,-2.1543141083796553,-2.975556226130412,0.21889147653852978,3.796163338452272,6.415590671333103,18.70855359064118,1.7573914408495404,2.041926403337657,-1.361176272477084,-3.6946779822206195,-3.973311928314467,-3.91113724336587,-7.397095686540917,-13.245058098672324,-4.570921259803563,-19.046685889209993,-5.234559982049012,-16.952018188189268,4.378260899283117,0.8656841546841824,1.7378658621758611,-0.7607047129983624,-1.1053125137608053,4.4500905545636895,6.5083409724373835,8.645604982520593,-3.990990859042287,2.1452702034824416,-2.6450906093837094,-7.031690152319018,-3.370068276951753,-3.9344130513743987,0.7049395967547286,-3.158961609995387,-2.119970864031778,-3.637519774032228,-5.962513794649051,-5.312511247501811,-0.3339160760870408,-1.8625354833192835,-1.185000023703199,-0.6002067507065482,-8.061844728319208,14.276534335656573,3.2891806173930087,-1.6998627032571278,-0.9316029950323451,3.493161943494899,4.443452539528385,-6.350146010006051,2.5417180326096966,7.3930579336487945,8.586930163475433,-3.473620836912134,9.170128203324197,-11.161822218562357,-2.674364168767426,8.970785998055607,4.974729390738796
Angelique,S27,epbin_NumWoGE_1F_C1 24 rr fixFT8 icfilt ica ep1 but chanlocs chansel chanlabels S27.csv,-5.508714117928115,1.4752891515270568,-0.32746232323596486,-2.585493177006423,-0.7647619043521178,-1.1988318625913614,24.528369379972084,8.252119312590935,12.496417738556543,-2.1543141083796553,-2.975556226130412,0.21889147653852978,3.796163338452272,6.415590671333103,18.70855359064118,1.7573914408495404,2.041926403337657,-1.361176272477084,-3.6946779822206195,-3.973311928314467,-3.91113724336587,-7.397095686540917,-13.245058098672324,-4.570921259803563,-19.046685889209993,-5.234559982049012,-16.952018188189268,4.378260899283117,0.8656841546841824,1.7378658621758611,-0.7607047129983624,-1.1053125137608053,4.4500905545636895,6.5083409724373835,8.645604982520593,-3.990990859042287,2.1452702034824416,-2.6450906093837094,-7.031690152319018,-3.370068276951753,-3.9344130513743987,0.7049395967547286,-3.158961609995387,-2.119970864031778,-3.637519774032228,-5.962513794649051,-5.312511247501811,-0.3339160760870408,-1.8625354833192835,-1.185000023703199,-0.6002067507065482,-8.061844728319208,14.276534335656573,3.2891806173930087,-1.6998627032571278,-0.9316029950323451,3.493161943494899,4.443452539528385,-6.350146010006051,2.5417180326096966,7.3930579336487945,8.586930163475433,-3.473620836912134,9.170128203324197,-11.161822218562357,-2.674364168767426,8.970785998055607,4.974729390738796
Angelique,S27,epbin_NumWoGE_1F_Par 14 rr fixFT8 icfilt ica ep1 but chanlocs chansel chanlabels S27.csv,-5.508714117928115,1.4752891515270568,-0.32746232323596486,-2.585493177006423,-0.7647619043521178,-1.1988318625913614,24.528369379972084,8.252119312590935,12.496417738556543,-2.1543141083796553,-2.975556226130412,0.21889147653852978,3.796163338452272,6.415590671333103,18.70855359064118,1.7573914408495404,2.041926403337657,-1.361176272477084,-3.6946779822206195,-3.973311928314467,-3.91113724336587,-7.397095686540917,-13.245058098672324,-4.570921259803563,-19.046685889209993,-5.234559982049012,-16.952018188189268,4.378260899283117,0.8656841546841824,1.7378658621758611,-0.7607047129983624,-1.1053125137608053,4.4500905545636895,6.5083409724373835,8.645604982520593,-3.990990859042287,2.1452702034824416,-2.6450906093837094,-7.031690152319018,-3.370068276951753,-3.9344130513743987,0.7049395967547286,-3.158961609995387,-2.119970864031778,-3.637519774032228,-5.962513794649051,-5.312511247501811,-0.3339160760870408,-1.8625354833192835,-1.185000023703199,-0.6002067507065482,-8.061844728319208,14.276534335656573,3.2891806173930087,-1.6998627032571278,-0.9316029950323451,3.493161943494899,4.443452539528385,-6.350146010006051,2.5417180326096966,7.3930579336487945,8.586930163475433,-3.473620836912134,9.170128203324197,-11.161822218562357,-2.674364168767426,8.970785998055607,4.974729390738796
Angelique,S27,epbin_NumWoGE_20F_Atp_C1 26 rr fixFT8 icfilt ica ep1 but chanlocs chansel chanlabels S27.csv,-5.508714117928115,1.4752891515270568,-0.32746232323596486,-2.585493177006423,-0.7647619043521178,-1.1988318625913614,24.528369379972084,8.252119312590935,12.496417738556543,-2.1543141083796553,-2.975556226130412,0.21889147653852978,3.796163338452272,6.415590671333103,18.70855359064118,1.7573914408495404,2.041926403337657,-1.361176272477084,-3.6946779822206195,-3.973311928314467,-3.91113724336587,-7.397095686540917,-13.245058098672324,-4.570921259803563,-19.046685889209993,-5.234559982049012,-16.952018188189268,4.378260899283117,0.8656841546841824,1.7378658621758611,-0.7607047129983624,-1.1053125137608053,4.4500905545636895,6.5083409724373835,8.645604982520593,-3.990990859042287,2.1452702034824416,-2.6450906093837094,-7.031690152319018,-3.370068276951753,-3.9344130513743987,0.7049395967547286,-3.158961609995387,-2.119970864031778,-3.637519774032228,-5.962513794649051,-5.312511247501811,-0.3339160760870408,-1.8625354833192835,-1.185000023703199,-0.6002067507065482,-8.061844728319208,14.276534335656573,3.2891806173930087,-1.6998627032571278,-0.9316029950323451,3.493161943494899,4.443452539528385,-6.350146010006051,2.5417180326096966,7.3930579336487945,8.586930163475433,-3.473620836912134,9.170128203324197,-11.161822218562357,-2.674364168767426,8.970785998055607,4.974729390738796
Angelique,S27,epbin_NumWoGE_20F_Atp_Par 16 rr fixFT8 icfilt ica ep1 but chanlocs chansel chanlabels S27.csv,-5.508714117928115,1.4752891515270568,-0.32746232323596486,-2.585493177006423,-0.7647619043521178,-1.1988318625913614,24.528369379972084,8.252119312590935,12.496417738556543,-2.1543141083796553,-2.975556226130412,0.21889147653852978,3.796163338452272,6.415590671333103,18.70855359064118,1.7573914408495404,2.041926403337657,-1.361176272477084,-3.6946779822206195,-3.973311928314467,-3.91113724336587,-7.397095686540917,-13.245058098672324,-4.570921259803563,-19.046685889209993,-5.234559982049012,-16.952018188189268,4.378260899283117,0.8656841546841824,1.7378658621758611,-0.7607047129983624,-1.1053125137608053,4.4500905545636895,6.5083409724373835,8.645604982520593,-3.990990859042287,2.1452702034824416,-2.6450906093837094,-7.031690152319018,-3.370068276951753,-3.9344130513743987,0.7049395967547286,-3.158961609995387,-2.119970864031778,-3.637519774032228,-5.962513794649051,-5.312511247501811,-0.3339160760870408,-1.8625354833192835,-1.185000023703199,-0.6002067507065482,-8.061844728319208,14.276534335656573,3.2891806173930087,-1.6998627032571278,-0.9316029950323451,3.493161943494899,4.443452539528385,-6.350146010006051,2.5417180326096966,7.3930579336487945,8.586930163475433,-3.473620836912134,9.170128203324197,-11.161822218562357,-2.674364168767426,8.970785998055607,4.974729390738796
Angelique,S27,epbin_NumWoGE_20F_Std_C1 25 rr fixFT8 icfilt ica ep1 but chanlocs chansel chanlabels S27.csv,-5.508714117928115,1.4752891515270568,-0.32746232323596486,-2.585493177006423,-0.7647619043521178,-1.1988318625913614,24.528369379972084,8.252119312590935,12.496417738556543,-2.1543141083796553,-2.975556226130412,0.21889147653852978,3.796163338452272,6.415590671333103,18.70855359064118,1.7573914408495404,2.041926403337657,-1.361176272477084,-3.6946779822206195,-3.973311928314467,-3.91113724336587,-7.397095686540917,-13.245058098672324,-4.570921259803563,-19.046685889209993,-5.234559982049012,-16.952018188189268,4.378260899283117,0.8656841546841824,1.7378658621758611,-0.7607047129983624,-1.1053125137608053,4.4500905545636895,6.5083409724373835,8.645604982520593,-3.990990859042287,2.1452702034824416,-2.6450906093837094,-7.031690152319018,-3.370068276951753,-3.9344130513743987,0.7049395967547286,-3.158961609995387,-2.119970864031778,-3.637519774032228,-5.962513794649051,-5.312511247501811,-0.3339160760870408,-1.8625354833192835,-1.185000023703199,-0.6002067507065482,-8.061844728319208,14.276534335656573,3.2891806173930087,-1.6998627032571278,-0.9316029950323451,3.493161943494899,4.443452539528385,-6.350146010006051,2.5417180326096966,7.3930579336487945,8.586930163475433,-3.473620836912134,9.170128203324197,-11.161822218562357,-2.674364168767426,8.970785998055607,4.974729390738796
Angelique,S27,epbin_NumWoGE_20F_Std_Par 15 rr fixFT8 icfilt ica ep1 but chanlocs chansel chanlabels S27.csv,-5.508714117928115,1.4752891515270568,-0.32746232323596486,-2.585493177006423,-0.7647619043521178,-1.1988318625913614,24.528369379972084,8.252119312590935,12.496417738556543,-2.1543141083796553,-2.975556226130412,0.21889147653852978,3.796163338452272,6.415590671333103,18.70855359064118,1.7573914408495404,2.041926403337657,-1.361176272477084,-3.6946779822206195,-3.973311928314467,-3.91113724336587,-7.397095686540917,-13.245058098672324,-4.570921259803563,-19.046685889209993,-5.234559982049012,-16.952018188189268,4.378260899283117,0.8656841546841824,1.7378658621758611,-0.7607047129983624,-1.1053125137608053,4.4500905545636895,6.5083409724373835,8.645604982520593,-3.990990859042287,2.1452702034824416,-2.6450906093837094,-7.031690152319018,-3.370068276951753,-3.9344130513743987,0.7049395967547286,-3.158961609995387,-2.119970864031778,-3.637519774032228,-5.962513794649051,-5.312511247501811,-0.3339160760870408,-1.8625354833192835,-1.185000023703199,-0.6002067507065482,-8.061844728319208,14.276534335656573,3.2891806173930087,-1.6998627032571278,-0.9316029950323451,3.493161943494899,4.443452539528385,-6.350146010006051,2.5417180326096966,7.3930579336487945,8.586930163475433,-3.473620836912134,9.170128203324197,-11.161822218562357,-2.674364168767426,8.970785998055607,4.974729390738796
Angelique,S28,epbin_Dig_1F_C1 21 rr fixF8 icfilt ica ep1 but chanlocs chansel chanlabels S28.csv,-7.975836663210966,-8.47957909986597,-10.679498975685142,-11.788691418984733,-12.243652049443194,-14.793780800654318,-15.235584872642766,-8.200654029853304,-9.529386431190984,-9.675142168195919,-12.319477301398273,-8.562398296231386,-9.16130716801339,-7.098736206723125,-9.242977934370279,-2.089830761154402,-2.112576825335664,-11.064766025300663,-6.813770584301166,-0.04751827264151675,0.8415623626835554,7.466382806815907,9.603550316252557,14.682162774977431,19.688892102631286,7.959254362986777,23.146023903244284,16.925854814512633,14.285231271842417,5.354270752558174,-1.1290175025049216,-5.095797012283272,-6.895959870292923,-2.146352517818581,1.9515047674536972,-5.14031103710509,-6.664541060343088,-10.82571536891097,-8.241688668576927,-9.844489559816866,-4.462731725842675,-1.047190666333177,-0.6303464325066855,1.5001772472823887,-4.160360016825064,-6.7051006454519655,-10.716944820641165,-9.638195616232515,-5.374239331217969,-0.08228424057468355,2.323706760782172,5.1799838815945405,4.8322197785364285,5.318033730708971,0.794344410567542,-2.0508483848285977,-0.7576485531080318,4.776072375896174,9.929961390906415,8.753885848080108,3.566212777572742,13.682607371315946,6.376508438723112,14.415311588138334,21.46133787263275,21.91626247405396,17.403510447024182,14.590097513034484
Angelique,S28,epbin_Dig_1F_Par 11 rr fixF8 icfilt ica ep1 but chanlocs chansel chanlabels S28.csv,-7.975836663210966,-8.47957909986597,-10.679498975685142,-11.788691418984733,-12.243652049443194,-14.793780800654318,-15.235584872642766,-8.200654029853304,-9.529386431190984,-9.675142168195919,-12.319477301398273,-8.562398296231386,-9.16130716801339,-7.098736206723125,-9.242977934370279,-2.089830761154402,-2.112576825335664,-11.064766025300663,-6.813770584301166,-0.04751827264151675,0.8415623626835554,7.466382806815907,9.603550316252557,14.682162774977431,19.688892102631286,7.959254362986777,23.146023903244284,16.925854814512633,14.285231271842417,5.354270752558174,-1.1290175025049216,-5.095797012283272,-6.895959870292923,-2.146352517818581,1.9515047674536972,-5.14031103710509,-6.664541060343088,-10.82571536891097,-8.241688668576927,-9.844489559816866,-4.462731725842675,-1.047190666333177,-0.6303464325066855,1.5001772472823887,-4.160360016825064,-6.7051006454519655,-10.716944820641165,-9.638195616232515,-5.374239331217969,-0.08228424057468355,2.323706760782172,5.1799838815945405,4.8322197785364285,5.318033730708971,0.794344410567542,-2.0508483848285977,-0.7576485531080318,4.776072375896174,9.929961390906415,8.753885848080108,3.566212777572742,13.682607371315946,6.376508438723112,14.415311588138334,21.46133787263275,21.91626247405396,17.403510447024182,14.590097513034484
Angelique,S28,epbin_Dig_20F_Atp_C1 23 rr fixF8 icfilt ica ep1 but chanlocs chansel chanlabels S28.csv,-7.975836663210966,-8.47957909986597,-10.679498975685142,-11.788691418984733,-12.243652049443194,-14.793780800654318,-15.235584872642766,-8.200654029853304,-9.529386431190984,-9.675142168195919,-12.319477301398273,-8.562398296231386,-9.16130716801339,-7.098736206723125,-9.242977934370279,-2.089830761154402,-2.112576825335664,-11.064766025300663,-6.813770584301166,-0.04751827264151675,0.8415623626835554,7.466382806815907,9.603550316252557,14.682162774977431,19.688892102631286,7.959254362986777,23.146023903244284,16.925854814512633,14.285231271842417,5.354270752558174,-1.1290175025049216,-5.095797012283272,-6.895959870292923,-2.146352517818581,1.9515047674536972,-5.14031103710509,-6.664541060343088,-10.82571536891097,-8.241688668576927,-9.844489559816866,-4.462731725842675,-1.047190666333177,-0.6303464325066855,1.5001772472823887,-4.160360016825064,-6.7051006454519655,-10.716944820641165,-9.638195616232515,-5.374239331217969,-0.08228424057468355,2.323706760782172,5.1799838815945405,4.8322197785364285,5.318033730708971,0.794344410567542,-2.0508483848285977,-0.7576485531080318,4.776072375896174,9.929961390906415,8.753885848080108,3.566212777572742,13.682607371315946,6.376508438723112,14.415311588138334,21.46133787263275,21.91626247405396,17.403510447024182,14.590097513034484
Angelique,S28,epbin_Dig_20F_Atp_Par 13 rr fixF8 icfilt ica ep1 but chanlocs chansel chanlabels S28.csv,-7.975836663210966,-8.47957909986597,-10.679498975685142,-11.788691418984733,-12.243652049443194,-14.793780800654318,-15.235584872642766,-8.200654029853304,-9.529386431190984,-9.675142168195919,-12.319477301398273,-8.562398296231386,-9.16130716801339,-7.098736206723125,-9.242977934370279,-2.089830761154402,-2.112576825335664,-11.064766025300663,-6.813770584301166,-0.04751827264151675,0.8415623626835554,7.466382806815907,9.603550316252557,14.682162774977431,19.688892102631286,7.959254362986777,23.146023903244284,16.925854814512633,14.285231271842417,5.354270752558174,-1.1290175025049216,-5.095797012283272,-6.895959870292923,-2.146352517818581,1.9515047674536972,-5.14031103710509,-6.664541060343088,-10.82571536891097,-8.241688668576927,-9.844489559816866,-4.462731725842675,-1.047190666333177,-0.6303464325066855,1.5001772472823887,-4.160360016825064,-6.7051006454519655,-10.716944820641165,-9.638195616232515,-5.374239331217969,-0.08228424057468355,2.323706760782172,5.1799838815945405,4.8322197785364285,5.318033730708971,0.794344410567542,-2.0508483848285977,-0.7576485531080318,4.776072375896174,9.929961390906415,8.753885848080108,3.566212777572742,13.682607371315946,6.376508438723112,14.415311588138334,21.46133787263275,21.91626247405396,17.403510447024182,14.590097513034484
Angelique,S28,epbin_Dig_20F_Std_C1 22 rr fixF8 icfilt ica ep1 but chanlocs chansel chanlabels S28.csv,-7.975836663210966,-8.47957909986597,-10.679498975685142,-11.788691418984733,-12.243652049443194,-14.793780800654318,-15.235584872642766,-8.200654029853304,-9.529386431190984,-9.675142168195919,-12.319477301398273,-8.562398296231386,-9.16130716801339,-7.098736206723125,-9.242977934370279,-2.089830761154402,-2.112576825335664,-11.064766025300663,-6.813770584301166,-0.04751827264151675,0.8415623626835554,7.466382806815907,9.603550316252557,14.682162774977431,19.688892102631286,7.959254362986777,23.146023903244284,16.925854814512633,14.285231271842417,5.354270752558174,-1.1290175025049216,-5.095797012283272,-6.895959870292923,-2.146352517818581,1.9515047674536972,-5.14031103710509,-6.664541060343088,-10.82571536891097,-8.241688668576927,-9.844489559816866,-4.462731725842675,-1.047190666333177,-0.6303464325066855,1.5001772472823887,-4.160360016825064,-6.7051006454519655,-10.716944820641165,-9.638195616232515,-5.374239331217969,-0.08228424057468355,2.323706760782172,5.1799838815945405,4.8322197785364285,5.318033730708971,0.794344410567542,-2.0508483848285977,-0.7576485531080318,4.776072375896174,9.929961390906415,8.753885848080108,3.566212777572742,13.682607371315946,6.376508438723112,14.415311588138334,21.46133787263275,21.91626247405396,17.403510447024182,14.590097513034484
Angelique,S28,epbin_Dig_20F_Std_Par 12 rr fixF8 icfilt ica ep1 but chanlocs chansel chanlabels S28.csv,-7.975836663210966,-8.47957909986597,-10.679498975685142,-11.788691418984733,-12.243652049443194,-14.793780800654318,-15.235584872642766,-8.200654029853304,-9.529386431190984,-9.675142168195919,-12.319477301398273,-8.562398296231386,-9.16130716801339,-7.098736206723125,-9.242977934370279,-2.089830761154402,-2.112576825335664,-11.064766025300663,-6.813770584301166,-0.04751827264151675,0.8415623626835554,7.466382806815907,9.603550316252557,14.682162774977431,19.688892102631286,7.959254362986777,23.146023903244284,16.925854814512633,14.285231271842417,5.354270752558174,-1.1290175025049216,-5.095797012283272,-6.895959870292923,-2.146352517818581,1.9515047674536972,-5.14031103710509,-6.664541060343088,-10.82571536891097,-8.241688668576927,-9.844489559816866,-4.462731725842675,-1.047190666333177,-0.6303464325066855,1.5001772472823887,-4.160360016825064,-6.7051006454519655,-10.716944820641165,-9.638195616232515,-5.374239331217969,-0.08228424057468355,2.323706760782172,5.1799838815945405,4.8322197785364285,5.318033730708971,0.794344410567542,-2.0508483848285977,-0.7576485531080318,4.776072375896174,9.929961390906415,8.753885848080108,3.566212777572742,13.682607371315946,6.376508438723112,14.415311588138334,21.46133787263275,21.91626247405396,17.403510447024182,14.590097513034484
Angelique,S28,epbin_NumWoGE_1F_C1 24 rr fixF8 icfilt ica ep1 but chanlocs chansel chanlabels S28.csv,-7.975836663210966,-8.47957909986597,-10.679498975685142,-11.788691418984733,-12.243652049443194,-14.793780800654318,-15.235584872642766,-8.200654029853304,-9.529386431190984,-9.675142168195919,-12.319477301398273,-8.562398296231386,-9.16130716801339,-7.098736206723125,-9.242977934370279,-2.089830761154402,-2.112576825335664,-11.064766025300663,-6.813770584301166,-0.04751827264151675,0.8415623626835554,7.466382806815907,9.603550316252557,14.682162774977431,19.688892102631286,7.959254362986777,23.146023903244284,16.925854814512633,14.285231271842417,5.354270752558174,-1.1290175025049216,-5.095797012283272,-6.895959870292923,-2.146352517818581,1.9515047674536972,-5.14031103710509,-6.664541060343088,-10.82571536891097,-8.241688668576927,-9.844489559816866,-4.462731725842675,-1.047190666333177,-0.6303464325066855,1.5001772472823887,-4.160360016825064,-6.7051006454519655,-10.716944820641165,-9.638195616232515,-5.374239331217969,-0.08228424057468355,2.323706760782172,5.1799838815945405,4.8322197785364285,5.318033730708971,0.794344410567542,-2.0508483848285977,-0.7576485531080318,4.776072375896174,9.929961390906415,8.753885848080108,3.566212777572742,13.682607371315946,6.376508438723112,14.415311588138334,21.46133787263275,21.91626247405396,17.403510447024182,14.590097513034484
Angelique,S28,epbin_NumWoGE_1F_Par 14 rr fixF8 icfilt ica ep1 but chanlocs chansel chanlabels S28.csv,-7.975836663210966,-8.47957909986597,-10.679498975685142,-11.788691418984733,-12.243652049443194,-14.793780800654318,-15.235584872642766,-8.200654029853304,-9.529386431190984,-9.675142168195919,-12.319477301398273,-8.562398296231386,-9.16130716801339,-7.098736206723125,-9.242977934370279,-2.089830761154402,-2.112576825335664,-11.064766025300663,-6.813770584301166,-0.04751827264151675,0.8415623626835554,7.466382806815907,9.603550316252557,14.682162774977431,19.688892102631286,7.959254362986777,23.146023903244284,16.925854814512633,14.285231271842417,5.354270752558174,-1.1290175025049216,-5.095797012283272,-6.895959870292923,-2.146352517818581,1.9515047674536972,-5.14031103710509,-6.664541060343088,-10.82571536891097,-8.241688668576927,-9.844489559816866,-4.462731725842675,-1.047190666333177,-0.6303464325066855,1.5001772472823887,-4.160360016825064,-6.7051006454519655,-10.716944820641165,-9.638195616232515,-5.374239331217969,-0.08228424057468355,2.323706760782172,5.1799838815945405,4.8322197785364285,5.318033730708971,0.794344410567542,-2.0508483848285977,-0.7576485531080318,4.776072375896174,9.929961390906415,8.753885848080108,3.566212777572742,13.682607371315946,6.376508438723112,14.415311588138334,21.46133787263275,21.91626247405396,17.403510447024182,14.590097513034484
Angelique,S28,epbin_NumWoGE_20F_Atp_C1 26 rr fixF8 icfilt ica ep1 but chanlocs chansel chanlabels S28.csv,-7.975836663210966,-8.47957909986597,-10.679498975685142,-11.788691418984733,-12.243652049443194,-14.793780800654318,-15.235584872642766,-8.200654029853304,-9.529386431190984,-9.675142168195919,-12.319477301398273,-8.562398296231386,-9.16130716801339,-7.098736206723125,-9.242977934370279,-2.089830761154402,-2.112576825335664,-11.064766025300663,-6.813770584301166,-0.04751827264151675,0.8415623626835554,7.466382806815907,9.603550316252557,14.682162774977431,19.688892102631286,7.959254362986777,23.146023903244284,16.925854814512633,14.285231271842417,5.354270752558174,-1.1290175025049216,-5.095797012283272,-6.895959870292923,-2.146352517818581,1.9515047674536972,-5.14031103710509,-6.664541060343088,-10.82571536891097,-8.241688668576927,-9.844489559816866,-4.462731725842675,-1.047190666333177,-0.6303464325066855,1.5001772472823887,-4.160360016825064,-6.7051006454519655,-10.716944820641165,-9.638195616232515,-5.374239331217969,-0.08228424057468355,2.323706760782172,5.1799838815945405,4.8322197785364285,5.318033730708971,0.794344410567542,-2.0508483848285977,-0.7576485531080318,4.776072375896174,9.929961390906415,8.753885848080108,3.566212777572742,13.682607371315946,6.376508438723112,14.415311588138334,21.46133787263275,21.91626247405396,17.403510447024182,14.590097513034484
Angelique,S28,epbin_NumWoGE_20F_Atp_Par 16 rr fixF8 icfilt ica ep1 but chanlocs chansel chanlabels S28.csv,-7.975836663210966,-8.47957909986597,-10.679498975685142,-11.788691418984733,-12.243652049443194,-14.793780800654318,-15.235584872642766,-8.200654029853304,-9.529386431190984,-9.675142168195919,-12.319477301398273,-8.562398296231386,-9.16130716801339,-7.098736206723125,-9.242977934370279,-2.089830761154402,-2.112576825335664,-11.064766025300663,-6.813770584301166,-0.04751827264151675,0.8415623626835554,7.466382806815907,9.603550316252557,14.682162774977431,19.688892102631286,7.959254362986777,23.146023903244284,16.925854814512633,14.285231271842417,5.354270752558174,-1.1290175025049216,-5.095797012283272,-6.895959870292923,-2.146352517818581,1.9515047674536972,-5.14031103710509,-6.664541060343088,-10.82571536891097,-8.241688668576927,-9.844489559816866,-4.462731725842675,-1.047190666333177,-0.6303464325066855,1.5001772472823887,-4.160360016825064,-6.7051006454519655,-10.716944820641165,-9.638195616232515,-5.374239331217969,-0.08228424057468355,2.323706760782172,5.1799838815945405,4.8322197785364285,5.318033730708971,0.794344410567542,-2.0508483848285977,-0.7576485531080318,4.776072375896174,9.929961390906415,8.753885848080108,3.566212777572742,13.682607371315946,6.376508438723112,14.415311588138334,21.46133787263275,21.91626247405396,17.403510447024182,14.590097513034484
Angelique,S28,epbin_NumWoGE_20F_Std_C1 25 rr fixF8 icfilt ica ep1 but chanlocs chansel chanlabels S28.csv,-7.975836663210966,-8.47957909986597,-10.679498975685142,-11.788691418984733,-12.243652049443194,-14.793780800654318,-15.235584872642766,-8.200654029853304,-9.529386431190984,-9.675142168195919,-12.319477301398273,-8.562398296231386,-9.16130716801339,-7.098736206723125,-9.242977934370279,-2.089830761154402,-2.112576825335664,-11.064766025300663,-6.813770584301166,-0.04751827264151675,0.8415623626835554,7.466382806815907,9.603550316252557,14.682162774977431,19.688892102631286,7.959254362986777,23.146023903244284,16.925854814512633,14.285231271842417,5.354270752558174,-1.1290175025049216,-5.095797012283272,-6.895959870292923,-2.146352517818581,1.9515047674536972,-5.14031103710509,-6.664541060343088,-10.82571536891097,-8.241688668576927,-9.844489559816866,-4.462731725842675,-1.047190666333177,-0.6303464325066855,1.5001772472823887,-4.160360016825064,-6.7051006454519655,-10.716944820641165,-9.638195616232515,-5.374239331217969,-0.08228424057468355,2.323706760782172,5.1799838815945405,4.8322197785364285,5.318033730708971,0.794344410567542,-2.0508483848285977,-0.7576485531080318,4.776072375896174,9.929961390906415,8.753885848080108,3.566212777572742,13.682607371315946,6.376508438723112,14.415311588138334,21.46133787263275,21.91626247405396,17.403510447024182,14.590097513034484
Angelique,S28,epbin_NumWoGE_20F_Std_Par 15 rr fixF8 icfilt ica ep1 but chanlocs chansel chanlabels S28.csv,-7.975836663210966,-8.47957909986597,-10.679498975685142,-11.788691418984733,-12.243652049443194,-14.793780800654318,-15.235584872642766,-8.200654029853304,-9.529386431190984,-9.675142168195919,-12.319477301398273,-8.562398296231386,-9.16130716801339,-7.098736206723125,-9.242977934370279,-2.089830761154402,-2.112576825335664,-11.064766025300663,-6.813770584301166,-0.04751827264151675,0.8415623626835554,7.466382806815907,9.603550316252557,14.682162774977431,19.688892102631286,7.959254362986777,23.146023903244284,16.925854814512633,14.285231271842417,5.354270752558174,-1.1290175025049216,-5.095797012283272,-6.895959870292923,-2.146352517818581,1.9515047674536972,-5.14031103710509,-6.664541060343088,-10.82571536891097,-8.241688668576927,-9.844489559816866,-4.462731725842675,-1.047190666333177,-0.6303464325066855,1.5001772472823887,-4.160360016825064,-6.7051006454519655,-10.716944820641165,-9.638195616232515,-5.374239331217969,-0.08228424057468355,2.323706760782172,5.1799838815945405,4.8322197785364285,5.318033730708971,0.794344410567542,-2.0508483848285977,-0.7576485531080318,4.776072375896174,9.929961390906415,8.753885848080108,3.566212777572742,13.682607371315946,6.376508438723112,14.415311588138334,21.46133787263275,21.91626247405396,17.403510447024182,14.590097513034484
Angelique,S29,epbin_Dig_1F_C1 21 rr ica ep1 but chanlocs chansel chanlabels S29.csv,-14.113225801217725,-27.629040607920615,-20.449893720858093,1.501510375332041,-2.4029388022176335,-11.90328505382437,-15.95054194629267,-12.534594718230148,-7.3047433153731935,-5.22757180818397,0.9573947295444143,-2.3609093564317023,3.868647230653086,-1.0672084706143714,2.8185280696583455,0.6285894576138571,2.491818376599713,-14.565264437124393,-9.501357881041063,-10.499852899601526,-8.899252111876917,-8.92826290637929,-21.647388640482756,-25.520470202102743,-14.608400231216482,-10.300086345734687,-10.746321456280551,9.63393875570802,1.336302093293401,-4.390113278431438,-9.5480938254011,-10.624579537600068,-16.197462867530476,-22.7902078281976,-19.918670985589934,-18.933966260120545,-17.919735734215283,3.1463474038302195,0.8010973741940772,0.8057459807982588,-6.790864927473806,-0.20435396412577278,11.380744393792668,17.26325820273491,4.238162783728218,5.710239293990632,1.142511997016896,0.07715235877978396,5.905133482517837,10.860342057954878,4.910653116794751,23.425323328109133,29.23481856719103,12.541517276477295,15.978864062671557,0.5758349876169826,-2.106645884252143,13.958477119241275,22.932996901279644,27.92039002477167,58.5371375564669,47.809615247563514,9.65698856453106,13.545609090467858,-35.11003864886797,-14.743286182661718,4.650950710399728,65.19198992321208
Angelique,S29,epbin_Dig_1F_Par 11 rr ica ep1 but chanlocs chansel chanlabels S29.csv,-14.113225801217725,-27.629040607920615,-20.449893720858093,1.501510375332041,-2.4029388022176335,-11.90328505382437,-15.95054194629267,-12.534594718230148,-7.3047433153731935,-5.22757180818397,0.9573947295444143,-2.3609093564317023,3.868647230653086,-1.0672084706143714,2.8185280696583455,0.6285894576138571,2.491818376599713,-14.565264437124393,-9.501357881041063,-10.499852899601526,-8.899252111876917,-8.92826290637929,-21.647388640482756,-25.520470202102743,-14.608400231216482,-10.300086345734687,-10.746321456280551,9.63393875570802,1.336302093293401,-4.390113278431438,-9.5480938254011,-10.624579537600068,-16.197462867530476,-22.7902078281976,-19.918670985589934,-18.933966260120545,-17.919735734215283,3.1463474038302195,0.8010973741940772,0.8057459807982588,-6.790864927473806,-0.20435396412577278,11.380744393792668,17.26325820273491,4.238162783728218,5.710239293990632,1.142511997016896,0.07715235877978396,5.905133482517837,10.860342057954878,4.910653116794751,23.425323328109133,29.23481856719103,12.541517276477295,15.978864062671557,0.5758349876169826,-2.106645884252143,13.958477119241275,22.932996901279644,27.92039002477167,58.5371375564669,47.809615247563514,9.65698856453106,13.545609090467858,-35.11003864886797,-14.743286182661718,4.650950710399728,65.19198992321208
Angelique,S29,epbin_Dig_20F_Atp_C1 23 rr ica ep1 but chanlocs chansel chanlabels S29.csv,-14.113225801217725,-27.629040607920615,-20.449893720858093,1.501510375332041,-2.4029388022176335,-11.90328505382437,-15.95054194629267,-12.534594718230148,-7.3047433153731935,-5.22757180818397,0.9573947295444143,-2.3609093564317023,3.868647230653086,-1.0672084706143714,2.8185280696583455,0.6285894576138571,2.491818376599713,-14.565264437124393,-9.501357881041063,-10.499852899601526,-8.899252111876917,-8.92826290637929,-21.647388640482756,-25.520470202102743,-14.608400231216482,-10.300086345734687,-10.746321456280551,9.63393875570802,1.336302093293401,-4.390113278431438,-9.5480938254011,-10.624579537600068,-16.197462867530476,-22.7902078281976,-19.918670985589934,-18.933966260120545,-17.919735734215283,3.1463474038302195,0.8010973741940772,0.8057459807982588,-6.790864927473806,-0.20435396412577278,11.380744393792668,17.26325820273491,4.238162783728218,5.710239293990632,1.142511997016896,0.07715235877978396,5.905133482517837,10.860342057954878,4.910653116794751,23.425323328109133,29.23481856719103,12.541517276477295,15.978864062671557,0.5758349876169826,-2.106645884252143,13.958477119241275,22.932996901279644,27.92039002477167,58.5371375564669,47.809615247563514,9.65698856453106,13.545609090467858,-35.11003864886797,-14.743286182661718,4.650950710399728,65.19198992321208
Angelique,S29,epbin_Dig_20F_Atp_Par 13 rr ica ep1 but chanlocs chansel chanlabels S29.csv,-14.113225801217725,-27.629040607920615,-20.449893720858093,1.501510375332041,-2.4029388022176335,-11.90328505382437,-15.95054194629267,-12.534594718230148,-7.3047433153731935,-5.22757180818397,0.9573947295444143,-2.3609093564317023,3.868647230653086,-1.0672084706143714,2.8185280696583455,0.6285894576138571,2.491818376599713,-14.565264437124393,-9.501357881041063,-10.499852899601526,-8.899252111876917,-8.92826290637929,-21.647388640482756,-25.520470202102743,-14.608400231216482,-10.300086345734687,-10.746321456280551,9.63393875570802,1.336302093293401,-4.390113278431438,-9.5480938254011,-10.624579537600068,-16.197462867530476,-22.7902078281976,-19.918670985589934,-18.933966260120545,-17.919735734215283,3.1463474038302195,0.8010973741940772,0.8057459807982588,-6.790864927473806,-0.20435396412577278,11.380744393792668,17.26325820273491,4.238162783728218,5.710239293990632,1.142511997016896,0.07715235877978396,5.905133482517837,10.860342057954878,4.910653116794751,23.425323328109133,29.23481856719103,12.541517276477295,15.978864062671557,0.5758349876169826,-2.106645884252143,13.958477119241275,22.932996901279644,27.92039002477167,58.5371375564669,47.809615247563514,9.65698856453106,13.545609090467858,-35.11003864886797,-14.743286182661718,4.650950710399728,65.19198992321208
Angelique,S29,epbin_Dig_20F_Std_C1 22 rr ica ep1 but chanlocs chansel chanlabels S29.csv,-14.113225801217725,-27.629040607920615,-20.449893720858093,1.501510375332041,-2.4029388022176335,-11.90328505382437,-15.95054194629267,-12.534594718230148,-7.3047433153731935,-5.22757180818397,0.9573947295444143,-2.3609093564317023,3.868647230653086,-1.0672084706143714,2.8185280696583455,0.6285894576138571,2.491818376599713,-14.565264437124393,-9.501357881041063,-10.499852899601526,-8.899252111876917,-8.92826290637929,-21.647388640482756,-25.520470202102743,-14.608400231216482,-10.300086345734687,-10.746321456280551,9.63393875570802,1.336302093293401,-4.390113278431438,-9.5480938254011,-10.624579537600068,-16.197462867530476,-22.7902078281976,-19.918670985589934,-18.933966260120545,-17.919735734215283,3.1463474038302195,0.8010973741940772,0.8057459807982588,-6.790864927473806,-0.20435396412577278,11.380744393792668,17.26325820273491,4.238162783728218,5.710239293990632,1.142511997016896,0.07715235877978396,5.905133482517837,10.860342057954878,4.910653116794751,23.425323328109133,29.23481856719103,12.541517276477295,15.978864062671557,0.5758349876169826,-2.106645884252143,13.958477119241275,22.932996901279644,27.92039002477167,58.5371375564669,47.809615247563514,9.65698856453106,13.545609090467858,-35.11003864886797,-14.743286182661718,4.650950710399728,65.19198992321208
Angelique,S29,epbin_Dig_20F_Std_Par 12 rr ica ep1 but chanlocs chansel chanlabels S29.csv,-14.113225801217725,-27.629040607920615,-20.449893720858093,1.501510375332041,-2.4029388022176335,-11.90328505382437,-15.95054194629267,-12.534594718230148,-7.3047433153731935,-5.22757180818397,0.9573947295444143,-2.3609093564317023,3.868647230653086,-1.0672084706143714,2.8185280696583455,0.6285894576138571,2.491818376599713,-14.565264437124393,-9.501357881041063,-10.499852899601526,-8.899252111876917,-8.92826290637929,-21.647388640482756,-25.520470202102743,-14.608400231216482,-10.300086345734687,-10.746321456280551,9.63393875570802,1.336302093293401,-4.390113278431438,-9.5480938254011,-10.624579537600068,-16.197462867530476,-22.7902078281976,-19.918670985589934,-18.933966260120545,-17.919735734215283,3.1463474038302195,0.8010973741940772,0.8057459807982588,-6.790864927473806,-0.20435396412577278,11.380744393792668,17.26325820273491,4.238162783728218,5.710239293990632,1.142511997016896,0.07715235877978396,5.905133482517837,10.860342057954878,4.910653116794751,23.425323328109133,29.23481856719103,12.541517276477295,15.978864062671557,0.5758349876169826,-2.106645884252143,13.958477119241275,22.932996901279644,27.92039002477167,58.5371375564669,47.809615247563514,9.65698856453106,13.545609090467858,-35.11003864886797,-14.743286182661718,4.650950710399728,65.19198992321208
Angelique,S29,epbin_NumWoGE_1F_C1 24 rr ica ep1 but chanlocs chansel chanlabels S29.csv,-14.113225801217725,-27.629040607920615,-20.449893720858093,1.501510375332041,-2.4029388022176335,-11.90328505382437,-15.95054194629267,-12.534594718230148,-7.3047433153731935,-5.22757180818397,0.9573947295444143,-2.3609093564317023,3.868647230653086,-1.0672084706143714,2.8185280696583455,0.6285894576138571,2.491818376599713,-14.565264437124393,-9.501357881041063,-10.499852899601526,-8.899252111876917,-8.92826290637929,-21.647388640482756,-25.520470202102743,-14.608400231216482,-10.300086345734687,-10.746321456280551,9.63393875570802,1.336302093293401,-4.390113278431438,-9.5480938254011,-10.624579537600068,-16.197462867530476,-22.7902078281976,-19.918670985589934,-18.933966260120545,-17.919735734215283,3.1463474038302195,0.8010973741940772,0.8057459807982588,-6.790864927473806,-0.20435396412577278,11.380744393792668,17.26325820273491,4.238162783728218,5.710239293990632,1.142511997016896,0.07715235877978396,5.905133482517837,10.860342057954878,4.910653116794751,23.425323328109133,29.23481856719103,12.541517276477295,15.978864062671557,0.5758349876169826,-2.106645884252143,13.958477119241275,22.932996901279644,27.92039002477167,58.5371375564669,47.809615247563514,9.65698856453106,13.545609090467858,-35.11003864886797,-14.743286182661718,4.650950710399728,65.19198992321208
Angelique,S29,epbin_NumWoGE_1F_Par 14 rr ica ep1 but chanlocs chansel chanlabels S29.csv,-14.113225801217725,-27.629040607920615,-20.449893720858093,1.501510375332041,-2.4029388022176335,-11.90328505382437,-15.95054194629267,-12.534594718230148,-7.3047433153731935,-5.22757180818397,0.9573947295444143,-2.3609093564317023,3.868647230653086,-1.0672084706143714,2.8185280696583455,0.6285894576138571,2.491818376599713,-14.565264437124393,-9.501357881041063,-10.499852899601526,-8.899252111876917,-8.92826290637929,-21.647388640482756,-25.520470202102743,-14.608400231216482,-10.300086345734687,-10.746321456280551,9.63393875570802,1.336302093293401,-4.390113278431438,-9.5480938254011,-10.624579537600068,-16.197462867530476,-22.7902078281976,-19.918670985589934,-18.933966260120545,-17.919735734215283,3.1463474038302195,0.8010973741940772,0.8057459807982588,-6.790864927473806,-0.20435396412577278,11.380744393792668,17.26325820273491,4.238162783728218,5.710239293990632,1.142511997016896,0.07715235877978396,5.905133482517837,10.860342057954878,4.910653116794751,23.425323328109133,29.23481856719103,12.541517276477295,15.978864062671557,0.5758349876169826,-2.106645884252143,13.958477119241275,22.932996901279644,27.92039002477167,58.5371375564669,47.809615247563514,9.65698856453106,13.545609090467858,-35.11003864886797,-14.743286182661718,4.650950710399728,65.19198992321208
Angelique,S29,epbin_NumWoGE_20F_Atp_C1 26 rr ica ep1 but chanlocs chansel chanlabels S29.csv,-14.113225801217725,-27.629040607920615,-20.449893720858093,1.501510375332041,-2.4029388022176335,-11.90328505382437,-15.95054194629267,-12.534594718230148,-7.3047433153731935,-5.22757180818397,0.9573947295444143,-2.3609093564317023,3.868647230653086,-1.0672084706143714,2.8185280696583455,0.6285894576138571,2.491818376599713,-14.565264437124393,-9.501357881041063,-10.499852899601526,-8.899252111876917,-8.92826290637929,-21.647388640482756,-25.520470202102743,-14.608400231216482,-10.300086345734687,-10.746321456280551,9.63393875570802,1.336302093293401,-4.390113278431438,-9.5480938254011,-10.624579537600068,-16.197462867530476,-22.7902078281976,-19.918670985589934,-18.933966260120545,-17.919735734215283,3.1463474038302195,0.8010973741940772,0.8057459807982588,-6.790864927473806,-0.20435396412577278,11.380744393792668,17.26325820273491,4.238162783728218,5.710239293990632,1.142511997016896,0.07715235877978396,5.905133482517837,10.860342057954878,4.910653116794751,23.425323328109133,29.23481856719103,12.541517276477295,15.978864062671557,0.5758349876169826,-2.106645884252143,13.958477119241275,22.932996901279644,27.92039002477167,58.5371375564669,47.809615247563514,9.65698856453106,13.545609090467858,-35.11003864886797,-14.743286182661718,4.650950710399728,65.19198992321208
Angelique,S29,epbin_NumWoGE_20F_Atp_Par 16 rr ica ep1 but chanlocs chansel chanlabels S29.csv,-14.113225801217725,-27.629040607920615,-20.449893720858093,1.501510375332041,-2.4029388022176335,-11.90328505382437,-15.95054194629267,-12.534594718230148,-7.3047433153731935,-5.22757180818397,0.9573947295444143,-2.3609093564317023,3.868647230653086,-1.0672084706143714,2.8185280696583455,0.6285894576138571,2.491818376599713,-14.565264437124393,-9.501357881041063,-10.499852899601526,-8.899252111876917,-8.92826290637929,-21.647388640482756,-25.520470202102743,-14.608400231216482,-10.300086345734687,-10.746321456280551,9.63393875570802,1.336302093293401,-4.390113278431438,-9.5480938254011,-10.624579537600068,-16.197462867530476,-22.7902078281976,-19.918670985589934,-18.933966260120545,-17.919735734215283,3.1463474038302195,0.8010973741940772,0.8057459807982588,-6.790864927473806,-0.20435396412577278,11.380744393792668,17.26325820273491,4.238162783728218,5.710239293990632,1.142511997016896,0.07715235877978396,5.905133482517837,10.860342057954878,4.910653116794751,23.425323328109133,29.23481856719103,12.541517276477295,15.978864062671557,0.5758349876169826,-2.106645884252143,13.958477119241275,22.932996901279644,27.92039002477167,58.5371375564669,47.809615247563514,9.65698856453106,13.545609090467858,-35.11003864886797,-14.743286182661718,4.650950710399728,65.19198992321208
Angelique,S29,epbin_NumWoGE_20F_Std_C1 25 rr ica ep1 but chanlocs chansel chanlabels S29.csv,-14.113225801217725,-27.629040607920615,-20.449893720858093,1.501510375332041,-2.4029388022176335,-11.90328505382437,-15.95054194629267,-12.534594718230148,-7.3047433153731935,-5.22757180818397,0.9573947295444143,-2.3609093564317023,3.868647230653086,-1.0672084706143714,2.8185280696583455,0.6285894576138571,2.491818376599713,-14.565264437124393,-9.501357881041063,-10.499852899601526,-8.899252111876917,-8.92826290637929,-21.647388640482756,-25.520470202102743,-14.608400231216482,-10.300086345734687,-10.746321456280551,9.63393875570802,1.336302093293401,-4.390113278431438,-9.5480938254011,-10.624579537600068,-16.197462867530476,-22.7902078281976,-19.918670985589934,-18.933966260120545,-17.919735734215283,3.1463474038302195,0.8010973741940772,0.8057459807982588,-6.790864927473806,-0.20435396412577278,11.380744393792668,17.26325820273491,4.238162783728218,5.710239293990632,1.142511997016896,0.07715235877978396,5.905133482517837,10.860342057954878,4.910653116794751,23.425323328109133,29.23481856719103,12.541517276477295,15.978864062671557,0.5758349876169826,-2.106645884252143,13.958477119241275,22.932996901279644,27.92039002477167,58.5371375564669,47.809615247563514,9.65698856453106,13.545609090467858,-35.11003864886797,-14.743286182661718,4.650950710399728,65.19198992321208
Angelique,S29,epbin_NumWoGE_20F_Std_Par 15 rr ica ep1 but chanlocs chansel chanlabels S29.csv,-14.113225801217725,-27.629040607920615,-20.449893720858093,1.501510375332041,-2.4029388022176335,-11.90328505382437,-15.95054194629267,-12.534594718230148,-7.3047433153731935,-5.22757180818397,0.9573947295444143,-2.3609093564317023,3.868647230653086,-1.0672084706143714,2.8185280696583455,0.6285894576138571,2.491818376599713,-14.565264437124393,-9.501357881041063,-10.499852899601526,-8.899252111876917,-8.92826290637929,-21.647388640482756,-25.520470202102743,-14.608400231216482,-10.300086345734687,-10.746321456280551,9.63393875570802,1.336302093293401,-4.390113278431438,-9.5480938254011,-10.624579537600068,-16.197462867530476,-22.7902078281976,-19.918670985589934,-18.933966260120545,-17.919735734215283,3.1463474038302195,0.8010973741940772,0.8057459807982588,-6.790864927473806,-0.20435396412577278,11.380744393792668,17.26325820273491,4.238162783728218,5.710239293990632,1.142511997016896,0.07715235877978396,5.905133482517837,10.860342057954878,4.910653116794751,23.425323328109133,29.23481856719103,12.541517276477295,15.978864062671557,0.5758349876169826,-2.106645884252143,13.958477119241275,22.932996901279644,27.92039002477167,58.5371375564669,47.809615247563514,9.65698856453106,13.545609090467858,-35.11003864886797,-14.743286182661718,4.650950710399728,65.19198992321208
Angelique,S31,epbin_Dig_1F_C1 21 rr fixTP8 fixC6 ica ep1 but chanlocs chansel chanlabels S31.csv,-0.6510812614598426,1.6380628881749524,-0.8404951400988272,-0.938426819984067,0.08620917666627122,1.293199451794698,2.897104915276155,5.488573516635939,2.9074470450402883,1.7604257420861364,-0.5101065880340612,-2.3622619216209455,-1.2456781891697009,1.4626441665309662,4.964226053644151,6.453842295415255,-0.4561184397794508,-1.1171557276695576,-4.378532958721873,-7.190487362953126,-3.9693855552632633,0.5122697329149926,6.6502764933606535,14.012810668930562,-1.0661294144116487,-9.666101792992109,-8.153948155249024,-1.2191705723272221,-7.245101533782892,-6.256942967532251,-5.316657852446732,-3.693870525876256,-0.3431362943963919,-2.444518963144727,2.667878170428487,0.23168536820634594,-0.9548396627876218,-0.6471386842828973,-1.781213619764626,-0.3342594363999322,1.5390690608720206,4.121395985838657,2.4561040712165743,3.596387670906196,0.013290606094130176,-2.0007503859634794,-3.109009424957488,-4.980974992065718,-2.3810186786799448,0.3913680633609247,2.7636273382857874,10.238621082328123,5.085965555290362,4.303127760061471,0.10129985033027268,-2.6731510646705092,-4.645769861583334,-4.197082309300004,0.44657790946439757,0.7161472779430123,7.69005462926338,0.7746490133937965,-5.120139027113481,-4.173922696753838,5.187489459859425,0.2653932296398787,-0.5248743521799573,3.8722315634474436
Angelique,S31,epbin_Dig_1F_Par 11 rr fixTP8 fixC6 ica ep1 but chanlocs chansel chanlabels S31.csv,-0.6510812614598426,1.6380628881749524,-0.8404951400988272,-0.938426819984067,0.08620917666627122,1.293199451794698,2.897104915276155,5.488573516635939,2.9074470450402883,1.7604257420861364,-0.5101065880340612,-2.3622619216209455,-1.2456781891697009,1.4626441665309662,4.964226053644151,6.453842295415255,-0.4561184397794508,-1.1171557276695576,-4.378532958721873,-7.190487362953126,-3.9693855552632633,0.5122697329149926,6.6502764933606535,14.012810668930562,-1.0661294144116487,-9.666101792992109,-8.153948155249024,-1.2191705723272221,-7.245101533782892,-6.256942967532251,-5.316657852446732,-3.693870525876256,-0.3431362943963919,-2.444518963144727,2.667878170428487,0.23168536820634594,-0.9548396627876218,-0.6471386842828973,-1.781213619764626,-0.3342594363999322,1.5390690608720206,4.121395985838657,2.4561040712165743,3.596387670906196,0.013290606094130176,-2.0007503859634794,-3.109009424957488,-4.980974992065718,-2.3810186786799448,0.3913680633609247,2.7636273382857874,10.238621082328123,5.085965555290362,4.303127760061471,0.10129985033027268,-2.6731510646705092,-4.645769861583334,-4.197082309300004,0.44657790946439757,0.7161472779430123,7.69005462926338,0.7746490133937965,-5.120139027113481,-4.173922696753838,5.187489459859425,0.2653932296398787,-0.5248743521799573,3.8722315634474436
Angelique,S31,epbin_Dig_20F_Atp_C1 23 rr fixTP8 fixC6 ica ep1 but chanlocs chansel chanlabels S31.csv,-0.6510812614598426,1.6380628881749524,-0.8404951400988272,-0.938426819984067,0.08620917666627122,1.293199451794698,2.897104915276155,5.488573516635939,2.9074470450402883,1.7604257420861364,-0.5101065880340612,-2.3622619216209455,-1.2456781891697009,1.4626441665309662,4.964226053644151,6.453842295415255,-0.4561184397794508,-1.1171557276695576,-4.378532958721873,-7.190487362953126,-3.9693855552632633,0.5122697329149926,6.6502764933606535,14.012810668930562,-1.0661294144116487,-9.666101792992109,-8.153948155249024,-1.2191705723272221,-7.245101533782892,-6.256942967532251,-5.316657852446732,-3.693870525876256,-0.3431362943963919,-2.444518963144727,2.667878170428487,0.23168536820634594,-0.9548396627876218,-0.6471386842828973,-1.781213619764626,-0.3342594363999322,1.5390690608720206,4.121395985838657,2.4561040712165743,3.596387670906196,0.013290606094130176,-2.0007503859634794,-3.109009424957488,-4.980974992065718,-2.3810186786799448,0.3913680633609247,2.7636273382857874,10.238621082328123,5.085965555290362,4.303127760061471,0.10129985033027268,-2.6731510646705092,-4.645769861583334,-4.197082309300004,0.44657790946439757,0.7161472779430123,7.69005462926338,0.7746490133937965,-5.120139027113481,-4.173922696753838,5.187489459859425,0.2653932296398787,-0.5248743521799573,3.8722315634474436
Angelique,S31,epbin_Dig_20F_Atp_Par 13 rr fixTP8 fixC6 ica ep1 but chanlocs chansel chanlabels S31.csv,-0.6510812614598426,1.6380628881749524,-0.8404951400988272,-0.938426819984067,0.08620917666627122,1.293199451794698,2.897104915276155,5.488573516635939,2.9074470450402883,1.7604257420861364,-0.5101065880340612,-2.3622619216209455,-1.2456781891697009,1.4626441665309662,4.964226053644151,6.453842295415255,-0.4561184397794508,-1.1171557276695576,-4.378532958721873,-7.190487362953126,-3.9693855552632633,0.5122697329149926,6.6502764933606535,14.012810668930562,-1.0661294144116487,-9.666101792992109,-8.153948155249024,-1.2191705723272221,-7.245101533782892,-6.256942967532251,-5.316657852446732,-3.693870525876256,-0.3431362943963919,-2.444518963144727,2.667878170428487,0.23168536820634594,-0.9548396627876218,-0.6471386842828973,-1.781213619764626,-0.3342594363999322,1.5390690608720206,4.121395985838657,2.4561040712165743,3.596387670906196,0.013290606094130176,-2.0007503859634794,-3.109009424957488,-4.980974992065718,-2.3810186786799448,0.3913680633609247,2.7636273382857874,10.238621082328123,5.085965555290362,4.303127760061471,0.10129985033027268,-2.6731510646705092,-4.645769861583334,-4.197082309300004,0.44657790946439757,0.7161472779430123,7.69005462926338,0.7746490133937965,-5.120139027113481,-4.173922696753838,5.187489459859425,0.2653932296398787,-0.5248743521799573,3.8722315634474436
Angelique,S31,epbin_Dig_20F_Std_C1 22 rr fixTP8 fixC6 ica ep1 but chanlocs chansel chanlabels S31.csv,-0.6510812614598426,1.6380628881749524,-0.8404951400988272,-0.938426819984067,0.08620917666627122,1.293199451794698,2.897104915276155,5.488573516635939,2.9074470450402883,1.7604257420861364,-0.5101065880340612,-2.3622619216209455,-1.2456781891697009,1.4626441665309662,4.964226053644151,6.453842295415255,-0.4561184397794508,-1.1171557276695576,-4.378532958721873,-7.190487362953126,-3.9693855552632633,0.5122697329149926,6.6502764933606535,14.012810668930562,-1.0661294144116487,-9.666101792992109,-8.153948155249024,-1.2191705723272221,-7.245101533782892,-6.256942967532251,-5.316657852446732,-3.693870525876256,-0.3431362943963919,-2.444518963144727,2.667878170428487,0.23168536820634594,-0.9548396627876218,-0.6471386842828973,-1.781213619764626,-0.3342594363999322,1.5390690608720206,4.121395985838657,2.4561040712165743,3.596387670906196,0.013290606094130176,-2.0007503859634794,-3.109009424957488,-4.980974992065718,-2.3810186786799448,0.3913680633609247,2.7636273382857874,10.238621082328123,5.085965555290362,4.303127760061471,0.10129985033027268,-2.6731510646705092,-4.645769861583334,-4.197082309300004,0.44657790946439757,0.7161472779430123,7.69005462926338,0.7746490133937965,-5.120139027113481,-4.173922696753838,5.187489459859425,0.2653932296398787,-0.5248743521799573,3.8722315634474436
Angelique,S31,epbin_Dig_20F_Std_Par 12 rr fixTP8 fixC6 ica ep1 but chanlocs chansel chanlabels S31.csv,-0.6510812614598426,1.6380628881749524,-0.8404951400988272,-0.938426819984067,0.08620917666627122,1.293199451794698,2.897104915276155,5.488573516635939,2.9074470450402883,1.7604257420861364,-0.5101065880340612,-2.3622619216209455,-1.2456781891697009,1.4626441665309662,4.964226053644151,6.453842295415255,-0.4561184397794508,-1.1171557276695576,-4.378532958721873,-7.190487362953126,-3.9693855552632633,0.5122697329149926,6.6502764933606535,14.012810668930562,-1.0661294144116487,-9.666101792992109,-8.153948155249024,-1.2191705723272221,-7.245101533782892,-6.256942967532251,-5.316657852446732,-3.693870525876256,-0.3431362943963919,-2.444518963144727,2.667878170428487,0.23168536820634594,-0.9548396627876218,-0.6471386842828973,-1.781213619764626,-0.3342594363999322,1.5390690608720206,4.121395985838657,2.4561040712165743,3.596387670906196,0.013290606094130176,-2.0007503859634794,-3.109009424957488,-4.980974992065718,-2.3810186786799448,0.3913680633609247,2.7636273382857874,10.238621082328123,5.085965555290362,4.303127760061471,0.10129985033027268,-2.6731510646705092,-4.645769861583334,-4.197082309300004,0.44657790946439757,0.7161472779430123,7.69005462926338,0.7746490133937965,-5.120139027113481,-4.173922696753838,5.187489459859425,0.2653932296398787,-0.5248743521799573,3.8722315634474436
Angelique,S31,epbin_NumWoGE_1F_C1 24 rr fixTP8 fixC6 ica ep1 but chanlocs chansel chanlabels S31.csv,-0.6510812614598426,1.6380628881749524,-0.8404951400988272,-0.938426819984067,0.08620917666627122,1.293199451794698,2.897104915276155,5.488573516635939,2.9074470450402883,1.7604257420861364,-0.5101065880340612,-2.3622619216209455,-1.2456781891697009,1.4626441665309662,4.964226053644151,6.453842295415255,-0.4561184397794508,-1.1171557276695576,-4.378532958721873,-7.190487362953126,-3.9693855552632633,0.5122697329149926,6.6502764933606535,14.012810668930562,-1.0661294144116487,-9.666101792992109,-8.153948155249024,-1.2191705723272221,-7.245101533782892,-6.256942967532251,-5.316657852446732,-3.693870525876256,-0.3431362943963919,-2.444518963144727,2.667878170428487,0.23168536820634594,-0.9548396627876218,-0.6471386842828973,-1.781213619764626,-0.3342594363999322,1.5390690608720206,4.121395985838657,2.4561040712165743,3.596387670906196,0.013290606094130176,-2.0007503859634794,-3.109009424957488,-4.980974992065718,-2.3810186786799448,0.3913680633609247,2.7636273382857874,10.238621082328123,5.085965555290362,4.303127760061471,0.10129985033027268,-2.6731510646705092,-4.645769861583334,-4.197082309300004,0.44657790946439757,0.7161472779430123,7.69005462926338,0.7746490133937965,-5.120139027113481,-4.173922696753838,5.187489459859425,0.2653932296398787,-0.5248743521799573,3.8722315634474436
Angelique,S31,epbin_NumWoGE_1F_Par 14 rr fixTP8 fixC6 ica ep1 but chanlocs chansel chanlabels S31.csv,-0.6510812614598426,1.6380628881749524,-0.8404951400988272,-0.938426819984067,0.08620917666627122,1.293199451794698,2.897104915276155,5.488573516635939,2.9074470450402883,1.7604257420861364,-0.5101065880340612,-2.3622619216209455,-1.2456781891697009,1.4626441665309662,4.964226053644151,6.453842295415255,-0.4561184397794508,-1.1171557276695576,-4.378532958721873,-7.190487362953126,-3.9693855552632633,0.5122697329149926,6.6502764933606535,14.012810668930562,-1.0661294144116487,-9.666101792992109,-8.153948155249024,-1.2191705723272221,-7.245101533782892,-6.256942967532251,-5.316657852446732,-3.693870525876256,-0.3431362943963919,-2.444518963144727,2.667878170428487,0.23168536820634594,-0.9548396627876218,-0.6471386842828973,-1.781213619764626,-0.3342594363999322,1.5390690608720206,4.121395985838657,2.4561040712165743,3.596387670906196,0.013290606094130176,-2.0007503859634794,-3.109009424957488,-4.980974992065718,-2.3810186786799448,0.3913680633609247,2.7636273382857874,10.238621082328123,5.085965555290362,4.303127760061471,0.10129985033027268,-2.6731510646705092,-4.645769861583334,-4.197082309300004,0.44657790946439757,0.7161472779430123,7.69005462926338,0.7746490133937965,-5.120139027113481,-4.173922696753838,5.187489459859425,0.2653932296398787,-0.5248743521799573,3.8722315634474436
Angelique,S31,epbin_NumWoGE_20F_Atp_C1 26 rr fixTP8 fixC6 ica ep1 but chanlocs chansel chanlabels S31.csv,-0.6510812614598426,1.6380628881749524,-0.8404951400988272,-0.938426819984067,0.08620917666627122,1.293199451794698,2.897104915276155,5.488573516635939,2.9074470450402883,1.7604257420861364,-0.5101065880340612,-2.3622619216209455,-1.2456781891697009,1.4626441665309662,4.964226053644151,6.453842295415255,-0.4561184397794508,-1.1171557276695576,-4.378532958721873,-7.190487362953126,-3.9693855552632633,0.5122697329149926,6.6502764933606535,14.012810668930562,-1.0661294144116487,-9.666101792992109,-8.153948155249024,-1.2191705723272221,-7.245101533782892,-6.256942967532251,-5.316657852446732,-3.693870525876256,-0.3431362943963919,-2.444518963144727,2.667878170428487,0.23168536820634594,-0.9548396627876218,-0.6471386842828973,-1.781213619764626,-0.3342594363999322,1.5390690608720206,4.121395985838657,2.4561040712165743,3.596387670906196,0.013290606094130176,-2.0007503859634794,-3.109009424957488,-4.980974992065718,-2.3810186786799448,0.3913680633609247,2.7636273382857874,10.238621082328123,5.085965555290362,4.303127760061471,0.10129985033027268,-2.6731510646705092,-4.645769861583334,-4.197082309300004,0.44657790946439757,0.7161472779430123,7.69005462926338,0.7746490133937965,-5.120139027113481,-4.173922696753838,5.187489459859425,0.2653932296398787,-0.5248743521799573,3.8722315634474436
Angelique,S31,epbin_NumWoGE_20F_Atp_Par 16 rr fixTP8 fixC6 ica ep1 but chanlocs chansel chanlabels S31.csv,-0.6510812614598426,1.6380628881749524,-0.8404951400988272,-0.938426819984067,0.08620917666627122,1.293199451794698,2.897104915276155,5.488573516635939,2.9074470450402883,1.7604257420861364,-0.5101065880340612,-2.3622619216209455,-1.2456781891697009,1.4626441665309662,4.964226053644151,6.453842295415255,-0.4561184397794508,-1.1171557276695576,-4.378532958721873,-7.190487362953126,-3.9693855552632633,0.5122697329149926,6.6502764933606535,14.012810668930562,-1.0661294144116487,-9.666101792992109,-8.153948155249024,-1.2191705723272221,-7.245101533782892,-6.256942967532251,-5.316657852446732,-3.693870525876256,-0.3431362943963919,-2.444518963144727,2.667878170428487,0.23168536820634594,-0.9548396627876218,-0.6471386842828973,-1.781213619764626,-0.3342594363999322,1.5390690608720206,4.121395985838657,2.4561040712165743,3.596387670906196,0.013290606094130176,-2.0007503859634794,-3.109009424957488,-4.980974992065718,-2.3810186786799448,0.3913680633609247,2.7636273382857874,10.238621082328123,5.085965555290362,4.303127760061471,0.10129985033027268,-2.6731510646705092,-4.645769861583334,-4.197082309300004,0.44657790946439757,0.7161472779430123,7.69005462926338,0.7746490133937965,-5.120139027113481,-4.173922696753838,5.187489459859425,0.2653932296398787,-0.5248743521799573,3.8722315634474436
Angelique,S31,epbin_NumWoGE_20F_Std_C1 25 rr fixTP8 fixC6 ica ep1 but chanlocs chansel chanlabels S31.csv,-0.6510812614598426,1.6380628881749524,-0.8404951400988272,-0.938426819984067,0.08620917666627122,1.293199451794698,2.897104915276155,5.488573516635939,2.9074470450402883,1.7604257420861364,-0.5101065880340612,-2.3622619216209455,-1.2456781891697009,1.4626441665309662,4.964226053644151,6.453842295415255,-0.4561184397794508,-1.1171557276695576,-4.378532958721873,-7.190487362953126,-3.9693855552632633,0.5122697329149926,6.6502764933606535,14.012810668930562,-1.0661294144116487,-9.666101792992109,-8.153948155249024,-1.2191705723272221,-7.245101533782892,-6.256942967532251,-5.316657852446732,-3.693870525876256,-0.3431362943963919,-2.444518963144727,2.667878170428487,0.23168536820634594,-0.9548396627876218,-0.6471386842828973,-1.781213619764626,-0.3342594363999322,1.5390690608720206,4.121395985838657,2.4561040712165743,3.596387670906196,0.013290606094130176,-2.0007503859634794,-3.109009424957488,-4.980974992065718,-2.3810186786799448,0.3913680633609247,2.7636273382857874,10.238621082328123,5.085965555290362,4.303127760061471,0.10129985033027268,-2.6731510646705092,-4.645769861583334,-4.197082309300004,0.44657790946439757,0.7161472779430123,7.69005462926338,0.7746490133937965,-5.120139027113481,-4.173922696753838,5.187489459859425,0.2653932296398787,-0.5248743521799573,3.8722315634474436
Angelique,S31,epbin_NumWoGE_20F_Std_Par 15 rr fixTP8 fixC6 ica ep1 but chanlocs chansel chanlabels S31.csv,-0.6510812614598426,1.6380628881749524,-0.8404951400988272,-0.938426819984067,0.08620917666627122,1.293199451794698,2.897104915276155,5.488573516635939,2.9074470450402883,1.7604257420861364,-0.5101065880340612,-2.3622619216209455,-1.2456781891697009,1.4626441665309662,4.964226053644151,6.453842295415255,-0.4561184397794508,-1.1171557276695576,-4.378532958721873,-7.190487362953126,-3.9693855552632633,0.5122697329149926,6.6502764933606535,14.012810668930562,-1.0661294144116487,-9.666101792992109,-8.153948155249024,-1.2191705723272221,-7.245101533782892,-6.256942967532251,-5.316657852446732,-3.693870525876256,-0.3431362943963919,-2.444518963144727,2.667878170428487,0.23168536820634594,-0.9548396627876218,-0.6471386842828973,-1.781213619764626,-0.3342594363999322,1.5390690608720206,4.121395985838657,2.4561040712165743,3.596387670906196,0.013290606094130176,-2.0007503859634794,-3.109009424957488,-4.980974992065718,-2.3810186786799448,0.3913680633609247,2.7636273382857874,10.238621082328123,5.085965555290362,4.303127760061471,0.10129985033027268,-2.6731510646705092,-4.645769861583334,-4.197082309300004,0.44657790946439757,0.7161472779430123,7.69005462926338,0.7746490133937965,-5.120139027113481,-4.173922696753838,5.187489459859425,0.2653932296398787,-0.5248743521799573,3.8722315634474436
Angelique,S32,epbin_Dig_1F_C1 21 rr fixF6 fixP5 fixFC5 icfilt ica ep1 but chanlocs chansel chanlabels S32.csv,-8.13513653418225,-17.482786028185203,-4.804031935836466,-0.6937470012995661,-5.523157856364868,-3.101900551375425,-13.262420129642084,-14.96685199579295,-7.6482409810509555,-1.0229278732752203,0.564715146640449,-4.376840706232148,-8.340159127922641,-4.875966092091938,-5.488176975360226,-5.841820168344792,-4.639170716432796,-0.32517451715229456,0.15505276135792687,1.3304301137979133,-1.0817216448920175,-0.7992494175972958,3.3231458175984456,3.8300736730758977,12.069233072170542,0.9361353441996689,7.524597804648738,15.676890332648139,8.256965077520748,5.474099162189902,2.832323021631921,0.437099087127094,-7.06949076315956,-1.4301957527020843,2.3204290282478204,-4.079068109450153,-3.595575112398935,-3.559446626711519,-5.4058514479834665,-7.20833146271187,-6.240715017315026,-5.2027428052276,2.7072353878741495,-6.311070225441657,-5.336702751112531,-5.614623092103229,-3.063831933470741,-2.468393067499153,-4.016727773156313,-4.5637814215352535,2.7593989153434224,-0.9685388288394472,0.8834639876682987,1.2613488593228703,0.5082116015327589,-1.8039988717212627,2.4693525400776926,4.4224555400011285,4.038196761187555,6.475182553556884,1.0836905583468006,12.759859496250673,6.803904833476053,15.584716148189445,14.816061405119205,20.127083003142108,15.483299026083808,13.433928520191293
Angelique,S32,epbin_Dig_1F_Par 11 rr fixF6 fixP5 fixFC5 icfilt ica ep1 but chanlocs chansel chanlabels S32.csv,-8.13513653418225,-17.482786028185203,-4.804031935836466,-0.6937470012995661,-5.523157856364868,-3.101900551375425,-13.262420129642084,-14.96685199579295,-7.6482409810509555,-1.0229278732752203,0.564715146640449,-4.376840706232148,-8.340159127922641,-4.875966092091938,-5.488176975360226,-5.841820168344792,-4.639170716432796,-0.32517451715229456,0.15505276135792687,1.3304301137979133,-1.0817216448920175,-0.7992494175972958,3.3231458175984456,3.8300736730758977,12.069233072170542,0.9361353441996689,7.524597804648738,15.676890332648139,8.256965077520748,5.474099162189902,2.832323021631921,0.437099087127094,-7.06949076315956,-1.4301957527020843,2.3204290282478204,-4.079068109450153,-3.595575112398935,-3.559446626711519,-5.4058514479834665,-7.20833146271187,-6.240715017315026,-5.2027428052276,2.7072353878741495,-6.311070225441657,-5.336702751112531,-5.614623092103229,-3.063831933470741,-2.468393067499153,-4.016727773156313,-4.5637814215352535,2.7593989153434224,-0.9685388288394472,0.8834639876682987,1.2613488593228703,0.5082116015327589,-1.8039988717212627,2.4693525400776926,4.4224555400011285,4.038196761187555,6.475182553556884,1.0836905583468006,12.759859496250673,6.803904833476053,15.584716148189445,14.816061405119205,20.127083003142108,15.483299026083808,13.433928520191293
Angelique,S32,epbin_Dig_20F_Atp_C1 23 rr fixF6 fixP5 fixFC5 icfilt ica ep1 but chanlocs chansel chanlabels S32.csv,-8.13513653418225,-17.482786028185203,-4.804031935836466,-0.6937470012995661,-5.523157856364868,-3.101900551375425,-13.262420129642084,-14.96685199579295,-7.6482409810509555,-1.0229278732752203,0.564715146640449,-4.376840706232148,-8.340159127922641,-4.875966092091938,-5.488176975360226,-5.841820168344792,-4.639170716432796,-0.32517451715229456,0.15505276135792687,1.3304301137979133,-1.0817216448920175,-0.7992494175972958,3.3231458175984456,3.8300736730758977,12.069233072170542,0.9361353441996689,7.524597804648738,15.676890332648139,8.256965077520748,5.474099162189902,2.832323021631921,0.437099087127094,-7.06949076315956,-1.4301957527020843,2.3204290282478204,-4.079068109450153,-3.595575112398935,-3.559446626711519,-5.4058514479834665,-7.20833146271187,-6.240715017315026,-5.2027428052276,2.7072353878741495,-6.311070225441657,-5.336702751112531,-5.614623092103229,-3.063831933470741,-2.468393067499153,-4.016727773156313,-4.5637814215352535,2.7593989153434224,-0.9685388288394472,0.8834639876682987,1.2613488593228703,0.5082116015327589,-1.8039988717212627,2.4693525400776926,4.4224555400011285,4.038196761187555,6.475182553556884,1.0836905583468006,12.759859496250673,6.803904833476053,15.584716148189445,14.816061405119205,20.127083003142108,15.483299026083808,13.433928520191293
Angelique,S32,epbin_Dig_20F_Atp_Par 13 rr fixF6 fixP5 fixFC5 icfilt ica ep1 but chanlocs chansel chanlabels S32.csv,-8.13513653418225,-17.482786028185203,-4.804031935836466,-0.6937470012995661,-5.523157856364868,-3.101900551375425,-13.262420129642084,-14.96685199579295,-7.6482409810509555,-1.0229278732752203,0.564715146640449,-4.376840706232148,-8.340159127922641,-4.875966092091938,-5.488176975360226,-5.841820168344792,-4.639170716432796,-0.32517451715229456,0.15505276135792687,1.3304301137979133,-1.0817216448920175,-0.7992494175972958,3.3231458175984456,3.8300736730758977,12.069233072170542,0.9361353441996689,7.524597804648738,15.676890332648139,8.256965077520748,5.474099162189902,2.832323021631921,0.437099087127094,-7.06949076315956,-1.4301957527020843,2.3204290282478204,-4.079068109450153,-3.595575112398935,-3.559446626711519,-5.4058514479834665,-7.20833146271187,-6.240715017315026,-5.2027428052276,2.7072353878741495,-6.311070225441657,-5.336702751112531,-5.614623092103229,-3.063831933470741,-2.468393067499153,-4.016727773156313,-4.5637814215352535,2.7593989153434224,-0.9685388288394472,0.8834639876682987,1.2613488593228703,0.5082116015327589,-1.8039988717212627,2.4693525400776926,4.4224555400011285,4.038196761187555,6.475182553556884,1.0836905583468006,12.759859496250673,6.803904833476053,15.584716148189445,14.816061405119205,20.127083003142108,15.483299026083808,13.433928520191293
Angelique,S32,epbin_Dig_20F_Std_C1 22 rr fixF6 fixP5 fixFC5 icfilt ica ep1 but chanlocs chansel chanlabels S32.csv,-8.13513653418225,-17.482786028185203,-4.804031935836466,-0.6937470012995661,-5.523157856364868,-3.101900551375425,-13.262420129642084,-14.96685199579295,-7.6482409810509555,-1.0229278732752203,0.564715146640449,-4.376840706232148,-8.340159127922641,-4.875966092091938,-5.488176975360226,-5.841820168344792,-4.639170716432796,-0.32517451715229456,0.15505276135792687,1.3304301137979133,-1.0817216448920175,-0.7992494175972958,3.3231458175984456,3.8300736730758977,12.069233072170542,0.9361353441996689,7.524597804648738,15.676890332648139,8.256965077520748,5.474099162189902,2.832323021631921,0.437099087127094,-7.06949076315956,-1.4301957527020843,2.3204290282478204,-4.079068109450153,-3.595575112398935,-3.559446626711519,-5.4058514479834665,-7.20833146271187,-6.240715017315026,-5.2027428052276,2.7072353878741495,-6.311070225441657,-5.336702751112531,-5.614623092103229,-3.063831933470741,-2.468393067499153,-4.016727773156313,-4.5637814215352535,2.7593989153434224,-0.9685388288394472,0.8834639876682987,1.2613488593228703,0.5082116015327589,-1.8039988717212627,2.4693525400776926,4.4224555400011285,4.038196761187555,6.475182553556884,1.0836905583468006,12.759859496250673,6.803904833476053,15.584716148189445,14.816061405119205,20.127083003142108,15.483299026083808,13.433928520191293
Angelique,S32,epbin_Dig_20F_Std_Par 12 rr fixF6 fixP5 fixFC5 icfilt ica ep1 but chanlocs chansel chanlabels S32.csv,-8.13513653418225,-17.482786028185203,-4.804031935836466,-0.6937470012995661,-5.523157856364868,-3.101900551375425,-13.262420129642084,-14.96685199579295,-7.6482409810509555,-1.0229278732752203,0.564715146640449,-4.376840706232148,-8.340159127922641,-4.875966092091938,-5.488176975360226,-5.841820168344792,-4.639170716432796,-0.32517451715229456,0.15505276135792687,1.3304301137979133,-1.0817216448920175,-0.7992494175972958,3.3231458175984456,3.8300736730758977,12.069233072170542,0.9361353441996689,7.524597804648738,15.676890332648139,8.256965077520748,5.474099162189902,2.832323021631921,0.437099087127094,-7.06949076315956,-1.4301957527020843,2.3204290282478204,-4.079068109450153,-3.595575112398935,-3.559446626711519,-5.4058514479834665,-7.20833146271187,-6.240715017315026,-5.2027428052276,2.7072353878741495,-6.311070225441657,-5.336702751112531,-5.614623092103229,-3.063831933470741,-2.468393067499153,-4.016727773156313,-4.5637814215352535,2.7593989153434224,-0.9685388288394472,0.8834639876682987,1.2613488593228703,0.5082116015327589,-1.8039988717212627,2.4693525400776926,4.4224555400011285,4.038196761187555,6.475182553556884,1.0836905583468006,12.759859496250673,6.803904833476053,15.584716148189445,14.816061405119205,20.127083003142108,15.483299026083808,13.433928520191293
Angelique,S32,epbin_NumWoGE_1F_C1 24 rr fixF6 fixP5 fixFC5 icfilt ica ep1 but chanlocs chansel chanlabels S32.csv,-8.13513653418225,-17.482786028185203,-4.804031935836466,-0.6937470012995661,-5.523157856364868,-3.101900551375425,-13.262420129642084,-14.96685199579295,-7.6482409810509555,-1.0229278732752203,0.564715146640449,-4.376840706232148,-8.340159127922641,-4.875966092091938,-5.488176975360226,-5.841820168344792,-4.639170716432796,-0.32517451715229456,0.15505276135792687,1.3304301137979133,-1.0817216448920175,-0.7992494175972958,3.3231458175984456,3.8300736730758977,12.069233072170542,0.9361353441996689,7.524597804648738,15.676890332648139,8.256965077520748,5.474099162189902,2.832323021631921,0.437099087127094,-7.06949076315956,-1.4301957527020843,2.3204290282478204,-4.079068109450153,-3.595575112398935,-3.559446626711519,-5.4058514479834665,-7.20833146271187,-6.240715017315026,-5.2027428052276,2.7072353878741495,-6.311070225441657,-5.336702751112531,-5.614623092103229,-3.063831933470741,-2.468393067499153,-4.016727773156313,-4.5637814215352535,2.7593989153434224,-0.9685388288394472,0.8834639876682987,1.2613488593228703,0.5082116015327589,-1.8039988717212627,2.4693525400776926,4.4224555400011285,4.038196761187555,6.475182553556884,1.0836905583468006,12.759859496250673,6.803904833476053,15.584716148189445,14.816061405119205,20.127083003142108,15.483299026083808,13.433928520191293
Angelique,S32,epbin_NumWoGE_1F_Par 14 rr fixF6 fixP5 fixFC5 icfilt ica ep1 but chanlocs chansel chanlabels S32.csv,-8.13513653418225,-17.482786028185203,-4.804031935836466,-0.6937470012995661,-5.523157856364868,-3.101900551375425,-13.262420129642084,-14.96685199579295,-7.6482409810509555,-1.0229278732752203,0.564715146640449,-4.376840706232148,-8.340159127922641,-4.875966092091938,-5.488176975360226,-5.841820168344792,-4.639170716432796,-0.32517451715229456,0.15505276135792687,1.3304301137979133,-1.0817216448920175,-0.7992494175972958,3.3231458175984456,3.8300736730758977,12.069233072170542,0.9361353441996689,7.524597804648738,15.676890332648139,8.256965077520748,5.474099162189902,2.832323021631921,0.437099087127094,-7.06949076315956,-1.4301957527020843,2.3204290282478204,-4.079068109450153,-3.595575112398935,-3.559446626711519,-5.4058514479834665,-7.20833146271187,-6.240715017315026,-5.2027428052276,2.7072353878741495,-6.311070225441657,-5.336702751112531,-5.614623092103229,-3.063831933470741,-2.468393067499153,-4.016727773156313,-4.5637814215352535,2.7593989153434224,-0.9685388288394472,0.8834639876682987,1.2613488593228703,0.5082116015327589,-1.8039988717212627,2.4693525400776926,4.4224555400011285,4.038196761187555,6.475182553556884,1.0836905583468006,12.759859496250673,6.803904833476053,15.584716148189445,14.816061405119205,20.127083003142108,15.483299026083808,13.433928520191293
Angelique,S32,epbin_NumWoGE_20F_Atp_C1 26 rr fixF6 fixP5 fixFC5 icfilt ica ep1 but chanlocs chansel chanlabels S32.csv,-8.13513653418225,-17.482786028185203,-4.804031935836466,-0.6937470012995661,-5.523157856364868,-3.101900551375425,-13.262420129642084,-14.96685199579295,-7.6482409810509555,-1.0229278732752203,0.564715146640449,-4.376840706232148,-8.340159127922641,-4.875966092091938,-5.488176975360226,-5.841820168344792,-4.639170716432796,-0.32517451715229456,0.15505276135792687,1.3304301137979133,-1.0817216448920175,-0.7992494175972958,3.3231458175984456,3.8300736730758977,12.069233072170542,0.9361353441996689,7.524597804648738,15.676890332648139,8.256965077520748,5.474099162189902,2.832323021631921,0.437099087127094,-7.06949076315956,-1.4301957527020843,2.3204290282478204,-4.079068109450153,-3.595575112398935,-3.559446626711519,-5.4058514479834665,-7.20833146271187,-6.240715017315026,-5.2027428052276,2.7072353878741495,-6.311070225441657,-5.336702751112531,-5.614623092103229,-3.063831933470741,-2.468393067499153,-4.016727773156313,-4.5637814215352535,2.7593989153434224,-0.9685388288394472,0.8834639876682987,1.2613488593228703,0.5082116015327589,-1.8039988717212627,2.4693525400776926,4.4224555400011285,4.038196761187555,6.475182553556884,1.0836905583468006,12.759859496250673,6.803904833476053,15.584716148189445,14.816061405119205,20.127083003142108,15.483299026083808,13.433928520191293
Angelique,S32,epbin_NumWoGE_20F_Atp_Par 16 rr fixF6 fixP5 fixFC5 icfilt ica ep1 but chanlocs chansel chanlabels S32.csv,-8.13513653418225,-17.482786028185203,-4.804031935836466,-0.6937470012995661,-5.523157856364868,-3.101900551375425,-13.262420129642084,-14.96685199579295,-7.6482409810509555,-1.0229278732752203,0.564715146640449,-4.376840706232148,-8.340159127922641,-4.875966092091938,-5.488176975360226,-5.841820168344792,-4.639170716432796,-0.32517451715229456,0.15505276135792687,1.3304301137979133,-1.0817216448920175,-0.7992494175972958,3.3231458175984456,3.8300736730758977,12.069233072170542,0.9361353441996689,7.524597804648738,15.676890332648139,8.256965077520748,5.474099162189902,2.832323021631921,0.437099087127094,-7.06949076315956,-1.4301957527020843,2.3204290282478204,-4.079068109450153,-3.595575112398935,-3.559446626711519,-5.4058514479834665,-7.20833146271187,-6.240715017315026,-5.2027428052276,2.7072353878741495,-6.311070225441657,-5.336702751112531,-5.614623092103229,-3.063831933470741,-2.468393067499153,-4.016727773156313,-4.5637814215352535,2.7593989153434224,-0.9685388288394472,0.8834639876682987,1.2613488593228703,0.5082116015327589,-1.8039988717212627,2.4693525400776926,4.4224555400011285,4.038196761187555,6.475182553556884,1.0836905583468006,12.759859496250673,6.803904833476053,15.584716148189445,14.816061405119205,20.127083003142108,15.483299026083808,13.433928520191293
Angelique,S32,epbin_NumWoGE_20F_Std_C1 25 rr fixF6 fixP5 fixFC5 icfilt ica ep1 but chanlocs chansel chanlabels S32.csv,-8.13513653418225,-17.482786028185203,-4.804031935836466,-0.6937470012995661,-5.523157856364868,-3.101900551375425,-13.262420129642084,-14.96685199579295,-7.6482409810509555,-1.0229278732752203,0.564715146640449,-4.376840706232148,-8.340159127922641,-4.875966092091938,-5.488176975360226,-5.841820168344792,-4.639170716432796,-0.32517451715229456,0.15505276135792687,1.3304301137979133,-1.0817216448920175,-0.7992494175972958,3.3231458175984456,3.8300736730758977,12.069233072170542,0.9361353441996689,7.524597804648738,15.676890332648139,8.256965077520748,5.474099162189902,2.832323021631921,0.437099087127094,-7.06949076315956,-1.4301957527020843,2.3204290282478204,-4.079068109450153,-3.595575112398935,-3.559446626711519,-5.4058514479834665,-7.20833146271187,-6.240715017315026,-5.2027428052276,2.7072353878741495,-6.311070225441657,-5.336702751112531,-5.614623092103229,-3.063831933470741,-2.468393067499153,-4.016727773156313,-4.5637814215352535,2.7593989153434224,-0.9685388288394472,0.8834639876682987,1.2613488593228703,0.5082116015327589,-1.8039988717212627,2.4693525400776926,4.4224555400011285,4.038196761187555,6.475182553556884,1.0836905583468006,12.759859496250673,6.803904833476053,15.584716148189445,14.816061405119205,20.127083003142108,15.483299026083808,13.433928520191293
Angelique,S32,epbin_NumWoGE_20F_Std_Par 15 rr fixF6 fixP5 fixFC5 icfilt ica ep1 but chanlocs chansel chanlabels S32.csv,-8.13513653418225,-17.482786028185203,-4.804031935836466,-0.6937470012995661,-5.523157856364868,-3.101900551375425,-13.262420129642084,-14.96685199579295,-7.6482409810509555,-1.0229278732752203,0.564715146640449,-4.376840706232148,-8.340159127922641,-4.875966092091938,-5.488176975360226,-5.841820168344792,-4.639170716432796,-0.32517451715229456,0.15505276135792687,1.3304301137979133,-1.0817216448920175,-0.7992494175972958,3.3231458175984456,3.8300736730758977,12.069233072170542,0.9361353441996689,7.524597804648738,15.676890332648139,8.256965077520748,5.474099162189902,2.832323021631921,0.437099087127094,-7.06949076315956,-1.4301957527020843,2.3204290282478204,-4.079068109450153,-3.595575112398935,-3.559446626711519,-5.4058514479834665,-7.20833146271187,-6.240715017315026,-5.2027428052276,2.7072353878741495,-6.311070225441657,-5.336702751112531,-5.614623092103229,-3.063831933470741,-2.468393067499153,-4.016727773156313,-4.5637814215352535,2.7593989153434224,-0.9685388288394472,0.8834639876682987,1.2613488593228703,0.5082116015327589,-1.8039988717212627,2.4693525400776926,4.4224555400011285,4.038196761187555,6.475182553556884,1.0836905583468006,12.759859496250673,6.803904833476053,15.584716148189445,14.816061405119205,20.127083003142108,15.483299026083808,13.433928520191293
Angelique,S33,epbin_Dig_1F_C1 21 rr ica ep1 but chanlocs chansel chanlabels S33.csv,-9.440475262108862,4.165056616825619,-21.216094205181353,3.626960197336674,-2.4290840683670365,-7.784610509209976,-12.248377130553097,-3.597206341961885,-1.121825169619107,1.7301633530110745,3.4779122656936194,-0.47217286902191075,-6.69625942491682,0.6910596706234626,-0.4670634508963579,-4.235214371951851,4.486117866960892,-0.6502706328800262,-1.5833703632827056,-2.231157188943447,7.165274758494046,5.481016311769133,-7.409843518353015,2.101484041135124,-1.57525215409492,0.9368395617506475,-0.5496303681856616,13.01889569197053,7.077165332377733,-2.2308902306093055,-5.079322409731322,-2.3073675663537943,-10.631206061352874,-8.996449129005573,-17.295483866795305,-9.309789421292823,-2.7293298630801597,-0.1814430642714044,7.463887310516389,-11.531505920651547,1.7531268456789222,-8.702370177648266,-15.350744605894596,5.249166859725219,5.707535773129586,3.7868558654017015,2.4983940794760717,2.278915481507352,0.13302253918422235,-1.804740645571204,4.039582852765688,4.347253980763631,-1.3761958601367958,3.5925468507864373,-1.413910539620172,1.4989086805488572,-0.833043969020218,11.036479715479189,12.492832593440092,2.219944407164718,5.837975849699215,2.984891601850028,3.9757859538014384,10.886432392912418,1.0054483281159337,1.3061577788102094,22.59628478846759,12.832347018368752
Angelique,S33,epbin_Dig_1F_Par 11 rr ica ep1 but chanlocs chansel chanlabels S33.csv,-9.440475262108862,4.165056616825619,-21.216094205181353,3.626960197336674,-2.4290840683670365,-7.784610509209976,-12.248377130553097,-3.597206341961885,-1.121825169619107,1.7301633530110745,3.4779122656936194,-0.47217286902191075,-6.69625942491682,0.6910596706234626,-0.4670634508963579,-4.235214371951851,4.486117866960892,-0.6502706328800262,-1.5833703632827056,-2.231157188943447,7.165274758494046,5.481016311769133,-7.409843518353015,2.101484041135124,-1.57525215409492,0.9368395617506475,-0.5496303681856616,13.01889569197053,7.077165332377733,-2.2308902306093055,-5.079322409731322,-2.3073675663537943,-10.631206061352874,-8.996449129005573,-17.295483866795305,-9.309789421292823,-2.7293298630801597,-0.1814430642714044,7.463887310516389,-11.531505920651547,1.7531268456789222,-8.702370177648266,-15.350744605894596,5.249166859725219,5.707535773129586,3.7868558654017015,2.4983940794760717,2.278915481507352,0.13302253918422235,-1.804740645571204,4.039582852765688,4.347253980763631,-1.3761958601367958,3.5925468507864373,-1.413910539620172,1.4989086805488572,-0.833043969020218,11.036479715479189,12.492832593440092,2.219944407164718,5.837975849699215,2.984891601850028,3.9757859538014384,10.886432392912418,1.0054483281159337,1.3061577788102094,22.59628478846759,12.832347018368752
Angelique,S33,epbin_Dig_20F_Atp_C1 23 rr ica ep1 but chanlocs chansel chanlabels S33.csv,-9.440475262108862,4.165056616825619,-21.216094205181353,3.626960197336674,-2.4290840683670365,-7.784610509209976,-12.248377130553097,-3.597206341961885,-1.121825169619107,1.7301633530110745,3.4779122656936194,-0.47217286902191075,-6.69625942491682,0.6910596706234626,-0.4670634508963579,-4.235214371951851,4.486117866960892,-0.6502706328800262,-1.5833703632827056,-2.231157188943447,7.165274758494046,5.481016311769133,-7.409843518353015,2.101484041135124,-1.57525215409492,0.9368395617506475,-0.5496303681856616,13.01889569197053,7.077165332377733,-2.2308902306093055,-5.079322409731322,-2.3073675663537943,-10.631206061352874,-8.996449129005573,-17.295483866795305,-9.309789421292823,-2.7293298630801597,-0.1814430642714044,7.463887310516389,-11.531505920651547,1.7531268456789222,-8.702370177648266,-15.350744605894596,5.249166859725219,5.707535773129586,3.7868558654017015,2.4983940794760717,2.278915481507352,0.13302253918422235,-1.804740645571204,4.039582852765688,4.347253980763631,-1.3761958601367958,3.5925468507864373,-1.413910539620172,1.4989086805488572,-0.833043969020218,11.036479715479189,12.492832593440092,2.219944407164718,5.837975849699215,2.984891601850028,3.9757859538014384,10.886432392912418,1.0054483281159337,1.3061577788102094,22.59628478846759,12.832347018368752
Angelique,S33,epbin_Dig_20F_Atp_Par 13 rr ica ep1 but chanlocs chansel chanlabels S33.csv,-9.440475262108862,4.165056616825619,-21.216094205181353,3.626960197336674,-2.4290840683670365,-7.784610509209976,-12.248377130553097,-3.597206341961885,-1.121825169619107,1.7301633530110745,3.4779122656936194,-0.47217286902191075,-6.69625942491682,0.6910596706234626,-0.4670634508963579,-4.235214371951851,4.486117866960892,-0.6502706328800262,-1.5833703632827056,-2.231157188943447,7.165274758494046,5.481016311769133,-7.409843518353015,2.101484041135124,-1.57525215409492,0.9368395617506475,-0.5496303681856616,13.01889569197053,7.077165332377733,-2.2308902306093055,-5.079322409731322,-2.3073675663537943,-10.631206061352874,-8.996449129005573,-17.295483866795305,-9.309789421292823,-2.7293298630801597,-0.1814430642714044,7.463887310516389,-11.531505920651547,1.7531268456789222,-8.702370177648266,-15.350744605894596,5.249166859725219,5.707535773129586,3.7868558654017015,2.4983940794760717,2.278915481507352,0.13302253918422235,-1.804740645571204,4.039582852765688,4.347253980763631,-1.3761958601367958,3.5925468507864373,-1.413910539620172,1.4989086805488572,-0.833043969020218,11.036479715479189,12.492832593440092,2.219944407164718,5.837975849699215,2.984891601850028,3.9757859538014384,10.886432392912418,1.0054483281159337,1.3061577788102094,22.59628478846759,12.832347018368752
Angelique,S33,epbin_Dig_20F_Std_C1 22 rr ica ep1 but chanlocs chansel chanlabels S33.csv,-9.440475262108862,4.165056616825619,-21.216094205181353,3.626960197336674,-2.4290840683670365,-7.784610509209976,-12.248377130553097,-3.597206341961885,-1.121825169619107,1.7301633530110745,3.4779122656936194,-0.47217286902191075,-6.69625942491682,0.6910596706234626,-0.4670634508963579,-4.235214371951851,4.486117866960892,-0.6502706328800262,-1.5833703632827056,-2.231157188943447,7.165274758494046,5.481016311769133,-7.409843518353015,2.101484041135124,-1.57525215409492,0.9368395617506475,-0.5496303681856616,13.01889569197053,7.077165332377733,-2.2308902306093055,-5.079322409731322,-2.3073675663537943,-10.631206061352874,-8.996449129005573,-17.295483866795305,-9.309789421292823,-2.7293298630801597,-0.1814430642714044,7.463887310516389,-11.531505920651547,1.7531268456789222,-8.702370177648266,-15.350744605894596,5.249166859725219,5.707535773129586,3.7868558654017015,2.4983940794760717,2.278915481507352,0.13302253918422235,-1.804740645571204,4.039582852765688,4.347253980763631,-1.3761958601367958,3.5925468507864373,-1.413910539620172,1.4989086805488572,-0.833043969020218,11.036479715479189,12.492832593440092,2.219944407164718,5.837975849699215,2.984891601850028,3.9757859538014384,10.886432392912418,1.0054483281159337,1.3061577788102094,22.59628478846759,12.832347018368752
Angelique,S33,epbin_Dig_20F_Std_Par 12 rr ica ep1 but chanlocs chansel chanlabels S33.csv,-9.440475262108862,4.165056616825619,-21.216094205181353,3.626960197336674,-2.4290840683670365,-7.784610509209976,-12.248377130553097,-3.597206341961885,-1.121825169619107,1.7301633530110745,3.4779122656936194,-0.47217286902191075,-6.69625942491682,0.6910596706234626,-0.4670634508963579,-4.235214371951851,4.486117866960892,-0.6502706328800262,-1.5833703632827056,-2.231157188943447,7.165274758494046,5.481016311769133,-7.409843518353015,2.101484041135124,-1.57525215409492,0.9368395617506475,-0.5496303681856616,13.01889569197053,7.077165332377733,-2.2308902306093055,-5.079322409731322,-2.3073675663537943,-10.631206061352874,-8.996449129005573,-17.295483866795305,-9.309789421292823,-2.7293298630801597,-0.1814430642714044,7.463887310516389,-11.531505920651547,1.7531268456789222,-8.702370177648266,-15.350744605894596,5.249166859725219,5.707535773129586,3.7868558654017015,2.4983940794760717,2.278915481507352,0.13302253918422235,-1.804740645571204,4.039582852765688,4.347253980763631,-1.3761958601367958,3.5925468507864373,-1.413910539620172,1.4989086805488572,-0.833043969020218,11.036479715479189,12.492832593440092,2.219944407164718,5.837975849699215,2.984891601850028,3.9757859538014384,10.886432392912418,1.0054483281159337,1.3061577788102094,22.59628478846759,12.832347018368752
Angelique,S33,epbin_NumWoGE_1F_C1 24 rr ica ep1 but chanlocs chansel chanlabels S33.csv,-9.440475262108862,4.165056616825619,-21.216094205181353,3.626960197336674,-2.4290840683670365,-7.784610509209976,-12.248377130553097,-3.597206341961885,-1.121825169619107,1.7301633530110745,3.4779122656936194,-0.47217286902191075,-6.69625942491682,0.6910596706234626,-0.4670634508963579,-4.235214371951851,4.486117866960892,-0.6502706328800262,-1.5833703632827056,-2.231157188943447,7.165274758494046,5.481016311769133,-7.409843518353015,2.101484041135124,-1.57525215409492,0.9368395617506475,-0.5496303681856616,13.01889569197053,7.077165332377733,-2.2308902306093055,-5.079322409731322,-2.3073675663537943,-10.631206061352874,-8.996449129005573,-17.295483866795305,-9.309789421292823,-2.7293298630801597,-0.1814430642714044,7.463887310516389,-11.531505920651547,1.7531268456789222,-8.702370177648266,-15.350744605894596,5.249166859725219,5.707535773129586,3.7868558654017015,2.4983940794760717,2.278915481507352,0.13302253918422235,-1.804740645571204,4.039582852765688,4.347253980763631,-1.3761958601367958,3.5925468507864373,-1.413910539620172,1.4989086805488572,-0.833043969020218,11.036479715479189,12.492832593440092,2.219944407164718,5.837975849699215,2.984891601850028,3.9757859538014384,10.886432392912418,1.0054483281159337,1.3061577788102094,22.59628478846759,12.832347018368752
Angelique,S33,epbin_NumWoGE_1F_Par 14 rr ica ep1 but chanlocs chansel chanlabels S33.csv,-9.440475262108862,4.165056616825619,-21.216094205181353,3.626960197336674,-2.4290840683670365,-7.784610509209976,-12.248377130553097,-3.597206341961885,-1.121825169619107,1.7301633530110745,3.4779122656936194,-0.47217286902191075,-6.69625942491682,0.6910596706234626,-0.4670634508963579,-4.235214371951851,4.486117866960892,-0.6502706328800262,-1.5833703632827056,-2.231157188943447,7.165274758494046,5.481016311769133,-7.409843518353015,2.101484041135124,-1.57525215409492,0.9368395617506475,-0.5496303681856616,13.01889569197053,7.077165332377733,-2.2308902306093055,-5.079322409731322,-2.3073675663537943,-10.631206061352874,-8.996449129005573,-17.295483866795305,-9.309789421292823,-2.7293298630801597,-0.1814430642714044,7.463887310516389,-11.531505920651547,1.7531268456789222,-8.702370177648266,-15.350744605894596,5.249166859725219,5.707535773129586,3.7868558654017015,2.4983940794760717,2.278915481507352,0.13302253918422235,-1.804740645571204,4.039582852765688,4.347253980763631,-1.3761958601367958,3.5925468507864373,-1.413910539620172,1.4989086805488572,-0.833043969020218,11.036479715479189,12.492832593440092,2.219944407164718,5.837975849699215,2.984891601850028,3.9757859538014384,10.886432392912418,1.0054483281159337,1.3061577788102094,22.59628478846759,12.832347018368752
Angelique,S33,epbin_NumWoGE_20F_Atp_C1 26 rr ica ep1 but chanlocs chansel chanlabels S33.csv,-9.440475262108862,4.165056616825619,-21.216094205181353,3.626960197336674,-2.4290840683670365,-7.784610509209976,-12.248377130553097,-3.597206341961885,-1.121825169619107,1.7301633530110745,3.4779122656936194,-0.47217286902191075,-6.69625942491682,0.6910596706234626,-0.4670634508963579,-4.235214371951851,4.486117866960892,-0.6502706328800262,-1.5833703632827056,-2.231157188943447,7.165274758494046,5.481016311769133,-7.409843518353015,2.101484041135124,-1.57525215409492,0.9368395617506475,-0.5496303681856616,13.01889569197053,7.077165332377733,-2.2308902306093055,-5.079322409731322,-2.3073675663537943,-10.631206061352874,-8.996449129005573,-17.295483866795305,-9.309789421292823,-2.7293298630801597,-0.1814430642714044,7.463887310516389,-11.531505920651547,1.7531268456789222,-8.702370177648266,-15.350744605894596,5.249166859725219,5.707535773129586,3.7868558654017015,2.4983940794760717,2.278915481507352,0.13302253918422235,-1.804740645571204,4.039582852765688,4.347253980763631,-1.3761958601367958,3.5925468507864373,-1.413910539620172,1.4989086805488572,-0.833043969020218,11.036479715479189,12.492832593440092,2.219944407164718,5.837975849699215,2.984891601850028,3.9757859538014384,10.886432392912418,1.0054483281159337,1.3061577788102094,22.59628478846759,12.832347018368752
Angelique,S33,epbin_NumWoGE_20F_Atp_Par 16 rr ica ep1 but chanlocs chansel chanlabels S33.csv,-9.440475262108862,4.165056616825619,-21.216094205181353,3.626960197336674,-2.4290840683670365,-7.784610509209976,-12.248377130553097,-3.597206341961885,-1.121825169619107,1.7301633530110745,3.4779122656936194,-0.47217286902191075,-6.69625942491682,0.6910596706234626,-0.4670634508963579,-4.235214371951851,4.486117866960892,-0.6502706328800262,-1.5833703632827056,-2.231157188943447,7.165274758494046,5.481016311769133,-7.409843518353015,2.101484041135124,-1.57525215409492,0.9368395617506475,-0.5496303681856616,13.01889569197053,7.077165332377733,-2.2308902306093055,-5.079322409731322,-2.3073675663537943,-10.631206061352874,-8.996449129005573,-17.295483866795305,-9.309789421292823,-2.7293298630801597,-0.1814430642714044,7.463887310516389,-11.531505920651547,1.7531268456789222,-8.702370177648266,-15.350744605894596,5.249166859725219,5.707535773129586,3.7868558654017015,2.4983940794760717,2.278915481507352,0.13302253918422235,-1.804740645571204,4.039582852765688,4.347253980763631,-1.3761958601367958,3.5925468507864373,-1.413910539620172,1.4989086805488572,-0.833043969020218,11.036479715479189,12.492832593440092,2.219944407164718,5.837975849699215,2.984891601850028,3.9757859538014384,10.886432392912418,1.0054483281159337,1.3061577788102094,22.59628478846759,12.832347018368752
Angelique,S33,epbin_NumWoGE_20F_Std_C1 25 rr ica ep1 but chanlocs chansel chanlabels S33.csv,-9.440475262108862,4.165056616825619,-21.216094205181353,3.626960197336674,-2.4290840683670365,-7.784610509209976,-12.248377130553097,-3.597206341961885,-1.121825169619107,1.7301633530110745,3.4779122656936194,-0.47217286902191075,-6.69625942491682,0.6910596706234626,-0.4670634508963579,-4.235214371951851,4.486117866960892,-0.6502706328800262,-1.5833703632827056,-2.231157188943447,7.165274758494046,5.481016311769133,-7.409843518353015,2.101484041135124,-1.57525215409492,0.9368395617506475,-0.5496303681856616,13.01889569197053,7.077165332377733,-2.2308902306093055,-5.079322409731322,-2.3073675663537943,-10.631206061352874,-8.996449129005573,-17.295483866795305,-9.309789421292823,-2.7293298630801597,-0.1814430642714044,7.463887310516389,-11.531505920651547,1.7531268456789222,-8.702370177648266,-15.350744605894596,5.249166859725219,5.707535773129586,3.7868558654017015,2.4983940794760717,2.278915481507352,0.13302253918422235,-1.804740645571204,4.039582852765688,4.347253980763631,-1.3761958601367958,3.5925468507864373,-1.413910539620172,1.4989086805488572,-0.833043969020218,11.036479715479189,12.492832593440092,2.219944407164718,5.837975849699215,2.984891601850028,3.9757859538014384,10.886432392912418,1.0054483281159337,1.3061577788102094,22.59628478846759,12.832347018368752
Angelique,S33,epbin_NumWoGE_20F_Std_Par 15 rr ica ep1 but chanlocs chansel chanlabels S33.csv,-9.440475262108862,4.165056616825619,-21.216094205181353,3.626960197336674,-2.4290840683670365,-7.784610509209976,-12.248377130553097,-3.597206341961885,-1.121825169619107,1.7301633530110745,3.4779122656936194,-0.47217286902191075,-6.69625942491682,0.6910596706234626,-0.4670634508963579,-4.235214371951851,4.486117866960892,-0.6502706328800262,-1.5833703632827056,-2.231157188943447,7.165274758494046,5.481016311769133,-7.409843518353015,2.101484041135124,-1.57525215409492,0.9368395617506475,-0.5496303681856616,13.01889569197053,7.077165332377733,-2.2308902306093055,-5.079322409731322,-2.3073675663537943,-10.631206061352874,-8.996449129005573,-17.295483866795305,-9.309789421292823,-2.7293298630801597,-0.1814430642714044,7.463887310516389,-11.531505920651547,1.7531268456789222,-8.702370177648266,-15.350744605894596,5.249166859725219,5.707535773129586,3.7868558654017015,2.4983940794760717,2.278915481507352,0.13302253918422235,-1.804740645571204,4.039582852765688,4.347253980763631,-1.3761958601367958,3.5925468507864373,-1.413910539620172,1.4989086805488572,-0.833043969020218,11.036479715479189,12.492832593440092,2.219944407164718,5.837975849699215,2.984891601850028,3.9757859538014384,10.886432392912418,1.0054483281159337,1.3061577788102094,22.59628478846759,12.832347018368752
Angelique,S34,epbin_Dig_1F_C1 21 rr fixC4 ica ep1 but chanlocs chansel chanlabels S34.csv,-3.2113841932702005,-11.464976286156908,-8.02382043598482,-5.906523698867471,-7.299245654910583,-10.371907986498682,-7.863533491784485,-7.7054126403584675,-8.05321233161417,-5.171705705976976,-6.88426257066786,-6.8600034297159675,-6.220875476429313,-6.132737614636345,-11.545140401817893,-7.4496489439674916,-10.246240355746618,-5.816040251850019,-3.6427124866213667,1.5096992872605965,-1.4291113596186586,-0.08207455266991866,-2.099376000218675,-2.883352743884779,9.908708900404335,1.1551362347405991,7.278237732483066,3.700541009239135,4.820492221614051,0.24306896355335675,1.4991024709212992,-2.1089073339518603,-4.91172659462019,-3.6280371112949052,3.65563725470537,-2.1672000378796037,-5.914962572964545,-4.0955269463030035,-1.897460921582872,-1.6073549002602623,4.077832407438073,1.2397138961924208,12.009247383522663,11.261267689655988,1.6223848318935596,2.5942467986874513,-2.2842889012904166,-1.4988778410403658,1.2749186395464043,3.9919530327938393,2.0556399048808798,8.369524749031198,7.554896429786646,9.027831468683235,8.297832986260145,-0.12353878237766758,-3.005812910418439,7.371642441072371,6.808598133373499,13.70355200309017,6.4237613174620005,4.990234258941285,2.1500099517854254,7.758029466134166,6.280345513384145,8.229698412047767,-1.4797420041055778,10.222950209468902
Angelique,S34,epbin_Dig_1F_Par 11 rr fixC4 ica ep1 but chanlocs chansel chanlabels S34.csv,-3.2113841932702005,-11.464976286156908,-8.02382043598482,-5.906523698867471,-7.299245654910583,-10.371907986498682,-7.863533491784485,-7.7054126403584675,-8.05321233161417,-5.171705705976976,-6.88426257066786,-6.8600034297159675,-6.220875476429313,-6.132737614636345,-11.545140401817893,-7.4496489439674916,-10.246240355746618,-5.816040251850019,-3.6427124866213667,1.5096992872605965,-1.4291113596186586,-0.08207455266991866,-2.099376000218675,-2.883352743884779,9.908708900404335,1.1551362347405991,7.278237732483066,3.700541009239135,4.820492221614051,0.24306896355335675,1.4991024709212992,-2.1089073339518603,-4.91172659462019,-3.6280371112949052,3.65563725470537,-2.1672000378796037,-5.914962572964545,-4.0955269463030035,-1.897460921582872,-1.6073549002602623,4.077832407438073,1.2397138961924208,12.009247383522663,11.261267689655988,1.6223848318935596,2.5942467986874513,-2.2842889012904166,-1.4988778410403658,1.2749186395464043,3.9919530327938393,2.0556399048808798,8.369524749031198,7.554896429786646,9.027831468683235,8.297832986260145,-0.12353878237766758,-3.005812910418439,7.371642441072371,6.808598133373499,13.70355200309017,6.4237613174620005,4.990234258941285,2.1500099517854254,7.758029466134166,6.280345513384145,8.229698412047767,-1.4797420041055778,10.222950209468902
Angelique,S34,epbin_Dig_20F_Atp_C1 23 rr fixC4 ica ep1 but chanlocs chansel chanlabels S34.csv,-3.2113841932702005,-11.464976286156908,-8.02382043598482,-5.906523698867471,-7.299245654910583,-10.371907986498682,-7.863533491784485,-7.7054126403584675,-8.05321233161417,-5.171705705976976,-6.88426257066786,-6.8600034297159675,-6.220875476429313,-6.132737614636345,-11.545140401817893,-7.4496489439674916,-10.246240355746618,-5.816040251850019,-3.6427124866213667,1.5096992872605965,-1.4291113596186586,-0.08207455266991866,-2.099376000218675,-2.883352743884779,9.908708900404335,1.1551362347405991,7.278237732483066,3.700541009239135,4.820492221614051,0.24306896355335675,1.4991024709212992,-2.1089073339518603,-4.91172659462019,-3.6280371112949052,3.65563725470537,-2.1672000378796037,-5.914962572964545,-4.0955269463030035,-1.897460921582872,-1.6073549002602623,4.077832407438073,1.2397138961924208,12.009247383522663,11.261267689655988,1.6223848318935596,2.5942467986874513,-2.2842889012904166,-1.4988778410403658,1.2749186395464043,3.9919530327938393,2.0556399048808798,8.369524749031198,7.554896429786646,9.027831468683235,8.297832986260145,-0.12353878237766758,-3.005812910418439,7.371642441072371,6.808598133373499,13.70355200309017,6.4237613174620005,4.990234258941285,2.1500099517854254,7.758029466134166,6.280345513384145,8.229698412047767,-1.4797420041055778,10.222950209468902
Angelique,S34,epbin_Dig_20F_Atp_Par 13 rr fixC4 ica ep1 but chanlocs chansel chanlabels S34.csv,-3.2113841932702005,-11.464976286156908,-8.02382043598482,-5.906523698867471,-7.299245654910583,-10.371907986498682,-7.863533491784485,-7.7054126403584675,-8.05321233161417,-5.171705705976976,-6.88426257066786,-6.8600034297159675,-6.220875476429313,-6.132737614636345,-11.545140401817893,-7.4496489439674916,-10.246240355746618,-5.816040251850019,-3.6427124866213667,1.5096992872605965,-1.4291113596186586,-0.08207455266991866,-2.099376000218675,-2.883352743884779,9.908708900404335,1.1551362347405991,7.278237732483066,3.700541009239135,4.820492221614051,0.24306896355335675,1.4991024709212992,-2.1089073339518603,-4.91172659462019,-3.6280371112949052,3.65563725470537,-2.1672000378796037,-5.914962572964545,-4.0955269463030035,-1.897460921582872,-1.6073549002602623,4.077832407438073,1.2397138961924208,12.009247383522663,11.261267689655988,1.6223848318935596,2.5942467986874513,-2.2842889012904166,-1.4988778410403658,1.2749186395464043,3.9919530327938393,2.0556399048808798,8.369524749031198,7.554896429786646,9.027831468683235,8.297832986260145,-0.12353878237766758,-3.005812910418439,7.371642441072371,6.808598133373499,13.70355200309017,6.4237613174620005,4.990234258941285,2.1500099517854254,7.758029466134166,6.280345513384145,8.229698412047767,-1.4797420041055778,10.222950209468902
Angelique,S34,epbin_Dig_20F_Std_C1 22 rr fixC4 ica ep1 but chanlocs chansel chanlabels S34.csv,-3.2113841932702005,-11.464976286156908,-8.02382043598482,-5.906523698867471,-7.299245654910583,-10.371907986498682,-7.863533491784485,-7.7054126403584675,-8.05321233161417,-5.171705705976976,-6.88426257066786,-6.8600034297159675,-6.220875476429313,-6.132737614636345,-11.545140401817893,-7.4496489439674916,-10.246240355746618,-5.816040251850019,-3.6427124866213667,1.5096992872605965,-1.4291113596186586,-0.08207455266991866,-2.099376000218675,-2.883352743884779,9.908708900404335,1.1551362347405991,7.278237732483066,3.700541009239135,4.820492221614051,0.24306896355335675,1.4991024709212992,-2.1089073339518603,-4.91172659462019,-3.6280371112949052,3.65563725470537,-2.1672000378796037,-5.914962572964545,-4.0955269463030035,-1.897460921582872,-1.6073549002602623,4.077832407438073,1.2397138961924208,12.009247383522663,11.261267689655988,1.6223848318935596,2.5942467986874513,-2.2842889012904166,-1.4988778410403658,1.2749186395464043,3.9919530327938393,2.0556399048808798,8.369524749031198,7.554896429786646,9.027831468683235,8.297832986260145,-0.12353878237766758,-3.005812910418439,7.371642441072371,6.808598133373499,13.70355200309017,6.4237613174620005,4.990234258941285,2.1500099517854254,7.758029466134166,6.280345513384145,8.229698412047767,-1.4797420041055778,10.222950209468902
Angelique,S34,epbin_Dig_20F_Std_Par 12 rr fixC4 ica ep1 but chanlocs chansel chanlabels S34.csv,-3.2113841932702005,-11.464976286156908,-8.02382043598482,-5.906523698867471,-7.299245654910583,-10.371907986498682,-7.863533491784485,-7.7054126403584675,-8.05321233161417,-5.171705705976976,-6.88426257066786,-6.8600034297159675,-6.220875476429313,-6.132737614636345,-11.545140401817893,-7.4496489439674916,-10.246240355746618,-5.816040251850019,-3.6427124866213667,1.5096992872605965,-1.4291113596186586,-0.08207455266991866,-2.099376000218675,-2.883352743884779,9.908708900404335,1.1551362347405991,7.278237732483066,3.700541009239135,4.820492221614051,0.24306896355335675,1.4991024709212992,-2.1089073339518603,-4.91172659462019,-3.6280371112949052,3.65563725470537,-2.1672000378796037,-5.914962572964545,-4.0955269463030035,-1.897460921582872,-1.6073549002602623,4.077832407438073,1.2397138961924208,12.009247383522663,11.261267689655988,1.6223848318935596,2.5942467986874513,-2.2842889012904166,-1.4988778410403658,1.2749186395464043,3.9919530327938393,2.0556399048808798,8.369524749031198,7.554896429786646,9.027831468683235,8.297832986260145,-0.12353878237766758,-3.005812910418439,7.371642441072371,6.808598133373499,13.70355200309017,6.4237613174620005,4.990234258941285,2.1500099517854254,7.758029466134166,6.280345513384145,8.229698412047767,-1.4797420041055778,10.222950209468902
Angelique,S34,epbin_NumWoGE_1F_C1 24 rr fixC4 ica ep1 but chanlocs chansel chanlabels S34.csv,-3.2113841932702005,-11.464976286156908,-8.02382043598482,-5.906523698867471,-7.299245654910583,-10.371907986498682,-7.863533491784485,-7.7054126403584675,-8.05321233161417,-5.171705705976976,-6.88426257066786,-6.8600034297159675,-6.220875476429313,-6.132737614636345,-11.545140401817893,-7.4496489439674916,-10.246240355746618,-5.816040251850019,-3.6427124866213667,1.5096992872605965,-1.4291113596186586,-0.08207455266991866,-2.099376000218675,-2.883352743884779,9.908708900404335,1.1551362347405991,7.278237732483066,3.700541009239135,4.820492221614051,0.24306896355335675,1.4991024709212992,-2.1089073339518603,-4.91172659462019,-3.6280371112949052,3.65563725470537,-2.1672000378796037,-5.914962572964545,-4.0955269463030035,-1.897460921582872,-1.6073549002602623,4.077832407438073,1.2397138961924208,12.009247383522663,11.261267689655988,1.6223848318935596,2.5942467986874513,-2.2842889012904166,-1.4988778410403658,1.2749186395464043,3.9919530327938393,2.0556399048808798,8.369524749031198,7.554896429786646,9.027831468683235,8.297832986260145,-0.12353878237766758,-3.005812910418439,7.371642441072371,6.808598133373499,13.70355200309017,6.4237613174620005,4.990234258941285,2.1500099517854254,7.758029466134166,6.280345513384145,8.229698412047767,-1.4797420041055778,10.222950209468902
Angelique,S34,epbin_NumWoGE_1F_Par 14 rr fixC4 ica ep1 but chanlocs chansel chanlabels S34.csv,-3.2113841932702005,-11.464976286156908,-8.02382043598482,-5.906523698867471,-7.299245654910583,-10.371907986498682,-7.863533491784485,-7.7054126403584675,-8.05321233161417,-5.171705705976976,-6.88426257066786,-6.8600034297159675,-6.220875476429313,-6.132737614636345,-11.545140401817893,-7.4496489439674916,-10.246240355746618,-5.816040251850019,-3.6427124866213667,1.5096992872605965,-1.4291113596186586,-0.08207455266991866,-2.099376000218675,-2.883352743884779,9.908708900404335,1.1551362347405991,7.278237732483066,3.700541009239135,4.820492221614051,0.24306896355335675,1.4991024709212992,-2.1089073339518603,-4.91172659462019,-3.6280371112949052,3.65563725470537,-2.1672000378796037,-5.914962572964545,-4.0955269463030035,-1.897460921582872,-1.6073549002602623,4.077832407438073,1.2397138961924208,12.009247383522663,11.261267689655988,1.6223848318935596,2.5942467986874513,-2.2842889012904166,-1.4988778410403658,1.2749186395464043,3.9919530327938393,2.0556399048808798,8.369524749031198,7.554896429786646,9.027831468683235,8.297832986260145,-0.12353878237766758,-3.005812910418439,7.371642441072371,6.808598133373499,13.70355200309017,6.4237613174620005,4.990234258941285,2.1500099517854254,7.758029466134166,6.280345513384145,8.229698412047767,-1.4797420041055778,10.222950209468902
Angelique,S34,epbin_NumWoGE_20F_Atp_C1 26 rr fixC4 ica ep1 but chanlocs chansel chanlabels S34.csv,-3.2113841932702005,-11.464976286156908,-8.02382043598482,-5.906523698867471,-7.299245654910583,-10.371907986498682,-7.863533491784485,-7.7054126403584675,-8.05321233161417,-5.171705705976976,-6.88426257066786,-6.8600034297159675,-6.220875476429313,-6.132737614636345,-11.545140401817893,-7.4496489439674916,-10.246240355746618,-5.816040251850019,-3.6427124866213667,1.5096992872605965,-1.4291113596186586,-0.08207455266991866,-2.099376000218675,-2.883352743884779,9.908708900404335,1.1551362347405991,7.278237732483066,3.700541009239135,4.820492221614051,0.24306896355335675,1.4991024709212992,-2.1089073339518603,-4.91172659462019,-3.6280371112949052,3.65563725470537,-2.1672000378796037,-5.914962572964545,-4.0955269463030035,-1.897460921582872,-1.6073549002602623,4.077832407438073,1.2397138961924208,12.009247383522663,11.261267689655988,1.6223848318935596,2.5942467986874513,-2.2842889012904166,-1.4988778410403658,1.2749186395464043,3.9919530327938393,2.0556399048808798,8.369524749031198,7.554896429786646,9.027831468683235,8.297832986260145,-0.12353878237766758,-3.005812910418439,7.371642441072371,6.808598133373499,13.70355200309017,6.4237613174620005,4.990234258941285,2.1500099517854254,7.758029466134166,6.280345513384145,8.229698412047767,-1.4797420041055778,10.222950209468902
Angelique,S34,epbin_NumWoGE_20F_Atp_Par 16 rr fixC4 ica ep1 but chanlocs chansel chanlabels S34.csv,-3.2113841932702005,-11.464976286156908,-8.02382043598482,-5.906523698867471,-7.299245654910583,-10.371907986498682,-7.863533491784485,-7.7054126403584675,-8.05321233161417,-5.171705705976976,-6.88426257066786,-6.8600034297159675,-6.220875476429313,-6.132737614636345,-11.545140401817893,-7.4496489439674916,-10.246240355746618,-5.816040251850019,-3.6427124866213667,1.5096992872605965,-1.4291113596186586,-0.08207455266991866,-2.099376000218675,-2.883352743884779,9.908708900404335,1.1551362347405991,7.278237732483066,3.700541009239135,4.820492221614051,0.24306896355335675,1.4991024709212992,-2.1089073339518603,-4.91172659462019,-3.6280371112949052,3.65563725470537,-2.1672000378796037,-5.914962572964545,-4.0955269463030035,-1.897460921582872,-1.6073549002602623,4.077832407438073,1.2397138961924208,12.009247383522663,11.261267689655988,1.6223848318935596,2.5942467986874513,-2.2842889012904166,-1.4988778410403658,1.2749186395464043,3.9919530327938393,2.0556399048808798,8.369524749031198,7.554896429786646,9.027831468683235,8.297832986260145,-0.12353878237766758,-3.005812910418439,7.371642441072371,6.808598133373499,13.70355200309017,6.4237613174620005,4.990234258941285,2.1500099517854254,7.758029466134166,6.280345513384145,8.229698412047767,-1.4797420041055778,10.222950209468902
Angelique,S34,epbin_NumWoGE_20F_Std_C1 25 rr fixC4 ica ep1 but chanlocs chansel chanlabels S34.csv,-3.2113841932702005,-11.464976286156908,-8.02382043598482,-5.906523698867471,-7.299245654910583,-10.371907986498682,-7.863533491784485,-7.7054126403584675,-8.05321233161417,-5.171705705976976,-6.88426257066786,-6.8600034297159675,-6.220875476429313,-6.132737614636345,-11.545140401817893,-7.4496489439674916,-10.246240355746618,-5.816040251850019,-3.6427124866213667,1.5096992872605965,-1.4291113596186586,-0.08207455266991866,-2.099376000218675,-2.883352743884779,9.908708900404335,1.1551362347405991,7.278237732483066,3.700541009239135,4.820492221614051,0.24306896355335675,1.4991024709212992,-2.1089073339518603,-4.91172659462019,-3.6280371112949052,3.65563725470537,-2.1672000378796037,-5.914962572964545,-4.0955269463030035,-1.897460921582872,-1.6073549002602623,4.077832407438073,1.2397138961924208,12.009247383522663,11.261267689655988,1.6223848318935596,2.5942467986874513,-2.2842889012904166,-1.4988778410403658,1.2749186395464043,3.9919530327938393,2.0556399048808798,8.369524749031198,7.554896429786646,9.027831468683235,8.297832986260145,-0.12353878237766758,-3.005812910418439,7.371642441072371,6.808598133373499,13.70355200309017,6.4237613174620005,4.990234258941285,2.1500099517854254,7.758029466134166,6.280345513384145,8.229698412047767,-1.4797420041055778,10.222950209468902
Angelique,S34,epbin_NumWoGE_20F_Std_Par 15 rr fixC4 ica ep1 but chanlocs chansel chanlabels S34.csv,-3.2113841932702005,-11.464976286156908,-8.02382043598482,-5.906523698867471,-7.299245654910583,-10.371907986498682,-7.863533491784485,-7.7054126403584675,-8.05321233161417,-5.171705705976976,-6.88426257066786,-6.8600034297159675,-6.220875476429313,-6.132737614636345,-11.545140401817893,-7.4496489439674916,-10.246240355746618,-5.816040251850019,-3.6427124866213667,1.5096992872605965,-1.4291113596186586,-0.08207455266991866,-2.099376000218675,-2.883352743884779,9.908708900404335,1.1551362347405991,7.278237732483066,3.700541009239135,4.820492221614051,0.24306896355335675,1.4991024709212992,-2.1089073339518603,-4.91172659462019,-3.6280371112949052,3.65563725470537,-2.1672000378796037,-5.914962572964545,-4.0955269463030035,-1.897460921582872,-1.6073549002602623,4.077832407438073,1.2397138961924208,12.009247383522663,11.261267689655988,1.6223848318935596,2.5942467986874513,-2.2842889012904166,-1.4988778410403658,1.2749186395464043,3.9919530327938393,2.0556399048808798,8.369524749031198,7.554896429786646,9.027831468683235,8.297832986260145,-0.12353878237766758,-3.005812910418439,7.371642441072371,6.808598133373499,13.70355200309017,6.4237613174620005,4.990234258941285,2.1500099517854254,7.758029466134166,6.280345513384145,8.229698412047767,-1.4797420041055778,10.222950209468902
Angelique,S35,epbin_Dig_1F_C1 21 rr fixT8 ica ep1 but chanlocs chansel chanlabels S35.csv,-50.57765778815899,-33.83785000070575,-18.9618997908312,-0.7930522800867957,-2.132997004684669,-3.410080601839519,4.0930190635809485,13.843779401090131,6.788584297138795,15.306053145331225,9.825297328090569,11.81819369076324,8.381959785147991,5.98593622745638,11.154533996436989,7.490488005791373,19.52615370277339,4.240491619908088,5.18302671906803,-2.739228396012245,-7.102325356638427,6.731087301044501,-2.489507019929105,-4.02230725118049,4.318156277004602,-3.358698737466646,4.867407112004369,16.151377080356127,8.513314258096855,2.3746405949121874,1.8667324932333236,6.9221049281208,-42.75191325314403,-46.659629246234324,-31.81613266217342,-21.8902977030756,-19.293968284971132,-1.4062291204284885,-3.0860228195815207,-10.484874304283318,-9.405897434005686,-7.5129413826873455,3.2681569152709415,-4.908670719545917,-7.876653048460625,3.3448047329671264,10.196303340054428,9.41653304096276,6.504929676213221,7.940256902337451,2.383906593940205,7.406708413253523,16.56806321339394,8.991175893980973,9.227179210636978,3.439876646839395,-2.6685139241660725,8.64467757413313,3.6607090968813947,13.442944392190562,15.122616338668871,-1.4759265408702535,6.034057147499333,5.098840383616928,-8.24907748529557,-4.568840952471884,21.207076086274427,16.200042549412416
Angelique,S35,epbin_Dig_1F_Par 11 rr fixT8 ica ep1 but chanlocs chansel chanlabels S35.csv,-50.57765778815899,-33.83785000070575,-18.9618997908312,-0.7930522800867957,-2.132997004684669,-3.410080601839519,4.0930190635809485,13.843779401090131,6.788584297138795,15.306053145331225,9.825297328090569,11.81819369076324,8.381959785147991,5.98593622745638,11.154533996436989,7.490488005791373,19.52615370277339,4.240491619908088,5.18302671906803,-2.739228396012245,-7.102325356638427,6.731087301044501,-2.489507019929105,-4.02230725118049,4.318156277004602,-3.358698737466646,4.867407112004369,16.151377080356127,8.513314258096855,2.3746405949121874,1.8667324932333236,6.9221049281208,-42.75191325314403,-46.659629246234324,-31.81613266217342,-21.8902977030756,-19.293968284971132,-1.4062291204284885,-3.0860228195815207,-10.484874304283318,-9.405897434005686,-7.5129413826873455,3.2681569152709415,-4.908670719545917,-7.876653048460625,3.3448047329671264,10.196303340054428,9.41653304096276,6.504929676213221,7.940256902337451,2.383906593940205,7.406708413253523,16.56806321339394,8.991175893980973,9.227179210636978,3.439876646839395,-2.6685139241660725,8.64467757413313,3.6607090968813947,13.442944392190562,15.122616338668871,-1.4759265408702535,6.034057147499333,5.098840383616928,-8.24907748529557,-4.568840952471884,21.207076086274427,16.200042549412416
Angelique,S35,epbin_Dig_20F_Atp_C1 23 rr fixT8 ica ep1 but chanlocs chansel chanlabels S35.csv,-50.57765778815899,-33.83785000070575,-18.9618997908312,-0.7930522800867957,-2.132997004684669,-3.410080601839519,4.0930190635809485,13.843779401090131,6.788584297138795,15.306053145331225,9.825297328090569,11.81819369076324,8.381959785147991,5.98593622745638,11.154533996436989,7.490488005791373,19.52615370277339,4.240491619908088,5.18302671906803,-2.739228396012245,-7.102325356638427,6.731087301044501,-2.489507019929105,-4.02230725118049,4.318156277004602,-3.358698737466646,4.867407112004369,16.151377080356127,8.513314258096855,2.3746405949121874,1.8667324932333236,6.9221049281208,-42.75191325314403,-46.659629246234324,-31.81613266217342,-21.8902977030756,-19.293968284971132,-1.4062291204284885,-3.0860228195815207,-10.484874304283318,-9.405897434005686,-7.5129413826873455,3.2681569152709415,-4.908670719545917,-7.876653048460625,3.3448047329671264,10.196303340054428,9.41653304096276,6.504929676213221,7.940256902337451,2.383906593940205,7.406708413253523,16.56806321339394,8.991175893980973,9.227179210636978,3.439876646839395,-2.6685139241660725,8.64467757413313,3.6607090968813947,13.442944392190562,15.122616338668871,-1.4759265408702535,6.034057147499333,5.098840383616928,-8.24907748529557,-4.568840952471884,21.207076086274427,16.200042549412416
Angelique,S35,epbin_Dig_20F_Atp_Par 13 rr fixT8 ica ep1 but chanlocs chansel chanlabels S35.csv,-50.57765778815899,-33.83785000070575,-18.9618997908312,-0.7930522800867957,-2.132997004684669,-3.410080601839519,4.0930190635809485,13.843779401090131,6.788584297138795,15.306053145331225,9.825297328090569,11.81819369076324,8.381959785147991,5.98593622745638,11.154533996436989,7.490488005791373,19.52615370277339,4.240491619908088,5.18302671906803,-2.739228396012245,-7.102325356638427,6.731087301044501,-2.489507019929105,-4.02230725118049,4.318156277004602,-3.358698737466646,4.867407112004369,16.151377080356127,8.513314258096855,2.3746405949121874,1.8667324932333236,6.9221049281208,-42.75191325314403,-46.659629246234324,-31.81613266217342,-21.8902977030756,-19.293968284971132,-1.4062291204284885,-3.0860228195815207,-10.484874304283318,-9.405897434005686,-7.5129413826873455,3.2681569152709415,-4.908670719545917,-7.876653048460625,3.3448047329671264,10.196303340054428,9.41653304096276,6.504929676213221,7.940256902337451,2.383906593940205,7.406708413253523,16.56806321339394,8.991175893980973,9.227179210636978,3.439876646839395,-2.6685139241660725,8.64467757413313,3.6607090968813947,13.442944392190562,15.122616338668871,-1.4759265408702535,6.034057147499333,5.098840383616928,-8.24907748529557,-4.568840952471884,21.207076086274427,16.200042549412416
Angelique,S35,epbin_Dig_20F_Std_C1 22 rr fixT8 ica ep1 but chanlocs chansel chanlabels S35.csv,-50.57765778815899,-33.83785000070575,-18.9618997908312,-0.7930522800867957,-2.132997004684669,-3.410080601839519,4.0930190635809485,13.843779401090131,6.788584297138795,15.306053145331225,9.825297328090569,11.81819369076324,8.381959785147991,5.98593622745638,11.154533996436989,7.490488005791373,19.52615370277339,4.240491619908088,5.18302671906803,-2.739228396012245,-7.102325356638427,6.731087301044501,-2.489507019929105,-4.02230725118049,4.318156277004602,-3.358698737466646,4.867407112004369,16.151377080356127,8.513314258096855,2.3746405949121874,1.8667324932333236,6.9221049281208,-42.75191325314403,-46.659629246234324,-31.81613266217342,-21.8902977030756,-19.293968284971132,-1.4062291204284885,-3.0860228195815207,-10.484874304283318,-9.405897434005686,-7.5129413826873455,3.2681569152709415,-4.908670719545917,-7.876653048460625,3.3448047329671264,10.196303340054428,9.41653304096276,6.504929676213221,7.940256902337451,2.383906593940205,7.406708413253523,16.56806321339394,8.991175893980973,9.227179210636978,3.439876646839395,-2.6685139241660725,8.64467757413313,3.6607090968813947,13.442944392190562,15.122616338668871,-1.4759265408702535,6.034057147499333,5.098840383616928,-8.24907748529557,-4.568840952471884,21.207076086274427,16.200042549412416
Angelique,S35,epbin_Dig_20F_Std_Par 12 rr fixT8 ica ep1 but chanlocs chansel chanlabels S35.csv,-50.57765778815899,-33.83785000070575,-18.9618997908312,-0.7930522800867957,-2.132997004684669,-3.410080601839519,4.0930190635809485,13.843779401090131,6.788584297138795,15.306053145331225,9.825297328090569,11.81819369076324,8.381959785147991,5.98593622745638,11.154533996436989,7.490488005791373,19.52615370277339,4.240491619908088,5.18302671906803,-2.739228396012245,-7.102325356638427,6.731087301044501,-2.489507019929105,-4.02230725118049,4.318156277004602,-3.358698737466646,4.867407112004369,16.151377080356127,8.513314258096855,2.3746405949121874,1.8667324932333236,6.9221049281208,-42.75191325314403,-46.659629246234324,-31.81613266217342,-21.8902977030756,-19.293968284971132,-1.4062291204284885,-3.0860228195815207,-10.484874304283318,-9.405897434005686,-7.5129413826873455,3.2681569152709415,-4.908670719545917,-7.876653048460625,3.3448047329671264,10.196303340054428,9.41653304096276,6.504929676213221,7.940256902337451,2.383906593940205,7.406708413253523,16.56806321339394,8.991175893980973,9.227179210636978,3.439876646839395,-2.6685139241660725,8.64467757413313,3.6607090968813947,13.442944392190562,15.122616338668871,-1.4759265408702535,6.034057147499333,5.098840383616928,-8.24907748529557,-4.568840952471884,21.207076086274427,16.200042549412416
Angelique,S35,epbin_NumWoGE_1F_C1 24 rr fixT8 ica ep1 but chanlocs chansel chanlabels S35.csv,-50.57765778815899,-33.83785000070575,-18.9618997908312,-0.7930522800867957,-2.132997004684669,-3.410080601839519,4.0930190635809485,13.843779401090131,6.788584297138795,15.306053145331225,9.825297328090569,11.81819369076324,8.381959785147991,5.98593622745638,11.154533996436989,7.490488005791373,19.52615370277339,4.240491619908088,5.18302671906803,-2.739228396012245,-7.102325356638427,6.731087301044501,-2.489507019929105,-4.02230725118049,4.318156277004602,-3.358698737466646,4.867407112004369,16.151377080356127,8.513314258096855,2.3746405949121874,1.8667324932333236,6.9221049281208,-42.75191325314403,-46.659629246234324,-31.81613266217342,-21.8902977030756,-19.293968284971132,-1.4062291204284885,-3.0860228195815207,-10.484874304283318,-9.405897434005686,-7.5129413826873455,3.2681569152709415,-4.908670719545917,-7.876653048460625,3.3448047329671264,10.196303340054428,9.41653304096276,6.504929676213221,7.940256902337451,2.383906593940205,7.406708413253523,16.56806321339394,8.991175893980973,9.227179210636978,3.439876646839395,-2.6685139241660725,8.64467757413313,3.6607090968813947,13.442944392190562,15.122616338668871,-1.4759265408702535,6.034057147499333,5.098840383616928,-8.24907748529557,-4.568840952471884,21.207076086274427,16.200042549412416
Angelique,S35,epbin_NumWoGE_1F_Par 14 rr fixT8 ica ep1 but chanlocs chansel chanlabels S35.csv,-50.57765778815899,-33.83785000070575,-18.9618997908312,-0.7930522800867957,-2.132997004684669,-3.410080601839519,4.0930190635809485,13.843779401090131,6.788584297138795,15.306053145331225,9.825297328090569,11.81819369076324,8.381959785147991,5.98593622745638,11.154533996436989,7.490488005791373,19.52615370277339,4.240491619908088,5.18302671906803,-2.739228396012245,-7.102325356638427,6.731087301044501,-2.489507019929105,-4.02230725118049,4.318156277004602,-3.358698737466646,4.867407112004369,16.151377080356127,8.513314258096855,2.3746405949121874,1.8667324932333236,6.9221049281208,-42.75191325314403,-46.659629246234324,-31.81613266217342,-21.8902977030756,-19.293968284971132,-1.4062291204284885,-3.0860228195815207,-10.484874304283318,-9.405897434005686,-7.5129413826873455,3.2681569152709415,-4.908670719545917,-7.876653048460625,3.3448047329671264,10.196303340054428,9.41653304096276,6.504929676213221,7.940256902337451,2.383906593940205,7.406708413253523,16.56806321339394,8.991175893980973,9.227179210636978,3.439876646839395,-2.6685139241660725,8.64467757413313,3.6607090968813947,13.442944392190562,15.122616338668871,-1.4759265408702535,6.034057147499333,5.098840383616928,-8.24907748529557,-4.568840952471884,21.207076086274427,16.200042549412416
Angelique,S35,epbin_NumWoGE_20F_Atp_C1 26 rr fixT8 ica ep1 but chanlocs chansel chanlabels S35.csv,-50.57765778815899,-33.83785000070575,-18.9618997908312,-0.7930522800867957,-2.132997004684669,-3.410080601839519,4.0930190635809485,13.843779401090131,6.788584297138795,15.306053145331225,9.825297328090569,11.81819369076324,8.381959785147991,5.98593622745638,11.154533996436989,7.490488005791373,19.52615370277339,4.240491619908088,5.18302671906803,-2.739228396012245,-7.102325356638427,6.731087301044501,-2.489507019929105,-4.02230725118049,4.318156277004602,-3.358698737466646,4.867407112004369,16.151377080356127,8.513314258096855,2.3746405949121874,1.8667324932333236,6.9221049281208,-42.75191325314403,-46.659629246234324,-31.81613266217342,-21.8902977030756,-19.293968284971132,-1.4062291204284885,-3.0860228195815207,-10.484874304283318,-9.405897434005686,-7.5129413826873455,3.2681569152709415,-4.908670719545917,-7.876653048460625,3.3448047329671264,10.196303340054428,9.41653304096276,6.504929676213221,7.940256902337451,2.383906593940205,7.406708413253523,16.56806321339394,8.991175893980973,9.227179210636978,3.439876646839395,-2.6685139241660725,8.64467757413313,3.6607090968813947,13.442944392190562,15.122616338668871,-1.4759265408702535,6.034057147499333,5.098840383616928,-8.24907748529557,-4.568840952471884,21.207076086274427,16.200042549412416
Angelique,S35,epbin_NumWoGE_20F_Atp_Par 16 rr fixT8 ica ep1 but chanlocs chansel chanlabels S35.csv,-50.57765778815899,-33.83785000070575,-18.9618997908312,-0.7930522800867957,-2.132997004684669,-3.410080601839519,4.0930190635809485,13.843779401090131,6.788584297138795,15.306053145331225,9.825297328090569,11.81819369076324,8.381959785147991,5.98593622745638,11.154533996436989,7.490488005791373,19.52615370277339,4.240491619908088,5.18302671906803,-2.739228396012245,-7.102325356638427,6.731087301044501,-2.489507019929105,-4.02230725118049,4.318156277004602,-3.358698737466646,4.867407112004369,16.151377080356127,8.513314258096855,2.3746405949121874,1.8667324932333236,6.9221049281208,-42.75191325314403,-46.659629246234324,-31.81613266217342,-21.8902977030756,-19.293968284971132,-1.4062291204284885,-3.0860228195815207,-10.484874304283318,-9.405897434005686,-7.5129413826873455,3.2681569152709415,-4.908670719545917,-7.876653048460625,3.3448047329671264,10.196303340054428,9.41653304096276,6.504929676213221,7.940256902337451,2.383906593940205,7.406708413253523,16.56806321339394,8.991175893980973,9.227179210636978,3.439876646839395,-2.6685139241660725,8.64467757413313,3.6607090968813947,13.442944392190562,15.122616338668871,-1.4759265408702535,6.034057147499333,5.098840383616928,-8.24907748529557,-4.568840952471884,21.207076086274427,16.200042549412416
Angelique,S35,epbin_NumWoGE_20F_Std_C1 25 rr fixT8 ica ep1 but chanlocs chansel chanlabels S35.csv,-50.57765778815899,-33.83785000070575,-18.9618997908312,-0.7930522800867957,-2.132997004684669,-3.410080601839519,4.0930190635809485,13.843779401090131,6.788584297138795,15.306053145331225,9.825297328090569,11.81819369076324,8.381959785147991,5.98593622745638,11.154533996436989,7.490488005791373,19.52615370277339,4.240491619908088,5.18302671906803,-2.739228396012245,-7.102325356638427,6.731087301044501,-2.489507019929105,-4.02230725118049,4.318156277004602,-3.358698737466646,4.867407112004369,16.151377080356127,8.513314258096855,2.3746405949121874,1.8667324932333236,6.9221049281208,-42.75191325314403,-46.659629246234324,-31.81613266217342,-21.8902977030756,-19.293968284971132,-1.4062291204284885,-3.0860228195815207,-10.484874304283318,-9.405897434005686,-7.5129413826873455,3.2681569152709415,-4.908670719545917,-7.876653048460625,3.3448047329671264,10.196303340054428,9.41653304096276,6.504929676213221,7.940256902337451,2.383906593940205,7.406708413253523,16.56806321339394,8.991175893980973,9.227179210636978,3.439876646839395,-2.6685139241660725,8.64467757413313,3.6607090968813947,13.442944392190562,15.122616338668871,-1.4759265408702535,6.034057147499333,5.098840383616928,-8.24907748529557,-4.568840952471884,21.207076086274427,16.200042549412416
Angelique,S35,epbin_NumWoGE_20F_Std_Par 15 rr fixT8 ica ep1 but chanlocs chansel chanlabels S35.csv,-50.57765778815899,-33.83785000070575,-18.9618997908312,-0.7930522800867957,-2.132997004684669,-3.410080601839519,4.0930190635809485,13.843779401090131,6.788584297138795,15.306053145331225,9.825297328090569,11.81819369076324,8.381959785147991,5.98593622745638,11.154533996436989,7.490488005791373,19.52615370277339,4.240491619908088,5.18302671906803,-2.739228396012245,-7.102325356638427,6.731087301044501,-2.489507019929105,-4.02230725118049,4.318156277004602,-3.358698737466646,4.867407112004369,16.151377080356127,8.513314258096855,2.3746405949121874,1.8667324932333236,6.9221049281208,-42.75191325314403,-46.659629246234324,-31.81613266217342,-21.8902977030756,-19.293968284971132,-1.4062291204284885,-3.0860228195815207,-10.484874304283318,-9.405897434005686,-7.5129413826873455,3.2681569152709415,-4.908670719545917,-7.876653048460625,3.3448047329671264,10.196303340054428,9.41653304096276,6.504929676213221,7.940256902337451,2.383906593940205,7.406708413253523,16.56806321339394,8.991175893980973,9.227179210636978,3.439876646839395,-2.6685139241660725,8.64467757413313,3.6607090968813947,13.442944392190562,15.122616338668871,-1.4759265408702535,6.034057147499333,5.098840383616928,-8.24907748529557,-4.568840952471884,21.207076086274427,16.200042549412416
Angelique,S37,epbin_Dig_1F_C1 21 rr icfilt ica ep1 but chanlocs chansel chanlabels S37.csv,-10.014980869286122,-8.210221984080702,-11.637242622703065,-8.162437298887788,-4.474433733794248,-2.5212989839757625,1.3681797479785986,8.271261970199996,10.916368849336775,-4.040772275405133,-9.682129574194203,-2.8393987989972156,0.9495453428373504,4.386700983852664,2.049400064966174,21.88681267405219,10.359358554645176,12.352984007338783,3.491769690296808,10.232921842519396,16.711132101095046,24.449920308595644,36.58570128104439,47.28259648613911,38.83344001584084,10.805889998609226,12.874348748393022,9.74225890281118,-2.4582164784536324,-3.902461823233582,1.014748505976074,-5.557023542493964,-9.048241833657151,-4.876108806275151,-7.156894713427728,-1.1742327774037926,-2.6963772944061755,-5.571460631113184,-3.157034294437677,-0.2758554675754793,-7.366074626346344,-3.328275052119221,-7.214213145272353,-2.3752276817901414,-4.685958073507448,1.771236705807353,-7.256034772366778,-8.134565078666322,-14.512749427649135,-8.865698397123012,-15.884827942584524,-11.410632443893975,-16.20959866368837,-22.495640737979755,-22.623822974836095,-8.604362869703454,-13.946568656026608,-26.15471432383236,-20.39263181887705,-14.12054668647298,-8.150809025867739,-7.584078062076827,-10.936409625884917,-5.370085362556016,59.78673538238873,26.31728582801217,3.147053519910501,-0.5073306321281846
Angelique,S37,epbin_Dig_1F_Par 11 rr icfilt ica ep1 but chanlocs chansel chanlabels S37.csv,-10.014980869286122,-8.210221984080702,-11.637242622703065,-8.162437298887788,-4.474433733794248,-2.5212989839757625,1.3681797479785986,8.271261970199996,10.916368849336775,-4.040772275405133,-9.682129574194203,-2.8393987989972156,0.9495453428373504,4.386700983852664,2.049400064966174,21.88681267405219,10.359358554645176,12.352984007338783,3.491769690296808,10.232921842519396,16.711132101095046,24.449920308595644,36.58570128104439,47.28259648613911,38.83344001584084,10.805889998609226,12.874348748393022,9.74225890281118,-2.4582164784536324,-3.902461823233582,1.014748505976074,-5.557023542493964,-9.048241833657151,-4.876108806275151,-7.156894713427728,-1.1742327774037926,-2.6963772944061755,-5.571460631113184,-3.157034294437677,-0.2758554675754793,-7.366074626346344,-3.328275052119221,-7.214213145272353,-2.3752276817901414,-4.685958073507448,1.771236705807353,-7.256034772366778,-8.134565078666322,-14.512749427649135,-8.865698397123012,-15.884827942584524,-11.410632443893975,-16.20959866368837,-22.495640737979755,-22.623822974836095,-8.604362869703454,-13.946568656026608,-26.15471432383236,-20.39263181887705,-14.12054668647298,-8.150809025867739,-7.584078062076827,-10.936409625884917,-5.370085362556016,59.78673538238873,26.31728582801217,3.147053519910501,-0.5073306321281846
Angelique,S37,epbin_Dig_20F_Atp_C1 23 rr icfilt ica ep1 but chanlocs chansel chanlabels S37.csv,-10.014980869286122,-8.210221984080702,-11.637242622703065,-8.162437298887788,-4.474433733794248,-2.5212989839757625,1.3681797479785986,8.271261970199996,10.916368849336775,-4.040772275405133,-9.682129574194203,-2.8393987989972156,0.9495453428373504,4.386700983852664,2.049400064966174,21.88681267405219,10.359358554645176,12.352984007338783,3.491769690296808,10.232921842519396,16.711132101095046,24.449920308595644,36.58570128104439,47.28259648613911,38.83344001584084,10.805889998609226,12.874348748393022,9.74225890281118,-2.4582164784536324,-3.902461823233582,1.014748505976074,-5.557023542493964,-9.048241833657151,-4.876108806275151,-7.156894713427728,-1.1742327774037926,-2.6963772944061755,-5.571460631113184,-3.157034294437677,-0.2758554675754793,-7.366074626346344,-3.328275052119221,-7.214213145272353,-2.3752276817901414,-4.685958073507448,1.771236705807353,-7.256034772366778,-8.134565078666322,-14.512749427649135,-8.865698397123012,-15.884827942584524,-11.410632443893975,-16.20959866368837,-22.495640737979755,-22.623822974836095,-8.604362869703454,-13.946568656026608,-26.15471432383236,-20.39263181887705,-14.12054668647298,-8.150809025867739,-7.584078062076827,-10.936409625884917,-5.370085362556016,59.78673538238873,26.31728582801217,3.147053519910501,-0.5073306321281846
Angelique,S37,epbin_Dig_20F_Atp_Par 13 rr icfilt ica ep1 but chanlocs chansel chanlabels S37.csv,-10.014980869286122,-8.210221984080702,-11.637242622703065,-8.162437298887788,-4.474433733794248,-2.5212989839757625,1.3681797479785986,8.271261970199996,10.916368849336775,-4.040772275405133,-9.682129574194203,-2.8393987989972156,0.9495453428373504,4.386700983852664,2.049400064966174,21.88681267405219,10.359358554645176,12.352984007338783,3.491769690296808,10.232921842519396,16.711132101095046,24.449920308595644,36.58570128104439,47.28259648613911,38.83344001584084,10.805889998609226,12.874348748393022,9.74225890281118,-2.4582164784536324,-3.902461823233582,1.014748505976074,-5.557023542493964,-9.048241833657151,-4.876108806275151,-7.156894713427728,-1.1742327774037926,-2.6963772944061755,-5.571460631113184,-3.157034294437677,-0.2758554675754793,-7.366074626346344,-3.328275052119221,-7.214213145272353,-2.3752276817901414,-4.685958073507448,1.771236705807353,-7.256034772366778,-8.134565078666322,-14.512749427649135,-8.865698397123012,-15.884827942584524,-11.410632443893975,-16.20959866368837,-22.495640737979755,-22.623822974836095,-8.604362869703454,-13.946568656026608,-26.15471432383236,-20.39263181887705,-14.12054668647298,-8.150809025867739,-7.584078062076827,-10.936409625884917,-5.370085362556016,59.78673538238873,26.31728582801217,3.147053519910501,-0.5073306321281846
Angelique,S37,epbin_Dig_20F_Std_C1 22 rr icfilt ica ep1 but chanlocs chansel chanlabels S37.csv,-10.014980869286122,-8.210221984080702,-11.637242622703065,-8.162437298887788,-4.474433733794248,-2.5212989839757625,1.3681797479785986,8.271261970199996,10.916368849336775,-4.040772275405133,-9.682129574194203,-2.8393987989972156,0.9495453428373504,4.386700983852664,2.049400064966174,21.88681267405219,10.359358554645176,12.352984007338783,3.491769690296808,10.232921842519396,16.711132101095046,24.449920308595644,36.58570128104439,47.28259648613911,38.83344001584084,10.805889998609226,12.874348748393022,9.74225890281118,-2.4582164784536324,-3.902461823233582,1.014748505976074,-5.557023542493964,-9.048241833657151,-4.876108806275151,-7.156894713427728,-1.1742327774037926,-2.6963772944061755,-5.571460631113184,-3.157034294437677,-0.2758554675754793,-7.366074626346344,-3.328275052119221,-7.214213145272353,-2.3752276817901414,-4.685958073507448,1.771236705807353,-7.256034772366778,-8.134565078666322,-14.512749427649135,-8.865698397123012,-15.884827942584524,-11.410632443893975,-16.20959866368837,-22.495640737979755,-22.623822974836095,-8.604362869703454,-13.946568656026608,-26.15471432383236,-20.39263181887705,-14.12054668647298,-8.150809025867739,-7.584078062076827,-10.936409625884917,-5.370085362556016,59.78673538238873,26.31728582801217,3.147053519910501,-0.5073306321281846
Angelique,S37,epbin_Dig_20F_Std_Par 12 rr icfilt ica ep1 but chanlocs chansel chanlabels S37.csv,-10.014980869286122,-8.210221984080702,-11.637242622703065,-8.162437298887788,-4.474433733794248,-2.5212989839757625,1.3681797479785986,8.271261970199996,10.916368849336775,-4.040772275405133,-9.682129574194203,-2.8393987989972156,0.9495453428373504,4.386700983852664,2.049400064966174,21.88681267405219,10.359358554645176,12.352984007338783,3.491769690296808,10.232921842519396,16.711132101095046,24.449920308595644,36.58570128104439,47.28259648613911,38.83344001584084,10.805889998609226,12.874348748393022,9.74225890281118,-2.4582164784536324,-3.902461823233582,1.014748505976074,-5.557023542493964,-9.048241833657151,-4.876108806275151,-7.156894713427728,-1.1742327774037926,-2.6963772944061755,-5.571460631113184,-3.157034294437677,-0.2758554675754793,-7.366074626346344,-3.328275052119221,-7.214213145272353,-2.3752276817901414,-4.685958073507448,1.771236705807353,-7.256034772366778,-8.134565078666322,-14.512749427649135,-8.865698397123012,-15.884827942584524,-11.410632443893975,-16.20959866368837,-22.495640737979755,-22.623822974836095,-8.604362869703454,-13.946568656026608,-26.15471432383236,-20.39263181887705,-14.12054668647298,-8.150809025867739,-7.584078062076827,-10.936409625884917,-5.370085362556016,59.78673538238873,26.31728582801217,3.147053519910501,-0.5073306321281846
Angelique,S37,epbin_NumWoGE_1F_C1 24 rr icfilt ica ep1 but chanlocs chansel chanlabels S37.csv,-10.014980869286122,-8.210221984080702,-11.637242622703065,-8.162437298887788,-4.474433733794248,-2.5212989839757625,1.3681797479785986,8.271261970199996,10.916368849336775,-4.040772275405133,-9.682129574194203,-2.8393987989972156,0.9495453428373504,4.386700983852664,2.049400064966174,21.88681267405219,10.359358554645176,12.352984007338783,3.491769690296808,10.232921842519396,16.711132101095046,24.449920308595644,36.58570128104439,47.28259648613911,38.83344001584084,10.805889998609226,12.874348748393022,9.74225890281118,-2.4582164784536324,-3.902461823233582,1.014748505976074,-5.557023542493964,-9.048241833657151,-4.876108806275151,-7.156894713427728,-1.1742327774037926,-2.6963772944061755,-5.571460631113184,-3.157034294437677,-0.2758554675754793,-7.366074626346344,-3.328275052119221,-7.214213145272353,-2.3752276817901414,-4.685958073507448,1.771236705807353,-7.256034772366778,-8.134565078666322,-14.512749427649135,-8.865698397123012,-15.884827942584524,-11.410632443893975,-16.20959866368837,-22.495640737979755,-22.623822974836095,-8.604362869703454,-13.946568656026608,-26.15471432383236,-20.39263181887705,-14.12054668647298,-8.150809025867739,-7.584078062076827,-10.936409625884917,-5.370085362556016,59.78673538238873,26.31728582801217,3.147053519910501,-0.5073306321281846
Angelique,S37,epbin_NumWoGE_1F_Par 14 rr icfilt ica ep1 but chanlocs chansel chanlabels S37.csv,-10.014980869286122,-8.210221984080702,-11.637242622703065,-8.162437298887788,-4.474433733794248,-2.5212989839757625,1.3681797479785986,8.271261970199996,10.916368849336775,-4.040772275405133,-9.682129574194203,-2.8393987989972156,0.9495453428373504,4.386700983852664,2.049400064966174,21.88681267405219,10.359358554645176,12.352984007338783,3.491769690296808,10.232921842519396,16.711132101095046,24.449920308595644,36.58570128104439,47.28259648613911,38.83344001584084,10.805889998609226,12.874348748393022,9.74225890281118,-2.4582164784536324,-3.902461823233582,1.014748505976074,-5.557023542493964,-9.048241833657151,-4.876108806275151,-7.156894713427728,-1.1742327774037926,-2.6963772944061755,-5.571460631113184,-3.157034294437677,-0.2758554675754793,-7.366074626346344,-3.328275052119221,-7.214213145272353,-2.3752276817901414,-4.685958073507448,1.771236705807353,-7.256034772366778,-8.134565078666322,-14.512749427649135,-8.865698397123012,-15.884827942584524,-11.410632443893975,-16.20959866368837,-22.495640737979755,-22.623822974836095,-8.604362869703454,-13.946568656026608,-26.15471432383236,-20.39263181887705,-14.12054668647298,-8.150809025867739,-7.584078062076827,-10.936409625884917,-5.370085362556016,59.78673538238873,26.31728582801217,3.147053519910501,-0.5073306321281846
Angelique,S37,epbin_NumWoGE_20F_Atp_C1 26 rr icfilt ica ep1 but chanlocs chansel chanlabels S37.csv,-10.014980869286122,-8.210221984080702,-11.637242622703065,-8.162437298887788,-4.474433733794248,-2.5212989839757625,1.3681797479785986,8.271261970199996,10.916368849336775,-4.040772275405133,-9.682129574194203,-2.8393987989972156,0.9495453428373504,4.386700983852664,2.049400064966174,21.88681267405219,10.359358554645176,12.352984007338783,3.491769690296808,10.232921842519396,16.711132101095046,24.449920308595644,36.58570128104439,47.28259648613911,38.83344001584084,10.805889998609226,12.874348748393022,9.74225890281118,-2.4582164784536324,-3.902461823233582,1.014748505976074,-5.557023542493964,-9.048241833657151,-4.876108806275151,-7.156894713427728,-1.1742327774037926,-2.6963772944061755,-5.571460631113184,-3.157034294437677,-0.2758554675754793,-7.366074626346344,-3.328275052119221,-7.214213145272353,-2.3752276817901414,-4.685958073507448,1.771236705807353,-7.256034772366778,-8.134565078666322,-14.512749427649135,-8.865698397123012,-15.884827942584524,-11.410632443893975,-16.20959866368837,-22.495640737979755,-22.623822974836095,-8.604362869703454,-13.946568656026608,-26.15471432383236,-20.39263181887705,-14.12054668647298,-8.150809025867739,-7.584078062076827,-10.936409625884917,-5.370085362556016,59.78673538238873,26.31728582801217,3.147053519910501,-0.5073306321281846
Angelique,S37,epbin_NumWoGE_20F_Atp_Par 16 rr icfilt ica ep1 but chanlocs chansel chanlabels S37.csv,-10.014980869286122,-8.210221984080702,-11.637242622703065,-8.162437298887788,-4.474433733794248,-2.5212989839757625,1.3681797479785986,8.271261970199996,10.916368849336775,-4.040772275405133,-9.682129574194203,-2.8393987989972156,0.9495453428373504,4.386700983852664,2.049400064966174,21.88681267405219,10.359358554645176,12.352984007338783,3.491769690296808,10.232921842519396,16.711132101095046,24.449920308595644,36.58570128104439,47.28259648613911,38.83344001584084,10.805889998609226,12.874348748393022,9.74225890281118,-2.4582164784536324,-3.902461823233582,1.014748505976074,-5.557023542493964,-9.048241833657151,-4.876108806275151,-7.156894713427728,-1.1742327774037926,-2.6963772944061755,-5.571460631113184,-3.157034294437677,-0.2758554675754793,-7.366074626346344,-3.328275052119221,-7.214213145272353,-2.3752276817901414,-4.685958073507448,1.771236705807353,-7.256034772366778,-8.134565078666322,-14.512749427649135,-8.865698397123012,-15.884827942584524,-11.410632443893975,-16.20959866368837,-22.495640737979755,-22.623822974836095,-8.604362869703454,-13.946568656026608,-26.15471432383236,-20.39263181887705,-14.12054668647298,-8.150809025867739,-7.584078062076827,-10.936409625884917,-5.370085362556016,59.78673538238873,26.31728582801217,3.147053519910501,-0.5073306321281846
Angelique,S37,epbin_NumWoGE_20F_Std_C1 25 rr icfilt ica ep1 but chanlocs chansel chanlabels S37.csv,-10.014980869286122,-8.210221984080702,-11.637242622703065,-8.162437298887788,-4.474433733794248,-2.5212989839757625,1.3681797479785986,8.271261970199996,10.916368849336775,-4.040772275405133,-9.682129574194203,-2.8393987989972156,0.9495453428373504,4.386700983852664,2.049400064966174,21.88681267405219,10.359358554645176,12.352984007338783,3.491769690296808,10.232921842519396,16.711132101095046,24.449920308595644,36.58570128104439,47.28259648613911,38.83344001584084,10.805889998609226,12.874348748393022,9.74225890281118,-2.4582164784536324,-3.902461823233582,1.014748505976074,-5.557023542493964,-9.048241833657151,-4.876108806275151,-7.156894713427728,-1.1742327774037926,-2.6963772944061755,-5.571460631113184,-3.157034294437677,-0.2758554675754793,-7.366074626346344,-3.328275052119221,-7.214213145272353,-2.3752276817901414,-4.685958073507448,1.771236705807353,-7.256034772366778,-8.134565078666322,-14.512749427649135,-8.865698397123012,-15.884827942584524,-11.410632443893975,-16.20959866368837,-22.495640737979755,-22.623822974836095,-8.604362869703454,-13.946568656026608,-26.15471432383236,-20.39263181887705,-14.12054668647298,-8.150809025867739,-7.584078062076827,-10.936409625884917,-5.370085362556016,59.78673538238873,26.31728582801217,3.147053519910501,-0.5073306321281846
Angelique,S37,epbin_NumWoGE_20F_Std_Par 15 rr icfilt ica ep1 but chanlocs chansel chanlabels S37.csv,-10.014980869286122,-8.210221984080702,-11.637242622703065,-8.162437298887788,-4.474433733794248,-2.5212989839757625,1.3681797479785986,8.271261970199996,10.916368849336775,-4.040772275405133,-9.682129574194203,-2.8393987989972156,0.9495453428373504,4.386700983852664,2.049400064966174,21.88681267405219,10.359358554645176,12.352984007338783,3.491769690296808,10.232921842519396,16.711132101095046,24.449920308595644,36.58570128104439,47.28259648613911,38.83344001584084,10.805889998609226,12.874348748393022,9.74225890281118,-2.4582164784536324,-3.902461823233582,1.014748505976074,-5.557023542493964,-9.048241833657151,-4.876108806275151,-7.156894713427728,-1.1742327774037926,-2.6963772944061755,-5.571460631113184,-3.157034294437677,-0.2758554675754793,-7.366074626346344,-3.328275052119221,-7.214213145272353,-2.3752276817901414,-4.685958073507448,1.771236705807353,-7.256034772366778,-8.134565078666322,-14.512749427649135,-8.865698397123012,-15.884827942584524,-11.410632443893975,-16.20959866368837,-22.495640737979755,-22.623822974836095,-8.604362869703454,-13.946568656026608,-26.15471432383236,-20.39263181887705,-14.12054668647298,-8.150809025867739,-7.584078062076827,-10.936409625884917,-5.370085362556016,59.78673538238873,26.31728582801217,3.147053519910501,-0.5073306321281846
Angelique,S38,epbin_Dig_1F_C1 21 rr fixT8 fixF8 fixFT7 icfilt ica ep1 but chanlocs chansel chanlabels S38.csv,-6.188555179953528,-7.720939492764594,-1.8252230536759395,-2.0514543605540387,-0.8214169599331826,-0.060264847178823786,-6.88521313549188,-3.9453144423842788,-0.10718851515656455,3.125754391427999,5.543021923204238,7.899419173882134,7.614790058484184,-1.8013821477349579,-4.843542410240727,0.4335498497846514,5.467129000554808,11.156379453025592,14.34341249441131,32.96617691752797,15.368417067783959,11.10560058309272,10.951341570808841,0.8626736618534923,16.78639941640249,19.179119467267125,7.018054795987134,-13.85669944417808,-4.4285309912761806,11.925730064102426,23.416053976747584,15.459770939458238,-9.579267102183385,-2.9130662974953117,-3.893786942524911,-5.001975687186097,0.20408206853430697,0.6199064496934538,-0.9192360851414764,3.742610121150278,-9.501719339894153,-7.663282742376917,-9.594342232893652,-2.917576552069298,2.3448283960075758,3.2056991115745137,3.5524746721417304,8.868334377213314,6.007311813078157,3.646903373275179,0.6531388563858256,-6.265020246142366,-9.853856406306011,-14.70283047601249,14.989983510364677,16.768449568799593,13.39967317943888,9.162913368851372,-9.302576236211467,-25.389985533011007,-27.467835101414167,-27.46147773321729,-7.780599947332853,-25.975782239136723,2.53158325965205,-7.025755431147346,-17.113313844335593,-25.461691979078843
Angelique,S38,epbin_Dig_1F_Par 11 rr fixT8 fixF8 fixFT7 icfilt ica ep1 but chanlocs chansel chanlabels S38.csv,-6.188555179953528,-7.720939492764594,-1.8252230536759395,-2.0514543605540387,-0.8214169599331826,-0.060264847178823786,-6.88521313549188,-3.9453144423842788,-0.10718851515656455,3.125754391427999,5.543021923204238,7.899419173882134,7.614790058484184,-1.8013821477349579,-4.843542410240727,0.4335498497846514,5.467129000554808,11.156379453025592,14.34341249441131,32.96617691752797,15.368417067783959,11.10560058309272,10.951341570808841,0.8626736618534923,16.78639941640249,19.179119467267125,7.018054795987134,-13.85669944417808,-4.4285309912761806,11.925730064102426,23.416053976747584,15.459770939458238,-9.579267102183385,-2.9130662974953117,-3.893786942524911,-5.001975687186097,0.20408206853430697,0.6199064496934538,-0.9192360851414764,3.742610121150278,-9.501719339894153,-7.663282742376917,-9.594342232893652,-2.917576552069298,2.3448283960075758,3.2056991115745137,3.5524746721417304,8.868334377213314,6.007311813078157,3.646903373275179,0.6531388563858256,-6.265020246142366,-9.853856406306011,-14.70283047601249,14.989983510364677,16.768449568799593,13.39967317943888,9.162913368851372,-9.302576236211467,-25.389985533011007,-27.467835101414167,-27.46147773321729,-7.780599947332853,-25.975782239136723,2.53158325965205,-7.025755431147346,-17.113313844335593,-25.461691979078843
Angelique,S38,epbin_Dig_20F_Atp_C1 23 rr fixT8 fixF8 fixFT7 icfilt ica ep1 but chanlocs chansel chanlabels S38.csv,-6.188555179953528,-7.720939492764594,-1.8252230536759395,-2.0514543605540387,-0.8214169599331826,-0.060264847178823786,-6.88521313549188,-3.9453144423842788,-0.10718851515656455,3.125754391427999,5.543021923204238,7.899419173882134,7.614790058484184,-1.8013821477349579,-4.843542410240727,0.4335498497846514,5.467129000554808,11.156379453025592,14.34341249441131,32.96617691752797,15.368417067783959,11.10560058309272,10.951341570808841,0.8626736618534923,16.78639941640249,19.179119467267125,7.018054795987134,-13.85669944417808,-4.4285309912761806,11.925730064102426,23.416053976747584,15.459770939458238,-9.579267102183385,-2.9130662974953117,-3.893786942524911,-5.001975687186097,0.20408206853430697,0.6199064496934538,-0.9192360851414764,3.742610121150278,-9.501719339894153,-7.663282742376917,-9.594342232893652,-2.917576552069298,2.3448283960075758,3.2056991115745137,3.5524746721417304,8.868334377213314,6.007311813078157,3.646903373275179,0.6531388563858256,-6.265020246142366,-9.853856406306011,-14.70283047601249,14.989983510364677,16.768449568799593,13.39967317943888,9.162913368851372,-9.302576236211467,-25.389985533011007,-27.467835101414167,-27.46147773321729,-7.780599947332853,-25.975782239136723,2.53158325965205,-7.025755431147346,-17.113313844335593,-25.461691979078843
Angelique,S38,epbin_Dig_20F_Atp_Par 13 rr fixT8 fixF8 fixFT7 icfilt ica ep1 but chanlocs chansel chanlabels S38.csv,-6.188555179953528,-7.720939492764594,-1.8252230536759395,-2.0514543605540387,-0.8214169599331826,-0.060264847178823786,-6.88521313549188,-3.9453144423842788,-0.10718851515656455,3.125754391427999,5.543021923204238,7.899419173882134,7.614790058484184,-1.8013821477349579,-4.843542410240727,0.4335498497846514,5.467129000554808,11.156379453025592,14.34341249441131,32.96617691752797,15.368417067783959,11.10560058309272,10.951341570808841,0.8626736618534923,16.78639941640249,19.179119467267125,7.018054795987134,-13.85669944417808,-4.4285309912761806,11.925730064102426,23.416053976747584,15.459770939458238,-9.579267102183385,-2.9130662974953117,-3.893786942524911,-5.001975687186097,0.20408206853430697,0.6199064496934538,-0.9192360851414764,3.742610121150278,-9.501719339894153,-7.663282742376917,-9.594342232893652,-2.917576552069298,2.3448283960075758,3.2056991115745137,3.5524746721417304,8.868334377213314,6.007311813078157,3.646903373275179,0.6531388563858256,-6.265020246142366,-9.853856406306011,-14.70283047601249,14.989983510364677,16.768449568799593,13.39967317943888,9.162913368851372,-9.302576236211467,-25.389985533011007,-27.467835101414167,-27.46147773321729,-7.780599947332853,-25.975782239136723,2.53158325965205,-7.025755431147346,-17.113313844335593,-25.461691979078843
Angelique,S38,epbin_Dig_20F_Std_C1 22 rr fixT8 fixF8 fixFT7 icfilt ica ep1 but chanlocs chansel chanlabels S38.csv,-6.188555179953528,-7.720939492764594,-1.8252230536759395,-2.0514543605540387,-0.8214169599331826,-0.060264847178823786,-6.88521313549188,-3.9453144423842788,-0.10718851515656455,3.125754391427999,5.543021923204238,7.899419173882134,7.614790058484184,-1.8013821477349579,-4.843542410240727,0.4335498497846514,5.467129000554808,11.156379453025592,14.34341249441131,32.96617691752797,15.368417067783959,11.10560058309272,10.951341570808841,0.8626736618534923,16.78639941640249,19.179119467267125,7.018054795987134,-13.85669944417808,-4.4285309912761806,11.925730064102426,23.416053976747584,15.459770939458238,-9.579267102183385,-2.9130662974953117,-3.893786942524911,-5.001975687186097,0.20408206853430697,0.6199064496934538,-0.9192360851414764,3.742610121150278,-9.501719339894153,-7.663282742376917,-9.594342232893652,-2.917576552069298,2.3448283960075758,3.2056991115745137,3.5524746721417304,8.868334377213314,6.007311813078157,3.646903373275179,0.6531388563858256,-6.265020246142366,-9.853856406306011,-14.70283047601249,14.989983510364677,16.768449568799593,13.39967317943888,9.162913368851372,-9.302576236211467,-25.389985533011007,-27.467835101414167,-27.46147773321729,-7.780599947332853,-25.975782239136723,2.53158325965205,-7.025755431147346,-17.113313844335593,-25.461691979078843
Angelique,S38,epbin_Dig_20F_Std_Par 12 rr fixT8 fixF8 fixFT7 icfilt ica ep1 but chanlocs chansel chanlabels S38.csv,-6.188555179953528,-7.720939492764594,-1.8252230536759395,-2.0514543605540387,-0.8214169599331826,-0.060264847178823786,-6.88521313549188,-3.9453144423842788,-0.10718851515656455,3.125754391427999,5.543021923204238,7.899419173882134,7.614790058484184,-1.8013821477349579,-4.843542410240727,0.4335498497846514,5.467129000554808,11.156379453025592,14.34341249441131,32.96617691752797,15.368417067783959,11.10560058309272,10.951341570808841,0.8626736618534923,16.78639941640249,19.179119467267125,7.018054795987134,-13.85669944417808,-4.4285309912761806,11.925730064102426,23.416053976747584,15.459770939458238,-9.579267102183385,-2.9130662974953117,-3.893786942524911,-5.001975687186097,0.20408206853430697,0.6199064496934538,-0.9192360851414764,3.742610121150278,-9.501719339894153,-7.663282742376917,-9.594342232893652,-2.917576552069298,2.3448283960075758,3.2056991115745137,3.5524746721417304,8.868334377213314,6.007311813078157,3.646903373275179,0.6531388563858256,-6.265020246142366,-9.853856406306011,-14.70283047601249,14.989983510364677,16.768449568799593,13.39967317943888,9.162913368851372,-9.302576236211467,-25.389985533011007,-27.467835101414167,-27.46147773321729,-7.780599947332853,-25.975782239136723,2.53158325965205,-7.025755431147346,-17.113313844335593,-25.461691979078843
Angelique,S38,epbin_NumWoGE_1F_C1 24 rr fixT8 fixF8 fixFT7 icfilt ica ep1 but chanlocs chansel chanlabels S38.csv,-6.188555179953528,-7.720939492764594,-1.8252230536759395,-2.0514543605540387,-0.8214169599331826,-0.060264847178823786,-6.88521313549188,-3.9453144423842788,-0.10718851515656455,3.125754391427999,5.543021923204238,7.899419173882134,7.614790058484184,-1.8013821477349579,-4.843542410240727,0.4335498497846514,5.467129000554808,11.156379453025592,14.34341249441131,32.96617691752797,15.368417067783959,11.10560058309272,10.951341570808841,0.8626736618534923,16.78639941640249,19.179119467267125,7.018054795987134,-13.85669944417808,-4.4285309912761806,11.925730064102426,23.416053976747584,15.459770939458238,-9.579267102183385,-2.9130662974953117,-3.893786942524911,-5.001975687186097,0.20408206853430697,0.6199064496934538,-0.9192360851414764,3.742610121150278,-9.501719339894153,-7.663282742376917,-9.594342232893652,-2.917576552069298,2.3448283960075758,3.2056991115745137,3.5524746721417304,8.868334377213314,6.007311813078157,3.646903373275179,0.6531388563858256,-6.265020246142366,-9.853856406306011,-14.70283047601249,14.989983510364677,16.768449568799593,13.39967317943888,9.162913368851372,-9.302576236211467,-25.389985533011007,-27.467835101414167,-27.46147773321729,-7.780599947332853,-25.975782239136723,2.53158325965205,-7.025755431147346,-17.113313844335593,-25.461691979078843
Angelique,S38,epbin_NumWoGE_1F_Par 14 rr fixT8 fixF8 fixFT7 icfilt ica ep1 but chanlocs chansel chanlabels S38.csv,-6.188555179953528,-7.720939492764594,-1.8252230536759395,-2.0514543605540387,-0.8214169599331826,-0.060264847178823786,-6.88521313549188,-3.9453144423842788,-0.10718851515656455,3.125754391427999,5.543021923204238,7.899419173882134,7.614790058484184,-1.8013821477349579,-4.843542410240727,0.4335498497846514,5.467129000554808,11.156379453025592,14.34341249441131,32.96617691752797,15.368417067783959,11.10560058309272,10.951341570808841,0.8626736618534923,16.78639941640249,19.179119467267125,7.018054795987134,-13.85669944417808,-4.4285309912761806,11.925730064102426,23.416053976747584,15.459770939458238,-9.579267102183385,-2.9130662974953117,-3.893786942524911,-5.001975687186097,0.20408206853430697,0.6199064496934538,-0.9192360851414764,3.742610121150278,-9.501719339894153,-7.663282742376917,-9.594342232893652,-2.917576552069298,2.3448283960075758,3.2056991115745137,3.5524746721417304,8.868334377213314,6.007311813078157,3.646903373275179,0.6531388563858256,-6.265020246142366,-9.853856406306011,-14.70283047601249,14.989983510364677,16.768449568799593,13.39967317943888,9.162913368851372,-9.302576236211467,-25.389985533011007,-27.467835101414167,-27.46147773321729,-7.780599947332853,-25.975782239136723,2.53158325965205,-7.025755431147346,-17.113313844335593,-25.461691979078843
Angelique,S38,epbin_NumWoGE_20F_Atp_C1 26 rr fixT8 fixF8 fixFT7 icfilt ica ep1 but chanlocs chansel chanlabels S38.csv,-6.188555179953528,-7.720939492764594,-1.8252230536759395,-2.0514543605540387,-0.8214169599331826,-0.060264847178823786,-6.88521313549188,-3.9453144423842788,-0.10718851515656455,3.125754391427999,5.543021923204238,7.899419173882134,7.614790058484184,-1.8013821477349579,-4.843542410240727,0.4335498497846514,5.467129000554808,11.156379453025592,14.34341249441131,32.96617691752797,15.368417067783959,11.10560058309272,10.951341570808841,0.8626736618534923,16.78639941640249,19.179119467267125,7.018054795987134,-13.85669944417808,-4.4285309912761806,11.925730064102426,23.416053976747584,15.459770939458238,-9.579267102183385,-2.9130662974953117,-3.893786942524911,-5.001975687186097,0.20408206853430697,0.6199064496934538,-0.9192360851414764,3.742610121150278,-9.501719339894153,-7.663282742376917,-9.594342232893652,-2.917576552069298,2.3448283960075758,3.2056991115745137,3.5524746721417304,8.868334377213314,6.007311813078157,3.646903373275179,0.6531388563858256,-6.265020246142366,-9.853856406306011,-14.70283047601249,14.989983510364677,16.768449568799593,13.39967317943888,9.162913368851372,-9.302576236211467,-25.389985533011007,-27.467835101414167,-27.46147773321729,-7.780599947332853,-25.975782239136723,2.53158325965205,-7.025755431147346,-17.113313844335593,-25.461691979078843
Angelique,S38,epbin_NumWoGE_20F_Atp_Par 16 rr fixT8 fixF8 fixFT7 icfilt ica ep1 but chanlocs chansel chanlabels S38.csv,-6.188555179953528,-7.720939492764594,-1.8252230536759395,-2.0514543605540387,-0.8214169599331826,-0.060264847178823786,-6.88521313549188,-3.9453144423842788,-0.10718851515656455,3.125754391427999,5.543021923204238,7.899419173882134,7.614790058484184,-1.8013821477349579,-4.843542410240727,0.4335498497846514,5.467129000554808,11.156379453025592,14.34341249441131,32.96617691752797,15.368417067783959,11.10560058309272,10.951341570808841,0.8626736618534923,16.78639941640249,19.179119467267125,7.018054795987134,-13.85669944417808,-4.4285309912761806,11.925730064102426,23.416053976747584,15.459770939458238,-9.579267102183385,-2.9130662974953117,-3.893786942524911,-5.001975687186097,0.20408206853430697,0.6199064496934538,-0.9192360851414764,3.742610121150278,-9.501719339894153,-7.663282742376917,-9.594342232893652,-2.917576552069298,2.3448283960075758,3.2056991115745137,3.5524746721417304,8.868334377213314,6.007311813078157,3.646903373275179,0.6531388563858256,-6.265020246142366,-9.853856406306011,-14.70283047601249,14.989983510364677,16.768449568799593,13.39967317943888,9.162913368851372,-9.302576236211467,-25.389985533011007,-27.467835101414167,-27.46147773321729,-7.780599947332853,-25.975782239136723,2.53158325965205,-7.025755431147346,-17.113313844335593,-25.461691979078843
Angelique,S38,epbin_NumWoGE_20F_Std_C1 25 rr fixT8 fixF8 fixFT7 icfilt ica ep1 but chanlocs chansel chanlabels S38.csv,-6.188555179953528,-7.720939492764594,-1.8252230536759395,-2.0514543605540387,-0.8214169599331826,-0.060264847178823786,-6.88521313549188,-3.9453144423842788,-0.10718851515656455,3.125754391427999,5.543021923204238,7.899419173882134,7.614790058484184,-1.8013821477349579,-4.843542410240727,0.4335498497846514,5.467129000554808,11.156379453025592,14.34341249441131,32.96617691752797,15.368417067783959,11.10560058309272,10.951341570808841,0.8626736618534923,16.78639941640249,19.179119467267125,7.018054795987134,-13.85669944417808,-4.4285309912761806,11.925730064102426,23.416053976747584,15.459770939458238,-9.579267102183385,-2.9130662974953117,-3.893786942524911,-5.001975687186097,0.20408206853430697,0.6199064496934538,-0.9192360851414764,3.742610121150278,-9.501719339894153,-7.663282742376917,-9.594342232893652,-2.917576552069298,2.3448283960075758,3.2056991115745137,3.5524746721417304,8.868334377213314,6.007311813078157,3.646903373275179,0.6531388563858256,-6.265020246142366,-9.853856406306011,-14.70283047601249,14.989983510364677,16.768449568799593,13.39967317943888,9.162913368851372,-9.302576236211467,-25.389985533011007,-27.467835101414167,-27.46147773321729,-7.780599947332853,-25.975782239136723,2.53158325965205,-7.025755431147346,-17.113313844335593,-25.461691979078843
Angelique,S38,epbin_NumWoGE_20F_Std_Par 15 rr fixT8 fixF8 fixFT7 icfilt ica ep1 but chanlocs chansel chanlabels S38.csv,-6.188555179953528,-7.720939492764594,-1.8252230536759395,-2.0514543605540387,-0.8214169599331826,-0.060264847178823786,-6.88521313549188,-3.9453144423842788,-0.10718851515656455,3.125754391427999,5.543021923204238,7.899419173882134,7.614790058484184,-1.8013821477349579,-4.843542410240727,0.4335498497846514,5.467129000554808,11.156379453025592,14.34341249441131,32.96617691752797,15.368417067783959,11.10560058309272,10.951341570808841,0.8626736618534923,16.78639941640249,19.179119467267125,7.018054795987134,-13.85669944417808,-4.4285309912761806,11.925730064102426,23.416053976747584,15.459770939458238,-9.579267102183385,-2.9130662974953117,-3.893786942524911,-5.001975687186097,0.20408206853430697,0.6199064496934538,-0.9192360851414764,3.742610121150278,-9.501719339894153,-7.663282742376917,-9.594342232893652,-2.917576552069298,2.3448283960075758,3.2056991115745137,3.5524746721417304,8.868334377213314,6.007311813078157,3.646903373275179,0.6531388563858256,-6.265020246142366,-9.853856406306011,-14.70283047601249,14.989983510364677,16.768449568799593,13.39967317943888,9.162913368851372,-9.302576236211467,-25.389985533011007,-27.467835101414167,-27.46147773321729,-7.780599947332853,-25.975782239136723,2.53158325965205,-7.025755431147346,-17.113313844335593,-25.461691979078843
Talia,S01,epb_11_rr_ich_ch68_epm_bbpf_bc_NumberShape_S01.csv,-29.365146943199044,-21.7765208777416,-11.287843286181571,-3.13612953278716,0.22074334976426827,-5.302338686647906,-0.8920785960851279,4.820107994514084,10.88153335029277,6.2578772951520945,2.7860158108867226,4.193760607753628,7.037511449288477,13.251061343906963,27.149021846215568,14.374307618433718,14.210771947421796,6.954396338332645,-0.04015577667774607,-5.546329995296992,2.075686803233642,2.3587019360222077,22.900360900635583,20.918176461761767,-6.270569673305878,-8.947758233697028,-2.2312097089160154,4.442776869865549,-20.35087419315778,-23.981955200057882,-19.847263555896447,-4.126524534246035,-18.577589826620958,-25.713993168344714,-12.984321549090119,-9.73761287095449,-9.651573018757214,5.486809865867294,3.755748899973795,4.4829484473730865,5.919662888286501,6.535180036394806,17.461025127101024,8.57868480145209,9.734112764927435,9.370803461956104,7.280819542488972,4.0350465664003,4.431165937944126,6.95130231016637,10.799959386971963,16.430651417602718,9.379312481920774,-2.401177944541588,-0.7011178131357648,-5.098785421706152,-14.317194602990957,-11.82734742599432,-12.755379308222498,-2.1556703768176484,11.805641512422524,-17.228313795785116,-24.973960409667534,-23.3348946644691,14.333483437966546,13.665056440753006,9.50633798004037,9.78507023338329
Talia,S01,epb_12_rr_ich_ch68_epm_bbpf_bc_NumberShape_S01.csv,-29.365146943199044,-21.7765208777416,-11.287843286181571,-3.13612953278716,0.22074334976426827,-5.302338686647906,-0.8920785960851279,4.820107994514084,10.88153335029277,6.2578772951520945,2.7860158108867226,4.193760607753628,7.037511449288477,13.251061343906963,27.149021846215568,14.374307618433718,14.210771947421796,6.954396338332645,-0.04015577667774607,-5.546329995296992,2.075686803233642,2.3587019360222077,22.900360900635583,20.918176461761767,-6.270569673305878,-8.947758233697028,-2.2312097089160154,4.442776869865549,-20.35087419315778,-23.981955200057882,-19.847263555896447,-4.126524534246035,-18.577589826620958,-25.713993168344714,-12.984321549090119,-9.73761287095449,-9.651573018757214,5.486809865867294,3.755748899973795,4.4829484473730865,5.919662888286501,6.535180036394806,17.461025127101024,8.57868480145209,9.734112764927435,9.370803461956104,7.280819542488972,4.0350465664003,4.431165937944126,6.95130231016637,10.799959386971963,16.430651417602718,9.379312481920774,-2.401177944541588,-0.7011178131357648,-5.098785421706152,-14.317194602990957,-11.82734742599432,-12.755379308222498,-2.1556703768176484,11.805641512422524,-17.228313795785116,-24.973960409667534,-23.3348946644691,14.333483437966546,13.665056440753006,9.50633798004037,9.78507023338329
Talia,S01,epb_13_rr_ich_ch68_epm_bbpf_bc_NumberShape_S01.csv,-29.365146943199044,-21.7765208777416,-11.287843286181571,-3.13612953278716,0.22074334976426827,-5.302338686647906,-0.8920785960851279,4.820107994514084,10.88153335029277,6.2578772951520945,2.7860158108867226,4.193760607753628,7.037511449288477,13.251061343906963,27.149021846215568,14.374307618433718,14.210771947421796,6.954396338332645,-0.04015577667774607,-5.546329995296992,2.075686803233642,2.3587019360222077,22.900360900635583,20.918176461761767,-6.270569673305878,-8.947758233697028,-2.2312097089160154,4.442776869865549,-20.35087419315778,-23.981955200057882,-19.847263555896447,-4.126524534246035,-18.577589826620958,-25.713993168344714,-12.984321549090119,-9.73761287095449,-9.651573018757214,5.486809865867294,3.755748899973795,4.4829484473730865,5.919662888286501,6.535180036394806,17.461025127101024,8.57868480145209,9.734112764927435,9.370803461956104,7.280819542488972,4.0350465664003,4.431165937944126,6.95130231016637,10.799959386971963,16.430651417602718,9.379312481920774,-2.401177944541588,-0.7011178131357648,-5.098785421706152,-14.317194602990957,-11.82734742599432,-12.755379308222498,-2.1556703768176484,11.805641512422524,-17.228313795785116,-24.973960409667534,-23.3348946644691,14.333483437966546,13.665056440753006,9.50633798004037,9.78507023338329
Talia,S01,epb_14_rr_ich_ch68_epm_bbpf_bc_NumberShape_S01.csv,-29.365146943199044,-21.7765208777416,-11.287843286181571,-3.13612953278716,0.22074334976426827,-5.302338686647906,-0.8920785960851279,4.820107994514084,10.88153335029277,6.2578772951520945,2.7860158108867226,4.193760607753628,7.037511449288477,13.251061343906963,27.149021846215568,14.374307618433718,14.210771947421796,6.954396338332645,-0.04015577667774607,-5.546329995296992,2.075686803233642,2.3587019360222077,22.900360900635583,20.918176461761767,-6.270569673305878,-8.947758233697028,-2.2312097089160154,4.442776869865549,-20.35087419315778,-23.981955200057882,-19.847263555896447,-4.126524534246035,-18.577589826620958,-25.713993168344714,-12.984321549090119,-9.73761287095449,-9.651573018757214,5.486809865867294,3.755748899973795,4.4829484473730865,5.919662888286501,6.535180036394806,17.461025127101024,8.57868480145209,9.734112764927435,9.370803461956104,7.280819542488972,4.0350465664003,4.431165937944126,6.95130231016637,10.799959386971963,16.430651417602718,9.379312481920774,-2.401177944541588,-0.7011178131357648,-5.098785421706152,-14.317194602990957,-11.82734742599432,-12.755379308222498,-2.1556703768176484,11.805641512422524,-17.228313795785116,-24.973960409667534,-23.3348946644691,14.333483437966546,13.665056440753006,9.50633798004037,9.78507023338329
Talia,S01,epb_21_rr_ich_ch68_epm_bbpf_bc_NumberShape_S01.csv,-29.365146943199044,-21.7765208777416,-11.287843286181571,-3.13612953278716,0.22074334976426827,-5.302338686647906,-0.8920785960851279,4.820107994514084,10.88153335029277,6.2578772951520945,2.7860158108867226,4.193760607753628,7.037511449288477,13.251061343906963,27.149021846215568,14.374307618433718,14.210771947421796,6.954396338332645,-0.04015577667774607,-5.546329995296992,2.075686803233642,2.3587019360222077,22.900360900635583,20.918176461761767,-6.270569673305878,-8.947758233697028,-2.2312097089160154,4.442776869865549,-20.35087419315778,-23.981955200057882,-19.847263555896447,-4.126524534246035,-18.577589826620958,-25.713993168344714,-12.984321549090119,-9.73761287095449,-9.651573018757214,5.486809865867294,3.755748899973795,4.4829484473730865,5.919662888286501,6.535180036394806,17.461025127101024,8.57868480145209,9.734112764927435,9.370803461956104,7.280819542488972,4.0350465664003,4.431165937944126,6.95130231016637,10.799959386971963,16.430651417602718,9.379312481920774,-2.401177944541588,-0.7011178131357648,-5.098785421706152,-14.317194602990957,-11.82734742599432,-12.755379308222498,-2.1556703768176484,11.805641512422524,-17.228313795785116,-24.973960409667534,-23.3348946644691,14.333483437966546,13.665056440753006,9.50633798004037,9.78507023338329
Talia,S01,epb_22_rr_ich_ch68_epm_bbpf_bc_NumberShape_S01.csv,-29.365146943199044,-21.7765208777416,-11.287843286181571,-3.13612953278716,0.22074334976426827,-5.302338686647906,-0.8920785960851279,4.820107994514084,10.88153335029277,6.2578772951520945,2.7860158108867226,4.193760607753628,7.037511449288477,13.251061343906963,27.149021846215568,14.374307618433718,14.210771947421796,6.954396338332645,-0.04015577667774607,-5.546329995296992,2.075686803233642,2.3587019360222077,22.900360900635583,20.918176461761767,-6.270569673305878,-8.947758233697028,-2.2312097089160154,4.442776869865549,-20.35087419315778,-23.981955200057882,-19.847263555896447,-4.126524534246035,-18.577589826620958,-25.713993168344714,-12.984321549090119,-9.73761287095449,-9.651573018757214,5.486809865867294,3.755748899973795,4.4829484473730865,5.919662888286501,6.535180036394806,17.461025127101024,8.57868480145209,9.734112764927435,9.370803461956104,7.280819542488972,4.0350465664003,4.431165937944126,6.95130231016637,10.799959386971963,16.430651417602718,9.379312481920774,-2.401177944541588,-0.7011178131357648,-5.098785421706152,-14.317194602990957,-11.82734742599432,-12.755379308222498,-2.1556703768176484,11.805641512422524,-17.228313795785116,-24.973960409667534,-23.3348946644691,14.333483437966546,13.665056440753006,9.50633798004037,9.78507023338329
Talia,S01,epb_23_rr_ich_ch68_epm_bbpf_bc_NumberShape_S01.csv,-29.365146943199044,-21.7765208777416,-11.287843286181571,-3.13612953278716,0.22074334976426827,-5.302338686647906,-0.8920785960851279,4.820107994514084,10.88153335029277,6.2578772951520945,2.7860158108867226,4.193760607753628,7.037511449288477,13.251061343906963,27.149021846215568,14.374307618433718,14.210771947421796,6.954396338332645,-0.04015577667774607,-5.546329995296992,2.075686803233642,2.3587019360222077,22.900360900635583,20.918176461761767,-6.270569673305878,-8.947758233697028,-2.2312097089160154,4.442776869865549,-20.35087419315778,-23.981955200057882,-19.847263555896447,-4.126524534246035,-18.577589826620958,-25.713993168344714,-12.984321549090119,-9.73761287095449,-9.651573018757214,5.486809865867294,3.755748899973795,4.4829484473730865,5.919662888286501,6.535180036394806,17.461025127101024,8.57868480145209,9.734112764927435,9.370803461956104,7.280819542488972,4.0350465664003,4.431165937944126,6.95130231016637,10.799959386971963,16.430651417602718,9.379312481920774,-2.401177944541588,-0.7011178131357648,-5.098785421706152,-14.317194602990957,-11.82734742599432,-12.755379308222498,-2.1556703768176484,11.805641512422524,-17.228313795785116,-24.973960409667534,-23.3348946644691,14.333483437966546,13.665056440753006,9.50633798004037,9.78507023338329
Talia,S01,epb_24_rr_ich_ch68_epm_bbpf_bc_NumberShape_S01.csv,-29.365146943199044,-21.7765208777416,-11.287843286181571,-3.13612953278716,0.22074334976426827,-5.302338686647906,-0.8920785960851279,4.820107994514084,10.88153335029277,6.2578772951520945,2.7860158108867226,4.193760607753628,7.037511449288477,13.251061343906963,27.149021846215568,14.374307618433718,14.210771947421796,6.954396338332645,-0.04015577667774607,-5.546329995296992,2.075686803233642,2.3587019360222077,22.900360900635583,20.918176461761767,-6.270569673305878,-8.947758233697028,-2.2312097089160154,4.442776869865549,-20.35087419315778,-23.981955200057882,-19.847263555896447,-4.126524534246035,-18.577589826620958,-25.713993168344714,-12.984321549090119,-9.73761287095449,-9.651573018757214,5.486809865867294,3.755748899973795,4.4829484473730865,5.919662888286501,6.535180036394806,17.461025127101024,8.57868480145209,9.734112764927435,9.370803461956104,7.280819542488972,4.0350465664003,4.431165937944126,6.95130231016637,10.799959386971963,16.430651417602718,9.379312481920774,-2.401177944541588,-0.7011178131357648,-5.098785421706152,-14.317194602990957,-11.82734742599432,-12.755379308222498,-2.1556703768176484,11.805641512422524,-17.228313795785116,-24.973960409667534,-23.3348946644691,14.333483437966546,13.665056440753006,9.50633798004037,9.78507023338329
Talia,S02,epb_11_rr_ich_ch68_epm_bbpf_bc_NumberShape_S02.csv,-9.320170413187261,-4.026799609330443,-1.8973453880769662,-5.087371133595086,-2.4905734195679083,-7.337686363175994,-1.9652485139455673,-3.5272222563957545,-2.5367700799524746,1.8385248101908163,4.304913581585795,7.715443032650078,2.348423712835799,-3.5658845684857754,-5.196489979918663,-7.093932413457642,-5.032163772890744,4.245565369499018,6.231696819884502,6.347042394868163,1.6490731579330538,-3.225167111798974,-2.615638781326672,-10.454863422637326,-7.494990447049448,3.270315740475519,-0.594591425342669,-3.0933211248812498,8.076455934026596,10.160001905239806,13.727427321758746,7.712286418316545,-4.764630490875135,-0.8452577583144675,-1.8725113454207412,-8.24699375985387,-4.885365023572823,2.01895973461248,0.3183342204956938,5.275732530822566,3.2630017428940583,1.8954687033120012,0.658401983683982,7.75331813835424,3.0666476144799693,6.190081013791228,3.8326300239138282,6.067442169272949,2.360236554694816,4.541626551416377,5.252829613133183,-4.357341450983524,-4.332895379008246,4.301794420335442,5.036654983876183,4.323641923344619,6.965882073631634,4.31499393920281,6.652668359183389,-10.044723122483271,-9.96594060724739,-8.01449329876515,8.670937514573845,4.463933704291641,-9.414291105180993,-9.040452408541954,-4.8593735031109455,-7.651889488620895
Talia,S02,epb_12_rr_ich_ch68_epm_bbpf_bc_NumberShape_S02.csv,-9.320170413187261,-4.026799609330443,-1.8973453880769662,-5.087371133595086,-2.4905734195679083,-7.337686363175994,-1.9652485139455673,-3.5272222563957545,-2.5367700799524746,1.8385248101908163,4.304913581585795,7.715443032650078,2.348423712835799,-3.5658845684857754,-5.196489979918663,-7.093932413457642,-5.032163772890744,4.245565369499018,6.231696819884502,6.347042394868163,1.6490731579330538,-3.225167111798974,-2.615638781326672,-10.454863422637326,-7.494990447049448,3.270315740475519,-0.594591425342669,-3.0933211248812498,8.076455934026596,10.160001905239806,13.727427321758746,7.712286418316545,-4.764630490875135,-0.8452577583144675,-1.8725113454207412,-8.24699375985387,-4.885365023572823,2.01895973461248,0.3183342204956938,5.275732530822566,3.2630017428940583,1.8954687033120012,0.658401983683982,7.75331813835424,3.0666476144799693,6.190081013791228,3.8326300239138282,6.067442169272949,2.360236554694816,4.541626551416377,5.252829613133183,-4.357341450983524,-4.332895379008246,4.301794420335442,5.036654983876183,4.323641923344619,6.965882073631634,4.31499393920281,6.652668359183389,-10.044723122483271,-9.96594060724739,-8.01449329876515,8.670937514573845,4.463933704291641,-9.414291105180993,-9.040452408541954,-4.8593735031109455,-7.651889488620895
Talia,S02,epb_13_rr_ich_ch68_epm_bbpf_bc_NumberShape_S02.csv,-9.320170413187261,-4.026799609330443,-1.8973453880769662,-5.087371133595086,-2.4905734195679083,-7.337686363175994,-1.9652485139455673,-3.5272222563957545,-2.5367700799524746,1.8385248101908163,4.304913581585795,7.715443032650078,2.348423712835799,-3.5658845684857754,-5.196489979918663,-7.093932413457642,-5.032163772890744,4.245565369499018,6.231696819884502,6.347042394868163,1.6490731579330538,-3.225167111798974,-2.615638781326672,-10.454863422637326,-7.494990447049448,3.270315740475519,-0.594591425342669,-3.0933211248812498,8.076455934026596,10.160001905239806,13.727427321758746,7.712286418316545,-4.764630490875135,-0.8452577583144675,-1.8725113454207412,-8.24699375985387,-4.885365023572823,2.01895973461248,0.3183342204956938,5.275732530822566,3.2630017428940583,1.8954687033120012,0.658401983683982,7.75331813835424,3.0666476144799693,6.190081013791228,3.8326300239138282,6.067442169272949,2.360236554694816,4.541626551416377,5.252829613133183,-4.357341450983524,-4.332895379008246,4.301794420335442,5.036654983876183,4.323641923344619,6.965882073631634,4.31499393920281,6.652668359183389,-10.044723122483271,-9.96594060724739,-8.01449329876515,8.670937514573845,4.463933704291641,-9.414291105180993,-9.040452408541954,-4.8593735031109455,-7.651889488620895
Talia,S02,epb_14_rr_ich_ch68_epm_bbpf_bc_NumberShape_S02.csv,-9.320170413187261,-4.026799609330443,-1.8973453880769662,-5.087371133595086,-2.4905734195679083,-7.337686363175994,-1.9652485139455673,-3.5272222563957545,-2.5367700799524746,1.8385248101908163,4.304913581585795,7.715443032650078,2.348423712835799,-3.5658845684857754,-5.196489979918663,-7.093932413457642,-5.032163772890744,4.245565369499018,6.231696819884502,6.347042394868163,1.6490731579330538,-3.225167111798974,-2.615638781326672,-10.454863422637326,-7.494990447049448,3.270315740475519,-0.594591425342669,-3.0933211248812498,8.076455934026596,10.160001905239806,13.727427321758746,7.712286418316545,-4.764630490875135,-0.8452577583144675,-1.8725113454207412,-8.24699375985387,-4.885365023572823,2.01895973461248,0.3183342204956938,5.275732530822566,3.2630017428940583,1.8954687033120012,0.658401983683982,7.75331813835424,3.0666476144799693,6.190081013791228,3.8326300239138282,6.067442169272949,2.360236554694816,4.541626551416377,5.252829613133183,-4.357341450983524,-4.332895379008246,4.301794420335442,5.036654983876183,4.323641923344619,6.965882073631634,4.31499393920281,6.652668359183389,-10.044723122483271,-9.96594060724739,-8.01449329876515,8.670937514573845,4.463933704291641,-9.414291105180993,-9.040452408541954,-4.8593735031109455,-7.651889488620895
Talia,S02,epb_21_rr_ich_ch68_epm_bbpf_bc_NumberShape_S02.csv,-9.320170413187261,-4.026799609330443,-1.8973453880769662,-5.087371133595086,-2.4905734195679083,-7.337686363175994,-1.9652485139455673,-3.5272222563957545,-2.5367700799524746,1.8385248101908163,4.304913581585795,7.715443032650078,2.348423712835799,-3.5658845684857754,-5.196489979918663,-7.093932413457642,-5.032163772890744,4.245565369499018,6.231696819884502,6.347042394868163,1.6490731579330538,-3.225167111798974,-2.615638781326672,-10.454863422637326,-7.494990447049448,3.270315740475519,-0.594591425342669,-3.0933211248812498,8.076455934026596,10.160001905239806,13.727427321758746,7.712286418316545,-4.764630490875135,-0.8452577583144675,-1.8725113454207412,-8.24699375985387,-4.885365023572823,2.01895973461248,0.3183342204956938,5.275732530822566,3.2630017428940583,1.8954687033120012,0.658401983683982,7.75331813835424,3.0666476144799693,6.190081013791228,3.8326300239138282,6.067442169272949,2.360236554694816,4.541626551416377,5.252829613133183,-4.357341450983524,-4.332895379008246,4.301794420335442,5.036654983876183,4.323641923344619,6.965882073631634,4.31499393920281,6.652668359183389,-10.044723122483271,-9.96594060724739,-8.01449329876515,8.670937514573845,4.463933704291641,-9.414291105180993,-9.040452408541954,-4.8593735031109455,-7.651889488620895
Talia,S02,epb_22_rr_ich_ch68_epm_bbpf_bc_NumberShape_S02.csv,-9.320170413187261,-4.026799609330443,-1.8973453880769662,-5.087371133595086,-2.4905734195679083,-7.337686363175994,-1.9652485139455673,-3.5272222563957545,-2.5367700799524746,1.8385248101908163,4.304913581585795,7.715443032650078,2.348423712835799,-3.5658845684857754,-5.196489979918663,-7.093932413457642,-5.032163772890744,4.245565369499018,6.231696819884502,6.347042394868163,1.6490731579330538,-3.225167111798974,-2.615638781326672,-10.454863422637326,-7.494990447049448,3.270315740475519,-0.594591425342669,-3.0933211248812498,8.076455934026596,10.160001905239806,13.727427321758746,7.712286418316545,-4.764630490875135,-0.8452577583144675,-1.8725113454207412,-8.24699375985387,-4.885365023572823,2.01895973461248,0.3183342204956938,5.275732530822566,3.2630017428940583,1.8954687033120012,0.658401983683982,7.75331813835424,3.0666476144799693,6.190081013791228,3.8326300239138282,6.067442169272949,2.360236554694816,4.541626551416377,5.252829613133183,-4.357341450983524,-4.332895379008246,4.301794420335442,5.036654983876183,4.323641923344619,6.965882073631634,4.31499393920281,6.652668359183389,-10.044723122483271,-9.96594060724739,-8.01449329876515,8.670937514573845,4.463933704291641,-9.414291105180993,-9.040452408541954,-4.8593735031109455,-7.651889488620895
Talia,S02,epb_23_rr_ich_ch68_epm_bbpf_bc_NumberShape_S02.csv,-9.320170413187261,-4.026799609330443,-1.8973453880769662,-5.087371133595086,-2.4905734195679083,-7.337686363175994,-1.9652485139455673,-3.5272222563957545,-2.5367700799524746,1.8385248101908163,4.304913581585795,7.715443032650078,2.348423712835799,-3.5658845684857754,-5.196489979918663,-7.093932413457642,-5.032163772890744,4.245565369499018,6.231696819884502,6.347042394868163,1.6490731579330538,-3.225167111798974,-2.615638781326672,-10.454863422637326,-7.494990447049448,3.270315740475519,-0.594591425342669,-3.0933211248812498,8.076455934026596,10.160001905239806,13.727427321758746,7.712286418316545,-4.764630490875135,-0.8452577583144675,-1.8725113454207412,-8.24699375985387,-4.885365023572823,2.01895973461248,0.3183342204956938,5.275732530822566,3.2630017428940583,1.8954687033120012,0.658401983683982,7.75331813835424,3.0666476144799693,6.190081013791228,3.8326300239138282,6.067442169272949,2.360236554694816,4.541626551416377,5.252829613133183,-4.357341450983524,-4.332895379008246,4.301794420335442,5.036654983876183,4.323641923344619,6.965882073631634,4.31499393920281,6.652668359183389,-10.044723122483271,-9.96594060724739,-8.01449329876515,8.670937514573845,4.463933704291641,-9.414291105180993,-9.040452408541954,-4.8593735031109455,-7.651889488620895
Talia,S02,epb_24_rr_ich_ch68_epm_bbpf_bc_NumberShape_S02.csv,-9.320170413187261,-4.026799609330443,-1.8973453880769662,-5.087371133595086,-2.4905734195679083,-7.337686363175994,-1.9652485139455673,-3.5272222563957545,-2.5367700799524746,1.8385248101908163,4.304913581585795,7.715443032650078,2.348423712835799,-3.5658845684857754,-5.196489979918663,-7.093932413457642,-5.032163772890744,4.245565369499018,6.231696819884502,6.347042394868163,1.6490731579330538,-3.225167111798974,-2.615638781326672,-10.454863422637326,-7.494990447049448,3.270315740475519,-0.594591425342669,-3.0933211248812498,8.076455934026596,10.160001905239806,13.727427321758746,7.712286418316545,-4.764630490875135,-0.8452577583144675,-1.8725113454207412,-8.24699375985387,-4.885365023572823,2.01895973461248,0.3183342204956938,5.275732530822566,3.2630017428940583,1.8954687033120012,0.658401983683982,7.75331813835424,3.0666476144799693,6.190081013791228,3.8326300239138282,6.067442169272949,2.360236554694816,4.541626551416377,5.252829613133183,-4.357341450983524,-4.332895379008246,4.301794420335442,5.036654983876183,4.323641923344619,6.965882073631634,4.31499393920281,6.652668359183389,-10.044723122483271,-9.96594060724739,-8.01449329876515,8.670937514573845,4.463933704291641,-9.414291105180993,-9.040452408541954,-4.8593735031109455,-7.651889488620895
Talia,S03,epb_11_rr_ich_ch68_epm_bbpf_bc_NumberShape_S03.csv,-4.490928501550032,-4.854282535173629,-4.9557632355524275,-2.3509418092334387,-4.215763318242464,-4.673149313796675,-5.792995373285604,-4.495765326299503,-3.7323580357221773,-2.313572296019821,-0.6249605002929393,2.075434615643376,2.0445438633610706,-2.4543702286502453,-2.9969309299226796,-2.1758490591756767,-0.004614060350949873,1.781892504498586,0.9029503627022611,5.506648013167025,1.6566877606854216,2.559329790731531,-0.3820757679968863,-1.617186137404097,4.951696522329401,3.228214738893052,7.99904467240876,1.6385884091809102,7.995013964654928,5.922719483856342,4.003217468572343,2.302845104056861,-5.866151087028207,-3.410202961013995,-6.258419064170185,-3.268075009820683,-3.6092074370622154,-1.2502945550755284,-1.9287013755077316,-1.5176571924503819,-3.332340715610597,-5.522049927026561,-3.475376685015629,-1.4861432992999721,0.26189781033772713,-0.28537966278085775,0.08923679179549361,1.5344348335032143,1.8942030479462826,1.3720161884008732,-1.7437872508217231,-3.0237517257510946,-2.5319878238685445,0.8769167389202402,-0.025434667342391915,3.0561942167572314,3.2942590458035825,3.635886215417847,2.6086668842395278,2.9672878408609,-1.1319193887552002,5.877552388516836,4.976907866502873,8.551603848590013,1.8783507621193174,5.892500106626553,0.00021158102037420828,-1.5385706289584316
Talia,S03,epb_12_rr_ich_ch68_epm_bbpf_bc_NumberShape_S03.csv,-4.490928501550032,-4.854282535173629,-4.9557632355524275,-2.3509418092334387,-4.215763318242464,-4.673149313796675,-5.792995373285604,-4.495765326299503,-3.7323580357221773,-2.313572296019821,-0.6249605002929393,2.075434615643376,2.0445438633610706,-2.4543702286502453,-2.9969309299226796,-2.1758490591756767,-0.004614060350949873,1.781892504498586,0.9029503627022611,5.506648013167025,1.6566877606854216,2.559329790731531,-0.3820757679968863,-1.617186137404097,4.951696522329401,3.228214738893052,7.99904467240876,1.6385884091809102,7.995013964654928,5.922719483856342,4.003217468572343,2.302845104056861,-5.866151087028207,-3.410202961013995,-6.258419064170185,-3.268075009820683,-3.6092074370622154,-1.2502945550755284,-1.9287013755077316,-1.5176571924503819,-3.332340715610597,-5.522049927026561,-3.475376685015629,-1.4861432992999721,0.26189781033772713,-0.28537966278085775,0.08923679179549361,1.5344348335032143,1.8942030479462826,1.3720161884008732,-1.7437872508217231,-3.0237517257510946,-2.5319878238685445,0.8769167389202402,-0.025434667342391915,3.0561942167572314,3.2942590458035825,3.635886215417847,2.6086668842395278,2.9672878408609,-1.1319193887552002,5.877552388516836,4.976907866502873,8.551603848590013,1.8783507621193174,5.892500106626553,0.00021158102037420828,-1.5385706289584316
Talia,S03,epb_13_rr_ich_ch68_epm_bbpf_bc_NumberShape_S03.csv,-4.490928501550032,-4.854282535173629,-4.9557632355524275,-2.3509418092334387,-4.215763318242464,-4.673149313796675,-5.792995373285604,-4.495765326299503,-3.7323580357221773,-2.313572296019821,-0.6249605002929393,2.075434615643376,2.0445438633610706,-2.4543702286502453,-2.9969309299226796,-2.1758490591756767,-0.004614060350949873,1.781892504498586,0.9029503627022611,5.506648013167025,1.6566877606854216,2.559329790731531,-0.3820757679968863,-1.617186137404097,4.951696522329401,3.228214738893052,7.99904467240876,1.6385884091809102,7.995013964654928,5.922719483856342,4.003217468572343,2.302845104056861,-5.866151087028207,-3.410202961013995,-6.258419064170185,-3.268075009820683,-3.6092074370622154,-1.2502945550755284,-1.9287013755077316,-1.5176571924503819,-3.332340715610597,-5.522049927026561,-3.475376685015629,-1.4861432992999721,0.26189781033772713,-0.28537966278085775,0.08923679179549361,1.5344348335032143,1.8942030479462826,1.3720161884008732,-1.7437872508217231,-3.0237517257510946,-2.5319878238685445,0.8769167389202402,-0.025434667342391915,3.0561942167572314,3.2942590458035825,3.635886215417847,2.6086668842395278,2.9672878408609,-1.1319193887552002,5.877552388516836,4.976907866502873,8.551603848590013,1.8783507621193174,5.892500106626553,0.00021158102037420828,-1.5385706289584316
Talia,S03,epb_14_rr_ich_ch68_epm_bbpf_bc_NumberShape_S03.csv,-4.490928501550032,-4.854282535173629,-4.9557632355524275,-2.3509418092334387,-4.215763318242464,-4.673149313796675,-5.792995373285604,-4.495765326299503,-3.7323580357221773,-2.313572296019821,-0.6249605002929393,2.075434615643376,2.0445438633610706,-2.4543702286502453,-2.9969309299226796,-2.1758490591756767,-0.004614060350949873,1.781892504498586,0.9029503627022611,5.506648013167025,1.6566877606854216,2.559329790731531,-0.3820757679968863,-1.617186137404097,4.951696522329401,3.228214738893052,7.99904467240876,1.6385884091809102,7.995013964654928,5.922719483856342,4.003217468572343,2.302845104056861,-5.866151087028207,-3.410202961013995,-6.258419064170185,-3.268075009820683,-3.6092074370622154,-1.2502945550755284,-1.9287013755077316,-1.5176571924503819,-3.332340715610597,-5.522049927026561,-3.475376685015629,-1.4861432992999721,0.26189781033772713,-0.28537966278085775,0.08923679179549361,1.5344348335032143,1.8942030479462826,1.3720161884008732,-1.7437872508217231,-3.0237517257510946,-2.5319878238685445,0.8769167389202402,-0.025434667342391915,3.0561942167572314,3.2942590458035825,3.635886215417847,2.6086668842395278,2.9672878408609,-1.1319193887552002,5.877552388516836,4.976907866502873,8.551603848590013,1.8783507621193174,5.892500106626553,0.00021158102037420828,-1.5385706289584316
Talia,S03,epb_21_rr_ich_ch68_epm_bbpf_bc_NumberShape_S03.csv,-4.490928501550032,-4.854282535173629,-4.9557632355524275,-2.3509418092334387,-4.215763318242464,-4.673149313796675,-5.792995373285604,-4.495765326299503,-3.7323580357221773,-2.313572296019821,-0.6249605002929393,2.075434615643376,2.0445438633610706,-2.4543702286502453,-2.9969309299226796,-2.1758490591756767,-0.004614060350949873,1.781892504498586,0.9029503627022611,5.506648013167025,1.6566877606854216,2.559329790731531,-0.3820757679968863,-1.617186137404097,4.951696522329401,3.228214738893052,7.99904467240876,1.6385884091809102,7.995013964654928,5.922719483856342,4.003217468572343,2.302845104056861,-5.866151087028207,-3.410202961013995,-6.258419064170185,-3.268075009820683,-3.6092074370622154,-1.2502945550755284,-1.9287013755077316,-1.5176571924503819,-3.332340715610597,-5.522049927026561,-3.475376685015629,-1.4861432992999721,0.26189781033772713,-0.28537966278085775,0.08923679179549361,1.5344348335032143,1.8942030479462826,1.3720161884008732,-1.7437872508217231,-3.0237517257510946,-2.5319878238685445,0.8769167389202402,-0.025434667342391915,3.0561942167572314,3.2942590458035825,3.635886215417847,2.6086668842395278,2.9672878408609,-1.1319193887552002,5.877552388516836,4.976907866502873,8.551603848590013,1.8783507621193174,5.892500106626553,0.00021158102037420828,-1.5385706289584316
Talia,S03,epb_22_rr_ich_ch68_epm_bbpf_bc_NumberShape_S03.csv,-4.490928501550032,-4.854282535173629,-4.9557632355524275,-2.3509418092334387,-4.215763318242464,-4.673149313796675,-5.792995373285604,-4.495765326299503,-3.7323580357221773,-2.313572296019821,-0.6249605002929393,2.075434615643376,2.0445438633610706,-2.4543702286502453,-2.9969309299226796,-2.1758490591756767,-0.004614060350949873,1.781892504498586,0.9029503627022611,5.506648013167025,1.6566877606854216,2.559329790731531,-0.3820757679968863,-1.617186137404097,4.951696522329401,3.228214738893052,7.99904467240876,1.6385884091809102,7.995013964654928,5.922719483856342,4.003217468572343,2.302845104056861,-5.866151087028207,-3.410202961013995,-6.258419064170185,-3.268075009820683,-3.6092074370622154,-1.2502945550755284,-1.9287013755077316,-1.5176571924503819,-3.332340715610597,-5.522049927026561,-3.475376685015629,-1.4861432992999721,0.26189781033772713,-0.28537966278085775,0.08923679179549361,1.5344348335032143,1.8942030479462826,1.3720161884008732,-1.7437872508217231,-3.0237517257510946,-2.5319878238685445,0.8769167389202402,-0.025434667342391915,3.0561942167572314,3.2942590458035825,3.635886215417847,2.6086668842395278,2.9672878408609,-1.1319193887552002,5.877552388516836,4.976907866502873,8.551603848590013,1.8783507621193174,5.892500106626553,0.00021158102037420828,-1.5385706289584316
Talia,S03,epb_23_rr_ich_ch68_epm_bbpf_bc_NumberShape_S03.csv,-4.490928501550032,-4.854282535173629,-4.9557632355524275,-2.3509418092334387,-4.215763318242464,-4.673149313796675,-5.792995373285604,-4.495765326299503,-3.7323580357221773,-2.313572296019821,-0.6249605002929393,2.075434615643376,2.0445438633610706,-2.4543702286502453,-2.9969309299226796,-2.1758490591756767,-0.004614060350949873,1.781892504498586,0.9029503627022611,5.506648013167025,1.6566877606854216,2.559329790731531,-0.3820757679968863,-1.617186137404097,4.951696522329401,3.228214738893052,7.99904467240876,1.6385884091809102,7.995013964654928,5.922719483856342,4.003217468572343,2.302845104056861,-5.866151087028207,-3.410202961013995,-6.258419064170185,-3.268075009820683,-3.6092074370622154,-1.2502945550755284,-1.9287013755077316,-1.5176571924503819,-3.332340715610597,-5.522049927026561,-3.475376685015629,-1.4861432992999721,0.26189781033772713,-0.28537966278085775,0.08923679179549361,1.5344348335032143,1.8942030479462826,1.3720161884008732,-1.7437872508217231,-3.0237517257510946,-2.5319878238685445,0.8769167389202402,-0.025434667342391915,3.0561942167572314,3.2942590458035825,3.635886215417847,2.6086668842395278,2.9672878408609,-1.1319193887552002,5.877552388516836,4.976907866502873,8.551603848590013,1.8783507621193174,5.892500106626553,0.00021158102037420828,-1.5385706289584316
Talia,S03,epb_24_rr_ich_ch68_epm_bbpf_bc_NumberShape_S03.csv,-4.490928501550032,-4.854282535173629,-4.9557632355524275,-2.3509418092334387,-4.215763318242464,-4.673149313796675,-5.792995373285604,-4.495765326299503,-3.7323580357221773,-2.313572296019821,-0.6249605002929393,2.075434615643376,2.0445438633610706,-2.4543702286502453,-2.9969309299226796,-2.1758490591756767,-0.004614060350949873,1.781892504498586,0.9029503627022611,5.506648013167025,1.6566877606854216,2.559329790731531,-0.3820757679968863,-1.617186137404097,4.951696522329401,3.228214738893052,7.99904467240876,1.6385884091809102,7.995013964654928,5.922719483856342,4.003217468572343,2.302845104056861,-5.866151087028207,-3.410202961013995,-6.258419064170185,-3.268075009820683,-3.6092074370622154,-1.2502945550755284,-1.9287013755077316,-1.5176571924503819,-3.332340715610597,-5.522049927026561,-3.475376685015629,-1.4861432992999721,0.26189781033772713,-0.28537966278085775,0.08923679179549361,1.5344348335032143,1.8942030479462826,1.3720161884008732,-1.7437872508217231,-3.0237517257510946,-2.5319878238685445,0.8769167389202402,-0.025434667342391915,3.0561942167572314,3.2942590458035825,3.635886215417847,2.6086668842395278,2.9672878408609,-1.1319193887552002,5.877552388516836,4.976907866502873,8.551603848590013,1.8783507621193174,5.892500106626553,0.00021158102037420828,-1.5385706289584316
Talia,S04,epb_11_rr_ich_ch68_epm_bbpf_bc_NumberShape_S04.csv,-4.954277779402568,-2.824085775650902,-0.8210073551573358,1.769445178841343,2.2002762020582325,1.7513466280272305,0.5139449772345193,1.1122382339568508,1.4536664047208798,4.455541924359325,4.953382022133583,4.49518731653654,3.719918975417098,0.5618517209003693,1.4893448763600865,-1.2228531089172217,3.0089035413776277,3.0405093144406456,4.484325003886074,4.922054721803462,2.890148123224857,1.022095211676679,-4.652431469322924,-7.374587393470421,-3.017585508939768,3.955156376232581,-5.725899384625469,-8.100991322204502,-3.426992339218533,4.461406754014514,6.933584093998325,6.131349180766868,-4.000982164503118,-6.363251282940227,-7.373697888308405,-2.1196989061690332,-0.3663775033931907,2.1805006707709897,3.208436696748486,0.8057526033121098,-3.4348379810520897,-6.135820623339876,-3.9484726231506224,-2.2461108870444617,1.0724687313999666,2.657532550510629,3.8798030527708014,3.338015869638659,3.128611645238699,0.5749002690577989,0.9425329279738381,-2.6667413398458204,0.13750931283802037,1.580613289294452,2.222609807600958,3.7131155161070657,4.801725743417677,4.926864469077124,1.9164190959922565,-0.7550972984579396,-6.383180380974906,2.166763804872584,6.391535579635782,6.29981889603641,-10.30868301496862,-11.296217255192413,-8.965217779683831,-6.786109764956013
Talia,S04,epb_12_rr_ich_ch68_epm_bbpf_bc_NumberShape_S04.csv,-4.954277779402568,-2.824085775650902,-0.8210073551573358,1.769445178841343,2.2002762020582325,1.7513466280272305,0.5139449772345193,1.1122382339568508,1.4536664047208798,4.455541924359325,4.953382022133583,4.49518731653654,3.719918975417098,0.5618517209003693,1.4893448763600865,-1.2228531089172217,3.0089035413776277,3.0405093144406456,4.484325003886074,4.922054721803462,2.890148123224857,1.022095211676679,-4.652431469322924,-7.374587393470421,-3.017585508939768,3.955156376232581,-5.725899384625469,-8.100991322204502,-3.426992339218533,4.461406754014514,6.933584093998325,6.131349180766868,-4.000982164503118,-6.363251282940227,-7.373697888308405,-2.1196989061690332,-0.3663775033931907,2.1805006707709897,3.208436696748486,0.8057526033121098,-3.4348379810520897,-6.135820623339876,-3.9484726231506224,-2.2461108870444617,1.0724687313999666,2.657532550510629,3.8798030527708014,3.338015869638659,3.128611645238699,0.5749002690577989,0.9425329279738381,-2.6667413398458204,0.13750931283802037,1.580613289294452,2.222609807600958,3.7131155161070657,4.801725743417677,4.926864469077124,1.9164190959922565,-0.7550972984579396,-6.383180380974906,2.166763804872584,6.391535579635782,6.29981889603641,-10.30868301496862,-11.296217255192413,-8.965217779683831,-6.786109764956013
Talia,S04,epb_13_rr_ich_ch68_epm_bbpf_bc_NumberShape_S04.csv,-4.954277779402568,-2.824085775650902,-0.8210073551573358,1.769445178841343,2.2002762020582325,1.7513466280272305,0.5139449772345193,1.1122382339568508,1.4536664047208798,4.455541924359325,4.953382022133583,4.49518731653654,3.719918975417098,0.5618517209003693,1.4893448763600865,-1.2228531089172217,3.0089035413776277,3.0405093144406456,4.484325003886074,4.922054721803462,2.890148123224857,1.022095211676679,-4.652431469322924,-7.374587393470421,-3.017585508939768,3.955156376232581,-5.725899384625469,-8.100991322204502,-3.426992339218533,4.461406754014514,6.933584093998325,6.131349180766868,-4.000982164503118,-6.363251282940227,-7.373697888308405,-2.1196989061690332,-0.3663775033931907,2.1805006707709897,3.208436696748486,0.8057526033121098,-3.4348379810520897,-6.135820623339876,-3.9484726231506224,-2.2461108870444617,1.0724687313999666,2.657532550510629,3.8798030527708014,3.338015869638659,3.128611645238699,0.5749002690577989,0.9425329279738381,-2.6667413398458204,0.13750931283802037,1.580613289294452,2.222609807600958,3.7131155161070657,4.801725743417677,4.926864469077124,1.9164190959922565,-0.7550972984579396,-6.383180380974906,2.166763804872584,6.391535579635782,6.29981889603641,-10.30868301496862,-11.296217255192413,-8.965217779683831,-6.786109764956013
Talia,S04,epb_14_rr_ich_ch68_epm_bbpf_bc_NumberShape_S04.csv,-4.954277779402568,-2.824085775650902,-0.8210073551573358,1.769445178841343,2.2002762020582325,1.7513466280272305,0.5139449772345193,1.1122382339568508,1.4536664047208798,4.455541924359325,4.953382022133583,4.49518731653654,3.719918975417098,0.5618517209003693,1.4893448763600865,-1.2228531089172217,3.0089035413776277,3.0405093144406456,4.484325003886074,4.922054721803462,2.890148123224857,1.022095211676679,-4.652431469322924,-7.374587393470421,-3.017585508939768,3.955156376232581,-5.725899384625469,-8.100991322204502,-3.426992339218533,4.461406754014514,6.933584093998325,6.131349180766868,-4.000982164503118,-6.363251282940227,-7.373697888308405,-2.1196989061690332,-0.3663775033931907,2.1805006707709897,3.208436696748486,0.8057526033121098,-3.4348379810520897,-6.135820623339876,-3.9484726231506224,-2.2461108870444617,1.0724687313999666,2.657532550510629,3.8798030527708014,3.338015869638659,3.128611645238699,0.5749002690577989,0.9425329279738381,-2.6667413398458204,0.13750931283802037,1.580613289294452,2.222609807600958,3.7131155161070657,4.801725743417677,4.926864469077124,1.9164190959922565,-0.7550972984579396,-6.383180380974906,2.166763804872584,6.391535579635782,6.29981889603641,-10.30868301496862,-11.296217255192413,-8.965217779683831,-6.786109764956013
Talia,S04,epb_21_rr_ich_ch68_epm_bbpf_bc_NumberShape_S04.csv,-4.954277779402568,-2.824085775650902,-0.8210073551573358,1.769445178841343,2.2002762020582325,1.7513466280272305,0.5139449772345193,1.1122382339568508,1.4536664047208798,4.455541924359325,4.953382022133583,4.49518731653654,3.719918975417098,0.5618517209003693,1.4893448763600865,-1.2228531089172217,3.0089035413776277,3.0405093144406456,4.484325003886074,4.922054721803462,2.890148123224857,1.022095211676679,-4.652431469322924,-7.374587393470421,-3.017585508939768,3.955156376232581,-5.725899384625469,-8.100991322204502,-3.426992339218533,4.461406754014514,6.933584093998325,6.131349180766868,-4.000982164503118,-6.363251282940227,-7.373697888308405,-2.1196989061690332,-0.3663775033931907,2.1805006707709897,3.208436696748486,0.8057526033121098,-3.4348379810520897,-6.135820623339876,-3.9484726231506224,-2.2461108870444617,1.0724687313999666,2.657532550510629,3.8798030527708014,3.338015869638659,3.128611645238699,0.5749002690577989,0.9425329279738381,-2.6667413398458204,0.13750931283802037,1.580613289294452,2.222609807600958,3.7131155161070657,4.801725743417677,4.926864469077124,1.9164190959922565,-0.7550972984579396,-6.383180380974906,2.166763804872584,6.391535579635782,6.29981889603641,-10.30868301496862,-11.296217255192413,-8.965217779683831,-6.786109764956013
Talia,S04,epb_22_rr_ich_ch68_epm_bbpf_bc_NumberShape_S04.csv,-4.954277779402568,-2.824085775650902,-0.8210073551573358,1.769445178841343,2.2002762020582325,1.7513466280272305,0.5139449772345193,1.1122382339568508,1.4536664047208798,4.455541924359325,4.953382022133583,4.49518731653654,3.719918975417098,0.5618517209003693,1.4893448763600865,-1.2228531089172217,3.0089035413776277,3.0405093144406456,4.484325003886074,4.922054721803462,2.890148123224857,1.022095211676679,-4.652431469322924,-7.374587393470421,-3.017585508939768,3.955156376232581,-5.725899384625469,-8.100991322204502,-3.426992339218533,4.461406754014514,6.933584093998325,6.131349180766868,-4.000982164503118,-6.363251282940227,-7.373697888308405,-2.1196989061690332,-0.3663775033931907,2.1805006707709897,3.208436696748486,0.8057526033121098,-3.4348379810520897,-6.135820623339876,-3.9484726231506224,-2.2461108870444617,1.0724687313999666,2.657532550510629,3.8798030527708014,3.338015869638659,3.128611645238699,0.5749002690577989,0.9425329279738381,-2.6667413398458204,0.13750931283802037,1.580613289294452,2.222609807600958,3.7131155161070657,4.801725743417677,4.926864469077124,1.9164190959922565,-0.7550972984579396,-6.383180380974906,2.166763804872584,6.391535579635782,6.29981889603641,-10.30868301496862,-11.296217255192413,-8.965217779683831,-6.786109764956013
Talia,S04,epb_23_rr_ich_ch68_epm_bbpf_bc_NumberShape_S04.csv,-4.954277779402568,-2.824085775650902,-0.8210073551573358,1.769445178841343,2.2002762020582325,1.7513466280272305,0.5139449772345193,1.1122382339568508,1.4536664047208798,4.455541924359325,4.953382022133583,4.49518731653654,3.719918975417098,0.5618517209003693,1.4893448763600865,-1.2228531089172217,3.0089035413776277,3.0405093144406456,4.484325003886074,4.922054721803462,2.890148123224857,1.022095211676679,-4.652431469322924,-7.374587393470421,-3.017585508939768,3.955156376232581,-5.725899384625469,-8.100991322204502,-3.426992339218533,4.461406754014514,6.933584093998325,6.131349180766868,-4.000982164503118,-6.363251282940227,-7.373697888308405,-2.1196989061690332,-0.3663775033931907,2.1805006707709897,3.208436696748486,0.8057526033121098,-3.4348379810520897,-6.135820623339876,-3.9484726231506224,-2.2461108870444617,1.0724687313999666,2.657532550510629,3.8798030527708014,3.338015869638659,3.128611645238699,0.5749002690577989,0.9425329279738381,-2.6667413398458204,0.13750931283802037,1.580613289294452,2.222609807600958,3.7131155161070657,4.801725743417677,4.926864469077124,1.9164190959922565,-0.7550972984579396,-6.383180380974906,2.166763804872584,6.391535579635782,6.29981889603641,-10.30868301496862,-11.296217255192413,-8.965217779683831,-6.786109764956013
Talia,S04,epb_24_rr_ich_ch68_epm_bbpf_bc_NumberShape_S04.csv,-4.954277779402568,-2.824085775650902,-0.8210073551573358,1.769445178841343,2.2002762020582325,1.7513466280272305,0.5139449772345193,1.1122382339568508,1.4536664047208798,4.455541924359325,4.953382022133583,4.49518731653654,3.719918975417098,0.5618517209003693,1.4893448763600865,-1.2228531089172217,3.0089035413776277,3.0405093144406456,4.484325003886074,4.922054721803462,2.890148123224857,1.022095211676679,-4.652431469322924,-7.374587393470421,-3.017585508939768,3.955156376232581,-5.725899384625469,-8.100991322204502,-3.426992339218533,4.461406754014514,6.933584093998325,6.131349180766868,-4.000982164503118,-6.363251282940227,-7.373697888308405,-2.1196989061690332,-0.3663775033931907,2.1805006707709897,3.208436696748486,0.8057526033121098,-3.4348379810520897,-6.135820623339876,-3.9484726231506224,-2.2461108870444617,1.0724687313999666,2.657532550510629,3.8798030527708014,3.338015869638659,3.128611645238699,0.5749002690577989,0.9425329279738381,-2.6667413398458204,0.13750931283802037,1.580613289294452,2.222609807600958,3.7131155161070657,4.801725743417677,4.926864469077124,1.9164190959922565,-0.7550972984579396,-6.383180380974906,2.166763804872584,6.391535579635782,6.29981889603641,-10.30868301496862,-11.296217255192413,-8.965217779683831,-6.786109764956013
Talia,S05,epb_11_rr_ich_ch68_epm_bbpf_bc_NumberShape_S05_icf.csv,-1.484791311734212,-0.612572759474195,0.06890673038336523,-1.9012784606727213,1.394982622541015,-1.4121068604411877,-2.553253755777025,-4.140518270647483,-0.47346246437237255,-3.4173788151916176,-0.11215731899210223,-2.2353947109804873,0.15485074644573282,-2.031553347379316,-1.4656420391250873,1.231278467807388,1.9358340051270793,2.2484933561685274,1.735395776514406,3.8807893328843406,5.860179143978486,7.196901363114085,3.7081877235563536,-2.069589635116017,11.912898957709944,17.038301624510808,11.279137182503925,-1.082231441202242,3.48779288781248,4.9430945999905225,1.2618024240230707,-2.3736906318698305,-1.0585178827693469,-0.793312149444497,-2.6349021964181896,-0.8197385483757635,-1.9558351639735514,0.47264263083114044,-1.7230683821201662,-1.3643542438878409,-3.724641196119258,-5.9594196888861966,6.3881590307227745,-6.469357055692762,-5.797839112075792,-2.114689315453506,-2.4567792095277867,-2.631342412335791,-5.486045609020861,-6.286032834520513,-3.248949138083471,-3.7974066619314755,0.399109793135125,-3.6476122066094465,-4.59903158666418,-4.362898124280369,-1.817024129904608,-0.46476774957388195,2.0294669121433735,2.556529380171362,0.756376689088907,7.406609057204216,-0.3616168478743885,2.45627656282361,-0.04790093754709479,-0.8222945945425594,-1.5049507186718192,1.511956542729139
Talia,S05,epb_12_rr_ich_ch68_epm_bbpf_bc_NumberShape_S05_icf.csv,-1.484791311734212,-0.612572759474195,0.06890673038336523,-1.9012784606727213,1.394982622541015,-1.4121068604411877,-2.553253755777025,-4.140518270647483,-0.47346246437237255,-3.4173788151916176,-0.11215731899210223,-2.2353947109804873,0.15485074644573282,-2.031553347379316,-1.4656420391250873,1.231278467807388,1.9358340051270793,2.2484933561685274,1.735395776514406,3.8807893328843406,5.860179143978486,7.196901363114085,3.7081877235563536,-2.069589635116017,11.912898957709944,17.038301624510808,11.279137182503925,-1.082231441202242,3.48779288781248,4.9430945999905225,1.2618024240230707,-2.3736906318698305,-1.0585178827693469,-0.793312149444497,-2.6349021964181896,-0.8197385483757635,-1.9558351639735514,0.47264263083114044,-1.7230683821201662,-1.3643542438878409,-3.724641196119258,-5.9594196888861966,6.3881590307227745,-6.469357055692762,-5.797839112075792,-2.114689315453506,-2.4567792095277867,-2.631342412335791,-5.486045609020861,-6.286032834520513,-3.248949138083471,-3.7974066619314755,0.399109793135125,-3.6476122066094465,-4.59903158666418,-4.362898124280369,-1.817024129904608,-0.46476774957388195,2.0294669121433735,2.556529380171362,0.756376689088907,7.406609057204216,-0.3616168478743885,2.45627656282361,-0.04790093754709479,-0.8222945945425594,-1.5049507186718192,1.511956542729139
Talia,S05,epb_13_rr_ich_ch68_epm_bbpf_bc_NumberShape_S05_icf.csv,-1.484791311734212,-0.612572759474195,0.06890673038336523,-1.9012784606727213,1.394982622541015,-1.4121068604411877,-2.553253755777025,-4.140518270647483,-0.47346246437237255,-3.4173788151916176,-0.11215731899210223,-2.2353947109804873,0.15485074644573282,-2.031553347379316,-1.4656420391250873,1.231278467807388,1.9358340051270793,2.2484933561685274,1.735395776514406,3.8807893328843406,5.860179143978486,7.196901363114085,3.7081877235563536,-2.069589635116017,11.912898957709944,17.038301624510808,11.279137182503925,-1.082231441202242,3.48779288781248,4.9430945999905225,1.2618024240230707,-2.3736906318698305,-1.0585178827693469,-0.793312149444497,-2.6349021964181896,-0.8197385483757635,-1.9558351639735514,0.47264263083114044,-1.7230683821201662,-1.3643542438878409,-3.724641196119258,-5.9594196888861966,6.3881590307227745,-6.469357055692762,-5.797839112075792,-2.114689315453506,-2.4567792095277867,-2.631342412335791,-5.486045609020861,-6.286032834520513,-3.248949138083471,-3.7974066619314755,0.399109793135125,-3.6476122066094465,-4.59903158666418,-4.362898124280369,-1.817024129904608,-0.46476774957388195,2.0294669121433735,2.556529380171362,0.756376689088907,7.406609057204216,-0.3616168478743885,2.45627656282361,-0.04790093754709479,-0.8222945945425594,-1.5049507186718192,1.511956542729139
Talia,S05,epb_14_rr_ich_ch68_epm_bbpf_bc_NumberShape_S05_icf.csv,-1.484791311734212,-0.612572759474195,0.06890673038336523,-1.9012784606727213,1.394982622541015,-1.4121068604411877,-2.553253755777025,-4.140518270647483,-0.47346246437237255,-3.4173788151916176,-0.11215731899210223,-2.2353947109804873,0.15485074644573282,-2.031553347379316,-1.4656420391250873,1.231278467807388,1.9358340051270793,2.2484933561685274,1.735395776514406,3.8807893328843406,5.860179143978486,7.196901363114085,3.7081877235563536,-2.069589635116017,11.912898957709944,17.038301624510808,11.279137182503925,-1.082231441202242,3.48779288781248,4.9430945999905225,1.2618024240230707,-2.3736906318698305,-1.0585178827693469,-0.793312149444497,-2.6349021964181896,-0.8197385483757635,-1.9558351639735514,0.47264263083114044,-1.7230683821201662,-1.3643542438878409,-3.724641196119258,-5.9594196888861966,6.3881590307227745,-6.469357055692762,-5.797839112075792,-2.114689315453506,-2.4567792095277867,-2.631342412335791,-5.486045609020861,-6.286032834520513,-3.248949138083471,-3.7974066619314755,0.399109793135125,-3.6476122066094465,-4.59903158666418,-4.362898124280369,-1.817024129904608,-0.46476774957388195,2.0294669121433735,2.556529380171362,0.756376689088907,7.406609057204216,-0.3616168478743885,2.45627656282361,-0.04790093754709479,-0.8222945945425594,-1.5049507186718192,1.511956542729139
Talia,S05,epb_21_rr_ich_ch68_epm_bbpf_bc_NumberShape_S05_icf.csv,-1.484791311734212,-0.612572759474195,0.06890673038336523,-1.9012784606727213,1.394982622541015,-1.4121068604411877,-2.553253755777025,-4.140518270647483,-0.47346246437237255,-3.4173788151916176,-0.11215731899210223,-2.2353947109804873,0.15485074644573282,-2.031553347379316,-1.4656420391250873,1.231278467807388,1.9358340051270793,2.2484933561685274,1.735395776514406,3.8807893328843406,5.860179143978486,7.196901363114085,3.7081877235563536,-2.069589635116017,11.912898957709944,17.038301624510808,11.279137182503925,-1.082231441202242,3.48779288781248,4.9430945999905225,1.2618024240230707,-2.3736906318698305,-1.0585178827693469,-0.793312149444497,-2.6349021964181896,-0.8197385483757635,-1.9558351639735514,0.47264263083114044,-1.7230683821201662,-1.3643542438878409,-3.724641196119258,-5.9594196888861966,6.3881590307227745,-6.469357055692762,-5.797839112075792,-2.114689315453506,-2.4567792095277867,-2.631342412335791,-5.486045609020861,-6.286032834520513,-3.248949138083471,-3.7974066619314755,0.399109793135125,-3.6476122066094465,-4.59903158666418,-4.362898124280369,-1.817024129904608,-0.46476774957388195,2.0294669121433735,2.556529380171362,0.756376689088907,7.406609057204216,-0.3616168478743885,2.45627656282361,-0.04790093754709479,-0.8222945945425594,-1.5049507186718192,1.511956542729139
Talia,S05,epb_22_rr_ich_ch68_epm_bbpf_bc_NumberShape_S05_icf.csv,-1.484791311734212,-0.612572759474195,0.06890673038336523,-1.9012784606727213,1.394982622541015,-1.4121068604411877,-2.553253755777025,-4.140518270647483,-0.47346246437237255,-3.4173788151916176,-0.11215731899210223,-2.2353947109804873,0.15485074644573282,-2.031553347379316,-1.4656420391250873,1.231278467807388,1.9358340051270793,2.2484933561685274,1.735395776514406,3.8807893328843406,5.860179143978486,7.196901363114085,3.7081877235563536,-2.069589635116017,11.912898957709944,17.038301624510808,11.279137182503925,-1.082231441202242,3.48779288781248,4.9430945999905225,1.2618024240230707,-2.3736906318698305,-1.0585178827693469,-0.793312149444497,-2.6349021964181896,-0.8197385483757635,-1.9558351639735514,0.47264263083114044,-1.7230683821201662,-1.3643542438878409,-3.724641196119258,-5.9594196888861966,6.3881590307227745,-6.469357055692762,-5.797839112075792,-2.114689315453506,-2.4567792095277867,-2.631342412335791,-5.486045609020861,-6.286032834520513,-3.248949138083471,-3.7974066619314755,0.399109793135125,-3.6476122066094465,-4.59903158666418,-4.362898124280369,-1.817024129904608,-0.46476774957388195,2.0294669121433735,2.556529380171362,0.756376689088907,7.406609057204216,-0.3616168478743885,2.45627656282361,-0.04790093754709479,-0.8222945945425594,-1.5049507186718192,1.511956542729139
Talia,S05,epb_23_rr_ich_ch68_epm_bbpf_bc_NumberShape_S05_icf.csv,-1.484791311734212,-0.612572759474195,0.06890673038336523,-1.9012784606727213,1.394982622541015,-1.4121068604411877,-2.553253755777025,-4.140518270647483,-0.47346246437237255,-3.4173788151916176,-0.11215731899210223,-2.2353947109804873,0.15485074644573282,-2.031553347379316,-1.4656420391250873,1.231278467807388,1.9358340051270793,2.2484933561685274,1.735395776514406,3.8807893328843406,5.860179143978486,7.196901363114085,3.7081877235563536,-2.069589635116017,11.912898957709944,17.038301624510808,11.279137182503925,-1.082231441202242,3.48779288781248,4.9430945999905225,1.2618024240230707,-2.3736906318698305,-1.0585178827693469,-0.793312149444497,-2.6349021964181896,-0.8197385483757635,-1.9558351639735514,0.47264263083114044,-1.7230683821201662,-1.3643542438878409,-3.724641196119258,-5.9594196888861966,6.3881590307227745,-6.469357055692762,-5.797839112075792,-2.114689315453506,-2.4567792095277867,-2.631342412335791,-5.486045609020861,-6.286032834520513,-3.248949138083471,-3.7974066619314755,0.399109793135125,-3.6476122066094465,-4.59903158666418,-4.362898124280369,-1.817024129904608,-0.46476774957388195,2.0294669121433735,2.556529380171362,0.756376689088907,7.406609057204216,-0.3616168478743885,2.45627656282361,-0.04790093754709479,-0.8222945945425594,-1.5049507186718192,1.511956542729139
Talia,S05,epb_24_rr_ich_ch68_epm_bbpf_bc_NumberShape_S05_icf.csv,-1.484791311734212,-0.612572759474195,0.06890673038336523,-1.9012784606727213,1.394982622541015,-1.4121068604411877,-2.553253755777025,-4.140518270647483,-0.47346246437237255,-3.4173788151916176,-0.11215731899210223,-2.2353947109804873,0.15485074644573282,-2.031553347379316,-1.4656420391250873,1.231278467807388,1.9358340051270793,2.2484933561685274,1.735395776514406,3.8807893328843406,5.860179143978486,7.196901363114085,3.7081877235563536,-2.069589635116017,11.912898957709944,17.038301624510808,11.279137182503925,-1.082231441202242,3.48779288781248,4.9430945999905225,1.2618024240230707,-2.3736906318698305,-1.0585178827693469,-0.793312149444497,-2.6349021964181896,-0.8197385483757635,-1.9558351639735514,0.47264263083114044,-1.7230683821201662,-1.3643542438878409,-3.724641196119258,-5.9594196888861966,6.3881590307227745,-6.469357055692762,-5.797839112075792,-2.114689315453506,-2.4567792095277867,-2.631342412335791,-5.486045609020861,-6.286032834520513,-3.248949138083471,-3.7974066619314755,0.399109793135125,-3.6476122066094465,-4.59903158666418,-4.362898124280369,-1.817024129904608,-0.46476774957388195,2.0294669121433735,2.556529380171362,0.756376689088907,7.406609057204216,-0.3616168478743885,2.45627656282361,-0.04790093754709479,-0.8222945945425594,-1.5049507186718192,1.511956542729139
Talia,S06,epb_11_rr_ich_ch68_epm_bbpf_bc_NumberShape_S06_icf.csv,-0.5241414483339276,-3.878262187660291,-2.680373439608455,-1.419307919455296,-4.259121481703717,-4.96066468764331,-5.4840662911150995,-8.737888396790659,-3.986232177938862,4.6322177764228325,1.0963560634231493,1.240363770379627,-1.698697976837249,0.9581486030859472,-7.298926975171383,-3.611853843887752,-0.4801432552897876,2.7981632811969215,4.890891292234774,3.202401718260583,2.4785079576620035,0.969521365086056,-0.31000984423615296,-1.7518441024093878,-1.2160157538502372,4.951434834196127,7.7382597052228626,1.2528646096247356,9.034535474042187,7.880725701177576,3.5413050819140905,2.4467376884092062,-1.3137003073320364,-2.9451794056962326,-1.1311873222855977,-4.666514653268787,-4.669314600271571,-2.1888261933223445,-2.269007826549911,-5.496623056551586,-2.0983981993402026,-8.540448162050868,-12.797044697903294,-10.729702237002398,-0.4372209839020044,-0.03826402576765006,-0.5663541943012909,1.6451854422384242,1.4697874632672376,-1.2084511606928299,-4.662154776379628,-9.058898697150022,-1.7037791661363018,0.3704292622820432,0.12157125569895062,1.9890842048326136,6.186296162428413,5.650850998467455,6.763779667303982,5.452869497930448,-4.321735823733592,17.52861364540848,10.784444767372115,16.6253981366544,-2.4157275434574994,-4.279323085563065,-0.3796797661456395,6.514339819148705
Talia,S06,epb_12_rr_ich_ch68_epm_bbpf_bc_NumberShape_S06_icf.csv,-0.5241414483339276,-3.878262187660291,-2.680373439608455,-1.419307919455296,-4.259121481703717,-4.96066468764331,-5.4840662911150995,-8.737888396790659,-3.986232177938862,4.6322177764228325,1.0963560634231493,1.240363770379627,-1.698697976837249,0.9581486030859472,-7.298926975171383,-3.611853843887752,-0.4801432552897876,2.7981632811969215,4.890891292234774,3.202401718260583,2.4785079576620035,0.969521365086056,-0.31000984423615296,-1.7518441024093878,-1.2160157538502372,4.951434834196127,7.7382597052228626,1.2528646096247356,9.034535474042187,7.880725701177576,3.5413050819140905,2.4467376884092062,-1.3137003073320364,-2.9451794056962326,-1.1311873222855977,-4.666514653268787,-4.669314600271571,-2.1888261933223445,-2.269007826549911,-5.496623056551586,-2.0983981993402026,-8.540448162050868,-12.797044697903294,-10.729702237002398,-0.4372209839020044,-0.03826402576765006,-0.5663541943012909,1.6451854422384242,1.4697874632672376,-1.2084511606928299,-4.662154776379628,-9.058898697150022,-1.7037791661363018,0.3704292622820432,0.12157125569895062,1.9890842048326136,6.186296162428413,5.650850998467455,6.763779667303982,5.452869497930448,-4.321735823733592,17.52861364540848,10.784444767372115,16.6253981366544,-2.4157275434574994,-4.279323085563065,-0.3796797661456395,6.514339819148705
Talia,S06,epb_13_rr_ich_ch68_epm_bbpf_bc_NumberShape_S06_icf.csv,-0.5241414483339276,-3.878262187660291,-2.680373439608455,-1.419307919455296,-4.259121481703717,-4.96066468764331,-5.4840662911150995,-8.737888396790659,-3.986232177938862,4.6322177764228325,1.0963560634231493,1.240363770379627,-1.698697976837249,0.9581486030859472,-7.298926975171383,-3.611853843887752,-0.4801432552897876,2.7981632811969215,4.890891292234774,3.202401718260583,2.4785079576620035,0.969521365086056,-0.31000984423615296,-1.7518441024093878,-1.2160157538502372,4.951434834196127,7.7382597052228626,1.2528646096247356,9.034535474042187,7.880725701177576,3.5413050819140905,2.4467376884092062,-1.3137003073320364,-2.9451794056962326,-1.1311873222855977,-4.666514653268787,-4.669314600271571,-2.1888261933223445,-2.269007826549911,-5.496623056551586,-2.0983981993402026,-8.540448162050868,-12.797044697903294,-10.729702237002398,-0.4372209839020044,-0.03826402576765006,-0.5663541943012909,1.6451854422384242,1.4697874632672376,-1.2084511606928299,-4.662154776379628,-9.058898697150022,-1.7037791661363018,0.3704292622820432,0.12157125569895062,1.9890842048326136,6.186296162428413,5.650850998467455,6.763779667303982,5.452869497930448,-4.321735823733592,17.52861364540848,10.784444767372115,16.6253981366544,-2.4157275434574994,-4.279323085563065,-0.3796797661456395,6.514339819148705
Talia,S06,epb_14_rr_ich_ch68_epm_bbpf_bc_NumberShape_S06_icf.csv,-0.5241414483339276,-3.878262187660291,-2.680373439608455,-1.419307919455296,-4.259121481703717,-4.96066468764331,-5.4840662911150995,-8.737888396790659,-3.986232177938862,4.6322177764228325,1.0963560634231493,1.240363770379627,-1.698697976837249,0.9581486030859472,-7.298926975171383,-3.611853843887752,-0.4801432552897876,2.7981632811969215,4.890891292234774,3.202401718260583,2.4785079576620035,0.969521365086056,-0.31000984423615296,-1.7518441024093878,-1.2160157538502372,4.951434834196127,7.7382597052228626,1.2528646096247356,9.034535474042187,7.880725701177576,3.5413050819140905,2.4467376884092062,-1.3137003073320364,-2.9451794056962326,-1.1311873222855977,-4.666514653268787,-4.669314600271571,-2.1888261933223445,-2.269007826549911,-5.496623056551586,-2.0983981993402026,-8.540448162050868,-12.797044697903294,-10.729702237002398,-0.4372209839020044,-0.03826402576765006,-0.5663541943012909,1.6451854422384242,1.4697874632672376,-1.2084511606928299,-4.662154776379628,-9.058898697150022,-1.7037791661363018,0.3704292622820432,0.12157125569895062,1.9890842048326136,6.186296162428413,5.650850998467455,6.763779667303982,5.452869497930448,-4.321735823733592,17.52861364540848,10.784444767372115,16.6253981366544,-2.4157275434574994,-4.279323085563065,-0.3796797661456395,6.514339819148705
Talia,S06,epb_21_rr_ich_ch68_epm_bbpf_bc_NumberShape_S06_icf.csv,-0.5241414483339276,-3.878262187660291,-2.680373439608455,-1.419307919455296,-4.259121481703717,-4.96066468764331,-5.4840662911150995,-8.737888396790659,-3.986232177938862,4.6322177764228325,1.0963560634231493,1.240363770379627,-1.698697976837249,0.9581486030859472,-7.298926975171383,-3.611853843887752,-0.4801432552897876,2.7981632811969215,4.890891292234774,3.202401718260583,2.4785079576620035,0.969521365086056,-0.31000984423615296,-1.7518441024093878,-1.2160157538502372,4.951434834196127,7.7382597052228626,1.2528646096247356,9.034535474042187,7.880725701177576,3.5413050819140905,2.4467376884092062,-1.3137003073320364,-2.9451794056962326,-1.1311873222855977,-4.666514653268787,-4.669314600271571,-2.1888261933223445,-2.269007826549911,-5.496623056551586,-2.0983981993402026,-8.540448162050868,-12.797044697903294,-10.729702237002398,-0.4372209839020044,-0.03826402576765006,-0.5663541943012909,1.6451854422384242,1.4697874632672376,-1.2084511606928299,-4.662154776379628,-9.058898697150022,-1.7037791661363018,0.3704292622820432,0.12157125569895062,1.9890842048326136,6.186296162428413,5.650850998467455,6.763779667303982,5.452869497930448,-4.321735823733592,17.52861364540848,10.784444767372115,16.6253981366544,-2.4157275434574994,-4.279323085563065,-0.3796797661456395,6.514339819148705
Talia,S06,epb_22_rr_ich_ch68_epm_bbpf_bc_NumberShape_S06_icf.csv,-0.5241414483339276,-3.878262187660291,-2.680373439608455,-1.419307919455296,-4.259121481703717,-4.96066468764331,-5.4840662911150995,-8.737888396790659,-3.986232177938862,4.6322177764228325,1.0963560634231493,1.240363770379627,-1.698697976837249,0.9581486030859472,-7.298926975171383,-3.611853843887752,-0.4801432552897876,2.7981632811969215,4.890891292234774,3.202401718260583,2.4785079576620035,0.969521365086056,-0.31000984423615296,-1.7518441024093878,-1.2160157538502372,4.951434834196127,7.7382597052228626,1.2528646096247356,9.034535474042187,7.880725701177576,3.5413050819140905,2.4467376884092062,-1.3137003073320364,-2.9451794056962326,-1.1311873222855977,-4.666514653268787,-4.669314600271571,-2.1888261933223445,-2.269007826549911,-5.496623056551586,-2.0983981993402026,-8.540448162050868,-12.797044697903294,-10.729702237002398,-0.4372209839020044,-0.03826402576765006,-0.5663541943012909,1.6451854422384242,1.4697874632672376,-1.2084511606928299,-4.662154776379628,-9.058898697150022,-1.7037791661363018,0.3704292622820432,0.12157125569895062,1.9890842048326136,6.186296162428413,5.650850998467455,6.763779667303982,5.452869497930448,-4.321735823733592,17.52861364540848,10.784444767372115,16.6253981366544,-2.4157275434574994,-4.279323085563065,-0.3796797661456395,6.514339819148705
Talia,S06,epb_23_rr_ich_ch68_epm_bbpf_bc_NumberShape_S06_icf.csv,-0.5241414483339276,-3.878262187660291,-2.680373439608455,-1.419307919455296,-4.259121481703717,-4.96066468764331,-5.4840662911150995,-8.737888396790659,-3.986232177938862,4.6322177764228325,1.0963560634231493,1.240363770379627,-1.698697976837249,0.9581486030859472,-7.298926975171383,-3.611853843887752,-0.4801432552897876,2.7981632811969215,4.890891292234774,3.202401718260583,2.4785079576620035,0.969521365086056,-0.31000984423615296,-1.7518441024093878,-1.2160157538502372,4.951434834196127,7.7382597052228626,1.2528646096247356,9.034535474042187,7.880725701177576,3.5413050819140905,2.4467376884092062,-1.3137003073320364,-2.9451794056962326,-1.1311873222855977,-4.666514653268787,-4.669314600271571,-2.1888261933223445,-2.269007826549911,-5.496623056551586,-2.0983981993402026,-8.540448162050868,-12.797044697903294,-10.729702237002398,-0.4372209839020044,-0.03826402576765006,-0.5663541943012909,1.6451854422384242,1.4697874632672376,-1.2084511606928299,-4.662154776379628,-9.058898697150022,-1.7037791661363018,0.3704292622820432,0.12157125569895062,1.9890842048326136,6.186296162428413,5.650850998467455,6.763779667303982,5.452869497930448,-4.321735823733592,17.52861364540848,10.784444767372115,16.6253981366544,-2.4157275434574994,-4.279323085563065,-0.3796797661456395,6.514339819148705
Talia,S06,epb_24_rr_ich_ch68_epm_bbpf_bc_NumberShape_S06_icf.csv,-0.5241414483339276,-3.878262187660291,-2.680373439608455,-1.419307919455296,-4.259121481703717,-4.96066468764331,-5.4840662911150995,-8.737888396790659,-3.986232177938862,4.6322177764228325,1.0963560634231493,1.240363770379627,-1.698697976837249,0.9581486030859472,-7.298926975171383,-3.611853843887752,-0.4801432552897876,2.7981632811969215,4.890891292234774,3.202401718260583,2.4785079576620035,0.969521365086056,-0.31000984423615296,-1.7518441024093878,-1.2160157538502372,4.951434834196127,7.7382597052228626,1.2528646096247356,9.034535474042187,7.880725701177576,3.5413050819140905,2.4467376884092062,-1.3137003073320364,-2.9451794056962326,-1.1311873222855977,-4.666514653268787,-4.669314600271571,-2.1888261933223445,-2.269007826549911,-5.496623056551586,-2.0983981993402026,-8.540448162050868,-12.797044697903294,-10.729702237002398,-0.4372209839020044,-0.03826402576765006,-0.5663541943012909,1.6451854422384242,1.4697874632672376,-1.2084511606928299,-4.662154776379628,-9.058898697150022,-1.7037791661363018,0.3704292622820432,0.12157125569895062,1.9890842048326136,6.186296162428413,5.650850998467455,6.763779667303982,5.452869497930448,-4.321735823733592,17.52861364540848,10.784444767372115,16.6253981366544,-2.4157275434574994,-4.279323085563065,-0.3796797661456395,6.514339819148705
Talia,S07,epb_11_rr_ich_ch68_epm_bbpf_bc_NumberShape_S07_icf.csv,-5.547770620182881,-0.8090647287953259,-3.4549400649841506,-1.819140703241155,-2.2564392363009946,-3.6119110228930045,-0.6535122320564029,-3.0825794802396738,-6.875354843022907,0.5345062912278076,-2.130869741474813,3.665080349603808,1.072431646181539,-1.065903488314281,-3.405124232802394,0.7503172609205327,0.08152734335315415,1.0339625393331382,1.8105293496689292,2.41739627956403,3.7932774989951836,6.164953793149205,4.800691382717461,5.139590328088708,9.867761324135246,5.331266251151996,5.49133269231418,-6.622673698281366,-2.4831149788611646,2.925050629207237,-0.11398626108621066,0.12567918964417005,-4.72699208097667,-5.370417924526354,-3.503288769954337,-4.199754959119167,-2.1670183037927755,-1.2752318086930077,-0.8207686913405015,-2.2726669303501192,-2.426234166473079,-3.971779964423972,-4.361603655008447,-3.3659578789680387,-2.238719943045088,-2.0994678488648506,-0.6541456313835369,-0.008971024302655483,-0.10712233226028355,0.24951159848919513,0.22842978506891273,-0.3125120001099984,-0.6905719103766524,1.8844526046051269,2.6876510727060925,0.32245253970013604,2.1599131780648637,3.5229359866925725,3.163433169096689,2.366806822224513,-1.7628748563702836,1.6804729151689175,2.141574436972169,-0.08306633523935894,13.927271148186264,14.364570541384692,-9.702522301939148,-3.6507590031841977
Talia,S07,epb_12_rr_ich_ch68_epm_bbpf_bc_NumberShape_S07_icf.csv,-5.547770620182881,-0.8090647287953259,-3.4549400649841506,-1.819140703241155,-2.2564392363009946,-3.6119110228930045,-0.6535122320564029,-3.0825794802396738,-6.875354843022907,0.5345062912278076,-2.130869741474813,3.665080349603808,1.072431646181539,-1.065903488314281,-3.405124232802394,0.7503172609205327,0.08152734335315415,1.0339625393331382,1.8105293496689292,2.41739627956403,3.7932774989951836,6.164953793149205,4.800691382717461,5.139590328088708,9.867761324135246,5.331266251151996,5.49133269231418,-6.622673698281366,-2.4831149788611646,2.925050629207237,-0.11398626108621066,0.12567918964417005,-4.72699208097667,-5.370417924526354,-3.503288769954337,-4.199754959119167,-2.1670183037927755,-1.2752318086930077,-0.8207686913405015,-2.2726669303501192,-2.426234166473079,-3.971779964423972,-4.361603655008447,-3.3659578789680387,-2.238719943045088,-2.0994678488648506,-0.6541456313835369,-0.008971024302655483,-0.10712233226028355,0.24951159848919513,0.22842978506891273,-0.3125120001099984,-0.6905719103766524,1.8844526046051269,2.6876510727060925,0.32245253970013604,2.1599131780648637,3.5229359866925725,3.163433169096689,2.366806822224513,-1.7628748563702836,1.6804729151689175,2.141574436972169,-0.08306633523935894,13.927271148186264,14.364570541384692,-9.702522301939148,-3.6507590031841977
Talia,S07,epb_13_rr_ich_ch68_epm_bbpf_bc_NumberShape_S07_icf.csv,-5.547770620182881,-0.8090647287953259,-3.4549400649841506,-1.819140703241155,-2.2564392363009946,-3.6119110228930045,-0.6535122320564029,-3.0825794802396738,-6.875354843022907,0.5345062912278076,-2.130869741474813,3.665080349603808,1.072431646181539,-1.065903488314281,-3.405124232802394,0.7503172609205327,0.08152734335315415,1.0339625393331382,1.8105293496689292,2.41739627956403,3.7932774989951836,6.164953793149205,4.800691382717461,5.139590328088708,9.867761324135246,5.331266251151996,5.49133269231418,-6.622673698281366,-2.4831149788611646,2.925050629207237,-0.11398626108621066,0.12567918964417005,-4.72699208097667,-5.370417924526354,-3.503288769954337,-4.199754959119167,-2.1670183037927755,-1.2752318086930077,-0.8207686913405015,-2.2726669303501192,-2.426234166473079,-3.971779964423972,-4.361603655008447,-3.3659578789680387,-2.238719943045088,-2.0994678488648506,-0.6541456313835369,-0.008971024302655483,-0.10712233226028355,0.24951159848919513,0.22842978506891273,-0.3125120001099984,-0.6905719103766524,1.8844526046051269,2.6876510727060925,0.32245253970013604,2.1599131780648637,3.5229359866925725,3.163433169096689,2.366806822224513,-1.7628748563702836,1.6804729151689175,2.141574436972169,-0.08306633523935894,13.927271148186264,14.364570541384692,-9.702522301939148,-3.6507590031841977
Talia,S07,epb_14_rr_ich_ch68_epm_bbpf_bc_NumberShape_S07_icf.csv,-5.547770620182881,-0.8090647287953259,-3.4549400649841506,-1.819140703241155,-2.2564392363009946,-3.6119110228930045,-0.6535122320564029,-3.0825794802396738,-6.875354843022907,0.5345062912278076,-2.130869741474813,3.665080349603808,1.072431646181539,-1.065903488314281,-3.405124232802394,0.7503172609205327,0.08152734335315415,1.0339625393331382,1.8105293496689292,2.41739627956403,3.7932774989951836,6.164953793149205,4.800691382717461,5.139590328088708,9.867761324135246,5.331266251151996,5.49133269231418,-6.622673698281366,-2.4831149788611646,2.925050629207237,-0.11398626108621066,0.12567918964417005,-4.72699208097667,-5.370417924526354,-3.503288769954337,-4.199754959119167,-2.1670183037927755,-1.2752318086930077,-0.8207686913405015,-2.2726669303501192,-2.426234166473079,-3.971779964423972,-4.361603655008447,-3.3659578789680387,-2.238719943045088,-2.0994678488648506,-0.6541456313835369,-0.008971024302655483,-0.10712233226028355,0.24951159848919513,0.22842978506891273,-0.3125120001099984,-0.6905719103766524,1.8844526046051269,2.6876510727060925,0.32245253970013604,2.1599131780648637,3.5229359866925725,3.163433169096689,2.366806822224513,-1.7628748563702836,1.6804729151689175,2.141574436972169,-0.08306633523935894,13.927271148186264,14.364570541384692,-9.702522301939148,-3.6507590031841977
Talia,S07,epb_21_rr_ich_ch68_epm_bbpf_bc_NumberShape_S07_icf.csv,-5.547770620182881,-0.8090647287953259,-3.4549400649841506,-1.819140703241155,-2.2564392363009946,-3.6119110228930045,-0.6535122320564029,-3.0825794802396738,-6.875354843022907,0.5345062912278076,-2.130869741474813,3.665080349603808,1.072431646181539,-1.065903488314281,-3.405124232802394,0.7503172609205327,0.08152734335315415,1.0339625393331382,1.8105293496689292,2.41739627956403,3.7932774989951836,6.164953793149205,4.800691382717461,5.139590328088708,9.867761324135246,5.331266251151996,5.49133269231418,-6.622673698281366,-2.4831149788611646,2.925050629207237,-0.11398626108621066,0.12567918964417005,-4.72699208097667,-5.370417924526354,-3.503288769954337,-4.199754959119167,-2.1670183037927755,-1.2752318086930077,-0.8207686913405015,-2.2726669303501192,-2.426234166473079,-3.971779964423972,-4.361603655008447,-3.3659578789680387,-2.238719943045088,-2.0994678488648506,-0.6541456313835369,-0.008971024302655483,-0.10712233226028355,0.24951159848919513,0.22842978506891273,-0.3125120001099984,-0.6905719103766524,1.8844526046051269,2.6876510727060925,0.32245253970013604,2.1599131780648637,3.5229359866925725,3.163433169096689,2.366806822224513,-1.7628748563702836,1.6804729151689175,2.141574436972169,-0.08306633523935894,13.927271148186264,14.364570541384692,-9.702522301939148,-3.6507590031841977
Talia,S07,epb_22_rr_ich_ch68_epm_bbpf_bc_NumberShape_S07_icf.csv,-5.547770620182881,-0.8090647287953259,-3.4549400649841506,-1.819140703241155,-2.2564392363009946,-3.6119110228930045,-0.6535122320564029,-3.0825794802396738,-6.875354843022907,0.5345062912278076,-2.130869741474813,3.665080349603808,1.072431646181539,-1.065903488314281,-3.405124232802394,0.7503172609205327,0.08152734335315415,1.0339625393331382,1.8105293496689292,2.41739627956403,3.7932774989951836,6.164953793149205,4.800691382717461,5.139590328088708,9.867761324135246,5.331266251151996,5.49133269231418,-6.622673698281366,-2.4831149788611646,2.925050629207237,-0.11398626108621066,0.12567918964417005,-4.72699208097667,-5.370417924526354,-3.503288769954337,-4.199754959119167,-2.1670183037927755,-1.2752318086930077,-0.8207686913405015,-2.2726669303501192,-2.426234166473079,-3.971779964423972,-4.361603655008447,-3.3659578789680387,-2.238719943045088,-2.0994678488648506,-0.6541456313835369,-0.008971024302655483,-0.10712233226028355,0.24951159848919513,0.22842978506891273,-0.3125120001099984,-0.6905719103766524,1.8844526046051269,2.6876510727060925,0.32245253970013604,2.1599131780648637,3.5229359866925725,3.163433169096689,2.366806822224513,-1.7628748563702836,1.6804729151689175,2.141574436972169,-0.08306633523935894,13.927271148186264,14.364570541384692,-9.702522301939148,-3.6507590031841977
Talia,S07,epb_23_rr_ich_ch68_epm_bbpf_bc_NumberShape_S07_icf.csv,-5.547770620182881,-0.8090647287953259,-3.4549400649841506,-1.819140703241155,-2.2564392363009946,-3.6119110228930045,-0.6535122320564029,-3.0825794802396738,-6.875354843022907,0.5345062912278076,-2.130869741474813,3.665080349603808,1.072431646181539,-1.065903488314281,-3.405124232802394,0.7503172609205327,0.08152734335315415,1.0339625393331382,1.8105293496689292,2.41739627956403,3.7932774989951836,6.164953793149205,4.800691382717461,5.139590328088708,9.867761324135246,5.331266251151996,5.49133269231418,-6.622673698281366,-2.4831149788611646,2.925050629207237,-0.11398626108621066,0.12567918964417005,-4.72699208097667,-5.370417924526354,-3.503288769954337,-4.199754959119167,-2.1670183037927755,-1.2752318086930077,-0.8207686913405015,-2.2726669303501192,-2.426234166473079,-3.971779964423972,-4.361603655008447,-3.3659578789680387,-2.238719943045088,-2.0994678488648506,-0.6541456313835369,-0.008971024302655483,-0.10712233226028355,0.24951159848919513,0.22842978506891273,-0.3125120001099984,-0.6905719103766524,1.8844526046051269,2.6876510727060925,0.32245253970013604,2.1599131780648637,3.5229359866925725,3.163433169096689,2.366806822224513,-1.7628748563702836,1.6804729151689175,2.141574436972169,-0.08306633523935894,13.927271148186264,14.364570541384692,-9.702522301939148,-3.6507590031841977
Talia,S07,epb_24_rr_ich_ch68_epm_bbpf_bc_NumberShape_S07_icf.csv,-5.547770620182881,-0.8090647287953259,-3.4549400649841506,-1.819140703241155,-2.2564392363009946,-3.6119110228930045,-0.6535122320564029,-3.0825794802396738,-6.875354843022907,0.5345062912278076,-2.130869741474813,3.665080349603808,1.072431646181539,-1.065903488314281,-3.405124232802394,0.7503172609205327,0.08152734335315415,1.0339625393331382,1.8105293496689292,2.41739627956403,3.7932774989951836,6.164953793149205,4.800691382717461,5.139590328088708,9.867761324135246,5.331266251151996,5.49133269231418,-6.622673698281366,-2.4831149788611646,2.925050629207237,-0.11398626108621066,0.12567918964417005,-4.72699208097667,-5.370417924526354,-3.503288769954337,-4.199754959119167,-2.1670183037927755,-1.2752318086930077,-0.8207686913405015,-2.2726669303501192,-2.426234166473079,-3.971779964423972,-4.361603655008447,-3.3659578789680387,-2.238719943045088,-2.0994678488648506,-0.6541456313835369,-0.008971024302655483,-0.10712233226028355,0.24951159848919513,0.22842978506891273,-0.3125120001099984,-0.6905719103766524,1.8844526046051269,2.6876510727060925,0.32245253970013604,2.1599131780648637,3.5229359866925725,3.163433169096689,2.366806822224513,-1.7628748563702836,1.6804729151689175,2.141574436972169,-0.08306633523935894,13.927271148186264,14.364570541384692,-9.702522301939148,-3.6507590031841977
Talia,S08,epb_11_rr_ich_ch68_epm_bbpf_bc_NumberShape_S08.csv,-8.744324987937278,-11.753553257219068,-12.336235641089669,-13.978648547119896,-11.93545768015802,-17.124243221019626,-9.05929356856939,-17.76660842037451,-7.173370187333963,-26.66178612486735,-16.23428454752137,-22.361180475675848,-25.49872649286451,-1.255516848029299,-8.774100256670524,-4.59771244739508,-12.033215298576446,-8.829626657750493,-10.94749551812976,3.6917291438357775,6.765322481891225,3.990925185756864,5.712253217235811,-1.608007954039176,18.670432313846533,14.070005558163574,19.84785698672649,27.458197015141337,24.200210127171726,12.251928216502542,3.65632425159917,-1.494310349682083,-4.913990702294152,-0.7082561464093974,0.7991221249081601,-4.54119883679299,-10.26921820049459,-8.206121959223422,-12.692137632460375,-4.457833795668797,-4.923709404409289,2.4748968070139923,1.218571705981509,-0.7242956868612959,-4.156917358296271,-9.437786045027938,-14.712052693887788,-12.028839898944275,-9.127648929217692,-2.616134873782721,4.447740235325811,5.8837950369770615,9.773103788081501,1.7771374814826328,2.3300471047912894,-1.228024954978311,8.786760536705016,9.396946866074298,9.306184595997493,14.575769237328196,19.380446120278634,18.307039778542006,10.327394882300808,23.995184950774792,4.094279179901245,15.892291024960905,26.35554460846661,25.474430484604408
Talia,S08,epb_12_rr_ich_ch68_epm_bbpf_bc_NumberShape_S08.csv,-8.744324987937278,-11.753553257219068,-12.336235641089669,-13.978648547119896,-11.93545768015802,-17.124243221019626,-9.05929356856939,-17.76660842037451,-7.173370187333963,-26.66178612486735,-16.23428454752137,-22.361180475675848,-25.49872649286451,-1.255516848029299,-8.774100256670524,-4.59771244739508,-12.033215298576446,-8.829626657750493,-10.94749551812976,3.6917291438357775,6.765322481891225,3.990925185756864,5.712253217235811,-1.608007954039176,18.670432313846533,14.070005558163574,19.84785698672649,27.458197015141337,24.200210127171726,12.251928216502542,3.65632425159917,-1.494310349682083,-4.913990702294152,-0.7082561464093974,0.7991221249081601,-4.54119883679299,-10.26921820049459,-8.206121959223422,-12.692137632460375,-4.457833795668797,-4.923709404409289,2.4748968070139923,1.218571705981509,-0.7242956868612959,-4.156917358296271,-9.437786045027938,-14.712052693887788,-12.028839898944275,-9.127648929217692,-2.616134873782721,4.447740235325811,5.8837950369770615,9.773103788081501,1.7771374814826328,2.3300471047912894,-1.228024954978311,8.786760536705016,9.396946866074298,9.306184595997493,14.575769237328196,19.380446120278634,18.307039778542006,10.327394882300808,23.995184950774792,4.094279179901245,15.892291024960905,26.35554460846661,25.474430484604408
Talia,S08,epb_13_rr_ich_ch68_epm_bbpf_bc_NumberShape_S08.csv,-8.744324987937278,-11.753553257219068,-12.336235641089669,-13.978648547119896,-11.93545768015802,-17.124243221019626,-9.05929356856939,-17.76660842037451,-7.173370187333963,-26.66178612486735,-16.23428454752137,-22.361180475675848,-25.49872649286451,-1.255516848029299,-8.774100256670524,-4.59771244739508,-12.033215298576446,-8.829626657750493,-10.94749551812976,3.6917291438357775,6.765322481891225,3.990925185756864,5.712253217235811,-1.608007954039176,18.670432313846533,14.070005558163574,19.84785698672649,27.458197015141337,24.200210127171726,12.251928216502542,3.65632425159917,-1.494310349682083,-4.913990702294152,-0.7082561464093974,0.7991221249081601,-4.54119883679299,-10.26921820049459,-8.206121959223422,-12.692137632460375,-4.457833795668797,-4.923709404409289,2.4748968070139923,1.218571705981509,-0.7242956868612959,-4.156917358296271,-9.437786045027938,-14.712052693887788,-12.028839898944275,-9.127648929217692,-2.616134873782721,4.447740235325811,5.8837950369770615,9.773103788081501,1.7771374814826328,2.3300471047912894,-1.228024954978311,8.786760536705016,9.396946866074298,9.306184595997493,14.575769237328196,19.380446120278634,18.307039778542006,10.327394882300808,23.995184950774792,4.094279179901245,15.892291024960905,26.35554460846661,25.474430484604408
Talia,S08,epb_14_rr_ich_ch68_epm_bbpf_bc_NumberShape_S08.csv,-8.744324987937278,-11.753553257219068,-12.336235641089669,-13.978648547119896,-11.93545768015802,-17.124243221019626,-9.05929356856939,-17.76660842037451,-7.173370187333963,-26.66178612486735,-16.23428454752137,-22.361180475675848,-25.49872649286451,-1.255516848029299,-8.774100256670524,-4.59771244739508,-12.033215298576446,-8.829626657750493,-10.94749551812976,3.6917291438357775,6.765322481891225,3.990925185756864,5.712253217235811,-1.608007954039176,18.670432313846533,14.070005558163574,19.84785698672649,27.458197015141337,24.200210127171726,12.251928216502542,3.65632425159917,-1.494310349682083,-4.913990702294152,-0.7082561464093974,0.7991221249081601,-4.54119883679299,-10.26921820049459,-8.206121959223422,-12.692137632460375,-4.457833795668797,-4.923709404409289,2.4748968070139923,1.218571705981509,-0.7242956868612959,-4.156917358296271,-9.437786045027938,-14.712052693887788,-12.028839898944275,-9.127648929217692,-2.616134873782721,4.447740235325811,5.8837950369770615,9.773103788081501,1.7771374814826328,2.3300471047912894,-1.228024954978311,8.786760536705016,9.396946866074298,9.306184595997493,14.575769237328196,19.380446120278634,18.307039778542006,10.327394882300808,23.995184950774792,4.094279179901245,15.892291024960905,26.35554460846661,25.474430484604408
Talia,S08,epb_21_rr_ich_ch68_epm_bbpf_bc_NumberShape_S08.csv,-8.744324987937278,-11.753553257219068,-12.336235641089669,-13.978648547119896,-11.93545768015802,-17.124243221019626,-9.05929356856939,-17.76660842037451,-7.173370187333963,-26.66178612486735,-16.23428454752137,-22.361180475675848,-25.49872649286451,-1.255516848029299,-8.774100256670524,-4.59771244739508,-12.033215298576446,-8.829626657750493,-10.94749551812976,3.6917291438357775,6.765322481891225,3.990925185756864,5.712253217235811,-1.608007954039176,18.670432313846533,14.070005558163574,19.84785698672649,27.458197015141337,24.200210127171726,12.251928216502542,3.65632425159917,-1.494310349682083,-4.913990702294152,-0.7082561464093974,0.7991221249081601,-4.54119883679299,-10.26921820049459,-8.206121959223422,-12.692137632460375,-4.457833795668797,-4.923709404409289,2.4748968070139923,1.218571705981509,-0.7242956868612959,-4.156917358296271,-9.437786045027938,-14.712052693887788,-12.028839898944275,-9.127648929217692,-2.616134873782721,4.447740235325811,5.8837950369770615,9.773103788081501,1.7771374814826328,2.3300471047912894,-1.228024954978311,8.786760536705016,9.396946866074298,9.306184595997493,14.575769237328196,19.380446120278634,18.307039778542006,10.327394882300808,23.995184950774792,4.094279179901245,15.892291024960905,26.35554460846661,25.474430484604408
Talia,S08,epb_22_rr_ich_ch68_epm_bbpf_bc_NumberShape_S08.csv,-8.744324987937278,-11.753553257219068,-12.336235641089669,-13.978648547119896,-11.93545768015802,-17.124243221019626,-9.05929356856939,-17.76660842037451,-7.173370187333963,-26.66178612486735,-16.23428454752137,-22.361180475675848,-25.49872649286451,-1.255516848029299,-8.774100256670524,-4.59771244739508,-12.033215298576446,-8.829626657750493,-10.94749551812976,3.6917291438357775,6.765322481891225,3.990925185756864,5.712253217235811,-1.608007954039176,18.670432313846533,14.070005558163574,19.84785698672649,27.458197015141337,24.200210127171726,12.251928216502542,3.65632425159917,-1.494310349682083,-4.913990702294152,-0.7082561464093974,0.7991221249081601,-4.54119883679299,-10.26921820049459,-8.206121959223422,-12.692137632460375,-4.457833795668797,-4.923709404409289,2.4748968070139923,1.218571705981509,-0.7242956868612959,-4.156917358296271,-9.437786045027938,-14.712052693887788,-12.028839898944275,-9.127648929217692,-2.616134873782721,4.447740235325811,5.8837950369770615,9.773103788081501,1.7771374814826328,2.3300471047912894,-1.228024954978311,8.786760536705016,9.396946866074298,9.306184595997493,14.575769237328196,19.380446120278634,18.307039778542006,10.327394882300808,23.995184950774792,4.094279179901245,15.892291024960905,26.35554460846661,25.474430484604408
Talia,S08,epb_23_rr_ich_ch68_epm_bbpf_bc_NumberShape_S08.csv,-8.744324987937278,-11.753553257219068,-12.336235641089669,-13.978648547119896,-11.93545768015802,-17.124243221019626,-9.05929356856939,-17.76660842037451,-7.173370187333963,-26.66178612486735,-16.23428454752137,-22.361180475675848,-25.49872649286451,-1.255516848029299,-8.774100256670524,-4.59771244739508,-12.033215298576446,-8.829626657750493,-10.94749551812976,3.6917291438357775,6.765322481891225,3.990925185756864,5.712253217235811,-1.608007954039176,18.670432313846533,14.070005558163574,19.84785698672649,27.458197015141337,24.200210127171726,12.251928216502542,3.65632425159917,-1.494310349682083,-4.913990702294152,-0.7082561464093974,0.7991221249081601,-4.54119883679299,-10.26921820049459,-8.206121959223422,-12.692137632460375,-4.457833795668797,-4.923709404409289,2.4748968070139923,1.218571705981509,-0.7242956868612959,-4.156917358296271,-9.437786045027938,-14.712052693887788,-12.028839898944275,-9.127648929217692,-2.616134873782721,4.447740235325811,5.8837950369770615,9.773103788081501,1.7771374814826328,2.3300471047912894,-1.228024954978311,8.786760536705016,9.396946866074298,9.306184595997493,14.575769237328196,19.380446120278634,18.307039778542006,10.327394882300808,23.995184950774792,4.094279179901245,15.892291024960905,26.35554460846661,25.474430484604408
Talia,S08,epb_24_rr_ich_ch68_epm_bbpf_bc_NumberShape_S08.csv,-8.744324987937278,-11.753553257219068,-12.336235641089669,-13.978648547119896,-11.93545768015802,-17.124243221019626,-9.05929356856939,-17.76660842037451,-7.173370187333963,-26.66178612486735,-16.23428454752137,-22.361180475675848,-25.49872649286451,-1.255516848029299,-8.774100256670524,-4.59771244739508,-12.033215298576446,-8.829626657750493,-10.94749551812976,3.6917291438357775,6.765322481891225,3.990925185756864,5.712253217235811,-1.608007954039176,18.670432313846533,14.070005558163574,19.84785698672649,27.458197015141337,24.200210127171726,12.251928216502542,3.65632425159917,-1.494310349682083,-4.913990702294152,-0.7082561464093974,0.7991221249081601,-4.54119883679299,-10.26921820049459,-8.206121959223422,-12.692137632460375,-4.457833795668797,-4.923709404409289,2.4748968070139923,1.218571705981509,-0.7242956868612959,-4.156917358296271,-9.437786045027938,-14.712052693887788,-12.028839898944275,-9.127648929217692,-2.616134873782721,4.447740235325811,5.8837950369770615,9.773103788081501,1.7771374814826328,2.3300471047912894,-1.228024954978311,8.786760536705016,9.396946866074298,9.306184595997493,14.575769237328196,19.380446120278634,18.307039778542006,10.327394882300808,23.995184950774792,4.094279179901245,15.892291024960905,26.35554460846661,25.474430484604408
Talia,S09,epb_11_rr_ich_ch68_epm_bbpf_bc_NumberShape_S09.csv,-5.767406795654069,-8.104999383586128,-5.032580186202533,-5.079393740554975,-5.363698070828984,-7.704947933368793,-7.773431072786076,-5.658961865699878,-3.2015855404684452,-5.835722020350878,-4.451573501161454,-2.5303237045188833,-4.212725464343855,-2.046013512402726,-2.4385564582208863,0.5116759165352348,1.1456082068667814,0.8202076075265238,-0.43972592242011477,2.3817828706807656,8.503802477195137,10.828678794717154,11.096878181544,5.805827310376499,23.41808800390581,7.67678424922554,16.9202310812134,4.701926009612444,8.484218607023411,4.466350670577951,0.7505318544721419,-2.4305693895837046,-5.73581832829221,-4.224042513198503,-3.7012814243485623,-5.664069498429682,-5.949396456791646,-5.432948734976596,-5.257072342631868,-6.079553193405633,-5.4558352817477545,-5.566887177912117,-5.550829640513309,-6.5449132967421235,-6.269647746787575,-4.522224076535749,-3.3929778387967757,-4.14331487608357,-4.977051716506186,-4.393162037899757,-3.551444672872276,-4.185453639731212,-2.1321802992957775,-2.0711441743298225,-3.000342996676286,-3.3081978555774723,0.855172659596593,0.24829484493613516,1.8507722571716734,5.879654518305388,1.3453353367365064,8.163661475212226,4.853629845961268,11.607829821753887,17.690944358079168,6.983314229947178,10.127144842148732,12.06365730367168
Talia,S09,epb_12_rr_ich_ch68_epm_bbpf_bc_NumberShape_S09.csv,-5.767406795654069,-8.104999383586128,-5.032580186202533,-5.079393740554975,-5.363698070828984,-7.704947933368793,-7.773431072786076,-5.658961865699878,-3.2015855404684452,-5.835722020350878,-4.451573501161454,-2.5303237045188833,-4.212725464343855,-2.046013512402726,-2.4385564582208863,0.5116759165352348,1.1456082068667814,0.8202076075265238,-0.43972592242011477,2.3817828706807656,8.503802477195137,10.828678794717154,11.096878181544,5.805827310376499,23.41808800390581,7.67678424922554,16.9202310812134,4.701926009612444,8.484218607023411,4.466350670577951,0.7505318544721419,-2.4305693895837046,-5.73581832829221,-4.224042513198503,-3.7012814243485623,-5.664069498429682,-5.949396456791646,-5.432948734976596,-5.257072342631868,-6.079553193405633,-5.4558352817477545,-5.566887177912117,-5.550829640513309,-6.5449132967421235,-6.269647746787575,-4.522224076535749,-3.3929778387967757,-4.14331487608357,-4.977051716506186,-4.393162037899757,-3.551444672872276,-4.185453639731212,-2.1321802992957775,-2.0711441743298225,-3.000342996676286,-3.3081978555774723,0.855172659596593,0.24829484493613516,1.8507722571716734,5.879654518305388,1.3453353367365064,8.163661475212226,4.853629845961268,11.607829821753887,17.690944358079168,6.983314229947178,10.127144842148732,12.06365730367168
Talia,S09,epb_13_rr_ich_ch68_epm_bbpf_bc_NumberShape_S09.csv,-5.767406795654069,-8.104999383586128,-5.032580186202533,-5.079393740554975,-5.363698070828984,-7.704947933368793,-7.773431072786076,-5.658961865699878,-3.2015855404684452,-5.835722020350878,-4.451573501161454,-2.5303237045188833,-4.212725464343855,-2.046013512402726,-2.4385564582208863,0.5116759165352348,1.1456082068667814,0.8202076075265238,-0.43972592242011477,2.3817828706807656,8.503802477195137,10.828678794717154,11.096878181544,5.805827310376499,23.41808800390581,7.67678424922554,16.9202310812134,4.701926009612444,8.484218607023411,4.466350670577951,0.7505318544721419,-2.4305693895837046,-5.73581832829221,-4.224042513198503,-3.7012814243485623,-5.664069498429682,-5.949396456791646,-5.432948734976596,-5.257072342631868,-6.079553193405633,-5.4558352817477545,-5.566887177912117,-5.550829640513309,-6.5449132967421235,-6.269647746787575,-4.522224076535749,-3.3929778387967757,-4.14331487608357,-4.977051716506186,-4.393162037899757,-3.551444672872276,-4.185453639731212,-2.1321802992957775,-2.0711441743298225,-3.000342996676286,-3.3081978555774723,0.855172659596593,0.24829484493613516,1.8507722571716734,5.879654518305388,1.3453353367365064,8.163661475212226,4.853629845961268,11.607829821753887,17.690944358079168,6.983314229947178,10.127144842148732,12.06365730367168
Talia,S09,epb_14_rr_ich_ch68_epm_bbpf_bc_NumberShape_S09.csv,-5.767406795654069,-8.104999383586128,-5.032580186202533,-5.079393740554975,-5.363698070828984,-7.704947933368793,-7.773431072786076,-5.658961865699878,-3.2015855404684452,-5.835722020350878,-4.451573501161454,-2.5303237045188833,-4.212725464343855,-2.046013512402726,-2.4385564582208863,0.5116759165352348,1.1456082068667814,0.8202076075265238,-0.43972592242011477,2.3817828706807656,8.503802477195137,10.828678794717154,11.096878181544,5.805827310376499,23.41808800390581,7.67678424922554,16.9202310812134,4.701926009612444,8.484218607023411,4.466350670577951,0.7505318544721419,-2.4305693895837046,-5.73581832829221,-4.224042513198503,-3.7012814243485623,-5.664069498429682,-5.949396456791646,-5.432948734976596,-5.257072342631868,-6.079553193405633,-5.4558352817477545,-5.566887177912117,-5.550829640513309,-6.5449132967421235,-6.269647746787575,-4.522224076535749,-3.3929778387967757,-4.14331487608357,-4.977051716506186,-4.393162037899757,-3.551444672872276,-4.185453639731212,-2.1321802992957775,-2.0711441743298225,-3.000342996676286,-3.3081978555774723,0.855172659596593,0.24829484493613516,1.8507722571716734,5.879654518305388,1.3453353367365064,8.163661475212226,4.853629845961268,11.607829821753887,17.690944358079168,6.983314229947178,10.127144842148732,12.06365730367168
Talia,S09,epb_21_rr_ich_ch68_epm_bbpf_bc_NumberShape_S09.csv,-5.767406795654069,-8.104999383586128,-5.032580186202533,-5.079393740554975,-5.363698070828984,-7.704947933368793,-7.773431072786076,-5.658961865699878,-3.2015855404684452,-5.835722020350878,-4.451573501161454,-2.5303237045188833,-4.212725464343855,-2.046013512402726,-2.4385564582208863,0.5116759165352348,1.1456082068667814,0.8202076075265238,-0.43972592242011477,2.3817828706807656,8.503802477195137,10.828678794717154,11.096878181544,5.805827310376499,23.41808800390581,7.67678424922554,16.9202310812134,4.701926009612444,8.484218607023411,4.466350670577951,0.7505318544721419,-2.4305693895837046,-5.73581832829221,-4.224042513198503,-3.7012814243485623,-5.664069498429682,-5.949396456791646,-5.432948734976596,-5.257072342631868,-6.079553193405633,-5.4558352817477545,-5.566887177912117,-5.550829640513309,-6.5449132967421235,-6.269647746787575,-4.522224076535749,-3.3929778387967757,-4.14331487608357,-4.977051716506186,-4.393162037899757,-3.551444672872276,-4.185453639731212,-2.1321802992957775,-2.0711441743298225,-3.000342996676286,-3.3081978555774723,0.855172659596593,0.24829484493613516,1.8507722571716734,5.879654518305388,1.3453353367365064,8.163661475212226,4.853629845961268,11.607829821753887,17.690944358079168,6.983314229947178,10.127144842148732,12.06365730367168
Talia,S09,epb_22_rr_ich_ch68_epm_bbpf_bc_NumberShape_S09.csv,-5.767406795654069,-8.104999383586128,-5.032580186202533,-5.079393740554975,-5.363698070828984,-7.704947933368793,-7.773431072786076,-5.658961865699878,-3.2015855404684452,-5.835722020350878,-4.451573501161454,-2.5303237045188833,-4.212725464343855,-2.046013512402726,-2.4385564582208863,0.5116759165352348,1.1456082068667814,0.8202076075265238,-0.43972592242011477,2.3817828706807656,8.503802477195137,10.828678794717154,11.096878181544,5.805827310376499,23.41808800390581,7.67678424922554,16.9202310812134,4.701926009612444,8.484218607023411,4.466350670577951,0.7505318544721419,-2.4305693895837046,-5.73581832829221,-4.224042513198503,-3.7012814243485623,-5.664069498429682,-5.949396456791646,-5.432948734976596,-5.257072342631868,-6.079553193405633,-5.4558352817477545,-5.566887177912117,-5.550829640513309,-6.5449132967421235,-6.269647746787575,-4.522224076535749,-3.3929778387967757,-4.14331487608357,-4.977051716506186,-4.393162037899757,-3.551444672872276,-4.185453639731212,-2.1321802992957775,-2.0711441743298225,-3.000342996676286,-3.3081978555774723,0.855172659596593,0.24829484493613516,1.8507722571716734,5.879654518305388,1.3453353367365064,8.163661475212226,4.853629845961268,11.607829821753887,17.690944358079168,6.983314229947178,10.127144842148732,12.06365730367168
Talia,S09,epb_23_rr_ich_ch68_epm_bbpf_bc_NumberShape_S09.csv,-5.767406795654069,-8.104999383586128,-5.032580186202533,-5.079393740554975,-5.363698070828984,-7.704947933368793,-7.773431072786076,-5.658961865699878,-3.2015855404684452,-5.835722020350878,-4.451573501161454,-2.5303237045188833,-4.212725464343855,-2.046013512402726,-2.4385564582208863,0.5116759165352348,1.1456082068667814,0.8202076075265238,-0.43972592242011477,2.3817828706807656,8.503802477195137,10.828678794717154,11.096878181544,5.805827310376499,23.41808800390581,7.67678424922554,16.9202310812134,4.701926009612444,8.484218607023411,4.466350670577951,0.7505318544721419,-2.4305693895837046,-5.73581832829221,-4.224042513198503,-3.7012814243485623,-5.664069498429682,-5.949396456791646,-5.432948734976596,-5.257072342631868,-6.079553193405633,-5.4558352817477545,-5.566887177912117,-5.550829640513309,-6.5449132967421235,-6.269647746787575,-4.522224076535749,-3.3929778387967757,-4.14331487608357,-4.977051716506186,-4.393162037899757,-3.551444672872276,-4.185453639731212,-2.1321802992957775,-2.0711441743298225,-3.000342996676286,-3.3081978555774723,0.855172659596593,0.24829484493613516,1.8507722571716734,5.879654518305388,1.3453353367365064,8.163661475212226,4.853629845961268,11.607829821753887,17.690944358079168,6.983314229947178,10.127144842148732,12.06365730367168
Talia,S09,epb_24_rr_ich_ch68_epm_bbpf_bc_NumberShape_S09.csv,-5.767406795654069,-8.104999383586128,-5.032580186202533,-5.079393740554975,-5.363698070828984,-7.704947933368793,-7.773431072786076,-5.658961865699878,-3.2015855404684452,-5.835722020350878,-4.451573501161454,-2.5303237045188833,-4.212725464343855,-2.046013512402726,-2.4385564582208863,0.5116759165352348,1.1456082068667814,0.8202076075265238,-0.43972592242011477,2.3817828706807656,8.503802477195137,10.828678794717154,11.096878181544,5.805827310376499,23.41808800390581,7.67678424922554,16.9202310812134,4.701926009612444,8.484218607023411,4.466350670577951,0.7505318544721419,-2.4305693895837046,-5.73581832829221,-4.224042513198503,-3.7012814243485623,-5.664069498429682,-5.949396456791646,-5.432948734976596,-5.257072342631868,-6.079553193405633,-5.4558352817477545,-5.566887177912117,-5.550829640513309,-6.5449132967421235,-6.269647746787575,-4.522224076535749,-3.3929778387967757,-4.14331487608357,-4.977051716506186,-4.393162037899757,-3.551444672872276,-4.185453639731212,-2.1321802992957775,-2.0711441743298225,-3.000342996676286,-3.3081978555774723,0.855172659596593,0.24829484493613516,1.8507722571716734,5.879654518305388,1.3453353367365064,8.163661475212226,4.853629845961268,11.607829821753887,17.690944358079168,6.983314229947178,10.127144842148732,12.06365730367168
Talia,S10,epb_11_rr_ich_ch68_epm_bbpf_bc_NumberShape_S10.csv,3.353503995512821,7.338127742281514,6.31337222159909,4.6920844295018656,7.719571053507673,8.987490542470457,10.348923966716827,11.38593318121752,7.977126853905761,1.1637164240536848,0.9253091655339403,-0.5010830695325625,-1.4151594729795827,3.1995960165418413,4.532828926565013,-1.4680156410366099,-5.6271446283915525,-6.865757279290504,-5.0200622708206595,-9.50885300738412,-13.036912178333312,-12.527209537401422,-8.938189960937436,0.012843394946452489,-27.776389796341796,-18.564903371879755,-21.46268307668873,0.9343308413640503,-9.502870857696855,-9.28194595509032,-7.82003729341834,-3.32280929863233,7.060153863600744,5.051738150805568,8.381831001203977,8.284119453127373,7.2769903175916655,6.675598382660897,4.064933854887707,8.011391020154878,10.252666862700583,11.855334966426865,10.975989479482504,11.298605496796554,7.71310446157859,4.2222671209981595,2.7205094283596365,0.7930557112039807,2.442827471203664,5.932618996228539,10.76320900084957,9.146999985978223,5.701801029072221,4.510504299887959,1.3141521459308168,-1.2562219860309296,-6.021164416639251,-5.043329827666133,-4.52996696254612,-0.8726165584552882,2.632474214635127,-15.805261864724587,-11.38584976690765,-18.38718936700232,-7.520688256341815,-2.2036920184180597,0.44503658261403806,-0.7466680947876908
Talia,S10,epb_12_rr_ich_ch68_epm_bbpf_bc_NumberShape_S10.csv,3.353503995512821,7.338127742281514,6.31337222159909,4.6920844295018656,7.719571053507673,8.987490542470457,10.348923966716827,11.38593318121752,7.977126853905761,1.1637164240536848,0.9253091655339403,-0.5010830695325625,-1.4151594729795827,3.1995960165418413,4.532828926565013,-1.4680156410366099,-5.6271446283915525,-6.865757279290504,-5.0200622708206595,-9.50885300738412,-13.036912178333312,-12.527209537401422,-8.938189960937436,0.012843394946452489,-27.776389796341796,-18.564903371879755,-21.46268307668873,0.9343308413640503,-9.502870857696855,-9.28194595509032,-7.82003729341834,-3.32280929863233,7.060153863600744,5.051738150805568,8.381831001203977,8.284119453127373,7.2769903175916655,6.675598382660897,4.064933854887707,8.011391020154878,10.252666862700583,11.855334966426865,10.975989479482504,11.298605496796554,7.71310446157859,4.2222671209981595,2.7205094283596365,0.7930557112039807,2.442827471203664,5.932618996228539,10.76320900084957,9.146999985978223,5.701801029072221,4.510504299887959,1.3141521459308168,-1.2562219860309296,-6.021164416639251,-5.043329827666133,-4.52996696254612,-0.8726165584552882,2.632474214635127,-15.805261864724587,-11.38584976690765,-18.38718936700232,-7.520688256341815,-2.2036920184180597,0.44503658261403806,-0.7466680947876908
Talia,S10,epb_13_rr_ich_ch68_epm_bbpf_bc_NumberShape_S10.csv,3.353503995512821,7.338127742281514,6.31337222159909,4.6920844295018656,7.719571053507673,8.987490542470457,10.348923966716827,11.38593318121752,7.977126853905761,1.1637164240536848,0.9253091655339403,-0.5010830695325625,-1.4151594729795827,3.1995960165418413,4.532828926565013,-1.4680156410366099,-5.6271446283915525,-6.865757279290504,-5.0200622708206595,-9.50885300738412,-13.036912178333312,-12.527209537401422,-8.938189960937436,0.012843394946452489,-27.776389796341796,-18.564903371879755,-21.46268307668873,0.9343308413640503,-9.502870857696855,-9.28194595509032,-7.82003729341834,-3.32280929863233,7.060153863600744,5.051738150805568,8.381831001203977,8.284119453127373,7.2769903175916655,6.675598382660897,4.064933854887707,8.011391020154878,10.252666862700583,11.855334966426865,10.975989479482504,11.298605496796554,7.71310446157859,4.2222671209981595,2.7205094283596365,0.7930557112039807,2.442827471203664,5.932618996228539,10.76320900084957,9.146999985978223,5.701801029072221,4.510504299887959,1.3141521459308168,-1.2562219860309296,-6.021164416639251,-5.043329827666133,-4.52996696254612,-0.8726165584552882,2.632474214635127,-15.805261864724587,-11.38584976690765,-18.38718936700232,-7.520688256341815,-2.2036920184180597,0.44503658261403806,-0.7466680947876908
Talia,S10,epb_14_rr_ich_ch68_epm_bbpf_bc_NumberShape_S10.csv,3.353503995512821,7.338127742281514,6.31337222159909,4.6920844295018656,7.719571053507673,8.987490542470457,10.348923966716827,11.38593318121752,7.977126853905761,1.1637164240536848,0.9253091655339403,-0.5010830695325625,-1.4151594729795827,3.1995960165418413,4.532828926565013,-1.4680156410366099,-5.6271446283915525,-6.865757279290504,-5.0200622708206595,-9.50885300738412,-13.036912178333312,-12.527209537401422,-8.938189960937436,0.012843394946452489,-27.776389796341796,-18.564903371879755,-21.46268307668873,0.9343308413640503,-9.502870857696855,-9.28194595509032,-7.82003729341834,-3.32280929863233,7.060153863600744,5.051738150805568,8.381831001203977,8.284119453127373,7.2769903175916655,6.675598382660897,4.064933854887707,8.011391020154878,10.252666862700583,11.855334966426865,10.975989479482504,11.298605496796554,7.71310446157859,4.2222671209981595,2.7205094283596365,0.7930557112039807,2.442827471203664,5.932618996228539,10.76320900084957,9.146999985978223,5.701801029072221,4.510504299887959,1.3141521459308168,-1.2562219860309296,-6.021164416639251,-5.043329827666133,-4.52996696254612,-0.8726165584552882,2.632474214635127,-15.805261864724587,-11.38584976690765,-18.38718936700232,-7.520688256341815,-2.2036920184180597,0.44503658261403806,-0.7466680947876908
Talia,S10,epb_21_rr_ich_ch68_epm_bbpf_bc_NumberShape_S10.csv,3.353503995512821,7.338127742281514,6.31337222159909,4.6920844295018656,7.719571053507673,8.987490542470457,10.348923966716827,11.38593318121752,7.977126853905761,1.1637164240536848,0.9253091655339403,-0.5010830695325625,-1.4151594729795827,3.1995960165418413,4.532828926565013,-1.4680156410366099,-5.6271446283915525,-6.865757279290504,-5.0200622708206595,-9.50885300738412,-13.036912178333312,-12.527209537401422,-8.938189960937436,0.012843394946452489,-27.776389796341796,-18.564903371879755,-21.46268307668873,0.9343308413640503,-9.502870857696855,-9.28194595509032,-7.82003729341834,-3.32280929863233,7.060153863600744,5.051738150805568,8.381831001203977,8.284119453127373,7.2769903175916655,6.675598382660897,4.064933854887707,8.011391020154878,10.252666862700583,11.855334966426865,10.975989479482504,11.298605496796554,7.71310446157859,4.2222671209981595,2.7205094283596365,0.7930557112039807,2.442827471203664,5.932618996228539,10.76320900084957,9.146999985978223,5.701801029072221,4.510504299887959,1.3141521459308168,-1.2562219860309296,-6.021164416639251,-5.043329827666133,-4.52996696254612,-0.8726165584552882,2.632474214635127,-15.805261864724587,-11.38584976690765,-18.38718936700232,-7.520688256341815,-2.2036920184180597,0.44503658261403806,-0.7466680947876908
Talia,S10,epb_22_rr_ich_ch68_epm_bbpf_bc_NumberShape_S10.csv,3.353503995512821,7.338127742281514,6.31337222159909,4.6920844295018656,7.719571053507673,8.987490542470457,10.348923966716827,11.38593318121752,7.977126853905761,1.1637164240536848,0.9253091655339403,-0.5010830695325625,-1.4151594729795827,3.1995960165418413,4.532828926565013,-1.4680156410366099,-5.6271446283915525,-6.865757279290504,-5.0200622708206595,-9.50885300738412,-13.036912178333312,-12.527209537401422,-8.938189960937436,0.012843394946452489,-27.776389796341796,-18.564903371879755,-21.46268307668873,0.9343308413640503,-9.502870857696855,-9.28194595509032,-7.82003729341834,-3.32280929863233,7.060153863600744,5.051738150805568,8.381831001203977,8.284119453127373,7.2769903175916655,6.675598382660897,4.064933854887707,8.011391020154878,10.252666862700583,11.855334966426865,10.975989479482504,11.298605496796554,7.71310446157859,4.2222671209981595,2.7205094283596365,0.7930557112039807,2.442827471203664,5.932618996228539,10.76320900084957,9.146999985978223,5.701801029072221,4.510504299887959,1.3141521459308168,-1.2562219860309296,-6.021164416639251,-5.043329827666133,-4.52996696254612,-0.8726165584552882,2.632474214635127,-15.805261864724587,-11.38584976690765,-18.38718936700232,-7.520688256341815,-2.2036920184180597,0.44503658261403806,-0.7466680947876908
Talia,S10,epb_23_rr_ich_ch68_epm_bbpf_bc_NumberShape_S10.csv,3.353503995512821,7.338127742281514,6.31337222159909,4.6920844295018656,7.719571053507673,8.987490542470457,10.348923966716827,11.38593318121752,7.977126853905761,1.1637164240536848,0.9253091655339403,-0.5010830695325625,-1.4151594729795827,3.1995960165418413,4.532828926565013,-1.4680156410366099,-5.6271446283915525,-6.865757279290504,-5.0200622708206595,-9.50885300738412,-13.036912178333312,-12.527209537401422,-8.938189960937436,0.012843394946452489,-27.776389796341796,-18.564903371879755,-21.46268307668873,0.9343308413640503,-9.502870857696855,-9.28194595509032,-7.82003729341834,-3.32280929863233,7.060153863600744,5.051738150805568,8.381831001203977,8.284119453127373,7.2769903175916655,6.675598382660897,4.064933854887707,8.011391020154878,10.252666862700583,11.855334966426865,10.975989479482504,11.298605496796554,7.71310446157859,4.2222671209981595,2.7205094283596365,0.7930557112039807,2.442827471203664,5.932618996228539,10.76320900084957,9.146999985978223,5.701801029072221,4.510504299887959,1.3141521459308168,-1.2562219860309296,-6.021164416639251,-5.043329827666133,-4.52996696254612,-0.8726165584552882,2.632474214635127,-15.805261864724587,-11.38584976690765,-18.38718936700232,-7.520688256341815,-2.2036920184180597,0.44503658261403806,-0.7466680947876908
Talia,S10,epb_24_rr_ich_ch68_epm_bbpf_bc_NumberShape_S10.csv,3.353503995512821,7.338127742281514,6.31337222159909,4.6920844295018656,7.719571053507673,8.987490542470457,10.348923966716827,11.38593318121752,7.977126853905761,1.1637164240536848,0.9253091655339403,-0.5010830695325625,-1.4151594729795827,3.1995960165418413,4.532828926565013,-1.4680156410366099,-5.6271446283915525,-6.865757279290504,-5.0200622708206595,-9.50885300738412,-13.036912178333312,-12.527209537401422,-8.938189960937436,0.012843394946452489,-27.776389796341796,-18.564903371879755,-21.46268307668873,0.9343308413640503,-9.502870857696855,-9.28194595509032,-7.82003729341834,-3.32280929863233,7.060153863600744,5.051738150805568,8.381831001203977,8.284119453127373,7.2769903175916655,6.675598382660897,4.064933854887707,8.011391020154878,10.252666862700583,11.855334966426865,10.975989479482504,11.298605496796554,7.71310446157859,4.2222671209981595,2.7205094283596365,0.7930557112039807,2.442827471203664,5.932618996228539,10.76320900084957,9.146999985978223,5.701801029072221,4.510504299887959,1.3141521459308168,-1.2562219860309296,-6.021164416639251,-5.043329827666133,-4.52996696254612,-0.8726165584552882,2.632474214635127,-15.805261864724587,-11.38584976690765,-18.38718936700232,-7.520688256341815,-2.2036920184180597,0.44503658261403806,-0.7466680947876908
Talia,S11,epb_11_rr_ich_ch68_epm_bbpf_bc_NumberShape_S11.csv,8.981901502238332,-1.4360994816692916,7.855095133128783,-0.8001931646682335,13.107234237802395,-0.42367249072089125,3.9624772922499067,7.519513092677075,0.09263703505556715,-1.6968397934178285,-4.009647313132354,-1.1083146004887163,6.119452875700519,7.312665085545994,7.428337352652923,13.504400313234475,15.839088355179223,5.2330896416711,0.7260818187618221,4.08264512588407,11.555397170662932,13.264689153298624,22.35559089477452,19.050480409347873,26.55797871588736,6.555433090607541,11.534412161238494,-1.9345879993653676,-18.422652595578047,-4.3266300429260856,-3.199257356254139,-5.1965383643391485,7.8070766406170495,5.5137263562647245,0.33490595190416733,3.9220848260910515,3.890649143661679,4.476545983642251,7.462349564621881,-1.5271925202402792,-3.499135518222441,-2.1013460262152335,0.6339455741464984,-2.234546052678067,-5.044670407824237,-1.6916195625103565,1.0735508278161014,-4.710373122620382,-5.389414103113118,-5.594702412667447,-2.5962255584941505,-1.7042719915616047,-7.208801498442889,-7.659843669317392,-6.8744992888345635,-5.913995427815577,-9.848758981797967,-11.32647925059835,-14.307428263068765,-13.042478663773958,-2.8911876931365845,-31.607490695910563,-18.39406864009505,-37.25520388047886,16.831194268144863,12.501462623117485,-9.822763008244912,-22.285167853227076
Talia,S11,epb_12_rr_ich_ch68_epm_bbpf_bc_NumberShape_S11.csv,8.981901502238332,-1.4360994816692916,7.855095133128783,-0.8001931646682335,13.107234237802395,-0.42367249072089125,3.9624772922499067,7.519513092677075,0.09263703505556715,-1.6968397934178285,-4.009647313132354,-1.1083146004887163,6.119452875700519,7.312665085545994,7.428337352652923,13.504400313234475,15.839088355179223,5.2330896416711,0.7260818187618221,4.08264512588407,11.555397170662932,13.264689153298624,22.35559089477452,19.050480409347873,26.55797871588736,6.555433090607541,11.534412161238494,-1.9345879993653676,-18.422652595578047,-4.3266300429260856,-3.199257356254139,-5.1965383643391485,7.8070766406170495,5.5137263562647245,0.33490595190416733,3.9220848260910515,3.890649143661679,4.476545983642251,7.462349564621881,-1.5271925202402792,-3.499135518222441,-2.1013460262152335,0.6339455741464984,-2.234546052678067,-5.044670407824237,-1.6916195625103565,1.0735508278161014,-4.710373122620382,-5.389414103113118,-5.594702412667447,-2.5962255584941505,-1.7042719915616047,-7.208801498442889,-7.659843669317392,-6.8744992888345635,-5.913995427815577,-9.848758981797967,-11.32647925059835,-14.307428263068765,-13.042478663773958,-2.8911876931365845,-31.607490695910563,-18.39406864009505,-37.25520388047886,16.831194268144863,12.501462623117485,-9.822763008244912,-22.285167853227076
Talia,S11,epb_13_rr_ich_ch68_epm_bbpf_bc_NumberShape_S11.csv,8.981901502238332,-1.4360994816692916,7.855095133128783,-0.8001931646682335,13.107234237802395,-0.42367249072089125,3.9624772922499067,7.519513092677075,0.09263703505556715,-1.6968397934178285,-4.009647313132354,-1.1083146004887163,6.119452875700519,7.312665085545994,7.428337352652923,13.504400313234475,15.839088355179223,5.2330896416711,0.7260818187618221,4.08264512588407,11.555397170662932,13.264689153298624,22.35559089477452,19.050480409347873,26.55797871588736,6.555433090607541,11.534412161238494,-1.9345879993653676,-18.422652595578047,-4.3266300429260856,-3.199257356254139,-5.1965383643391485,7.8070766406170495,5.5137263562647245,0.33490595190416733,3.9220848260910515,3.890649143661679,4.476545983642251,7.462349564621881,-1.5271925202402792,-3.499135518222441,-2.1013460262152335,0.6339455741464984,-2.234546052678067,-5.044670407824237,-1.6916195625103565,1.0735508278161014,-4.710373122620382,-5.389414103113118,-5.594702412667447,-2.5962255584941505,-1.7042719915616047,-7.208801498442889,-7.659843669317392,-6.8744992888345635,-5.913995427815577,-9.848758981797967,-11.32647925059835,-14.307428263068765,-13.042478663773958,-2.8911876931365845,-31.607490695910563,-18.39406864009505,-37.25520388047886,16.831194268144863,12.501462623117485,-9.822763008244912,-22.285167853227076
Talia,S11,epb_14_rr_ich_ch68_epm_bbpf_bc_NumberShape_S11.csv,8.981901502238332,-1.4360994816692916,7.855095133128783,-0.8001931646682335,13.107234237802395,-0.42367249072089125,3.9624772922499067,7.519513092677075,0.09263703505556715,-1.6968397934178285,-4.009647313132354,-1.1083146004887163,6.119452875700519,7.312665085545994,7.428337352652923,13.504400313234475,15.839088355179223,5.2330896416711,0.7260818187618221,4.08264512588407,11.555397170662932,13.264689153298624,22.35559089477452,19.050480409347873,26.55797871588736,6.555433090607541,11.534412161238494,-1.9345879993653676,-18.422652595578047,-4.3266300429260856,-3.199257356254139,-5.1965383643391485,7.8070766406170495,5.5137263562647245,0.33490595190416733,3.9220848260910515,3.890649143661679,4.476545983642251,7.462349564621881,-1.5271925202402792,-3.499135518222441,-2.1013460262152335,0.6339455741464984,-2.234546052678067,-5.044670407824237,-1.6916195625103565,1.0735508278161014,-4.710373122620382,-5.389414103113118,-5.594702412667447,-2.5962255584941505,-1.7042719915616047,-7.208801498442889,-7.659843669317392,-6.8744992888345635,-5.913995427815577,-9.848758981797967,-11.32647925059835,-14.307428263068765,-13.042478663773958,-2.8911876931365845,-31.607490695910563,-18.39406864009505,-37.25520388047886,16.831194268144863,12.501462623117485,-9.822763008244912,-22.285167853227076
Talia,S11,epb_21_rr_ich_ch68_epm_bbpf_bc_NumberShape_S11.csv,8.981901502238332,-1.4360994816692916,7.855095133128783,-0.8001931646682335,13.107234237802395,-0.42367249072089125,3.9624772922499067,7.519513092677075,0.09263703505556715,-1.6968397934178285,-4.009647313132354,-1.1083146004887163,6.119452875700519,7.312665085545994,7.428337352652923,13.504400313234475,15.839088355179223,5.2330896416711,0.7260818187618221,4.08264512588407,11.555397170662932,13.264689153298624,22.35559089477452,19.050480409347873,26.55797871588736,6.555433090607541,11.534412161238494,-1.9345879993653676,-18.422652595578047,-4.3266300429260856,-3.199257356254139,-5.1965383643391485,7.8070766406170495,5.5137263562647245,0.33490595190416733,3.9220848260910515,3.890649143661679,4.476545983642251,7.462349564621881,-1.5271925202402792,-3.499135518222441,-2.1013460262152335,0.6339455741464984,-2.234546052678067,-5.044670407824237,-1.6916195625103565,1.0735508278161014,-4.710373122620382,-5.389414103113118,-5.594702412667447,-2.5962255584941505,-1.7042719915616047,-7.208801498442889,-7.659843669317392,-6.8744992888345635,-5.913995427815577,-9.848758981797967,-11.32647925059835,-14.307428263068765,-13.042478663773958,-2.8911876931365845,-31.607490695910563,-18.39406864009505,-37.25520388047886,16.831194268144863,12.501462623117485,-9.822763008244912,-22.285167853227076
Talia,S11,epb_22_rr_ich_ch68_epm_bbpf_bc_NumberShape_S11.csv,8.981901502238332,-1.4360994816692916,7.855095133128783,-0.8001931646682335,13.107234237802395,-0.42367249072089125,3.9624772922499067,7.519513092677075,0.09263703505556715,-1.6968397934178285,-4.009647313132354,-1.1083146004887163,6.119452875700519,7.312665085545994,7.428337352652923,13.504400313234475,15.839088355179223,5.2330896416711,0.7260818187618221,4.08264512588407,11.555397170662932,13.264689153298624,22.35559089477452,19.050480409347873,26.55797871588736,6.555433090607541,11.534412161238494,-1.9345879993653676,-18.422652595578047,-4.3266300429260856,-3.199257356254139,-5.1965383643391485,7.8070766406170495,5.5137263562647245,0.33490595190416733,3.9220848260910515,3.890649143661679,4.476545983642251,7.462349564621881,-1.5271925202402792,-3.499135518222441,-2.1013460262152335,0.6339455741464984,-2.234546052678067,-5.044670407824237,-1.6916195625103565,1.0735508278161014,-4.710373122620382,-5.389414103113118,-5.594702412667447,-2.5962255584941505,-1.7042719915616047,-7.208801498442889,-7.659843669317392,-6.8744992888345635,-5.913995427815577,-9.848758981797967,-11.32647925059835,-14.307428263068765,-13.042478663773958,-2.8911876931365845,-31.607490695910563,-18.39406864009505,-37.25520388047886,16.831194268144863,12.501462623117485,-9.822763008244912,-22.285167853227076
Talia,S11,epb_23_rr_ich_ch68_epm_bbpf_bc_NumberShape_S11.csv,8.981901502238332,-1.4360994816692916,7.855095133128783,-0.8001931646682335,13.107234237802395,-0.42367249072089125,3.9624772922499067,7.519513092677075,0.09263703505556715,-1.6968397934178285,-4.009647313132354,-1.1083146004887163,6.119452875700519,7.312665085545994,7.428337352652923,13.504400313234475,15.839088355179223,5.2330896416711,0.7260818187618221,4.08264512588407,11.555397170662932,13.264689153298624,22.35559089477452,19.050480409347873,26.55797871588736,6.555433090607541,11.534412161238494,-1.9345879993653676,-18.422652595578047,-4.3266300429260856,-3.199257356254139,-5.1965383643391485,7.8070766406170495,5.5137263562647245,0.33490595190416733,3.9220848260910515,3.890649143661679,4.476545983642251,7.462349564621881,-1.5271925202402792,-3.499135518222441,-2.1013460262152335,0.6339455741464984,-2.234546052678067,-5.044670407824237,-1.6916195625103565,1.0735508278161014,-4.710373122620382,-5.389414103113118,-5.594702412667447,-2.5962255584941505,-1.7042719915616047,-7.208801498442889,-7.659843669317392,-6.8744992888345635,-5.913995427815577,-9.848758981797967,-11.32647925059835,-14.307428263068765,-13.042478663773958,-2.8911876931365845,-31.607490695910563,-18.39406864009505,-37.25520388047886,16.831194268144863,12.501462623117485,-9.822763008244912,-22.285167853227076
Talia,S11,epb_24_rr_ich_ch68_epm_bbpf_bc_NumberShape_S11.csv,8.981901502238332,-1.4360994816692916,7.855095133128783,-0.8001931646682335,13.107234237802395,-0.42367249072089125,3.9624772922499067,7.519513092677075,0.09263703505556715,-1.6968397934178285,-4.009647313132354,-1.1083146004887163,6.119452875700519,7.312665085545994,7.428337352652923,13.504400313234475,15.839088355179223,5.2330896416711,0.7260818187618221,4.08264512588407,11.555397170662932,13.264689153298624,22.35559089477452,19.050480409347873,26.55797871588736,6.555433090607541,11.534412161238494,-1.9345879993653676,-18.422652595578047,-4.3266300429260856,-3.199257356254139,-5.1965383643391485,7.8070766406170495,5.5137263562647245,0.33490595190416733,3.9220848260910515,3.890649143661679,4.476545983642251,7.462349564621881,-1.5271925202402792,-3.499135518222441,-2.1013460262152335,0.6339455741464984,-2.234546052678067,-5.044670407824237,-1.6916195625103565,1.0735508278161014,-4.710373122620382,-5.389414103113118,-5.594702412667447,-2.5962255584941505,-1.7042719915616047,-7.208801498442889,-7.659843669317392,-6.8744992888345635,-5.913995427815577,-9.848758981797967,-11.32647925059835,-14.307428263068765,-13.042478663773958,-2.8911876931365845,-31.607490695910563,-18.39406864009505,-37.25520388047886,16.831194268144863,12.501462623117485,-9.822763008244912,-22.285167853227076
Talia,S12,epb_11_rr_ich_ch68_epm_bbpf_bc_NumberShape_S12.csv,-13.422682214766326,-25.124006186181287,-18.448226625473964,-21.030203430211785,-20.92334511915407,-20.891815076712227,-21.925963276234402,-19.76207000006634,-14.153026271521382,-14.196073405842755,-14.700258974542754,-3.3448521219673264,-1.5174958057677888,-8.416864092492826,-6.134999552789595,2.2576951992418772,3.051002256558091,6.706401656089903,5.051262687634635,13.970674626607453,15.558578381372959,16.076021479651658,16.87734579842334,9.324549893754918,40.15196001956517,28.328910662284112,42.48299136804205,25.83976541379109,34.64086757075581,23.29599538275581,9.834074549448948,0.637816635820407,-19.741773215877508,-17.360678848820143,-20.859665196170344,-22.156628808899956,-19.092487430886774,-19.64429748821115,-20.61621582191073,-19.339891556110693,-22.183715136404395,-25.878434232492737,-21.01736167264643,-18.07206753247671,-12.793983983003804,-13.471062419563523,-13.514914388003163,-4.485532769640501,-2.6371250778849147,-3.302456516013304,-9.003639574730247,-13.396325266540265,-5.308105104225526,2.319950497088366,6.6671168130334335,2.8703539087078935,11.767038840929336,17.037749721367252,16.803602833899973,10.0890010634605,0.9938849606831529,28.669226495238746,29.820779480728003,35.42719767280314,26.58622731359489,26.735930930704406,23.967966768401674,14.02628042046362
Talia,S12,epb_12_rr_ich_ch68_epm_bbpf_bc_NumberShape_S12.csv,-13.422682214766326,-25.124006186181287,-18.448226625473964,-21.030203430211785,-20.92334511915407,-20.891815076712227,-21.925963276234402,-19.76207000006634,-14.153026271521382,-14.196073405842755,-14.700258974542754,-3.3448521219673264,-1.5174958057677888,-8.416864092492826,-6.134999552789595,2.2576951992418772,3.051002256558091,6.706401656089903,5.051262687634635,13.970674626607453,15.558578381372959,16.076021479651658,16.87734579842334,9.324549893754918,40.15196001956517,28.328910662284112,42.48299136804205,25.83976541379109,34.64086757075581,23.29599538275581,9.834074549448948,0.637816635820407,-19.741773215877508,-17.360678848820143,-20.859665196170344,-22.156628808899956,-19.092487430886774,-19.64429748821115,-20.61621582191073,-19.339891556110693,-22.183715136404395,-25.878434232492737,-21.01736167264643,-18.07206753247671,-12.793983983003804,-13.471062419563523,-13.514914388003163,-4.485532769640501,-2.6371250778849147,-3.302456516013304,-9.003639574730247,-13.396325266540265,-5.308105104225526,2.319950497088366,6.6671168130334335,2.8703539087078935,11.767038840929336,17.037749721367252,16.803602833899973,10.0890010634605,0.9938849606831529,28.669226495238746,29.820779480728003,35.42719767280314,26.58622731359489,26.735930930704406,23.967966768401674,14.02628042046362
Talia,S12,epb_13_rr_ich_ch68_epm_bbpf_bc_NumberShape_S12.csv,-13.422682214766326,-25.124006186181287,-18.448226625473964,-21.030203430211785,-20.92334511915407,-20.891815076712227,-21.925963276234402,-19.76207000006634,-14.153026271521382,-14.196073405842755,-14.700258974542754,-3.3448521219673264,-1.5174958057677888,-8.416864092492826,-6.134999552789595,2.2576951992418772,3.051002256558091,6.706401656089903,5.051262687634635,13.970674626607453,15.558578381372959,16.076021479651658,16.87734579842334,9.324549893754918,40.15196001956517,28.328910662284112,42.48299136804205,25.83976541379109,34.64086757075581,23.29599538275581,9.834074549448948,0.637816635820407,-19.741773215877508,-17.360678848820143,-20.859665196170344,-22.156628808899956,-19.092487430886774,-19.64429748821115,-20.61621582191073,-19.339891556110693,-22.183715136404395,-25.878434232492737,-21.01736167264643,-18.07206753247671,-12.793983983003804,-13.471062419563523,-13.514914388003163,-4.485532769640501,-2.6371250778849147,-3.302456516013304,-9.003639574730247,-13.396325266540265,-5.308105104225526,2.319950497088366,6.6671168130334335,2.8703539087078935,11.767038840929336,17.037749721367252,16.803602833899973,10.0890010634605,0.9938849606831529,28.669226495238746,29.820779480728003,35.42719767280314,26.58622731359489,26.735930930704406,23.967966768401674,14.02628042046362
Talia,S12,epb_14_rr_ich_ch68_epm_bbpf_bc_NumberShape_S12.csv,-13.422682214766326,-25.124006186181287,-18.448226625473964,-21.030203430211785,-20.92334511915407,-20.891815076712227,-21.925963276234402,-19.76207000006634,-14.153026271521382,-14.196073405842755,-14.700258974542754,-3.3448521219673264,-1.5174958057677888,-8.416864092492826,-6.134999552789595,2.2576951992418772,3.051002256558091,6.706401656089903,5.051262687634635,13.970674626607453,15.558578381372959,16.076021479651658,16.87734579842334,9.324549893754918,40.15196001956517,28.328910662284112,42.48299136804205,25.83976541379109,34.64086757075581,23.29599538275581,9.834074549448948,0.637816635820407,-19.741773215877508,-17.360678848820143,-20.859665196170344,-22.156628808899956,-19.092487430886774,-19.64429748821115,-20.61621582191073,-19.339891556110693,-22.183715136404395,-25.878434232492737,-21.01736167264643,-18.07206753247671,-12.793983983003804,-13.471062419563523,-13.514914388003163,-4.485532769640501,-2.6371250778849147,-3.302456516013304,-9.003639574730247,-13.396325266540265,-5.308105104225526,2.319950497088366,6.6671168130334335,2.8703539087078935,11.767038840929336,17.037749721367252,16.803602833899973,10.0890010634605,0.9938849606831529,28.669226495238746,29.820779480728003,35.42719767280314,26.58622731359489,26.735930930704406,23.967966768401674,14.02628042046362
Talia,S12,epb_21_rr_ich_ch68_epm_bbpf_bc_NumberShape_S12.csv,-13.422682214766326,-25.124006186181287,-18.448226625473964,-21.030203430211785,-20.92334511915407,-20.891815076712227,-21.925963276234402,-19.76207000006634,-14.153026271521382,-14.196073405842755,-14.700258974542754,-3.3448521219673264,-1.5174958057677888,-8.416864092492826,-6.134999552789595,2.2576951992418772,3.051002256558091,6.706401656089903,5.051262687634635,13.970674626607453,15.558578381372959,16.076021479651658,16.87734579842334,9.324549893754918,40.15196001956517,28.328910662284112,42.48299136804205,25.83976541379109,34.64086757075581,23.29599538275581,9.834074549448948,0.637816635820407,-19.741773215877508,-17.360678848820143,-20.859665196170344,-22.156628808899956,-19.092487430886774,-19.64429748821115,-20.61621582191073,-19.339891556110693,-22.183715136404395,-25.878434232492737,-21.01736167264643,-18.07206753247671,-12.793983983003804,-13.471062419563523,-13.514914388003163,-4.485532769640501,-2.6371250778849147,-3.302456516013304,-9.003639574730247,-13.396325266540265,-5.308105104225526,2.319950497088366,6.6671168130334335,2.8703539087078935,11.767038840929336,17.037749721367252,16.803602833899973,10.0890010634605,0.9938849606831529,28.669226495238746,29.820779480728003,35.42719767280314,26.58622731359489,26.735930930704406,23.967966768401674,14.02628042046362
Talia,S12,epb_22_rr_ich_ch68_epm_bbpf_bc_NumberShape_S12.csv,-13.422682214766326,-25.124006186181287,-18.448226625473964,-21.030203430211785,-20.92334511915407,-20.891815076712227,-21.925963276234402,-19.76207000006634,-14.153026271521382,-14.196073405842755,-14.700258974542754,-3.3448521219673264,-1.5174958057677888,-8.416864092492826,-6.134999552789595,2.2576951992418772,3.051002256558091,6.706401656089903,5.051262687634635,13.970674626607453,15.558578381372959,16.076021479651658,16.87734579842334,9.324549893754918,40.15196001956517,28.328910662284112,42.48299136804205,25.83976541379109,34.64086757075581,23.29599538275581,9.834074549448948,0.637816635820407,-19.741773215877508,-17.360678848820143,-20.859665196170344,-22.156628808899956,-19.092487430886774,-19.64429748821115,-20.61621582191073,-19.339891556110693,-22.183715136404395,-25.878434232492737,-21.01736167264643,-18.07206753247671,-12.793983983003804,-13.471062419563523,-13.514914388003163,-4.485532769640501,-2.6371250778849147,-3.302456516013304,-9.003639574730247,-13.396325266540265,-5.308105104225526,2.319950497088366,6.6671168130334335,2.8703539087078935,11.767038840929336,17.037749721367252,16.803602833899973,10.0890010634605,0.9938849606831529,28.669226495238746,29.820779480728003,35.42719767280314,26.58622731359489,26.735930930704406,23.967966768401674,14.02628042046362
Talia,S12,epb_23_rr_ich_ch68_epm_bbpf_bc_NumberShape_S12.csv,-13.422682214766326,-25.124006186181287,-18.448226625473964,-21.030203430211785,-20.92334511915407,-20.891815076712227,-21.925963276234402,-19.76207000006634,-14.153026271521382,-14.196073405842755,-14.700258974542754,-3.3448521219673264,-1.5174958057677888,-8.416864092492826,-6.134999552789595,2.2576951992418772,3.051002256558091,6.706401656089903,5.051262687634635,13.970674626607453,15.558578381372959,16.076021479651658,16.87734579842334,9.324549893754918,40.15196001956517,28.328910662284112,42.48299136804205,25.83976541379109,34.64086757075581,23.29599538275581,9.834074549448948,0.637816635820407,-19.741773215877508,-17.360678848820143,-20.859665196170344,-22.156628808899956,-19.092487430886774,-19.64429748821115,-20.61621582191073,-19.339891556110693,-22.183715136404395,-25.878434232492737,-21.01736167264643,-18.07206753247671,-12.793983983003804,-13.471062419563523,-13.514914388003163,-4.485532769640501,-2.6371250778849147,-3.302456516013304,-9.003639574730247,-13.396325266540265,-5.308105104225526,2.319950497088366,6.6671168130334335,2.8703539087078935,11.767038840929336,17.037749721367252,16.803602833899973,10.0890010634605,0.9938849606831529,28.669226495238746,29.820779480728003,35.42719767280314,26.58622731359489,26.735930930704406,23.967966768401674,14.02628042046362
Talia,S12,epb_24_rr_ich_ch68_epm_bbpf_bc_NumberShape_S12.csv,-13.422682214766326,-25.124006186181287,-18.448226625473964,-21.030203430211785,-20.92334511915407,-20.891815076712227,-21.925963276234402,-19.76207000006634,-14.153026271521382,-14.196073405842755,-14.700258974542754,-3.3448521219673264,-1.5174958057677888,-8.416864092492826,-6.134999552789595,2.2576951992418772,3.051002256558091,6.706401656089903,5.051262687634635,13.970674626607453,15.558578381372959,16.076021479651658,16.87734579842334,9.324549893754918,40.15196001956517,28.328910662284112,42.48299136804205,25.83976541379109,34.64086757075581,23.29599538275581,9.834074549448948,0.637816635820407,-19.741773215877508,-17.360678848820143,-20.859665196170344,-22.156628808899956,-19.092487430886774,-19.64429748821115,-20.61621582191073,-19.339891556110693,-22.183715136404395,-25.878434232492737,-21.01736167264643,-18.07206753247671,-12.793983983003804,-13.471062419563523,-13.514914388003163,-4.485532769640501,-2.6371250778849147,-3.302456516013304,-9.003639574730247,-13.396325266540265,-5.308105104225526,2.319950497088366,6.6671168130334335,2.8703539087078935,11.767038840929336,17.037749721367252,16.803602833899973,10.0890010634605,0.9938849606831529,28.669226495238746,29.820779480728003,35.42719767280314,26.58622731359489,26.735930930704406,23.967966768401674,14.02628042046362
Talia,S13,epb_11_rr_ich_ch68_epm_bbpf_bc_NumberShape_S13.csv,-29.297591167060038,-21.265067309327943,-14.165303108503085,-8.091351158687532,-1.5733464739597418,-5.003352171572671,-19.636228470716052,-17.251634152276285,0.7823823131518423,5.644813284580346,3.5792920587500836,14.25426365222117,18.013284255713817,4.926115373246412,-6.41380202075253,2.6922278965646176,14.991387089282073,23.02538933592418,23.66453743746575,32.401568360791074,33.23072354449034,24.674516887495685,11.348151425463252,-7.783575654535796,24.82767214166618,40.370816657284614,29.203266984944293,-6.006529443899612,25.765936031048025,31.618272022628194,30.066528970754447,20.609456938650354,-33.957386228945545,-37.28169424299369,-42.20333314531879,-28.47193052339606,-20.58900743385899,-14.285690416809494,-12.84511592150881,-17.38533756440828,-28.58811796683302,-45.65624965699543,-39.00377576063809,-27.369441626330893,-11.62262783712464,-6.0524430195030305,-4.389434630686322,5.967020819390415,2.5408491612458755,-6.39489737875215,-20.59950182960462,-33.37542577253482,-13.992977658818067,-4.779973225286703,5.741463663201541,12.64081915177692,29.245624237424895,19.354190906514475,16.369633123464535,7.744313337184188,-11.184484830075164,29.24908344642584,41.33239473545874,28.116063448094515,0.030199530622075695,4.099254710993282,-9.313605599227355,-12.291270158313722
Talia,S13,epb_12_rr_ich_ch68_epm_bbpf_bc_NumberShape_S13.csv,-29.297591167060038,-21.265067309327943,-14.165303108503085,-8.091351158687532,-1.5733464739597418,-5.003352171572671,-19.636228470716052,-17.251634152276285,0.7823823131518423,5.644813284580346,3.5792920587500836,14.25426365222117,18.013284255713817,4.926115373246412,-6.41380202075253,2.6922278965646176,14.991387089282073,23.02538933592418,23.66453743746575,32.401568360791074,33.23072354449034,24.674516887495685,11.348151425463252,-7.783575654535796,24.82767214166618,40.370816657284614,29.203266984944293,-6.006529443899612,25.765936031048025,31.618272022628194,30.066528970754447,20.609456938650354,-33.957386228945545,-37.28169424299369,-42.20333314531879,-28.47193052339606,-20.58900743385899,-14.285690416809494,-12.84511592150881,-17.38533756440828,-28.58811796683302,-45.65624965699543,-39.00377576063809,-27.369441626330893,-11.62262783712464,-6.0524430195030305,-4.389434630686322,5.967020819390415,2.5408491612458755,-6.39489737875215,-20.59950182960462,-33.37542577253482,-13.992977658818067,-4.779973225286703,5.741463663201541,12.64081915177692,29.245624237424895,19.354190906514475,16.369633123464535,7.744313337184188,-11.184484830075164,29.24908344642584,41.33239473545874,28.116063448094515,0.030199530622075695,4.099254710993282,-9.313605599227355,-12.291270158313722
Talia,S13,epb_13_rr_ich_ch68_epm_bbpf_bc_NumberShape_S13.csv,-29.297591167060038,-21.265067309327943,-14.165303108503085,-8.091351158687532,-1.5733464739597418,-5.003352171572671,-19.636228470716052,-17.251634152276285,0.7823823131518423,5.644813284580346,3.5792920587500836,14.25426365222117,18.013284255713817,4.926115373246412,-6.41380202075253,2.6922278965646176,14.991387089282073,23.02538933592418,23.66453743746575,32.401568360791074,33.23072354449034,24.674516887495685,11.348151425463252,-7.783575654535796,24.82767214166618,40.370816657284614,29.203266984944293,-6.006529443899612,25.765936031048025,31.618272022628194,30.066528970754447,20.609456938650354,-33.957386228945545,-37.28169424299369,-42.20333314531879,-28.47193052339606,-20.58900743385899,-14.285690416809494,-12.84511592150881,-17.38533756440828,-28.58811796683302,-45.65624965699543,-39.00377576063809,-27.369441626330893,-11.62262783712464,-6.0524430195030305,-4.389434630686322,5.967020819390415,2.5408491612458755,-6.39489737875215,-20.59950182960462,-33.37542577253482,-13.992977658818067,-4.779973225286703,5.741463663201541,12.64081915177692,29.245624237424895,19.354190906514475,16.369633123464535,7.744313337184188,-11.184484830075164,29.24908344642584,41.33239473545874,28.116063448094515,0.030199530622075695,4.099254710993282,-9.313605599227355,-12.291270158313722
Talia,S13,epb_14_rr_ich_ch68_epm_bbpf_bc_NumberShape_S13.csv,-29.297591167060038,-21.265067309327943,-14.165303108503085,-8.091351158687532,-1.5733464739597418,-5.003352171572671,-19.636228470716052,-17.251634152276285,0.7823823131518423,5.644813284580346,3.5792920587500836,14.25426365222117,18.013284255713817,4.926115373246412,-6.41380202075253,2.6922278965646176,14.991387089282073,23.02538933592418,23.66453743746575,32.401568360791074,33.23072354449034,24.674516887495685,11.348151425463252,-7.783575654535796,24.82767214166618,40.370816657284614,29.203266984944293,-6.006529443899612,25.765936031048025,31.618272022628194,30.066528970754447,20.609456938650354,-33.957386228945545,-37.28169424299369,-42.20333314531879,-28.47193052339606,-20.58900743385899,-14.285690416809494,-12.84511592150881,-17.38533756440828,-28.58811796683302,-45.65624965699543,-39.00377576063809,-27.369441626330893,-11.62262783712464,-6.0524430195030305,-4.389434630686322,5.967020819390415,2.5408491612458755,-6.39489737875215,-20.59950182960462,-33.37542577253482,-13.992977658818067,-4.779973225286703,5.741463663201541,12.64081915177692,29.245624237424895,19.354190906514475,16.369633123464535,7.744313337184188,-11.184484830075164,29.24908344642584,41.33239473545874,28.116063448094515,0.030199530622075695,4.099254710993282,-9.313605599227355,-12.291270158313722
Talia,S13,epb_21_rr_ich_ch68_epm_bbpf_bc_NumberShape_S13.csv,-29.297591167060038,-21.265067309327943,-14.165303108503085,-8.091351158687532,-1.5733464739597418,-5.003352171572671,-19.636228470716052,-17.251634152276285,0.7823823131518423,5.644813284580346,3.5792920587500836,14.25426365222117,18.013284255713817,4.926115373246412,-6.41380202075253,2.6922278965646176,14.991387089282073,23.02538933592418,23.66453743746575,32.401568360791074,33.23072354449034,24.674516887495685,11.348151425463252,-7.783575654535796,24.82767214166618,40.370816657284614,29.203266984944293,-6.006529443899612,25.765936031048025,31.618272022628194,30.066528970754447,20.609456938650354,-33.957386228945545,-37.28169424299369,-42.20333314531879,-28.47193052339606,-20.58900743385899,-14.285690416809494,-12.84511592150881,-17.38533756440828,-28.58811796683302,-45.65624965699543,-39.00377576063809,-27.369441626330893,-11.62262783712464,-6.0524430195030305,-4.389434630686322,5.967020819390415,2.5408491612458755,-6.39489737875215,-20.59950182960462,-33.37542577253482,-13.992977658818067,-4.779973225286703,5.741463663201541,12.64081915177692,29.245624237424895,19.354190906514475,16.369633123464535,7.744313337184188,-11.184484830075164,29.24908344642584,41.33239473545874,28.116063448094515,0.030199530622075695,4.099254710993282,-9.313605599227355,-12.291270158313722
Talia,S13,epb_22_rr_ich_ch68_epm_bbpf_bc_NumberShape_S13.csv,-29.297591167060038,-21.265067309327943,-14.165303108503085,-8.091351158687532,-1.5733464739597418,-5.003352171572671,-19.636228470716052,-17.251634152276285,0.7823823131518423,5.644813284580346,3.5792920587500836,14.25426365222117,18.013284255713817,4.926115373246412,-6.41380202075253,2.6922278965646176,14.991387089282073,23.02538933592418,23.66453743746575,32.401568360791074,33.23072354449034,24.674516887495685,11.348151425463252,-7.783575654535796,24.82767214166618,40.370816657284614,29.203266984944293,-6.006529443899612,25.765936031048025,31.618272022628194,30.066528970754447,20.609456938650354,-33.957386228945545,-37.28169424299369,-42.20333314531879,-28.47193052339606,-20.58900743385899,-14.285690416809494,-12.84511592150881,-17.38533756440828,-28.58811796683302,-45.65624965699543,-39.00377576063809,-27.369441626330893,-11.62262783712464,-6.0524430195030305,-4.389434630686322,5.967020819390415,2.5408491612458755,-6.39489737875215,-20.59950182960462,-33.37542577253482,-13.992977658818067,-4.779973225286703,5.741463663201541,12.64081915177692,29.245624237424895,19.354190906514475,16.369633123464535,7.744313337184188,-11.184484830075164,29.24908344642584,41.33239473545874,28.116063448094515,0.030199530622075695,4.099254710993282,-9.313605599227355,-12.291270158313722
Talia,S13,epb_23_rr_ich_ch68_epm_bbpf_bc_NumberShape_S13.csv,-29.297591167060038,-21.265067309327943,-14.165303108503085,-8.091351158687532,-1.5733464739597418,-5.003352171572671,-19.636228470716052,-17.251634152276285,0.7823823131518423,5.644813284580346,3.5792920587500836,14.25426365222117,18.013284255713817,4.926115373246412,-6.41380202075253,2.6922278965646176,14.991387089282073,23.02538933592418,23.66453743746575,32.401568360791074,33.23072354449034,24.674516887495685,11.348151425463252,-7.783575654535796,24.82767214166618,40.370816657284614,29.203266984944293,-6.006529443899612,25.765936031048025,31.618272022628194,30.066528970754447,20.609456938650354,-33.957386228945545,-37.28169424299369,-42.20333314531879,-28.47193052339606,-20.58900743385899,-14.285690416809494,-12.84511592150881,-17.38533756440828,-28.58811796683302,-45.65624965699543,-39.00377576063809,-27.369441626330893,-11.62262783712464,-6.0524430195030305,-4.389434630686322,5.967020819390415,2.5408491612458755,-6.39489737875215,-20.59950182960462,-33.37542577253482,-13.992977658818067,-4.779973225286703,5.741463663201541,12.64081915177692,29.245624237424895,19.354190906514475,16.369633123464535,7.744313337184188,-11.184484830075164,29.24908344642584,41.33239473545874,28.116063448094515,0.030199530622075695,4.099254710993282,-9.313605599227355,-12.291270158313722
Talia,S13,epb_24_rr_ich_ch68_epm_bbpf_bc_NumberShape_S13.csv,-29.297591167060038,-21.265067309327943,-14.165303108503085,-8.091351158687532,-1.5733464739597418,-5.003352171572671,-19.636228470716052,-17.251634152276285,0.7823823131518423,5.644813284580346,3.5792920587500836,14.25426365222117,18.013284255713817,4.926115373246412,-6.41380202075253,2.6922278965646176,14.991387089282073,23.02538933592418,23.66453743746575,32.401568360791074,33.23072354449034,24.674516887495685,11.348151425463252,-7.783575654535796,24.82767214166618,40.370816657284614,29.203266984944293,-6.006529443899612,25.765936031048025,31.618272022628194,30.066528970754447,20.609456938650354,-33.957386228945545,-37.28169424299369,-42.20333314531879,-28.47193052339606,-20.58900743385899,-14.285690416809494,-12.84511592150881,-17.38533756440828,-28.58811796683302,-45.65624965699543,-39.00377576063809,-27.369441626330893,-11.62262783712464,-6.0524430195030305,-4.389434630686322,5.967020819390415,2.5408491612458755,-6.39489737875215,-20.59950182960462,-33.37542577253482,-13.992977658818067,-4.779973225286703,5.741463663201541,12.64081915177692,29.245624237424895,19.354190906514475,16.369633123464535,7.744313337184188,-11.184484830075164,29.24908344642584,41.33239473545874,28.116063448094515,0.030199530622075695,4.099254710993282,-9.313605599227355,-12.291270158313722
Talia,S14,epb_11_rr_ich_ch68_epm_bbpf_bc_NumberShape_S14.csv,-13.204066513650588,-13.124120375798826,-14.458048401171068,-11.434868933448481,-10.143004685764474,-9.177837422074756,-9.96244301426133,-3.01293849527054,-10.30346149934747,-8.203003401367548,-7.277026319346751,0.49005957614474455,-4.8397369496930445,-7.457528338200008,-5.864481147982784,-6.093934554817806,7.66666091428813,4.210574285541644,5.306308900363803,12.701503155641166,11.927428213473089,11.17392867321202,5.096443357401203,0.9390576376037051,6.851988706005444,24.422844851597134,10.200718507669528,-4.896322208277719,15.294710878579444,28.281191421773045,18.656691902100988,7.8640801599329135,-13.574259759321086,-12.817366905627301,-10.775564729933963,-16.05778900806582,-11.470489370584579,-13.153496336134285,-11.248553832636457,-14.536588596832841,-15.472250591849507,-10.686129702026088,-10.702411880500438,-7.096054393211403,-7.584788544051669,-7.120280440543182,-5.482073423980249,1.2169894343249434,0.5404286263056498,0.06487022847406586,-2.1005393713187748,-8.962950847717275,-4.224455074160049,4.030415637180441,9.13805758961299,10.45340640493147,20.96132215577322,20.502848541908264,17.338973788118107,9.448790368387117,-5.901113213348392,21.832196822512312,34.60176646086906,24.233689519803058,-0.5014459158786058,-6.809262372422353,-6.167122860982964,-3.550138897298553
Talia,S14,epb_12_rr_ich_ch68_epm_bbpf_bc_NumberShape_S14.csv,-13.204066513650588,-13.124120375798826,-14.458048401171068,-11.434868933448481,-10.143004685764474,-9.177837422074756,-9.96244301426133,-3.01293849527054,-10.30346149934747,-8.203003401367548,-7.277026319346751,0.49005957614474455,-4.8397369496930445,-7.457528338200008,-5.864481147982784,-6.093934554817806,7.66666091428813,4.210574285541644,5.306308900363803,12.701503155641166,11.927428213473089,11.17392867321202,5.096443357401203,0.9390576376037051,6.851988706005444,24.422844851597134,10.200718507669528,-4.896322208277719,15.294710878579444,28.281191421773045,18.656691902100988,7.8640801599329135,-13.574259759321086,-12.817366905627301,-10.775564729933963,-16.05778900806582,-11.470489370584579,-13.153496336134285,-11.248553832636457,-14.536588596832841,-15.472250591849507,-10.686129702026088,-10.702411880500438,-7.096054393211403,-7.584788544051669,-7.120280440543182,-5.482073423980249,1.2169894343249434,0.5404286263056498,0.06487022847406586,-2.1005393713187748,-8.962950847717275,-4.224455074160049,4.030415637180441,9.13805758961299,10.45340640493147,20.96132215577322,20.502848541908264,17.338973788118107,9.448790368387117,-5.901113213348392,21.832196822512312,34.60176646086906,24.233689519803058,-0.5014459158786058,-6.809262372422353,-6.167122860982964,-3.550138897298553
Talia,S14,epb_13_rr_ich_ch68_epm_bbpf_bc_NumberShape_S14.csv,-13.204066513650588,-13.124120375798826,-14.458048401171068,-11.434868933448481,-10.143004685764474,-9.177837422074756,-9.96244301426133,-3.01293849527054,-10.30346149934747,-8.203003401367548,-7.277026319346751,0.49005957614474455,-4.8397369496930445,-7.457528338200008,-5.864481147982784,-6.093934554817806,7.66666091428813,4.210574285541644,5.306308900363803,12.701503155641166,11.927428213473089,11.17392867321202,5.096443357401203,0.9390576376037051,6.851988706005444,24.422844851597134,10.200718507669528,-4.896322208277719,15.294710878579444,28.281191421773045,18.656691902100988,7.8640801599329135,-13.574259759321086,-12.817366905627301,-10.775564729933963,-16.05778900806582,-11.470489370584579,-13.153496336134285,-11.248553832636457,-14.536588596832841,-15.472250591849507,-10.686129702026088,-10.702411880500438,-7.096054393211403,-7.584788544051669,-7.120280440543182,-5.482073423980249,1.2169894343249434,0.5404286263056498,0.06487022847406586,-2.1005393713187748,-8.962950847717275,-4.224455074160049,4.030415637180441,9.13805758961299,10.45340640493147,20.96132215577322,20.502848541908264,17.338973788118107,9.448790368387117,-5.901113213348392,21.832196822512312,34.60176646086906,24.233689519803058,-0.5014459158786058,-6.809262372422353,-6.167122860982964,-3.550138897298553
Talia,S14,epb_14_rr_ich_ch68_epm_bbpf_bc_NumberShape_S14.csv,-13.204066513650588,-13.124120375798826,-14.458048401171068,-11.434868933448481,-10.143004685764474,-9.177837422074756,-9.96244301426133,-3.01293849527054,-10.30346149934747,-8.203003401367548,-7.277026319346751,0.49005957614474455,-4.8397369496930445,-7.457528338200008,-5.864481147982784,-6.093934554817806,7.66666091428813,4.210574285541644,5.306308900363803,12.701503155641166,11.927428213473089,11.17392867321202,5.096443357401203,0.9390576376037051,6.851988706005444,24.422844851597134,10.200718507669528,-4.896322208277719,15.294710878579444,28.281191421773045,18.656691902100988,7.8640801599329135,-13.574259759321086,-12.817366905627301,-10.775564729933963,-16.05778900806582,-11.470489370584579,-13.153496336134285,-11.248553832636457,-14.536588596832841,-15.472250591849507,-10.686129702026088,-10.702411880500438,-7.096054393211403,-7.584788544051669,-7.120280440543182,-5.482073423980249,1.2169894343249434,0.5404286263056498,0.06487022847406586,-2.1005393713187748,-8.962950847717275,-4.224455074160049,4.030415637180441,9.13805758961299,10.45340640493147,20.96132215577322,20.502848541908264,17.338973788118107,9.448790368387117,-5.901113213348392,21.832196822512312,34.60176646086906,24.233689519803058,-0.5014459158786058,-6.809262372422353,-6.167122860982964,-3.550138897298553
Talia,S14,epb_21_rr_ich_ch68_epm_bbpf_bc_NumberShape_S14.csv,-13.204066513650588,-13.124120375798826,-14.458048401171068,-11.434868933448481,-10.143004685764474,-9.177837422074756,-9.96244301426133,-3.01293849527054,-10.30346149934747,-8.203003401367548,-7.277026319346751,0.49005957614474455,-4.8397369496930445,-7.457528338200008,-5.864481147982784,-6.093934554817806,7.66666091428813,4.210574285541644,5.306308900363803,12.701503155641166,11.927428213473089,11.17392867321202,5.096443357401203,0.9390576376037051,6.851988706005444,24.422844851597134,10.200718507669528,-4.896322208277719,15.294710878579444,28.281191421773045,18.656691902100988,7.8640801599329135,-13.574259759321086,-12.817366905627301,-10.775564729933963,-16.05778900806582,-11.470489370584579,-13.153496336134285,-11.248553832636457,-14.536588596832841,-15.472250591849507,-10.686129702026088,-10.702411880500438,-7.096054393211403,-7.584788544051669,-7.120280440543182,-5.482073423980249,1.2169894343249434,0.5404286263056498,0.06487022847406586,-2.1005393713187748,-8.962950847717275,-4.224455074160049,4.030415637180441,9.13805758961299,10.45340640493147,20.96132215577322,20.502848541908264,17.338973788118107,9.448790368387117,-5.901113213348392,21.832196822512312,34.60176646086906,24.233689519803058,-0.5014459158786058,-6.809262372422353,-6.167122860982964,-3.550138897298553
Talia,S14,epb_22_rr_ich_ch68_epm_bbpf_bc_NumberShape_S14.csv,-13.204066513650588,-13.124120375798826,-14.458048401171068,-11.434868933448481,-10.143004685764474,-9.177837422074756,-9.96244301426133,-3.01293849527054,-10.30346149934747,-8.203003401367548,-7.277026319346751,0.49005957614474455,-4.8397369496930445,-7.457528338200008,-5.864481147982784,-6.093934554817806,7.66666091428813,4.210574285541644,5.306308900363803,12.701503155641166,11.927428213473089,11.17392867321202,5.096443357401203,0.9390576376037051,6.851988706005444,24.422844851597134,10.200718507669528,-4.896322208277719,15.294710878579444,28.281191421773045,18.656691902100988,7.8640801599329135,-13.574259759321086,-12.817366905627301,-10.775564729933963,-16.05778900806582,-11.470489370584579,-13.153496336134285,-11.248553832636457,-14.536588596832841,-15.472250591849507,-10.686129702026088,-10.702411880500438,-7.096054393211403,-7.584788544051669,-7.120280440543182,-5.482073423980249,1.2169894343249434,0.5404286263056498,0.06487022847406586,-2.1005393713187748,-8.962950847717275,-4.224455074160049,4.030415637180441,9.13805758961299,10.45340640493147,20.96132215577322,20.502848541908264,17.338973788118107,9.448790368387117,-5.901113213348392,21.832196822512312,34.60176646086906,24.233689519803058,-0.5014459158786058,-6.809262372422353,-6.167122860982964,-3.550138897298553
Talia,S14,epb_23_rr_ich_ch68_epm_bbpf_bc_NumberShape_S14.csv,-13.204066513650588,-13.124120375798826,-14.458048401171068,-11.434868933448481,-10.143004685764474,-9.177837422074756,-9.96244301426133,-3.01293849527054,-10.30346149934747,-8.203003401367548,-7.277026319346751,0.49005957614474455,-4.8397369496930445,-7.457528338200008,-5.864481147982784,-6.093934554817806,7.66666091428813,4.210574285541644,5.306308900363803,12.701503155641166,11.927428213473089,11.17392867321202,5.096443357401203,0.9390576376037051,6.851988706005444,24.422844851597134,10.200718507669528,-4.896322208277719,15.294710878579444,28.281191421773045,18.656691902100988,7.8640801599329135,-13.574259759321086,-12.817366905627301,-10.775564729933963,-16.05778900806582,-11.470489370584579,-13.153496336134285,-11.248553832636457,-14.536588596832841,-15.472250591849507,-10.686129702026088,-10.702411880500438,-7.096054393211403,-7.584788544051669,-7.120280440543182,-5.482073423980249,1.2169894343249434,0.5404286263056498,0.06487022847406586,-2.1005393713187748,-8.962950847717275,-4.224455074160049,4.030415637180441,9.13805758961299,10.45340640493147,20.96132215577322,20.502848541908264,17.338973788118107,9.448790368387117,-5.901113213348392,21.832196822512312,34.60176646086906,24.233689519803058,-0.5014459158786058,-6.809262372422353,-6.167122860982964,-3.550138897298553
Talia,S14,epb_24_rr_ich_ch68_epm_bbpf_bc_NumberShape_S14.csv,-13.204066513650588,-13.124120375798826,-14.458048401171068,-11.434868933448481,-10.143004685764474,-9.177837422074756,-9.96244301426133,-3.01293849527054,-10.30346149934747,-8.203003401367548,-7.277026319346751,0.49005957614474455,-4.8397369496930445,-7.457528338200008,-5.864481147982784,-6.093934554817806,7.66666091428813,4.210574285541644,5.306308900363803,12.701503155641166,11.927428213473089,11.17392867321202,5.096443357401203,0.9390576376037051,6.851988706005444,24.422844851597134,10.200718507669528,-4.896322208277719,15.294710878579444,28.281191421773045,18.656691902100988,7.8640801599329135,-13.574259759321086,-12.817366905627301,-10.775564729933963,-16.05778900806582,-11.470489370584579,-13.153496336134285,-11.248553832636457,-14.536588596832841,-15.472250591849507,-10.686129702026088,-10.702411880500438,-7.096054393211403,-7.584788544051669,-7.120280440543182,-5.482073423980249,1.2169894343249434,0.5404286263056498,0.06487022847406586,-2.1005393713187748,-8.962950847717275,-4.224455074160049,4.030415637180441,9.13805758961299,10.45340640493147,20.96132215577322,20.502848541908264,17.338973788118107,9.448790368387117,-5.901113213348392,21.832196822512312,34.60176646086906,24.233689519803058,-0.5014459158786058,-6.809262372422353,-6.167122860982964,-3.550138897298553
Talia,S15,epb_11_rr_ich_ch68_epm_bbpf_bc_NumberShape_S15.csv,-0.4826222761815918,-2.2636896497803254,-4.187545747508581,-5.11744073313182,-5.423651525070976,-3.865949039247338,-3.320571567851321,-4.472443675759888,-3.334092405048929,-0.6954675881893102,-0.4974268529090562,4.6767671550273056,-0.05797059961987185,-3.8752413939841475,-8.147871350702788,-13.836822679247424,-5.693579969063274,0.2264422866917762,4.7709997256250585,7.996942540647518,5.792045507078659,-2.329790496483732,-13.698690232993988,-17.353526452631478,-2.6364489984431616,6.929645578793101,2.605791417010162,-3.519962426903779,10.010339526030739,9.336028042591984,7.415827336471339,6.344545867869063,-2.307163054644935,-1.8139694300380675,0.4215972021349348,-2.7445164357355676,-2.9489359745808814,-4.642764866336389,-4.568559850052612,-4.075505324977329,-3.9041692104845502,0.6833825893257831,4.207272920996521,-0.6161026359809839,-2.797414441689656,-3.566152901292521,-2.9751936567072086,4.896732519884628,1.3168312472631638,1.7139031456205287,4.9439197796288985,6.892712180531176,6.312859740818988,4.749478123129595,3.573167827978428,2.6673048436136946,7.053412136890772,4.236277405649941,6.970603561206672,8.056251338660436,4.151484160938072,7.799957707501724,8.959907361789089,13.226924943399341,-16.573764364560976,-10.672710452162622,-0.17688830166910247,0.25525635910418554
Talia,S15,epb_12_rr_ich_ch68_epm_bbpf_bc_NumberShape_S15.csv,-0.4826222761815918,-2.2636896497803254,-4.187545747508581,-5.11744073313182,-5.423651525070976,-3.865949039247338,-3.320571567851321,-4.472443675759888,-3.334092405048929,-0.6954675881893102,-0.4974268529090562,4.6767671550273056,-0.05797059961987185,-3.8752413939841475,-8.147871350702788,-13.836822679247424,-5.693579969063274,0.2264422866917762,4.7709997256250585,7.996942540647518,5.792045507078659,-2.329790496483732,-13.698690232993988,-17.353526452631478,-2.6364489984431616,6.929645578793101,2.605791417010162,-3.519962426903779,10.010339526030739,9.336028042591984,7.415827336471339,6.344545867869063,-2.307163054644935,-1.8139694300380675,0.4215972021349348,-2.7445164357355676,-2.9489359745808814,-4.642764866336389,-4.568559850052612,-4.075505324977329,-3.9041692104845502,0.6833825893257831,4.207272920996521,-0.6161026359809839,-2.797414441689656,-3.566152901292521,-2.9751936567072086,4.896732519884628,1.3168312472631638,1.7139031456205287,4.9439197796288985,6.892712180531176,6.312859740818988,4.749478123129595,3.573167827978428,2.6673048436136946,7.053412136890772,4.236277405649941,6.970603561206672,8.056251338660436,4.151484160938072,7.799957707501724,8.959907361789089,13.226924943399341,-16.573764364560976,-10.672710452162622,-0.17688830166910247,0.25525635910418554
Talia,S15,epb_13_rr_ich_ch68_epm_bbpf_bc_NumberShape_S15.csv,-0.4826222761815918,-2.2636896497803254,-4.187545747508581,-5.11744073313182,-5.423651525070976,-3.865949039247338,-3.320571567851321,-4.472443675759888,-3.334092405048929,-0.6954675881893102,-0.4974268529090562,4.6767671550273056,-0.05797059961987185,-3.8752413939841475,-8.147871350702788,-13.836822679247424,-5.693579969063274,0.2264422866917762,4.7709997256250585,7.996942540647518,5.792045507078659,-2.329790496483732,-13.698690232993988,-17.353526452631478,-2.6364489984431616,6.929645578793101,2.605791417010162,-3.519962426903779,10.010339526030739,9.336028042591984,7.415827336471339,6.344545867869063,-2.307163054644935,-1.8139694300380675,0.4215972021349348,-2.7445164357355676,-2.9489359745808814,-4.642764866336389,-4.568559850052612,-4.075505324977329,-3.9041692104845502,0.6833825893257831,4.207272920996521,-0.6161026359809839,-2.797414441689656,-3.566152901292521,-2.9751936567072086,4.896732519884628,1.3168312472631638,1.7139031456205287,4.9439197796288985,6.892712180531176,6.312859740818988,4.749478123129595,3.573167827978428,2.6673048436136946,7.053412136890772,4.236277405649941,6.970603561206672,8.056251338660436,4.151484160938072,7.799957707501724,8.959907361789089,13.226924943399341,-16.573764364560976,-10.672710452162622,-0.17688830166910247,0.25525635910418554
Talia,S15,epb_14_rr_ich_ch68_epm_bbpf_bc_NumberShape_S15.csv,-0.4826222761815918,-2.2636896497803254,-4.187545747508581,-5.11744073313182,-5.423651525070976,-3.865949039247338,-3.320571567851321,-4.472443675759888,-3.334092405048929,-0.6954675881893102,-0.4974268529090562,4.6767671550273056,-0.05797059961987185,-3.8752413939841475,-8.147871350702788,-13.836822679247424,-5.693579969063274,0.2264422866917762,4.7709997256250585,7.996942540647518,5.792045507078659,-2.329790496483732,-13.698690232993988,-17.353526452631478,-2.6364489984431616,6.929645578793101,2.605791417010162,-3.519962426903779,10.010339526030739,9.336028042591984,7.415827336471339,6.344545867869063,-2.307163054644935,-1.8139694300380675,0.4215972021349348,-2.7445164357355676,-2.9489359745808814,-4.642764866336389,-4.568559850052612,-4.075505324977329,-3.9041692104845502,0.6833825893257831,4.207272920996521,-0.6161026359809839,-2.797414441689656,-3.566152901292521,-2.9751936567072086,4.896732519884628,1.3168312472631638,1.7139031456205287,4.9439197796288985,6.892712180531176,6.312859740818988,4.749478123129595,3.573167827978428,2.6673048436136946,7.053412136890772,4.236277405649941,6.970603561206672,8.056251338660436,4.151484160938072,7.799957707501724,8.959907361789089,13.226924943399341,-16.573764364560976,-10.672710452162622,-0.17688830166910247,0.25525635910418554
Talia,S15,epb_21_rr_ich_ch68_epm_bbpf_bc_NumberShape_S15.csv,-0.4826222761815918,-2.2636896497803254,-4.187545747508581,-5.11744073313182,-5.423651525070976,-3.865949039247338,-3.320571567851321,-4.472443675759888,-3.334092405048929,-0.6954675881893102,-0.4974268529090562,4.6767671550273056,-0.05797059961987185,-3.8752413939841475,-8.147871350702788,-13.836822679247424,-5.693579969063274,0.2264422866917762,4.7709997256250585,7.996942540647518,5.792045507078659,-2.329790496483732,-13.698690232993988,-17.353526452631478,-2.6364489984431616,6.929645578793101,2.605791417010162,-3.519962426903779,10.010339526030739,9.336028042591984,7.415827336471339,6.344545867869063,-2.307163054644935,-1.8139694300380675,0.4215972021349348,-2.7445164357355676,-2.9489359745808814,-4.642764866336389,-4.568559850052612,-4.075505324977329,-3.9041692104845502,0.6833825893257831,4.207272920996521,-0.6161026359809839,-2.797414441689656,-3.566152901292521,-2.9751936567072086,4.896732519884628,1.3168312472631638,1.7139031456205287,4.9439197796288985,6.892712180531176,6.312859740818988,4.749478123129595,3.573167827978428,2.6673048436136946,7.053412136890772,4.236277405649941,6.970603561206672,8.056251338660436,4.151484160938072,7.799957707501724,8.959907361789089,13.226924943399341,-16.573764364560976,-10.672710452162622,-0.17688830166910247,0.25525635910418554
Talia,S15,epb_22_rr_ich_ch68_epm_bbpf_bc_NumberShape_S15.csv,-0.4826222761815918,-2.2636896497803254,-4.187545747508581,-5.11744073313182,-5.423651525070976,-3.865949039247338,-3.320571567851321,-4.472443675759888,-3.334092405048929,-0.6954675881893102,-0.4974268529090562,4.6767671550273056,-0.05797059961987185,-3.8752413939841475,-8.147871350702788,-13.836822679247424,-5.693579969063274,0.2264422866917762,4.7709997256250585,7.996942540647518,5.792045507078659,-2.329790496483732,-13.698690232993988,-17.353526452631478,-2.6364489984431616,6.929645578793101,2.605791417010162,-3.519962426903779,10.010339526030739,9.336028042591984,7.415827336471339,6.344545867869063,-2.307163054644935,-1.8139694300380675,0.4215972021349348,-2.7445164357355676,-2.9489359745808814,-4.642764866336389,-4.568559850052612,-4.075505324977329,-3.9041692104845502,0.6833825893257831,4.207272920996521,-0.6161026359809839,-2.797414441689656,-3.566152901292521,-2.9751936567072086,4.896732519884628,1.3168312472631638,1.7139031456205287,4.9439197796288985,6.892712180531176,6.312859740818988,4.749478123129595,3.573167827978428,2.6673048436136946,7.053412136890772,4.236277405649941,6.970603561206672,8.056251338660436,4.151484160938072,7.799957707501724,8.959907361789089,13.226924943399341,-16.573764364560976,-10.672710452162622,-0.17688830166910247,0.25525635910418554
Talia,S15,epb_23_rr_ich_ch68_epm_bbpf_bc_NumberShape_S15.csv,-0.4826222761815918,-2.2636896497803254,-4.187545747508581,-5.11744073313182,-5.423651525070976,-3.865949039247338,-3.320571567851321,-4.472443675759888,-3.334092405048929,-0.6954675881893102,-0.4974268529090562,4.6767671550273056,-0.05797059961987185,-3.8752413939841475,-8.147871350702788,-13.836822679247424,-5.693579969063274,0.2264422866917762,4.7709997256250585,7.996942540647518,5.792045507078659,-2.329790496483732,-13.698690232993988,-17.353526452631478,-2.6364489984431616,6.929645578793101,2.605791417010162,-3.519962426903779,10.010339526030739,9.336028042591984,7.415827336471339,6.344545867869063,-2.307163054644935,-1.8139694300380675,0.4215972021349348,-2.7445164357355676,-2.9489359745808814,-4.642764866336389,-4.568559850052612,-4.075505324977329,-3.9041692104845502,0.6833825893257831,4.207272920996521,-0.6161026359809839,-2.797414441689656,-3.566152901292521,-2.9751936567072086,4.896732519884628,1.3168312472631638,1.7139031456205287,4.9439197796288985,6.892712180531176,6.312859740818988,4.749478123129595,3.573167827978428,2.6673048436136946,7.053412136890772,4.236277405649941,6.970603561206672,8.056251338660436,4.151484160938072,7.799957707501724,8.959907361789089,13.226924943399341,-16.573764364560976,-10.672710452162622,-0.17688830166910247,0.25525635910418554
Talia,S15,epb_24_rr_ich_ch68_epm_bbpf_bc_NumberShape_S15.csv,-0.4826222761815918,-2.2636896497803254,-4.187545747508581,-5.11744073313182,-5.423651525070976,-3.865949039247338,-3.320571567851321,-4.472443675759888,-3.334092405048929,-0.6954675881893102,-0.4974268529090562,4.6767671550273056,-0.05797059961987185,-3.8752413939841475,-8.147871350702788,-13.836822679247424,-5.693579969063274,0.2264422866917762,4.7709997256250585,7.996942540647518,5.792045507078659,-2.329790496483732,-13.698690232993988,-17.353526452631478,-2.6364489984431616,6.929645578793101,2.605791417010162,-3.519962426903779,10.010339526030739,9.336028042591984,7.415827336471339,6.344545867869063,-2.307163054644935,-1.8139694300380675,0.4215972021349348,-2.7445164357355676,-2.9489359745808814,-4.642764866336389,-4.568559850052612,-4.075505324977329,-3.9041692104845502,0.6833825893257831,4.207272920996521,-0.6161026359809839,-2.797414441689656,-3.566152901292521,-2.9751936567072086,4.896732519884628,1.3168312472631638,1.7139031456205287,4.9439197796288985,6.892712180531176,6.312859740818988,4.749478123129595,3.573167827978428,2.6673048436136946,7.053412136890772,4.236277405649941,6.970603561206672,8.056251338660436,4.151484160938072,7.799957707501724,8.959907361789089,13.226924943399341,-16.573764364560976,-10.672710452162622,-0.17688830166910247,0.25525635910418554
